subreddit,id,title,author,selftext,score,num_comments,created_utc,permalink,flair
Nepal,1kiee56,Adsense Approval Services,Potential_Net_3122,Is there anyone who can get an adsense approval for my site. Ready to pay significant amount. Or anyone who is willing to sell their approved site for reasonable price??,1,0,2025-05-09 09:34:37+00:00,https://reddit.com/r/Nepal/comments/1kiee56/adsense_approval_services/,Help/सहयोग
Nepal,1kiee1x,Resorts in Nepal with a river side,1nfernap3,"Hello, I am planning to travel outside valley for few days to a resort with a riverside access. Could you please recommend some resorts under 3k / per person. With nice property and a swimming pool. 
Thank you in advance. 🙏🏽",1,0,2025-05-09 09:34:26+00:00,https://reddit.com/r/Nepal/comments/1kiee1x/resorts_in_nepal_with_a_river_side/,Help/सहयोग
Nepal,1kieav1,anyone available for phone call,Showertruecolours,"lets just hang out blindly on phone call. Anyone can call me creep ,just want to test the vibe ,not male hai ta female koi chha lonely feel huney can dm me , not low effort with high effort",1,0,2025-05-09 09:28:03+00:00,https://reddit.com/r/Nepal/comments/1kieav1/anyone_available_for_phone_call/,
Nepal,1kiearc,How do i buy flight tickets in India from Nepal?,OnlyfansNepaliModel,,1,0,2025-05-09 09:27:51+00:00,https://reddit.com/r/Nepal/comments/1kiearc/how_do_i_buy_flight_tickets_in_india_from_nepal/,Question/प्रश्न
Nepal,1kidws7,Your thoughts/POV in brief,JamesJohan022,"Indian people are celebrating their dominance over Pakistan, and they are enjoying it. What are your thoughts on this? Is war a solution? Will it affect Nepal in any way? Do you think the Nepalese government has any backup plans or at least any strategy if Nepal is affected?",1,0,2025-05-09 09:00:06+00:00,https://reddit.com/r/Nepal/comments/1kidws7/your_thoughtspov_in_brief/,Discussion/बहस 
Nepal,1kided7,"“First time getting a tattoo in Nepal – recommendations for clean, reputable tattoo studios?”",Rikal_23,,1,1,2025-05-09 08:21:10+00:00,https://reddit.com/r/Nepal/comments/1kided7/first_time_getting_a_tattoo_in_nepal/,
Nepal,1kid3t6,Where do I report this date bug in NID site?,CanIGoNegativeKarma,"It says Jestha starts from Wednesday but actaully it starts from Thrusday, Baisakh has up to 31 gatey, so this might be the reason. Where to raise issue and report this bug? Couldn't select date.",1,0,2025-05-09 07:59:12+00:00,https://reddit.com/r/Nepal/comments/1kid3t6/where_do_i_report_this_date_bug_in_nid_site/,Help/सहयोग
Nepal,1kid36i,will missing my subject code affect my  +2 exam?,Ill_Woodpecker1217,,1,1,2025-05-09 07:57:53+00:00,https://reddit.com/r/Nepal/comments/1kid36i/will_missing_my_subject_code_affect_my_2_exam/,
Nepal,1kicvnc,Looking for some female friends !!,Signal-Dress140,,1,1,2025-05-09 07:42:04+00:00,https://reddit.com/r/Nepal/comments/1kicvnc/looking_for_some_female_friends/,Relationship/सम्बन्ध
Nepal,1kicmb3,Class 12 math paper check in board examination,Decent_Leave_6578,Maile chai math mah around 30 to 35 garya xa right minimum jodera pani 27 katxa jasto xa.Yesto vako bela teacher le pass,1,0,2025-05-09 07:22:14+00:00,https://reddit.com/r/Nepal/comments/1kicmb3/class_12_math_paper_check_in_board_examination/,
Nepal,1kicl31,Neb grade 12 math examination paper check,Decent_Leave_6578,,1,0,2025-05-09 07:19:48+00:00,https://reddit.com/r/Nepal/comments/1kicl31/neb_grade_12_math_examination_paper_check/,
Nepal,1kicfgj,+2 NEB boards Maths exam today,Amreet01,"aja ko exam khatrai hane😭bang bung A+ aune gari Tara paper add gareko lekhna birse, stapler majale lagako xa, chance xaina haraune, k hola ta? keihunna holani?",1,0,2025-05-09 07:08:46+00:00,https://reddit.com/r/Nepal/comments/1kicfgj/2_neb_boards_maths_exam_today/,Question/प्रश्न
Nepal,1kicd7y,Reality of Work Experience,aveenassh,"Suppose hai, ma sanga 3 month internship experience kunai field such as full stack web dev ma xa. Aba maile arko internship kunai company ma 3 month ko lagi gare. Tespaxi kunai arkai company ma same post as before ma 6 month ko lagi gare vane.

(3 + 3 + 6 = 12) Am i a full stack web dev with 1 year work experience or am i still a novice.

Does internship count as work experience ?

And, which one is preferred:

1. 12 month experience in same company

2. 6 + 6 month experience in two different companies

3. 3 + 3 + 3 + 3 month experience in multi different companies

so on.",1,0,2025-05-09 07:04:21+00:00,https://reddit.com/r/Nepal/comments/1kicd7y/reality_of_work_experience/,
Nepal,1kic7yg,Batti Gayo - Data based reporting for power cuts,sinner_93,"There's a lot of conversation going around whether power cuts are more frequent right now after the change in management in NEA. NEA says no, but we've been experiencing this ourselves. 

We built a simple tracker 'Batti Gayo' to see exactly how many times people experience power cuts. It's a simple to use website, just enable location and submit the report whenever the power goes out wherever you are. We can also see the total reports we've received and which locations are seeing those power cuts.

Link: [https://www.ev-nepal.com/batti-gayo](https://www.ev-nepal.com/batti-gayo)

P.S. The main website is focused on EVs, if anyone wants to check specs and pricing for EVs they are considering purchasing, the home page might be useful. Thanks!",1,0,2025-05-09 06:54:41+00:00,https://reddit.com/r/Nepal/comments/1kic7yg/batti_gayo_data_based_reporting_for_power_cuts/,Discussion/बहस 
Nepal,1kic7ni,"Fu** man , I lost my 12th prabesh patra😵",Relative-Orange-3848,,1,1,2025-05-09 06:54:03+00:00,https://reddit.com/r/Nepal/comments/1kic7ni/fu_man_i_lost_my_12th_prabesh_patra/,
Nepal,1kic0cg,Nepalese people are silently earning money from crypto !!!,Isurugi_Noe,,1,1,2025-05-09 06:39:38+00:00,https://reddit.com/r/Nepal/comments/1kic0cg/nepalese_people_are_silently_earning_money_from/,Discussion/बहस 
Nepal,1kibv15,How do I study smart and hard?,Sam98576,,1,1,2025-05-09 06:29:38+00:00,https://reddit.com/r/Nepal/comments/1kibv15/how_do_i_study_smart_and_hard/,
Nepal,1kibsfu,"For Nepal, India is the real terrorist organization",piyus_007,,1,1,2025-05-09 06:24:44+00:00,https://reddit.com/r/Nepal/comments/1kibsfu/for_nepal_india_is_the_real_terrorist_organization/,Rant/गुनासो
Nepal,1kibojp,The Anglo Nepal War in the words of a contemporary British officer in India,pahadibahadur,"Amidst all the misinformation on the Anglo Nepal war I would like to bring up a contemporary source from back then to describe the war from the British POV, written by a Lieutenant of the Bengal Native Infantry, LT. A White called considerations on the state of British India in 1822

https://archive.org/details/in.ernet.dli.2015.41289

It's a fairly reputable source

https://www.cambridge.org/core/books/abs/considerations-on-the-state-of-british-india/contents/AA8F0063FC49E49BCA4FCBDD08515925
I will say this **Nepal Lost**, **Nepal absolutely lost the war**, don't bring it up, but some people deny the war happened at a large scale and that Nepal actually fought back, which we have to disprove

His descriptions begin with the cause of war and all which aren't interesting to us, he begins with the description of the Unit sizes, the British had deployed 24,000 men but along the 600 mile border so that Nepal/Gorkha  may be attacked from 4 different points (Page 151 onwards)
&gt;This nobleman, Lord Hastings, resolved to employ arms as the only effectual means of coercing these savage mountaineers ; and thus manifested a deeper insight into the Asiatic character than his predecessor. The most extensive preparations were accordingly made for the invasion of Nepaul. Four divisions of the army were destined for this enterprise, amounting in all to about 84,000 men.  It was intended that this force should penetrate the enemy's frontier at four different points

But he believes that it was actually a mistake and only extended the war

&gt;This widely-extended scale of operations could  only have been planned from the supreme contempt entertained for the enemy, and the utter ignorance  which prevailed respectilig tlicir character and resources. It was known that the Nepaulese had succumbed to the Chinese in 1794, a people whom  we are accllstolned to regard with sovereign contempt ; and that, with respect to tactical skill, their troops were prodigiously inferior to our own. Their courage and military daring-that lofty collfidelice in themselves wllich a long career of conquest had inspired their pride as an ancient and unsubdued people-the impregnable defilnces of their country ;  all these powerfully exciting causes, which roused their noblest feelings and called forth every energy  in defence of their couiltry, were unlooked for, unknown, or disregarded by us. 

Because it offered vast advantages to the Nepali defenders in the Hills/Lower Himalayan region

&gt;Otherwise it  must have been obvious, that the plan of operations  offered vast advantages  to an active and enterprising enemy.Operating upon so extensive a base, with  such weak divisions, would it not have becn easy  for a daring ehemy to have beaten them in detail?  What support could these uncorlnected bodies have  afforded each other? [...] it was altogether impossible to regulate the movements of divisions operating upoil a base of 500 or 600 miles

He then goes on to say that the Gorkhalis were conquerors like them ruling over a vast occupied population and that directly attacking our capital would be more fruitful not the territories 

&gt;It was known, that the Goorkhas (in  that quarter) were a handful of conquerors, like ourselves, amidst a population eager to throw off their  yoke, and that they never had, nor could make inroads on our territory-being entirely occupied in guarding against the imminent hazard of a revolt [...] Instead of consuming our strength in these attacks upon the extremity of their empire, would it not have been  wiser to have concentrated a powerful force [...] Had 14 or 15,000 men been concentrated under General Marley, instead  of 6000, in all probability the first success on his part would have terminated the contest : As it was, the war was protracted to two cornpaigns

Indeed in some places of the country, the forts were never conquered but vacated after Sugauli, particularly in Sikkim and other eastern territories 
&gt; A letter from Gajendra Karki and the Lepcha chief Ekunda (Konga) from Nagari indicates that about six thousand ryots had revolted and the disruption in movement was caused by the  destruction of bridges.But Jayanta Khatri and his men were never  dislodged. One of the terms* of the Sugauli treaty signed by the British  and Nepal after the war clearly indicates this

&gt;The Gorkha Conquests 
The Process and Consequences of the 
Unification of Nepal, 
with particular reference to Eastern Nepal 
KUMAR PRADHAN 

Back to our contemporary account 
He mentions of the demoralisations in the initial campaign for this reason, Their soldiers would just be butchered in Sumunpoor (?)

&gt;In the spirit of a barbarian people, the bodies of our sepoys, who had fallen, were cruelly maimed and  disfigured by the Goorkhahs. These unlooked-for  disasters having paralyzed the movements of the  first division of the army, it was deemed inexpedient to advance with a force so materially reduced in numbers ; all offensive operations were therefore suspended until the army should be reinforced.

In Butwal it was actually a gunfight which stalled and turned the British around with a 100 killed on their side


&gt;This division,  commanded by Major-general Sullivan Wood of his  Majesty's service, did not advance before the end of  December 1814. It then halted at a village within  four or five miles of the Bootwul Pass

And then in 1815.

&gt;The Nepaulese commenced a heavy fire upon our  troops, which was briskly returned on our part ; but  the unexpected resistance and the vivacity of the fire appear to have embarrassed our operations. No  disposition was made for turning the redoubt. Indeed, the scene of action being a thick jungle, was eminently unfavourable for the display of any superiority of discipline or valour. A general of superior military talent might, therefore, easily fail in  such a situation. After sustaining a loss of about  100 men in killed and wounded, orders were given  to retire. 

Similar descriptions of battle are given throughout the book it is Interesting 

I will end with the very next thing he says after describing the unsuccessful attack on Butwal, that it seemed to have destroyed (in his mind) the idea of British Invincibility in South Asia

&gt;**The knowledge of these  disastrous surprises at Pursah and Sumunpoor (together with the unsuccessful attempt on Bootwul),  coming at the same moment to most stations in India, coupled with the lamented death and failure  of Major-general Gillespie, at Kalunga, produced a  deep gloom in society. It seemed as if the spell of  British invincibility had been dissolved by the daring onset of a few resolute mountaineers ;as  if that powerfill hold on public opinion, which the reputation of superior valour had obtained us-that mighty  charm which enabled us to rule the minds of' men,  would operate no longer in our favour.An apprehension was entertained that the native states were ready to pour in upon us ;-and that thus that stupendous fabric which tlie genius, and enterprise, and  heroism of the national character had erected in the  East, was likely to pass away like "" the baseless fabric of' a vision.""**",1,0,2025-05-09 06:17:35+00:00,https://reddit.com/r/Nepal/comments/1kibojp/the_anglo_nepal_war_in_the_words_of_a/,History/इतिहास
Nepal,1kibn9r,Android studio/ Android studio/ flutter,Ill_Shake_3873,Android studio haru chalaune koi sanga ramro experience xa bhni dm me guys i have work for you,1,0,2025-05-09 06:15:04+00:00,https://reddit.com/r/Nepal/comments/1kibn9r/android_studio_android_studio_flutter/,
Nepal,1kiblkr,Where to find shoes for woman feet size 40,happynamu,,1,1,2025-05-09 06:11:45+00:00,https://reddit.com/r/Nepal/comments/1kiblkr/where_to_find_shoes_for_woman_feet_size_40/,
Nepal,1kibfd5,Can I try to get admission on MBBS,issanagayoh,"after failing in maths? ( if i pass the re exam, can I get admission )",1,0,2025-05-09 06:00:29+00:00,https://reddit.com/r/Nepal/comments/1kibfd5/can_i_try_to_get_admission_on_mbbs/,
Nepal,1kib0gj,When will this rat race end?,Minimum-Regular-6638,J ko dar thyo tei vairaxa. Robot jasari bihana utha. Job ma aau. Tei kam gara same pattern ma. Khaja khau feri tei kam. Feri kei interesting vayeni hune ni tei boring kam k. 9-5 ni haina 9-6 xa tei mathi. Bus duita duita change gara ghar jau. Jyan tired hunxa. Kei productive vairako xaina zindagi ma. Afulai tha vairaxa feri yesto vairaxa vanera tei ni kei garnu sakeko xaina...,1,0,2025-05-09 05:32:58+00:00,https://reddit.com/r/Nepal/comments/1kib0gj/when_will_this_rat_race_end/,
NepalStock,1kiar35,reliable samriddhi yojana?,babupushpaaa,malai teti dherai stocks ra ipo bare tha chhaina. tara malai rsy ko ipo parya cha 100 quantity. kati jati profit hunchha yes bata ??,1,0,2025-05-09 05:16:01+00:00,https://reddit.com/r/NepalStock/comments/1kiar35/reliable_samriddhi_yojana/,IPO/FPO
Nepal,1kiaomj,"What is the procedure to obtain original TU certificate without participating in the convocation, after it has concluded",ceezaay,"How can I obtain my original TU certificate without attending the convocation, even after it has taken place?

Thank you",1,0,2025-05-09 05:11:39+00:00,https://reddit.com/r/Nepal/comments/1kiaomj/what_is_the_procedure_to_obtain_original_tu/,
Nepal,1kiakiz,why you think worldlink user drop and come to classictech?,Bright_Brilliant8295,,1,1,2025-05-09 05:04:15+00:00,https://reddit.com/r/Nepal/comments/1kiakiz/why_you_think_worldlink_user_drop_and_come_to/,
Nepal,1kiajyt,"Moving to Sydney, Australia in June. Need help!",Astroman2727,"Hello guys I’m M20
I’m moving to Sydney June ma and want some help from you guys even if you’re in Sydney or Yetai any help will be highly appreciated 
How can we find a room for rent jana sath basnu ko lagi Yetai Nepal bata kei garera jana parcha hola ni? Anyone has idea how to do it 
Ani Kam kolai kam kasari khojne hola and as a male k skills chai sikera jada best huncha initially nai kam pauna help garna lai 
Any Help and suggestion will highly be appreciated guys 
Thank youuu",1,0,2025-05-09 05:03:18+00:00,https://reddit.com/r/Nepal/comments/1kiajyt/moving_to_sydney_australia_in_june_need_help/,
Nepal,1kiajwu,Why you thing worlldink and vianet user drop and go to classictech?,Bright_Brilliant8295,,1,1,2025-05-09 05:03:13+00:00,https://reddit.com/r/Nepal/comments/1kiajwu/why_you_thing_worlldink_and_vianet_user_drop_and/,
Nepal,1kiadsk,OnePlus Nord CE 3 Lite 5G को मूल्य नेपालमा,ArachnidNo8293,,1,1,2025-05-09 04:52:28+00:00,https://reddit.com/r/Nepal/comments/1kiadsk/oneplus_nord_ce_3_lite_5g_क_मलय_नपलम/,News/समाचार
Nepal,1kia5bf,Miras Academy or Smart GK,PoisonIvyyy21,I’m thinking about taking classes for my banking preparations and I’m confused between these two. Help me chose the right one!,1,0,2025-05-09 04:38:02+00:00,https://reddit.com/r/Nepal/comments/1kia5bf/miras_academy_or_smart_gk/,
Nepal,1kia4tu,Is it safe to travel to Nepal right now?,chemgloom,,1,0,2025-05-09 04:37:12+00:00,https://reddit.com/r/Nepal/comments/1kia4tu/is_it_safe_to_travel_to_nepal_right_now/,Travel/यात्रा
Nepal,1ki9uu1,Do you guys know any school that teaches (unofficially) elder people in Kathmandu?,frustratedman32,"One of my aunts is on her 40's and want to study. She can study basic Nepali but nothing more than that and thus wants to study officially (doesn't want to study in home lol). I was hoping if you guys know any such schools near Nayabazaar area? You can drop any such places you know.

Any kind of response would be appreciated. 🙏",1,0,2025-05-09 04:20:20+00:00,https://reddit.com/r/Nepal/comments/1ki9uu1/do_you_guys_know_any_school_that_teaches/,
Nepal,1ki9sq5,why does nepali people hate india and Indians,hurricane99966,"people in this sub hates india and Indians dk y just now nepal government has issued a statement regarding supporting india ""indirectly"" and the people here in this sub calling it fake and are inclined towards not supporting india dude a Nepalese has also died in it and indian government is taking revenge for all of the victims. if they wanted they could have just compensate the indians only and would have left the one victim to the nepal government for taking the revenge against Pakistan",1,0,2025-05-09 04:16:44+00:00,https://reddit.com/r/Nepal/comments/1ki9sq5/why_does_nepali_people_hate_india_and_indians/,Discussion/बहस 
Nepal,1ki9osa,Premium comedy shows......,Any-Opportunity-6843,,1,1,2025-05-09 04:10:17+00:00,https://reddit.com/r/Nepal/comments/1ki9osa/premium_comedy_shows/,Humor/हाँस्य
Nepal,1ki9mum,Where do rich people hangout in Kathmandu?,thelittleredditer,,1,1,2025-05-09 04:07:07+00:00,https://reddit.com/r/Nepal/comments/1ki9mum/where_do_rich_people_hangout_in_kathmandu/,
Nepal,1ki9lvu,Any musician here making music with FL Studio?,BrightDay2012,I am looking for a tutor who can teach FL Studio online. Do you know someone?,1,0,2025-05-09 04:05:30+00:00,https://reddit.com/r/Nepal/comments/1ki9lvu/any_musician_here_making_music_with_fl_studio/,Help/सहयोग
Nepal,1ki9bvl,Flexing my collection of 1100 pcs of re 1,Infamous-Clock6466,,1,0,2025-05-09 03:49:19+00:00,https://reddit.com/r/Nepal/comments/1ki9bvl/flexing_my_collection_of_1100_pcs_of_re_1/,
Nepal,1ki9b7o,Flexing my collection 😌 1100 piece of re 1,[deleted],,1,1,2025-05-09 03:48:14+00:00,https://reddit.com/r/Nepal/comments/1ki9b7o/flexing_my_collection_1100_piece_of_re_1/,
NepalStock,1ki8rbk,Protfolio Tracker NEPSE,Fit-Let-6268,Are there any protfolio trackers(free or paid) where i  can just import from mero share and tms? Sharehub used to work but has not been working lately.,1,0,2025-05-09 03:16:37+00:00,https://reddit.com/r/NepalStock/comments/1ki8rbk/protfolio_tracker_nepse/,Market
Nepal,1ki8pis,Why do some nepali nobles act so humble online but so entitled IRL?,Downtown_Bunch9798,"I'm not from kathamandu so sorry if I get any info wrong but I have been kinda confused lately. Why do some of these so called “noble” influencers act all humble and classy online but in reality they’re just chasing money and clout?

So I did a little digging and found out that Nepal barely had a few ruling families in the past and that too mostly just the ranas and the shahs. That kinda explains why they have connections with our royal families in the princely states. Like our sawai apparently went to school with some ranas and shahs from Nepal so they visit here pretty often. Since the city palace is open to the public you’ll spot them sometimes.

But here’s the annoying part, these (your nobles) guys don’t even talk to other nobles unless someone’s in politics or has influence. It’s like they’re addicted to power. And the way they act so HUMBLE and DOWN TO EARTH on social media is honestly gross when you know how they behave in real life. One of them, this short dude who's like super popular in bombay just for being openly gay. Like cool live your truth, but don’t pretend you're some saint when you act all elitist off camera.

Tbh besides our sawai no one really cares about them here. They’re just from the himalayas, what even gives them that attitude? [not even hating on nepalis,I actually love them. I'm just calling out these fake elitists] They act all royal but truth is they’re barely even that. Most of them are fallen nobles trying to hold on to status by marrying into actual royal families.

If you’ve seen them in person you’d get it. Social media is all a big show. Stay alert, people. Not everything that glitters is royal.",1,0,2025-05-09 03:13:48+00:00,https://reddit.com/r/Nepal/comments/1ki8pis/why_do_some_nepali_nobles_act_so_humble_online/,Rant/गुनासो
Nepal,1ki8knc,"Only for CS, IT students/graduates",Dear-Record9157,"Hey everyone,i am currently a 2nd sem bca student in tu and i am starting to regret this. nowadays.Like i came to bca to make computer and mobile apps not learn stupid sociology and account and the generic English that we've been reading from class 6. The only coding that we have learned till now is like..how to find the factorial of a number, check odd or even number like..wtf...I learned that in class 11. Plus C isn't even used for application development nowadays.Even when i asked my seniors and even the teachers that if i do everything that college says and graduate with at least a 3.71 will i able to build apps or build websites? They straightly answered...No!!..So, i am planning to drop and join Bachelor's in data science in tu next intake. I think that this degree is more valuable and more future proof but i am just a kid. I need your suggestions.",1,0,2025-05-09 03:06:13+00:00,https://reddit.com/r/Nepal/comments/1ki8knc/only_for_cs_it_studentsgraduates/,Question/प्रश्न
Nepal,1ki8hmb,Hashimotos friendly diet in Nepal,Visual_Dimension439,,1,0,2025-05-09 03:01:31+00:00,https://reddit.com/r/Nepal/comments/1ki8hmb/hashimotos_friendly_diet_in_nepal/,
Nepal,1ki8bz8,"ONLY FOR CS, IT STUDENTS/ GRADUATES",Dear-Record9157,,1,1,2025-05-09 02:53:02+00:00,https://reddit.com/r/Nepal/comments/1ki8bz8/only_for_cs_it_students_graduates/,Question/प्रश्न
Nepal,1ki7xkd,Road conditions to kulekhani from kathmandu,Ok_Construction_4840,"Kata ko bato ramro xa hola aaile ?

Aaja jana lageko bike ma",1,0,2025-05-09 02:30:58+00:00,https://reddit.com/r/Nepal/comments/1ki7xkd/road_conditions_to_kulekhani_from_kathmandu/,Question/प्रश्न
Nepal,1ki7qwi,Military nepal thoughts .,whitedevlop,"Hamro Nepal ko military organization ma age limit alik badaidinu hai. Since bachelor 4 years hunxa, tehi pani payenna. Ani jhan CSIT, faculty chai alik ki engineering hunu ki k ho. Nilnu na nikalnu vako xa degree. Sabai ma engineer nai chainey.",1,0,2025-05-09 02:21:14+00:00,https://reddit.com/r/Nepal/comments/1ki7qwi/military_nepal_thoughts/,
Nepal,1ki7lrf,Need Help to Understand the Company Registration Process,Confident-Bass2260,"Hi guys, I am in process of company registration. Mero naam registration already approved vayo (Company name reservation complete), aba MOA ra AOA banayera company register garnu parcha.

Ma Pokhara bata ho, ra ma sabai process afai garna khojdaichu without going to a lawyer, so asking for help from you guys who already went through all these processes.

Kunai AOA/MOA ko sample document haru share garna milcha? Aba online bata document submit garye pachi next step ke hunchha? Physical documents submit garnu parcha vane, Kathmandu nai janu parcha ki Pokhara bata kei garna milcha? And kati time lagcha whole process ko lagi?

Kunai helpful tips xa vane, please share. Yo sabai kura ma afai handle garna khojirako chu, so any guidance would mean a lot!

Thanks in advance 🙏",1,0,2025-05-09 02:13:37+00:00,https://reddit.com/r/Nepal/comments/1ki7lrf/need_help_to_understand_the_company_registration/,
Nepal,1ki6ojs,modern technical college sanpel lalitpur le salary nadiyeko 2 barsha bhayo. Adazi 1.5 -1.6 lakh jati hola. part time.,Particular-Pension47,"Modern techncal college sanepa lalitpur le salary nadiyera hairan. tanab. Paisa dine kuro nia chhiana . Kati complain kati ke Kati hello sarkar Kati CDO office kati sanepa ko police station. sanepa ko police inspector le arthik mamla hami le herna mildina bhanchha. Kasto tori lahure chha ki ke bhanne. As a last resort, I am making them famous in reddit. His number is **नौ अर्ब असी करोड एकतीस लाख बाउन्न हजार छ सय चौरासी**. reddit do your thing. Paisa na paye pani i want his peace gone",1,0,2025-05-09 01:24:07+00:00,https://reddit.com/r/Nepal/comments/1ki6ojs/modern_technical_college_sanpel_lalitpur_le/,
Nepal,1ki6itx,modern technical collge is salary nadiyeko 2 barsha bhayo .ris uthera,Particular-Pension47,"As in title Modern technical colllege sanepal lalitpur le lecturer ko salary nadiyeko jug bhayo . ris uthne , kati complain gare. Kati ke gare, Kehi upaya lagena. Aba mero last shot make them famous. his number is नौ अर्ब असी करोड पन्ध्र लाख छब्बीस हजार आठसय चौरासी. his name is synonym of air, hawa, atomsophere and lives in harisiidhi. make him famous",1,0,2025-05-09 01:15:35+00:00,https://reddit.com/r/Nepal/comments/1ki6itx/modern_technical_collge_is_salary_nadiyeko_2/,
Nepal,1ki6g76,Modern Technical College Sanepa Lalitpur le teacher ko salary nadiyeko jhadai 2 barsha bhayo. I am beyond pissed off,Particular-Pension47,,1,0,2025-05-09 01:11:44+00:00,https://reddit.com/r/Nepal/comments/1ki6g76/modern_technical_college_sanepa_lalitpur_le/,
Nepal,1ki6d04,Modern Technical College Sanepa Lalitpur le teacher ko salary nadiyeko jhadai 2 barsha bhayo. I am beyond pissed off,Particular-Pension47,,1,0,2025-05-09 01:07:03+00:00,https://reddit.com/r/Nepal/comments/1ki6d04/modern_technical_college_sanepa_lalitpur_le/,
Nepal,1ki55lw,३ लाख भन्दा कममा पाइने १० उत्कृष्ट बाइकहरू | 10 best bikes under 3 lakhs In Nepal,ArachnidNo8293,https://yokha.com/10-best-bikes-under-3-lakhs-in-nepal/,1,0,2025-05-09 00:04:25+00:00,https://reddit.com/r/Nepal/comments/1ki55lw/३_लख_भनद_कमम_पइन_१०_उतकषट_बइकहर_10_best_bikes/,Help/सहयोग
Nepal,1ki2pw7,Pakistan military delegates were invited to visit Nepal before the war between Indian and Pakistan started.,TuneUpMe,,1,1,2025-05-08 22:09:17+00:00,https://reddit.com/r/Nepal/comments/1ki2pw7/pakistan_military_delegates_were_invited_to_visit/,
Nepal,1ki2l4f,Why was Pakistan military delegation invited to visit Nepal just prior to the war started between India and Pakistan?,TuneUpMe,,1,1,2025-05-08 22:03:12+00:00,https://reddit.com/r/Nepal/comments/1ki2l4f/why_was_pakistan_military_delegation_invited_to/,
Nepal,1ki1lwg,How can I become a CPA studying bachelors in Nepal? Can amyone give me complete plan?,StrategicStalemate,"As the title suggest, anyone has done any research on becoming CPA doing undergrad from Nepal. I saw that CPA requires 150 credits but can that be in any program. Please let me know which programs are best in Nepal to pursue CPA in future? 
Thanks in advance.",1,0,2025-05-08 21:21:00+00:00,https://reddit.com/r/Nepal/comments/1ki1lwg/how_can_i_become_a_cpa_studying_bachelors_in/,
Nepal,1khydqx,pakistan udaide lamo muje,RaceResponsible9393,,1,1,2025-05-08 19:07:43+00:00,https://reddit.com/r/Nepal/comments/1khydqx/pakistan_udaide_lamo_muje/,Promotion/प्रवर्धन
Nepal,1khxdkf,Here's what happened in jammu today exactly around 8:30pm,Kitchen-Category-769,"Situation is tense here. Complelte blackout sounds of  shellings and sirens

Official info awaited regarding damage and casualities",1,0,2025-05-08 18:27:13+00:00,https://reddit.com/r/Nepal/comments/1khxdkf/heres_what_happened_in_jammu_today_exactly_around/,News/समाचार
Nepal,1khxb42,Career as Police Inspector,ComfortableFail1389,,1,0,2025-05-08 18:24:29+00:00,https://reddit.com/r/Nepal/comments/1khxb42/career_as_police_inspector/,Question/प्रश्न
NepalStock,1khxaig,KO aauni Vaya governor,nepalstockshiksha,KO hunu Vaya nrb governor,1,0,2025-05-08 18:23:49+00:00,https://reddit.com/r/NepalStock/comments/1khxaig/ko_aauni_vaya_governor/,Economy
Nepal,1khwl4m,I fold my hands to my Nepali Brothers and sisters 🙏,captain_nemo_77,,1,1,2025-05-08 17:55:58+00:00,https://reddit.com/r/Nepal/comments/1khwl4m/i_fold_my_hands_to_my_nepali_brothers_and_sisters/,
Nepal,1khwjm4,Nepal comes out officially in support of India,Flimsy-Leg-6397,,1,0,2025-05-08 17:54:20+00:00,https://reddit.com/r/Nepal/comments/1khwjm4/nepal_comes_out_officially_in_support_of_india/,
Nepal,1khvkpc,"Mofa didnt attest my nata pramanit, as I directly tried to verify my relation with uncle",isha18,"As the title suggests, I'm in bit of a bind. I am applying for student visa and am putting my dad and uncle(dad's brother) as the sponsors. I made my nata pramanit from my VDC but due to the rules of the country I am applying to, I need to do a full diplomatic legalization of the documents. However, MOFA didn't attest my document because acc to them I cannot put my uncle as my relative directly. I then made a separate nata pramanit for my dad and uncle stating them as brothers in hope that it will act as a supportive document for my main one but alas, no. The only way that I can prove my relation to uncle is by putting my dad as applicant, me as applicant's daughter and my uncle as applicant's brother as shown in the picture.

My question is when applying for student visa, typically student themselves are stated as applicant and their sponsors as the applicant's relative. But in my case, the only way I can prove my relation to my uncle and make it possible to be attested by MOFA is by putting my father as an applicant. Will this reject my chances? I am applying to EU and I dont want to take any risk regarding anything. Please help me fellow",1,0,2025-05-08 17:15:40+00:00,https://reddit.com/r/Nepal/comments/1khvkpc/mofa_didnt_attest_my_nata_pramanit_as_i_directly/,Question/प्रश्न
Nepal,1khv2oo,"MOFA didnt attest my NATA PRAMANIT, what can be done??",isha18,,1,1,2025-05-08 16:55:21+00:00,https://reddit.com/r/Nepal/comments/1khv2oo/mofa_didnt_attest_my_nata_pramanit_what_can_be/,Question/प्रश्न
Nepal,1khv1v9,"MOFA didnt attest my NATA PRAMANIT, need help!!!!",isha18,,1,1,2025-05-08 16:54:24+00:00,https://reddit.com/r/Nepal/comments/1khv1v9/mofa_didnt_attest_my_nata_pramanit_need_help/,Help/सहयोग
Nepal,1khv0v5,"MOFA didnt attest my NATA PRAMANIT, need help!!!!",isha18,,1,1,2025-05-08 16:53:15+00:00,https://reddit.com/r/Nepal/comments/1khv0v5/mofa_didnt_attest_my_nata_pramanit_need_help/,
Nepal,1khui7c,Recommendations for cheap hotels around ktm with swimming pool,solardevil121,,1,1,2025-05-08 16:32:31+00:00,https://reddit.com/r/Nepal/comments/1khui7c/recommendations_for_cheap_hotels_around_ktm_with/,
NepalStock,1khu74a,Confusion clear gardina paro.,Ok_Actuator3946,"Mero collateral amount Rs.12893 theyo,
Maile euta Stock sale gareko theye jasko lagi maile Rs.37867.25 paunu parne theyo.
Broker le dhilo payment garira bhayera maile call garera mero account ma hali dinu bhane but broker le as a collateral load gari diyo
So mero ma collateral 50k dekhayo.

Ani maile tei din Aru stock haru kine, last ma payment chai Rs.71k ko garna parne theyo, so maile extra 30k collateral deposit gare.

But payment ko bela mero ma collateral amount 30k matra dekhayo, broker le haleko 50k chai dekhayena(total 80k hunu parne.)

Broker lai call gare, usle 50k chai non cash collateral load gardeko ho re, tei mero due amount (37867) ma 20k add gardera Deko ho re.

But still mero TMS ma sell stock ko payment due nai dekhayera cha.

K ho k, scam ta bhako Haina?",1,0,2025-05-08 16:19:51+00:00,https://reddit.com/r/NepalStock/comments/1khu74a/confusion_clear_gardina_paro/,Trading/Settlement/Payment
Nepal,1khu72r,Any afu students out here,circle_sananas,"Koi xau bhane maile afu ko students ko lagi sub reddit kholya xu 
Just dm or cmt for the link",1,0,2025-05-08 16:19:48+00:00,https://reddit.com/r/Nepal/comments/1khu72r/any_afu_students_out_here/,Question/प्रश्न
Nepal,1khu2rz,Any Ps5 rental place in ktm?,Estaihoyaar,Is there any PS5 rental in ktm? Need it for a day. Anyone?,1,0,2025-05-08 16:15:04+00:00,https://reddit.com/r/Nepal/comments/1khu2rz/any_ps5_rental_place_in_ktm/,Help/सहयोग
Nepal,1khtz4z,Anyone knows how to solve issue on selecting appointment location and date for NID Nepal?,najus21,,1,0,2025-05-08 16:11:03+00:00,https://reddit.com/r/Nepal/comments/1khtz4z/anyone_knows_how_to_solve_issue_on_selecting/,Question/प्रश्न
Nepal,1khtuyo,Anyone knows how to solve issue on selecting appointment location and date for NID Nepal?,najus21,,1,0,2025-05-08 16:06:11+00:00,https://reddit.com/r/Nepal/comments/1khtuyo/anyone_knows_how_to_solve_issue_on_selecting/,
Nepal,1khtqtp,India and Pakistan on terrorism,bhalu-dai,"First of all I don't support any act of terrorism by any country.
We all know Pakistan is supporting militant in Kashmir but India did same to Sri Lanka with Tamil tigers LTTE. They trained them  and also provided weapons to them but eventually Rajiv Gandhi got killed by LTTE whom he supported. In Nepal they supported maoist, gave them shelter and helped them to overthrow m*n*r*hy but we all suffered from maoist and many people got killed. And in 1971 they did same with west Pakistan by supporting Bengalis. India might say they were helping freedom fighters but Pakistan can say same for kashmiri militants as well.",1,0,2025-05-08 16:01:35+00:00,https://reddit.com/r/Nepal/comments/1khtqtp/india_and_pakistan_on_terrorism/,Rant/गुनासो
Nepal,1khtpmz,"India, Pakistan and terrorism",bhalu-dai,,1,1,2025-05-08 16:00:28+00:00,https://reddit.com/r/Nepal/comments/1khtpmz/india_pakistan_and_terrorism/,Rant/गुनासो
Nepal,1khtoo1,Act of terrorism by Pakistan and India?,bhalu-dai,,1,1,2025-05-08 15:59:20+00:00,https://reddit.com/r/Nepal/comments/1khtoo1/act_of_terrorism_by_pakistan_and_india/,Rant/गुनासो
Nepal,1khtndj,Just curious about India vs Pakistan and terrorism,bhalu-dai,,1,1,2025-05-08 15:57:51+00:00,https://reddit.com/r/Nepal/comments/1khtndj/just_curious_about_india_vs_pakistan_and_terrorism/,Rant/गुनासो
Nepal,1khtnan,Medical certificate for nut allergy,Bank-Typical,"Mero bhai lai usko canteen bata khaja khana man pardaina re, ani allergy ko reason le cancel garne re, kata banauna milxa yo allergy ko certificate.",1,0,2025-05-08 15:57:46+00:00,https://reddit.com/r/Nepal/comments/1khtnan/medical_certificate_for_nut_allergy/,Help/सहयोग
NepalStock,1khtj1j,Should I go all in on NTC?,99_December,"I have saved approximately 1 lakh and I am thinking of going all in on NTC and just to let you guys know I am thinking of holding it for as long as I could, so what do you guys think? Any advice would be appreciated.",1,0,2025-05-08 15:52:58+00:00,https://reddit.com/r/NepalStock/comments/1khtj1j/should_i_go_all_in_on_ntc/,Advice
Nepal,1kht2os,Is exortstore.com legit??,ipaneru,,1,1,2025-05-08 15:34:02+00:00,https://reddit.com/r/Nepal/comments/1kht2os/is_exortstorecom_legit/,
Nepal,1khszkg,Court decisions information in Kathmandu,kid_zabka,"Hi all,

I am trying to retrieve publicly accessible legal information about a case in Nepal for a project. But the website is in Nepalese and I am having issues navigating it. Is anyone a law student or recommend a cheap/free way to access the information?

Thank you!",1,0,2025-05-08 15:30:21+00:00,https://reddit.com/r/Nepal/comments/1khszkg/court_decisions_information_in_kathmandu/,
Nepal,1khsz5p,So i wrote a poem for my imaginary love,Late-Permission8800,"So , there was a 10-minute electricity cutout, and I went to my roof just to look around and saw the moon. I started to rhyme about my imaginary love (maya) 😂 and ended up like this .

माया का छौ  तिमी 
यो अधेरी रातमा 
जुनेरी माजमा, हावाको भाजमा 
या मेरो कलपनाको साधमा

माया
तिमी जुनेली रातमा रमाउछै
अधेरी साजमा  डराउदै 
मेरो भावनालाई झस्कौछै
तर नजिक आउन खोजदा हराउछै

सपनाको काखमा निदरी निदाउछै 
आखाँ खोली तिमी जिसमीसाउछै
र मलाई फेरी आसा देखाउछै
कहाँ छौ माया तिमी",1,0,2025-05-08 15:29:53+00:00,https://reddit.com/r/Nepal/comments/1khsz5p/so_i_wrote_a_poem_for_my_imaginary_love/,Literature/साहित्य
Nepal,1khsubq,Bassist needed for a band (baneshwor area only),valehcfuhd,"we are looking for a bassist for a nepali band. there's drummer and main guitarist and we are looking for a male singer and rhythm guitarist but it's for the future. this band is planning for making English songs covers and to post on social media and to create English songs in the future. anyone near old baneshwor area whos dedicated to be a great bassist and loves music, please contact me",1,0,2025-05-08 15:24:22+00:00,https://reddit.com/r/Nepal/comments/1khsubq/bassist_needed_for_a_band_baneshwor_area_only/,
Nepal,1khsl6v,"MOFA didn't attest my NATA PRAMANIT, need help!",Professional_Garden6,,1,0,2025-05-08 15:14:07+00:00,https://reddit.com/r/Nepal/comments/1khsl6v/mofa_didnt_attest_my_nata_pramanit_need_help/,
Nepal,1khskzk,"Je sukai hos, rati ma kura garna lai keti chainxa !!",LetInternational3523,,1,1,2025-05-08 15:13:53+00:00,https://reddit.com/r/Nepal/comments/1khskzk/je_sukai_hos_rati_ma_kura_garna_lai_keti_chainxa/,
Nepal,1khsfa5,Where can I buy anabolic/oral steroids here in nepal?,pervert_dwag,,1,1,2025-05-08 15:07:20+00:00,https://reddit.com/r/Nepal/comments/1khsfa5/where_can_i_buy_anabolicoral_steroids_here_in/,
Nepal,1khsco7,electronics allowance for work visa returnee,Low_Host_3146,,1,1,2025-05-08 15:04:30+00:00,https://reddit.com/r/Nepal/comments/1khsco7/electronics_allowance_for_work_visa_returnee/,
Nepal,1khs60t,I got scammed and here a little update,YoungCurious9898,I don't think Nepal cyber bureau works. I sent an email there was no response. I couldn't go to police station cause of exams and I was already so stressed. But someone messaged me and gave me a photo saying it was the scammer. I don't have any idea if it is really the scammers photo or some online photo of others. Here is what I got and I am thinking it won't work because there is no proof it is the person who is scammer. Do you think it will work if I go and file a complaint?,1,0,2025-05-08 14:56:56+00:00,https://reddit.com/r/Nepal/comments/1khs60t/i_got_scammed_and_here_a_little_update/,Question/प्रश्न
Nepal,1khs5jg,Recommendations for a budget phone(around 25k).,Jamelious_momo,,1,1,2025-05-08 14:56:23+00:00,https://reddit.com/r/Nepal/comments/1khs5jg/recommendations_for_a_budget_phonearound_25k/,Technology/प्रविधि
Nepal,1khs596,Looking for old Nepali children’s TV game show footage (2002–2004),mina1596,"Hi everyone,  
I’m hoping someone here might be able to help me identify and find old footage from a Nepali children’s game TV show that likely aired between 2002 and 2004. I remember there were three rows of children seated, and the host would call kids up to the front to play games. I think there may have been clowns or other fun characters involved.

I appeared on this show with my cousin/sister, who sadly passed away in a plane crash in 2018. Though I’m an only child, she was like a true sister to me, and like a second daughter to my parents. While I have many memories of her, this would be one of the few captured on video. I moved abroad when I was still a child and didn’t have the chance to see her again, she was studying overseas when I returned 10 years later, and I came back to Nepal just a month after her passing.

I vividly remember being scared that day, some of the other children teased me, saying my mom had abandoned me after she dropped us off. But my sister stood up for me right away and basically told them off. That moment has stayed with me all these years and says everything about the kind of person she was.

If anyone can help me identify the show, remembers being on it, or has any way to contact the producers or access old footage, I’d be incredibly grateful for any leads.

Thank you so much for reading and for any help you can offer",1,0,2025-05-08 14:56:02+00:00,https://reddit.com/r/Nepal/comments/1khs596/looking_for_old_nepali_childrens_tv_game_show/,Help/सहयोग
Nepal,1khs3c7,Recommendations for a budget phone ( around 25k NPR ),Jamelious_momo,,1,1,2025-05-08 14:53:46+00:00,https://reddit.com/r/Nepal/comments/1khs3c7/recommendations_for_a_budget_phone_around_25k_npr/,Technology/प्रविधि
Nepal,1khrrpp,Pls help what should I do now,jyayayaya,"I'm gonna give my see this year, and like my school is requesting a ble report card but I lost it

Do we really need a ble report card for that? What should I dooooo I'm doomed",1,0,2025-05-08 14:40:12+00:00,https://reddit.com/r/Nepal/comments/1khrrpp/pls_help_what_should_i_do_now/,
Nepal,1khrqyr,scooter servicing centerr,Lonely_Joke944,"can you please recommend best scooter servicing centers in and around bhaktapur.

i have a honda dio and i used to give the scooter for servicing in the suryabinayak authorized honda showroom and i dont feel like they are doing a good job. 

so, please",1,0,2025-05-08 14:39:19+00:00,https://reddit.com/r/Nepal/comments/1khrqyr/scooter_servicing_centerr/,Help/सहयोग
Nepal,1khrlp6,Help pls what do I do for this,Round-Hearing3458,,1,1,2025-05-08 14:33:08+00:00,https://reddit.com/r/Nepal/comments/1khrlp6/help_pls_what_do_i_do_for_this/,
Nepal,1khrkwh,What do you guys think of this ? Let’s quit monarchy to stop dictatorship in future,Ok_Attitude_5840,,1,1,2025-05-08 14:32:10+00:00,https://reddit.com/r/Nepal/comments/1khrkwh/what_do_you_guys_think_of_this_lets_quit_monarchy/,Discussion/बहस 
Nepal,1khrhj6,Suggest me an itinerary for a week long Nepal trip,PerfectAd3786,,1,0,2025-05-08 14:28:16+00:00,https://reddit.com/r/Nepal/comments/1khrhj6/suggest_me_an_itinerary_for_a_week_long_nepal_trip/,Help/सहयोग
Nepal,1khrd8n,नेपालको भूमि आफ्नोतिर पारेर भारतले तटबन्ध बनायो|| Nepal Times,pahadibahadur,,1,1,2025-05-08 14:23:07+00:00,https://reddit.com/r/Nepal/comments/1khrd8n/नपलक_भम_आफनतर_परर_भरतल_तटबनध_बनय_nepal_times/,News/समाचार
NepalStock,1khr00q,How do you guys execute stoploss ?,Internal_Channel_273,aile badxa bhane aas lai kasari hatauxau. D.Low ra D.High ma 20 ko difference thyo ra mero stop loss pani tei bhitra paryo bharkhar kineko stock ko. Sell garnai sakena.,1,0,2025-05-08 14:07:37+00:00,https://reddit.com/r/NepalStock/comments/1khr00q/how_do_you_guys_execute_stoploss/,Advice
Nepal,1khqlts,"Nepal 2100, the Asian Superpower? Manifesto Is Coming in 15 Days. Here’s Why I’m Dead Serious.",GenZRevolutionary,"I’m an international student from Nepal studying finance, history, international relations, and maths as my minor. I’ve spent years analyzing what makes nations rise and fall. And honestly? I’m angry and I agree with every bad thing said about our government.

But not the kind of angry that burns things down. The kind that builds.

I look at Nepal and I see potential rotting. A land where gods were born. A nation of peace. Yet we’ve been trapped in internal chaos, corruption, and short-term politics while our neighbors zoom forward.

A whole civil war, not to uplift people, but to fill a few pockets. It was avoidable. And unforgivable.

As someone who’s spent time researching global trends, leaders and governments I believe militarism is where humanity began writing its own downfall. In this age, when we call ourselves the Land of Buddha, why do we chase the illusion of greed?

I’m not here to run for office. I’m still young for that.

In 15 days, I’ll post a full blueprint A manifesto of sorts outlining how Nepal can:

Build regional partnerships instead of rivalries
Kill corruption by reducing cash-flow opacity and simplifying bureaucracy
Create jobs through smart economic zones
Use soft power and neutrality to become a regional hub of peace and culture
Change education systems and help promote efforts more than results
Spread Awareness about social problems 
Nurture the West Nepal
Increase National Investments
Boost ECA curriculum 
Increase tourism aspects of the country 
Manage pollution

I’ll name regions, propose project types, and suggest policies rooted in my studies and current global trends. It won’t be perfect, but it’ll be a start and I believe the best path for our kind of society.

It’s time we start building Nepal as a peaceful, powerful, sovereign voice in Asia.

Ask me anything. Disagree. Support. Challenge and Problems you want addressed. Let’s start now.",1,0,2025-05-08 13:50:22+00:00,https://reddit.com/r/Nepal/comments/1khqlts/nepal_2100_the_asian_superpower_manifesto_is/,
Nepal,1khq6k2,How to make money online in Nepal ?,Immediate-Try6387,,1,0,2025-05-08 13:30:58+00:00,https://reddit.com/r/Nepal/comments/1khq6k2/how_to_make_money_online_in_nepal/,
Nepal,1khq63z,"12th re exam tomorrow, what to expect",SeaProgram4576,,1,0,2025-05-08 13:30:26+00:00,https://reddit.com/r/Nepal/comments/1khq63z/12th_re_exam_tomorrow_what_to_expect/,Education/शिक्षा
Nepal,1khptag,Looking for Nepali voice actors,Irisewin,,1,1,2025-05-08 13:14:30+00:00,https://reddit.com/r/Nepal/comments/1khptag/looking_for_nepali_voice_actors/,
Nepal,1khpo1h,What is Nepal turning into?,imposteract,[View Poll](https://www.reddit.com/poll/1khpo1h),1,1,2025-05-08 13:07:38+00:00,https://reddit.com/r/Nepal/comments/1khpo1h/what_is_nepal_turning_into/,Question/प्रश्न
Nepal,1khplc1,Police Brutality at Kohalpur. Question:guilty/innocent but WHY? Is Nepal turning to be Autocratic and soft dictatorship?,imposteract,"Boycott all NGO and INGO who are blind on dollars and don't see how humanity has been crushed on so called powerful people.
Irony is, so called people's leaders are now turning to be autocratic.",1,0,2025-05-08 13:04:01+00:00,https://reddit.com/r/Nepal/comments/1khplc1/police_brutality_at_kohalpur/,Discussion/बहस 
Nepal,1khphpp,I don't know what to do help,Personal_State3362,For the context so ma Pokhara Bata KTM aaudai Garda euta 19/20 yrs ko Kta lay ma same lane vako manxay rw arko euta tourist gadi Lai thakar deyo Ani since he have to pay uslay  scooter rw mero scooter larako cost xuttai xa bt jati actual bill ho tyo vanda 80% ko deya xa bakki insurance ko aauxa Ani dinxu vanara aba yo accident vako 2 months vayo mailay paisa eak rupya Pako xaina usko vinaju is saying tyo joslay accident garya ho tyo Japan gaysakyo police Lai contact garya police is saying action linxu hajur tension nalinus it's already been 2 months tourist gadi is also hasn't done anything Ani ma aba k garnay garnay vaysakyo give me ideas to deal with this,1,0,2025-05-08 12:59:34+00:00,https://reddit.com/r/Nepal/comments/1khphpp/i_dont_know_what_to_do_help/,Help/सहयोग
Nepal,1khp3e9,Can someone translate this for me,Sir_Proud,,1,0,2025-05-08 12:40:11+00:00,https://reddit.com/r/Nepal/comments/1khp3e9/can_someone_translate_this_for_me/,
Nepal,1khovaa,Importing from china? easy way kun hola,Sea_Supermarket3354,"I am always fascinated by the growth of china in tech revolution, mass productions and have kept eye on it. aile balla ali ali paisa collect garera aba yeta import garera niche market ma try garne ki socheko specially in stem toys for children's, and mini gadgets, tool. paile aliexpress alibaba ma delivery charge thorai dekhauthyo  budget thiyena, aile ta sample piece ko 10000  15000 dekhauxa for product of 2 3 dollar. So i am looking for affordable and reliable option, kasari garda best hola and if mah afaile complete process follow garnu paryo vane kati jati lagxa in legal part and agent haru kati ko reliable hunxan in terms of delivery and cost",1,0,2025-05-08 12:28:52+00:00,https://reddit.com/r/Nepal/comments/1khovaa/importing_from_china_easy_way_kun_hola/,Question/प्रश्न
Nepal,1khou9r,थोपा थोपा मिलेर सागर बन्छ ।,Expensive_Young7343,,1,1,2025-05-08 12:27:29+00:00,https://reddit.com/r/Nepal/comments/1khou9r/थप_थप_मलर_सगर_बनछ/,
Nepal,1khopa4,Do you guys know any company that can build rigs/systems like these?,nilax1,"[Automated photogrammetry rig](https://www.youtube.com/watch?v=jvW5vd2VAfM)

https://preview.redd.it/7l7owyitvjze1.png?width=768&amp;format=png&amp;auto=webp&amp;s=641af31a5789f3d2ddac3b27ed0f12af39f281d7

[Another example](https://www.youtube.com/watch?v=kUT82YBX_s8)

https://preview.redd.it/jk9c9ohvvjze1.png?width=1920&amp;format=png&amp;auto=webp&amp;s=9f5d580b737f39d99ddd0fdb88c5f8cf41f52468",1,0,2025-05-08 12:20:30+00:00,https://reddit.com/r/Nepal/comments/1khopa4/do_you_guys_know_any_company_that_can_build/,
Nepal,1khoj8x,Any suggestions regarding exam,yhhhhhhhhh88,Math ko exam ma k garnu hauu 11 ko math ko exam ma kasari pass hunu malai kei nai aaudina aauta kei nai k garnu garnu fail vaye vane ni ghar ma basi khanu didainaa,1,0,2025-05-08 12:11:51+00:00,https://reddit.com/r/Nepal/comments/1khoj8x/any_suggestions_regarding_exam/,
Nepal,1khod9d,Grade improvement Exam dina pauxu ki nai????,Less_Koala4649,,1,1,2025-05-08 12:03:15+00:00,https://reddit.com/r/Nepal/comments/1khod9d/grade_improvement_exam_dina_pauxu_ki_nai/,
Nepal,1khob42,Daraz product return during delivery?,yes-reply,,1,0,2025-05-08 12:00:21+00:00,https://reddit.com/r/Nepal/comments/1khob42/daraz_product_return_during_delivery/,Question/प्रश्न
NepalStock,1kho9kb,Beginner queriessssssss,EndSubstantial563,"I just started investing recently. So far, I’ve bought stocks like NGPL, RIDI, UPCL, HHL, and HDHPC. I purchased NGPL about a week ago, bought RIDI yesterday, and today I added UPCL, HHL, and HDHPC to my portfolio. 

Was that a great move????  Or it was pretty bad.....i bought it based on market depth..since buyer were 2x more  than seller. i would be greatfull if yall give me suggestionnn about  WHICH STOCK TO BUY or maybe things i should look before ????( I wanted to buy RADHI, BUT  SINCE IT WAS AT PEAK, I KINDA THOUGHT IT WOULD GO BEARISH AT ANY MOMENT) 

ive got some queries

1. Why does it take long time to get the shares i bought in my MERO SHARE PORTFOLIO??

2. can we buy and sell shares within instantly??? What i mean iss ..if i buy at 11 am...will i be able to selll the same shares around 1 pm???

3. while adding collateral should i add from mobile banking or connect ips?? Does it even matter??? I mean commison rate??

4. What we unload collateral amout???

5. How userfriendly is NEW TMS INTERFACE FROM BROKER 36. LOOKS LIKE IT IS NEW AND COMPLETELY DIFFERENT FROM TRADITIONAL TMS. I see less  video about this on youtube compare to the old one.


Thank you so much, i hope yall had a gread day.",1,0,2025-05-08 11:58:05+00:00,https://reddit.com/r/NepalStock/comments/1kho9kb/beginner_queriessssssss/,Market
NepalStock,1kho81m,How to do fund settlement?,Weird-Importance-257,"Today I  bought some shares through the broker Secured Securities Ltd. and I need to settle the payment using my collateral.

The last time I bought shares was about 8 months ago using the regular NEPSE TMS, which had a clear fund settlement option. Now SSL uses their own Atrade platform, and I can’t find any option to settle funds from collateral—there’s no options like Fund Management or anything like that. 

Does anyone here trade through this broker and use this platform? Please help me understand how to settle funds from collateral.

And can't we refund our collateral to bank account directly from this web app/mobile app. Do we need to call them and ask them to do it manually every time?",1,0,2025-05-08 11:55:44+00:00,https://reddit.com/r/NepalStock/comments/1kho81m/how_to_do_fund_settlement/,Trading/Settlement/Payment
NepalStock,1kho6zl,How to do fund settlement?,Weird-Importance-257,"Today I  bought some shares through the broker Secured Securities Ltd. and I need to settle the payment using my collateral.

The last time I bought shares was about 8 months ago using the regular NEPSE TMS, which had a clear fund settlement option. Now SSL uses their own Atrade platform, and I can’t find any option to settle funds from collateral—there’s no options like Fund Management or anything like that. 

Does anyone here trade through this broker and use this platform? Please help me understand how to settle funds from collateral.

And can't we refund our collateral to bank account directly from this web app/mobile app. Do we need to call them and ask them to do it manually every time?",1,0,2025-05-08 11:54:13+00:00,https://reddit.com/r/NepalStock/comments/1kho6zl/how_to_do_fund_settlement/,Trading/Settlement/Payment
Nepal,1khnyrh,Looking for coding courses for a school kid,_Greenpeas,,1,0,2025-05-08 11:41:22+00:00,https://reddit.com/r/Nepal/comments/1khnyrh/looking_for_coding_courses_for_a_school_kid/,Help/सहयोग
NepalStock,1khnj8h,Spdl kati sama jala spdl,SusHant7o7,Spdl kati sama jala,1,0,2025-05-08 11:16:57+00:00,https://reddit.com/r/NepalStock/comments/1khnj8h/spdl_kati_sama_jala_spdl/,Advice
Nepal,1khn35h,"Bishalnagar, Kathmandu Nepal",Appropriate-Win9722,,1,0,2025-05-08 10:50:23+00:00,https://reddit.com/r/Nepal/comments/1khn35h/bishalnagar_kathmandu_nepal/,Help/सहयोग
Nepal,1khmnlg,Let's study for CEE together,Educational_Cup889,,1,0,2025-05-08 10:23:26+00:00,https://reddit.com/r/Nepal/comments/1khmnlg/lets_study_for_cee_together/,
Nepal,1khmes5,What Certificate Do I Get After Completing Bachelor in Technical Education (Civil Engineering) and B.Tech.Ed.IT?,distracted404,"Hi everyone,

I'm a student currently enrolled in the Bachelor in Technical Education (Civil Engineering) program, and I have some confusion regarding the certificate I will receive after completing the program.

1. Will I receive a degree certificate, diploma, or something else?
2. Who is the official issuing authority for the certificate?

Additionally, I am also curious about the Bachelor in Technical Education (Information Technology) \[B.Tech.Ed.IT] program.

1. Is B.Tech.Ed.IT considered a certificate program, a degree program, or something else?
2. What is the difference between B.Tech.Ed (Civil Engineering) and B.Tech.Ed.IT in terms of certification?

I would really appreciate insights from anyone who has completed these programs or has accurate information about them.

Thank you in advance!",1,0,2025-05-08 10:07:24+00:00,https://reddit.com/r/Nepal/comments/1khmes5/what_certificate_do_i_get_after_completing/,Question/प्रश्न
Nepal,1khmai4,Camera suggestions for beginner,Lyferux,"I am looking for camera for vlogging and photoshoot. Since i am just the beginner, so i dont have much ideas about camera setting and feature but can learn eventually. As of now, i have been using Go pro and iphone for vlogging and some casual photoshoot. Want to level up from existing (gopro &amp; phone). Any suggestions please. 
Budget 80-90k.",1,0,2025-05-08 09:59:52+00:00,https://reddit.com/r/Nepal/comments/1khmai4/camera_suggestions_for_beginner/,
Nepal,1khm3qv,Help! I'm a Beginner Content Writer Intern in Travel &amp; Tourism and Need Advice to Improve My Skills,Zestyclose-March9978,"Hi everyone,

I’m a complete beginner currently pursuing a Bachelor’s in Travel and Tourism Management in Nepal. I recently got an internship at a new travel agency as a content writer, which is super exciting but also overwhelming. My boss expects content (like itineraries, trek descriptions, and website blogs) very fast, often within a day. At first, I relied heavily on AI tools to churn out content quickly to meet deadlines, and it worked to impress my boss. But now, I’m worried my actual writing skills aren’t growing, and I’m just copy-pasting AI outputs with minor tweaks.

I want to develop my own voice and create authentic, engaging content about Nepal’s treks, culture, and tourism spots, but I’m struggling with:

* How to research and write original travel content without leaning on AI.
* Balancing speed with quality under tight deadlines.
* Building confidence in my writing as a total newbie.

Has anyone been in a similar spot? How did you transition from using AI tools to writing independently? Any tips on improving travel writing skills, finding reliable sources for tourism content, or managing a boss’s high expectations as an intern? I’d love practical advice or resources to help me grow. Thanks in advance!",1,0,2025-05-08 09:46:45+00:00,https://reddit.com/r/Nepal/comments/1khm3qv/help_im_a_beginner_content_writer_intern_in/,Help/सहयोग
Nepal,1khm247,Should I study Economics in KU or ACCA?,LadderLonely2873,"Hi, I’m currently choosing between studying Economics at KU and pursuing ACCA here in Nepal. Do you have any advice on which path to take? I'd love to hear about the career trajectories, internship and job opportunities, and your personal experiences with either one of them",1,0,2025-05-08 09:43:30+00:00,https://reddit.com/r/Nepal/comments/1khm247/should_i_study_economics_in_ku_or_acca/,
Nepal,1khln5z,Advice for applying for USA,OneTreacle9426,,1,1,2025-05-08 09:13:09+00:00,https://reddit.com/r/Nepal/comments/1khln5z/advice_for_applying_for_usa/,
Nepal,1khlj0o,Should we move from KTM to Surkhet? Advice Needed.,vicodinislife,,1,1,2025-05-08 09:04:43+00:00,https://reddit.com/r/Nepal/comments/1khlj0o/should_we_move_from_ktm_to_surkhet_advice_needed/,Help/सहयोग
Nepal,1khlagt,This Laptop seems suspicious according to its price. Is this worth buying?,LifeIsAwesome0,"[https://cplanetnp.com/product/lenovo-legion-i7-4060-laptop-price-in-nepal/](https://cplanetnp.com/product/lenovo-legion-i7-4060-laptop-price-in-nepal/)

This laptop has specs that aren't available on laptops of 175k+ or 180k+  
This also has a discount of 21% making it good in almost every aspect in the price of NRS 165k.   
Lately, I've found cheaper versions of the same company called ""Lenovo LOQ"" series but these are equipped with motherboard issues. Hence, they're cheaper than other. But the Lenovo Legion series don't have such issues. I think this might be the rebranding of the LOQ into Legion and they're selling it. If anyone knows anything about this matter, please comment. That'd be a lot helpful.

Also, I tried searching this on Youtube but I always end up finding the 2024th version of this Laptop. This one is the 2023 version and literally nobody has the video of this exact model.",1,0,2025-05-08 08:47:15+00:00,https://reddit.com/r/Nepal/comments/1khlagt/this_laptop_seems_suspicious_according_to_its/,
Nepal,1khkytm,"Jobs in Damak, Jhapa. (Around Damak 9)",Flimsy_Computer9602,,1,0,2025-05-08 08:22:39+00:00,https://reddit.com/r/Nepal/comments/1khkytm/jobs_in_damak_jhapa_around_damak_9/,Question/प्रश्न
Nepal,1khkylf,Mobile Phone suggestion needed : Budget  Around 85k,Aalufryz,"Budget  - Around 85k 

* Should not heat much after playing game for around 1 and half hours 
* Picture taken during evening should be of good quality",1,1,2025-05-08 08:22:10+00:00,https://reddit.com/r/Nepal/comments/1khkylf/mobile_phone_suggestion_needed_budget_around_85k/,Technology/प्रविधि
Nepal,1khkxlb,Help me with this survey.,cosmic_being_,"I'm currently doing a coursework for Master's and need your help guys, Please feel out this form and Thank You in advance.  
This survey aims to explore the factors influencing consumer decisions in using Pathao’s ride-sharing services in Kathmandu Valley. Your responses will be anonymous and confidential.

Form Link: [https://forms.gle/8xDDPZiKd7BAXWK99](https://forms.gle/8xDDPZiKd7BAXWK99)",1,0,2025-05-08 08:20:05+00:00,https://reddit.com/r/Nepal/comments/1khkxlb/help_me_with_this_survey/,Education/शिक्षा
Nepal,1khkvbl,Different name in Citizenship card and citizenship linked in nagarik app,utsavvv007,Hi. I just realized that my father's name in citizenship linked with nagarik app differs slightly than that of the citizenship card. I tried Citizenship correction request but that doesn't work. Does anyone know where and how can I correct the name?,1,0,2025-05-08 08:15:21+00:00,https://reddit.com/r/Nepal/comments/1khkvbl/different_name_in_citizenship_card_and/,
Nepal,1khkb6s,Suggest retinol cream or serum for beginners,ComfortableLow1298,Please suggest retinal creams or serum that are safe of begineer and sensitive skin.,1,0,2025-05-08 07:33:46+00:00,https://reddit.com/r/Nepal/comments/1khkb6s/suggest_retinol_cream_or_serum_for_beginners/,
Nepal,1khkayh,Aiming to pursue Environment-related field in KU,Successful-Size-8366,"Aile 12 ko exams didaixu. Exam ko ek din paxi dekhi nai entrance class haru suru hune raixa. I'm planning for either of these fields: B.Environment Science/ B.Environment engineer/ B.Tech Environmental engineering. 
What should i study for? Engineering or CEE or is it just university based entrance for this field.
If so kasto kasto requirements haru xa esko lagi ani kati ko garo xa?",1,0,2025-05-08 07:33:17+00:00,https://reddit.com/r/Nepal/comments/1khkayh/aiming_to_pursue_environmentrelated_field_in_ku/,Question/प्रश्न
Nepal,1khk1tv,Is Nepal only for people with generational wealth ?,iknowallthetee,,1,1,2025-05-08 07:14:38+00:00,https://reddit.com/r/Nepal/comments/1khk1tv/is_nepal_only_for_people_with_generational_wealth/,
Nepal,1khjo1l,Struggling to Learn CSS – Any Good Websites or YouTube Channels to Recommend?,Ok_Active_816,,1,0,2025-05-08 06:47:29+00:00,https://reddit.com/r/Nepal/comments/1khjo1l/struggling_to_learn_css_any_good_websites_or/,Help/सहयोग
Nepal,1khj9dc,Help with Thailand tour????,Cute-Construction279,,1,1,2025-05-08 06:19:13+00:00,https://reddit.com/r/Nepal/comments/1khj9dc/help_with_thailand_tour/,Question/प्रश्न
Nepal,1khj4lu,Looking for Nepali girls in Sydney,Federal-Meet-8933,just hoping to meet some Nepali girls in Sydney for friendship or chats. Let me know if this isn’t the right place.,1,0,2025-05-08 06:10:22+00:00,https://reddit.com/r/Nepal/comments/1khj4lu/looking_for_nepali_girls_in_sydney/,
Nepal,1khit6h,Looking for a girl in Sydney.,Federal-Meet-8933,,1,0,2025-05-08 05:49:11+00:00,https://reddit.com/r/Nepal/comments/1khit6h/looking_for_a_girl_in_sydney/,
Nepal,1khirbp,Failed in my subject. help!,Content-Top2470,,1,0,2025-05-08 05:45:44+00:00,https://reddit.com/r/Nepal/comments/1khirbp/failed_in_my_subject_help/,
Nepal,1khip5v,M22 Want to meet a girl in Sydney,Federal-Meet-8933,,1,1,2025-05-08 05:41:37+00:00,https://reddit.com/r/Nepal/comments/1khip5v/m22_want_to_meet_a_girl_in_sydney/,Discussion/बहस 
NepalStock,1khio9b,UNHPL is worth waiting or not..,Late_Use_6243,I have bought some unhpl during the last high and its just now met my wacc. Should i sell it or wait patiently? Is there any fixed process or understanding abt this that i need to know,1,0,2025-05-08 05:39:57+00:00,https://reddit.com/r/NepalStock/comments/1khio9b/unhpl_is_worth_waiting_or_not/,Trading/Settlement/Payment
Nepal,1khin34,Failed in my subject! help!,Content-Top2470,,1,0,2025-05-08 05:37:47+00:00,https://reddit.com/r/Nepal/comments/1khin34/failed_in_my_subject_help/,
Nepal,1khimj0,KWS Fee Structure for +2 Management,vulgarminor,,1,1,2025-05-08 05:36:47+00:00,https://reddit.com/r/Nepal/comments/1khimj0/kws_fee_structure_for_2_management/,
Nepal,1khiitb,NOC confusion and help needed,Scousey_son4,,1,0,2025-05-08 05:30:02+00:00,https://reddit.com/r/Nepal/comments/1khiitb/noc_confusion_and_help_needed/,
NepalStock,1khiikc,Pakistan and India war begin or not.,nepalstockshiksha,It is possible or not,1,0,2025-05-08 05:29:34+00:00,https://reddit.com/r/NepalStock/comments/1khiikc/pakistan_and_india_war_begin_or_not/,Economy
Nepal,1khiaio,Top 8 most popular Massages in Nepal - Summit Wellness,Last-You-3172,,1,1,2025-05-08 05:14:52+00:00,https://reddit.com/r/Nepal/comments/1khiaio/top_8_most_popular_massages_in_nepal_summit/,
Nepal,1khi1w7,Nepal should strict boderside,nepalstockshiksha,Nepal should strict boderside of India and Bangladesh.,1,0,2025-05-08 04:59:32+00:00,https://reddit.com/r/Nepal/comments/1khi1w7/nepal_should_strict_boderside/,Discussion/बहस 
Nepal,1khhxxz,Kosai sanga board KO Physics chem and math KO questions xa vane please share,Exact_Culture_1042,,1,1,2025-05-08 04:52:16+00:00,https://reddit.com/r/Nepal/comments/1khhxxz/kosai_sanga_board_ko_physics_chem_and_math_ko/,
Nepal,1khhxqf,Need baby kittens for adoption,Comingback69,"1 weeks aagadi mero biralo harayo
I cant get over if anyone have baby biralo please can i get it",1,0,2025-05-08 04:51:52+00:00,https://reddit.com/r/Nepal/comments/1khhxqf/need_baby_kittens_for_adoption/,
Nepal,1khhwv4,Board paper need PHYSICS CHEM AND MATH PLEASE 🙏,Exact_Culture_1042,,1,1,2025-05-08 04:50:15+00:00,https://reddit.com/r/Nepal/comments/1khhwv4/board_paper_need_physics_chem_and_math_please/,
Nepal,1khhut8,Solo Male Traveler for Friends June 25-30,guynew88,,1,1,2025-05-08 04:46:35+00:00,https://reddit.com/r/Nepal/comments/1khhut8/solo_male_traveler_for_friends_june_2530/,Question/प्रश्न
Nepal,1khhsqw,Solo Male Traveler (35 years old) for Friends July 25-30,guynew88,,1,1,2025-05-08 04:43:01+00:00,https://reddit.com/r/Nepal/comments/1khhsqw/solo_male_traveler_35_years_old_for_friends_july/,
Nepal,1khhpv9,Solo Traveler for June 25-30,guynew88,,1,1,2025-05-08 04:37:54+00:00,https://reddit.com/r/Nepal/comments/1khhpv9/solo_traveler_for_june_2530/,Question/प्रश्न
Nepal,1khhmub,Just out of curiosity—how important is vibe matching to you,Known_Word985,,1,1,2025-05-08 04:32:48+00:00,https://reddit.com/r/Nepal/comments/1khhmub/just_out_of_curiosityhow_important_is_vibe/,Discussion/बहस 
Nepal,1khhjbs,Solo Traveler for June 25-30,guynew88,,1,1,2025-05-08 04:26:55+00:00,https://reddit.com/r/Nepal/comments/1khhjbs/solo_traveler_for_june_2530/,
NepalStock,1khhg4u,Fastest SEBON chairman crash out with CIAA investigation? The previous ones were just as corrupt but were not prosecuted.,Weird_Region2687,"No way all the party heads were not getting kickbacks from IPO commission. What's happening here? Feels like half story. IPPAN not exactly innocent either. Fake financial reporting to get above 90 net worth for IPO issuance, right share etc. 

Who remembers SEBON chairman cement stock insider trading case before hamal? Samsum paryo sakyo. This santosh narayan guy bit off more than he can chew?",1,0,2025-05-08 04:21:37+00:00,https://reddit.com/r/NepalStock/comments/1khhg4u/fastest_sebon_chairman_crash_out_with_ciaa/,IPO/FPO
Nepal,1khhbx8,Preparation for +2 Entrance Exam in bnks and sxj,Opposite-Spinach-802,I am trying to prepare for entrance exam for budhanilkantha and saint xaviers for +2. Should i join a bridge course? What should i study? How much should i daily study? Is it that hard to get into these two? Should i have a backup college? If so then which?,1,0,2025-05-08 04:14:44+00:00,https://reddit.com/r/Nepal/comments/1khhbx8/preparation_for_2_entrance_exam_in_bnks_and_sxj/,Help/सहयोग
Nepal,1khglat,Beads in Nepal for Embroidery,Particular_Lion2317,PLEASEEEE can anyone tell me where I can purchase beads in small amount. Cuz everywhere I went they told me to purchase 1/2kg and I don't want that. So pleasee can you tell me kasailai thaha cha bhane specific location or store name if you know. Thank you so much for your helppp,1,0,2025-05-08 03:32:07+00:00,https://reddit.com/r/Nepal/comments/1khglat/beads_in_nepal_for_embroidery/,Help/सहयोग
Nepal,1khg9po,Struggling to Learn CSS – Any Good Websites or YouTube Channels to Recommend?,Username_Helloo,,1,0,2025-05-08 03:14:15+00:00,https://reddit.com/r/Nepal/comments/1khg9po/struggling_to_learn_css_any_good_websites_or/,
Nepal,1khg9cx,Can you please suggest some good online stores/thrift stores to buy dresses?,manav_yantra,"Hi everyone!
Can you please suggest some good online stores to buy dresses? I’ve checked out Doraz, they have some nice options, but most of the dresses I like have the ""overseas"" tag, so they’re a bit pricey and take longer to arrive. I’ve added a few to my cart there, but I need other suggestions too!

Also, if you know any online thrift stores that deliver, or even let you order online and pick up locally from their store, that would be amazing!

P.S. I’m from Kathmandu.",1,0,2025-05-08 03:13:45+00:00,https://reddit.com/r/Nepal/comments/1khg9cx/can_you_please_suggest_some_good_online/,Discussion/बहस 
Nepal,1khg36z,is it ?gsgdgsststsgsgsgsgsgsg,ApprehensivePark7594,,1,1,2025-05-08 03:04:24+00:00,https://reddit.com/r/Nepal/comments/1khg36z/is_it_gsgdgsststsgsgsgsgsgsg/,
Nepal,1khfzzr,Any advice for a freshly graduated civil engineer,Ill-News-6012,Just completed my bachelors in civil engineering. Any advices to like what to do or anything to learn by myself?,1,0,2025-05-08 02:59:51+00:00,https://reddit.com/r/Nepal/comments/1khfzzr/any_advice_for_a_freshly_graduated_civil_engineer/,
Nepal,1khfxwi,Petrol ra cylinder Varnuu sab jana.,Suspicious-Goal7770,,1,0,2025-05-08 02:56:36+00:00,https://reddit.com/r/Nepal/comments/1khfxwi/petrol_ra_cylinder_varnuu_sab_jana/,News/समाचार
Nepal,1khfp7q,Questions regarding nepse,One_Village_2201,"So, I am just learning about shares and stuff hai
Ani kehi time bhayo ali ali shares haru herna thaleko ani ipo bharnu thaleko(kunai ni parena aaile samma🤣) 
Maile chai specially dividends ko barema matra jannu khojeko ramro Company ko shares kineu bhane 
Dividends lai matra ni as a small income source banauna sakinxa ?
Ani specific company haru",1,0,2025-05-08 02:43:48+00:00,https://reddit.com/r/Nepal/comments/1khfp7q/questions_regarding_nepse/,Question/प्रश्न
Nepal,1khetk7,k chha ta Late 20s haru??,CherishedPirate,,1,1,2025-05-08 01:58:31+00:00,https://reddit.com/r/Nepal/comments/1khetk7/k_chha_ta_late_20s_haru/,
Nepal,1kheqkr,k chha ta late 20s early 30s ko??,CherishedPirate,,1,1,2025-05-08 01:54:15+00:00,https://reddit.com/r/Nepal/comments/1kheqkr/k_chha_ta_late_20s_early_30s_ko/,
Nepal,1khehzh,"phone harayo mero, aaba k garam",babupushpaaa,"anyone frm **maitrinagar**? (**kashyap academy tir**a) hijo mah teta tira gako the ani maile mero phone haraye teta i mean mero phone switched off cha hijo charge ni thiyena. aaba tyo phone ko location chai on nei thiyo tara switched off cha, k tyo phone bhetiyela? **sky blue khalko cover cha tyo phone ko** ( if koi tya maitrinagar bata chha bhane bhannu hola )

mah aaba complaint garam bhane mah sanga **imei** number chaina plus im **under age** ( kati barsa hunu parcha police complaint garna)",1,0,2025-05-08 01:41:37+00:00,https://reddit.com/r/Nepal/comments/1khehzh/phone_harayo_mero_aaba_k_garam/,Rant/गुनासो
Nepal,1kheg9j,lost my phone hijo rati....,babupushpaaa,,1,1,2025-05-08 01:39:15+00:00,https://reddit.com/r/Nepal/comments/1kheg9j/lost_my_phone_hijo_rati/,Help/सहयोग
Nepal,1khdzdl,"Weekly relationship, sex and sexuality megathread",AutoModerator,"Please ask your questions on relationship, sex and sexuality in this thread. Examples:""How do I get a girlfriend?"", ""Is my 5 inch pecker too small?"", ""Are there girls in Reddit?"", ""What is the best affordable hotel to have sex in Kathmandu?"", ""What do Nepali girls look for in guys?"", ""Why are Nepali boys so boring?"", ""How to last long?"" etc. etc. You get the gist.  

Posts in the main sub will be removed if they are generic and/or are frequently asked questions such as the above. 

[Previous Threads Collection](https://www.reddit.com/r/Nepal/collection/d445b3b8-cba7-4c8e-b73b-fd4bfd07a1cb)",1,0,2025-05-08 01:15:29+00:00,https://reddit.com/r/Nepal/comments/1khdzdl/weekly_relationship_sex_and_sexuality_megathread/,Megathread
NepalStock,1khdzd6,"Market Weekend Discussion (Thursday May 08 - Saturday May 10, 2025)",AutoModerator,"Use this post to discuss what to buy/sell/trade/avoid/watch this weekend and in the coming days.

As always, the rules still apply.

**Have a TMS or Meroshare issue? Query about EDIS or collateral? Ask here instead of creating another thread. All queries regarding TMS, MeroShare, Broker Issues, EDIS, Settlement and Payments should be asked here.** DO NOT create another post.

BEGINNER? [**Go here first!**](https://www.reddit.com/r/NepalStock/wiki/beginners-guide)

DO NOT MAKE SEPARATE **INDIVIDUAL** POSTS ASKING:

* what to buy or sell,
* or what bank to buy,
* or what insurance to buy,
* yo share kati samma mathi jancha hola
* IPO ma pareko yo share kun din bechda ramro hola, ajhai 1-2 din parkhine ki nai etc.

will be deleted. Repeat violators will be banned.

Happy Investing!",1,0,2025-05-08 01:15:28+00:00,https://reddit.com/r/NepalStock/comments/1khdzd6/market_weekend_discussion_thursday_may_08/,Yo Kinda Kaso Hola
Nepal,1kh78ds,Shooting for Tenzing Norgay’s biography starts,FearlessAd9580,,1,0,2025-05-07 20:10:14+00:00,https://reddit.com/r/Nepal/comments/1kh78ds/shooting_for_tenzing_norgays_biography_starts/,
Nepal,1kh699z,I need help about fishing gear and location.,deadpoolfarts,"Hi!
Fishing is something I’ve always wanted to try since I was a kid, but I never really got the chance. I'm finally looking to give it a shot and was wondering—does anyone know a good spot near Kathmandu where I can go fishing?

I don’t have any gear, so ideally, I’m looking for a place that also offers equipment rentals. If there’s a spot that handles both fishing and rentals, that would be perfect!

Also, if you’ve been fishing yourself, I’d love to hear about your experience—what it was like, any tips, or just how it felt to finally do it. Thanks a lot in advance!",1,0,2025-05-07 19:30:33+00:00,https://reddit.com/r/Nepal/comments/1kh699z/i_need_help_about_fishing_gear_and_location/,
Nepal,1kh39un,Struggling to Learn CSS – Any Good Websites or YouTube Channels to Recommend?,Username_Helloo,,1,0,2025-05-07 17:31:35+00:00,https://reddit.com/r/Nepal/comments/1kh39un/struggling_to_learn_css_any_good_websites_or/,Help/सहयोग
Nepal,1kh2qiy,Two Nuclear-Armed Neighbors at Odds: How Nepal Could Be Caught in the Crossfire,NepaliFactos,"With rising tensions between India and Pakistan—both nuclear powers—Nepal may be facing more than just a geopolitical headache. India recently carried out an airstrike targeting Pakistan-based terrorists, and Pakistan has responded with threats of retaliation. The risk of this escalating into full-scale war is growing by the day, and as a neighbor to both, Nepal can’t sit back and pretend it won’t be affected.

This isn’t just speculation. We've already felt the ripple effects of global conflicts before. In the recent Pahalgam terrorist attack in Kashmir (April 22), a Nepali citizen, 27-year-old Sudip Neupane, lost his life while visiting with his family.

Go further back to October 2023, when a Hamas attack on southern Israel killed 10 Nepali students. One more—Bipin Joshi—is still held hostage. These students were part of a ""Learn and Earn"" program from Far Western University and had nothing to do with politics. Yet they became victims of a war thousands of miles from home. Israel's retaliation has since claimed over 52,000 Palestinian lives in Gaza, and the conflict shows no signs of slowing.

And let’s not forget the Russia–Ukraine war. Since it began in February 2022, at least 43 Nepali nationals—many lured into joining the Russian army through illegal channels—have died. Around 1,000 Nepalis are believed to have been recruited, though the Nepalese government lacks concrete numbers. Seven of them are confirmed to be held as prisoners of war by Ukraine.

Besides the human cost, these wars have also wrecked global food supply chains and economies—hitting developing countries like Nepal the hardest.

So while it might seem like a distant political drama between India and Pakistan, any potential war between them will drag Nepal into the chaos—economically, socially, and tragically, very likely with more Nepali lives lost in the crossfire.

We may not be the ones pulling the trigger, but history shows we often pay the price.",1,0,2025-05-07 17:10:07+00:00,https://reddit.com/r/Nepal/comments/1kh2qiy/two_nucleararmed_neighbors_at_odds_how_nepal/,
Nepal,1kh28nl,Alevels math line haru ko lagi,Fancy_Gift4327,"mechanics ko paper leak vako kura. Tannai nepali le pani pako raixa. maile alevel deko yo 3rd varsa vayo. last year ni p1 leak le garda threshold high vayo. yo pali pani report garena vane pak ma matra cancel garera m1 ko threshold high hola jasto xa so honest padeko manxe haru le milera cambridge ra british council lai report garnu parxa. 

maile ta email gardi sake. aru pani ma jasto pidit ho bhane yo email haru ma gara. 

cambridge - info@cambridgeinternational.org
british council - general.enquiry@britishcouncil.org.np 

email ko template :

To Whom It May Concern,

I am writing this statement as an A Level student who sat for the AS Level Mathematics M1 examination on the 7th of May, 2025. It has come to light that, before the paper on the same day, rumours began to circulate online alleging a l*ak of the Mechanics paper.The questions had been circulated in social media hours before the exam. 

Students, including myself, have dedicated months—sometimes years—of hard work, sleepless nights, and emotional stress preparing for these exams. We are not at fault. We are victims of a system that has repeatedly failed to ensure the integrity and confidentiality of its own students.

This is not a mere academic inconvenience—it is a matter of fairness, mental health, and trust in a system we are forced to rely upon. If Cambridge International Examinations is to maintain its global credibility and respect, it must prioritize the protection of student interests over administrative convenience.

We are not just candidates—we are people who deserve to be treated with dignity and justice.Even though the questions were not leaked from Nepal, us students here have been heavily affected due to the disparity caused by majority getting a hold of the paper through the internet. 

sincerely,
your name 
center no 
candidate no 
kathmandu, nepal 

ss pani attach garne vaye r alevel ma tannai xa. yo pali ni threshold high vayo vane ta ma feri fail ho aba ta parents le ni retake garna didaina.",2,0,2025-05-07 16:50:29+00:00,https://reddit.com/r/Nepal/comments/1kh28nl/alevels_math_line_haru_ko_lagi/,
Nepal,1kh20id,One day Trek around valley,Aggressive_Rub432,Ghar basda basda allxi lagyo yeso ghumna dadha tira janu paryo. Valley bata 1 din ma gayera farkina milne thau kun kun xa and how to reach their ?? Thank you.,1,0,2025-05-07 16:41:23+00:00,https://reddit.com/r/Nepal/comments/1kh20id/one_day_trek_around_valley/,
Nepal,1kh1ble,I feel like I’m falling behind in life and I don’t know what to do anymore.,No_Bit_4578,,1,1,2025-05-07 16:13:26+00:00,https://reddit.com/r/Nepal/comments/1kh1ble/i_feel_like_im_falling_behind_in_life_and_i_dont/,Relationship/सम्बन्ध
Nepal,1kh18v1,Gorkhali Empire at its peak: 1805 C.E.,shubhbro998,,1,1,2025-05-07 16:10:22+00:00,https://reddit.com/r/Nepal/comments/1kh18v1/gorkhali_empire_at_its_peak_1805_ce/,History/इतिहास
Nepal,1kh18p9,Gorkha Empire at its peak: 1805 C.E.,shubhbro998,,1,1,2025-05-07 16:10:12+00:00,https://reddit.com/r/Nepal/comments/1kh18p9/gorkha_empire_at_its_peak_1805_ce/,History/इतिहास
Nepal,1kh0lnl,Need video editor and video grapher (1 person),sandipgyawali,"I'm looking for someone who can capture and edit a 1–2 minute promotional video for a watch. If you're interested, please send samples of your previous work and your pricing to thedeepastronomy@gmail.com.

Thank you!
Location: Kathmandu Nepal",1,0,2025-05-07 15:44:43+00:00,https://reddit.com/r/Nepal/comments/1kh0lnl/need_video_editor_and_video_grapher_1_person/,Help/सहयोग
Nepal,1kh00wt,Nepal's immigration for solo Nepali women travellers,Chemical_Conflict_48,"I've heard that many Nepali women that travel solo get a lot of shit in Nepal's immigration esp for countries like Thailand, Vietnam, Dubai, Indonesia etc. 

They are asked to clarify a lot of things, visa huda hudai pani unnecessary questions sodhney, required documents dekhauda ni unnecessarily jhulaune, the immigrant officers keep asking for tons of reassurances. Women trafficking or some illegal business ma jaana lagya ho ki k thaha hamilai bhandai question garera jhulaune trend ni raichha. Isn't that too much? 

I remember 2-3 years agadi ni women lai country bahira solo travel garna usko bau ki budo ko written approval chainu parney bill ko kura ni propose bhako thyo, which obviously didn't pass. But isn't it too shitty and regressive? What do you think about it? Has anyone been through the same?",1,0,2025-05-07 15:21:25+00:00,https://reddit.com/r/Nepal/comments/1kh00wt/nepals_immigration_for_solo_nepali_women/,Discussion/बहस 
Nepal,1kgzhfy,Watch suggestion for all occasion,FeelingPost5686,,1,0,2025-05-07 15:00:07+00:00,https://reddit.com/r/Nepal/comments/1kgzhfy/watch_suggestion_for_all_occasion/,
Nepal,1kgzhaw,"Startup garna chahanchhu — sathiko khojima chhu (18 years, College student),KTM",Light_From_Hell,,1,1,2025-05-07 14:59:59+00:00,https://reddit.com/r/Nepal/comments/1kgzhaw/startup_garna_chahanchhu_sathiko_khojima_chhu_18/,Society/समाज
Nepal,1kgz7uy,"I have created ""NepaliCinemaTalk"" community. I desperately need any movie nerds to manage and build.",trytobefool,"My daily dose is to watch one movie. I feel there is not any community to discuss about Nepali movies. Our Nepali movies are featured and recognised at big major festivals like Cannes, Venice, Berlin, Locarno, Sundance and many others. Is anyone willing to give contribute to build this community?",1,0,2025-05-07 14:48:55+00:00,https://reddit.com/r/Nepal/comments/1kgz7uy/i_have_created_nepalicinematalk_community_i/,Help/सहयोग
Nepal,1kgy6vr,Trying to find book that i have read,Historical_Ad2270,"I got a chance to read a book that focuses on raw(Research and Analysis Wing), it was written in nepali. its the second edition as mentioned on its aabhar page. it contain about raw, its formation, its activity, its failures and achievement. its work on dividing east and west pakistan, how they are able to take control of bhutan, and trying to spark instability in nepal. includes a topic नेपाल र भुटानको भुटानीकरण. Now i have forgotten to remember the title and its author but the cover has brownish shades. any body who has read the book, I would be glad to know.",1,0,2025-05-07 14:05:03+00:00,https://reddit.com/r/Nepal/comments/1kgy6vr/trying_to_find_book_that_i_have_read/,
Nepal,1kgxywe,Which ISP is best in Nepal?,International-Yard31,I'm currently using vianet and it's going to expire soon so I want to change to new ISP and want to know about which ISP is the best currently according to price.,1,0,2025-05-07 13:55:30+00:00,https://reddit.com/r/Nepal/comments/1kgxywe/which_isp_is_best_in_nepal/,
Nepal,1kgxvd7,How do I start freelancing as a BBA student who has no idea about coding?,screwme_99,"Okay so I'm a 19M trying to figure out ways to enhance my skills, learn and also earn a little for my pocket money. I am a BBA student and I don't have any experience in coding or programming. I may not have any skill whatsoever but I'm open to learning online/offline.
Freelancing sounded like a good option for earning from home but with little to no skills to offer, I have no idea what to do.
All I have is a broken laptop which still works and a decent phone.
I have college in mid day from 10pm-4pm so working somewhere part-time is ruled out as I live alone so I need to do the household chores as well. 
All I need is suggestions, criticisms anything that'll help me.",1,0,2025-05-07 13:51:07+00:00,https://reddit.com/r/Nepal/comments/1kgxvd7/how_do_i_start_freelancing_as_a_bba_student_who/,Help/सहयोग
Nepal,1kgxhky,Any Tiffin Service in Imadol or KTM Valley that delivers in Imadol too?,ZebraMuch6653,"Hi Guys, I recently shifted to kathmandu, and I'm very bad at cooking, it takes a lot of my time and doesn't event tastes that good.

If anyone uses or know any tiffin service that delivers veg food 1/2 time, would love to get a referral.

Thankyou!",1,0,2025-05-07 13:34:04+00:00,https://reddit.com/r/Nepal/comments/1kgxhky/any_tiffin_service_in_imadol_or_ktm_valley_that/,
Nepal,1kgxcle,Illegal Bangladeshi immigrants,That-Tap-1026,What's your opinion on illegal Bangladeshi immigrants entrying into Nepal.,1,0,2025-05-07 13:27:42+00:00,https://reddit.com/r/Nepal/comments/1kgxcle/illegal_bangladeshi_immigrants/,Discussion/बहस 
Nepal,1kgx6jp,himalayan java bakery school,No_Tank_7851,"Im thinking of joining javas bakery school 
If anyone has any prior experience please share
and I would also appreciate any details or alternatives.",1,0,2025-05-07 13:20:21+00:00,https://reddit.com/r/Nepal/comments/1kgx6jp/himalayan_java_bakery_school/,Question/प्रश्न
Nepal,1kgx41b,Laptop suggestions for a student?,Every-Cranberry-1302,I'm studying my bachelors rn and been thinking about buying a decent laptop. My main subject is not IT so I don't rlly need an expensive one. Any laptop suggestions under 50k?,1,0,2025-05-07 13:17:07+00:00,https://reddit.com/r/Nepal/comments/1kgx41b/laptop_suggestions_for_a_student/,
Nepal,1kgx3wl,www.soleencounterstrek.com,Far_Emotion6085,,1,1,2025-05-07 13:16:57+00:00,https://reddit.com/r/Nepal/comments/1kgx3wl/wwwsoleencounterstrekcom/,
Nepal,1kgwwde,Yolo sneakers! Worth the hype or nah?,inquisitive_aura,"Been eyeing this sneaker line from the Yolo brand and was wondering—has anyone here actually tried them out? Would love to know how your experience was. 

Are they comfortable? Do they hold up well over time? And most importantly… are they worth the money?

  
Drop your thoughts (or roasts) below! 😄",1,0,2025-05-07 13:07:02+00:00,https://reddit.com/r/Nepal/comments/1kgwwde/yolo_sneakers_worth_the_hype_or_nah/,Question/प्रश्न
Nepal,1kgwwcp,A levels in Islington. Any advice?,Definitelynotminee,,1,0,2025-05-07 13:07:01+00:00,https://reddit.com/r/Nepal/comments/1kgwwcp/a_levels_in_islington_any_advice/,Discussion/बहस 
Nepal,1kgwmc3,Is anyone heading to the Netherlands for the September 2025 intake (from Nepal)?,Life-Still9112,"Is anyone heading to the Netherlands for the September 2025 intake (from Nepal)? which uni? If you're flying into Amsterdam Schiphol Airport, maybe we can travel together! 😊",1,0,2025-05-07 12:53:40+00:00,https://reddit.com/r/Nepal/comments/1kgwmc3/is_anyone_heading_to_the_netherlands_for_the/,Question/प्रश्न
Nepal,1kgwlr2,Is anyone heading to the Netherlands for the September 2025 intake (from Nepal)?,Life-Still9112,,1,0,2025-05-07 12:52:50+00:00,https://reddit.com/r/Nepal/comments/1kgwlr2/is_anyone_heading_to_the_netherlands_for_the/,
NepalStock,1kgwi0c,Sell or Hold IPO pareko stock?,Republic_Mediocre,Kunai pani IPO pareko stock peakma pugera jharnu thaalyo vane bechdine ki future ko laagi rakhera hold garne?,1,0,2025-05-07 12:47:47+00:00,https://reddit.com/r/NepalStock/comments/1kgwi0c/sell_or_hold_ipo_pareko_stock/,IPO/FPO
Nepal,1kgw8hj,Jade dipika miss universe nepal looool,Consistent_Ship1463,,1,0,2025-05-07 12:34:54+00:00,https://reddit.com/r/Nepal/comments/1kgw8hj/jade_dipika_miss_universe_nepal_looool/,
Nepal,1kgw5g3,importing from china to nepal ( Alibaba),Iderkwiah,"hello, ma chai alibaba bata saman order garne sochiraxu via dollar card, tya ko import fee lastai mahango xa, aani nepal ma ni import garne kati dherai dekhirako hunxu !  DTD ra DDP ship garna lai , sab se ramro platform/company kun hola? yei nepal ko rodhi sources /all seller import export jasto service use garda better ki tya alibaba ma vhayeko aaru importer/exporter haru sanga contact garda ramro ? kasaile China bata saman order garnu vhako xa vhane sabse affordable kun hunxa vhandinu na boru time lagosh!! 500$ vhanexi kassai dherai saman ni haina , it is related to jewelleries !!!",1,0,2025-05-07 12:30:45+00:00,https://reddit.com/r/Nepal/comments/1kgw5g3/importing_from_china_to_nepal_alibaba/,
Nepal,1kgvwa3,Unfair charge of bill in school,Solid-Quality3694,"I am a 10th grader studying in little angel's school located in hattiban lalitpur and we recently got the bill for the new year, and the charge is so unfair, Come take a look at this first the normal ones 1:Tuition 2:Transport 3:Computer lab ( which btw is 700 for 4: labs which it def doesnt cost that much) 5:Extra curicular activities AND NOW

6:GAMES? ( MIND U ECA CHARGE AND GAMES CHARGE IS SEPERATE EVEN THOUGH THROUGHTOUT THE YEAR THERE HAVE BEEN NO GAMES AND EVEN IF THERE WAS WE STUDENTS SHOULDNT BE THE ONE SPONSORING THEM)

7: MAINTAINANCE? ( THE SCHOOL HAS BEEN BROKEN EVER SINCE THE FLOOD THEY HAVE NOT REPAIRED THE ASSEMBLY GROUND EVEN AFTER NEARLY 7 MONTHS THE SCHOOL TOILETS R SHIT, I BET YOU IF YOU GO IN THERE A SANE PERSON YOU WONT GO OUT THE SAME, THE SMELL IS SO FOUL ITS ABSOLUTELY DISGUSTING AND EVEN IF THEY WERE FIXING THIS, WHY SHOULD STUDENTS BE THE ONE FIXING THE SCHOOL)

8: LIBRARY ( MIND YOU, I HAVE NOT USED THE LIBRARY ONCE, I AM CHARGED FOR SOMETHING I HAVEN'T USED, THERE SHOULD BE A SEPERATE FORM FOR LIBRARY BECAUSE WE STUDENTS WHO DO NOT STUDY FROM THE LIBRARY SHOULD NOT BE PAYING FOR IT)

9: LABORATORY: WE HAVE GONE TO THE SCIENCE LAB TWICE AND ONCE THE TEACHER JUST SHOWED US AROUND, AND SECOND, WE HAD DEREVATION OF HYDROGEN GAS WHICH WAS SO SHIT, THE WHOLE SETUP WAS BROKEN

ALL OF THESE UNNECESSARY CHARGES ADD UPTO 18000 NPR, DO YOU THINK THIS IS JUSTIFIED, CHARGING US FOR GAMES THEY HAVEN'T MADE US PLAY, CHARGING US FOR MAINTAINCE BECAUSE AM I THERE TO STUDY OR FIX THEIR SHITTY SCHOOL? are there any actions i could do against the school, please list what i should do, cuz this is just unfair..",1,0,2025-05-07 12:17:43+00:00,https://reddit.com/r/Nepal/comments/1kgvwa3/unfair_charge_of_bill_in_school/,
Nepal,1kgvvcm,unfair charge of bill in school,Solid-Quality3694,,1,0,2025-05-07 12:16:23+00:00,https://reddit.com/r/Nepal/comments/1kgvvcm/unfair_charge_of_bill_in_school/,
Nepal,1kgvqyq,How to remove black heads,clouldibeanymorecool,mero dherai black heads aauxa specially mero nose ma and oily xa face. asti samma nose bahek aaru sab clear thyo and suddenly mero sunscream ra mosturizer bigryo and atti nai itchy huna thalyo face and red bumps aauna thalyo now kei laudina but still alik dekhinxa asar so can anyone help. also night cream too suggest gariye hunthyo alik sensitive xa face mero. 18 barsa ko xu ma,1,0,2025-05-07 12:10:05+00:00,https://reddit.com/r/Nepal/comments/1kgvqyq/how_to_remove_black_heads/,
Nepal,1kgvq96,unfair charge of bill in school,Solid-Quality3694,"I am a 10th grader studying in little angel's school located in hattiban lalitpur and we recently got the bill for the new year, and the charge is so unfair, 
Come take a look at this
first the normal ones
1:Tuition
2:Transport
3:Computer lab ( which btw is 700 for 4: labs which it def doesnt cost that much)
5:Extra curicular activities 
AND NOW

6:GAMES? ( MIND U ECA CHARGE AND GAMES CHARGE IS SEPERATE EVEN THOUGH THROUGHTOUT THE YEAR THERE HAVE BEEN NO GAMES AND EVEN IF THERE WAS WE STUDENTS SHOULDNT BE THE ONE SPONSORING THEM)

7: MAINTAINANCE? ( THE SCHOOL HAS BEEN BROKEN EVER SINCE THE FLOOD THEY HAVE NOT REPAIRED THE ASSEMBLY GROUND EVEN AFTER NEARLY 7 MONTHS 
THE SCHOOL TOILETS R SHIT, I BET YOU IF YOU GO IN THERE A SANE PERSON YOU WONT GO OUT THE SAME, THE SMELL IS SO FOUL ITS ABSOLUTELY DISGUSTING AND EVEN IF THEY WERE FIXING THIS, WHY SHOULD STUDENTS BE THE ONE FIXING THE SCHOOL)

8: LIBRARY ( MIND YOU, I HAVE NOT USED THE LIBRARY ONCE, I AM CHARGED FOR SOMETHING I HAVEN'T USED, THERE SHOULD BE A SEPERATE FORM FOR LIBRARY BECAUSE WE STUDENTS WHO DO NOT STUDY FROM THE LIBRARY SHOULD NOT BE PAYING FOR IT)

9: LABORATORY: WE HAVE GONE TO THE SCIENCE LAB TWICE AND ONCE THE TEACHER JUST SHOWED US AROUND, AND SECOND, WE HAD DEREVATION OF HYDROGEN GAS WHICH WAS SO SHIT, THE WHOLE SETUP WAS BROKEN

ALL OF THESE UNNECESSARY CHARGES ADD UPTO 18000 NPR, DO YOU THINK THIS IS JUSTIFIED, CHARGING US FOR GAMES THEY HAVEN'T MADE US PLAY, CHARGING US FOR MAINTAINCE BECAUSE AM I THERE TO STUDY OR FIX THEIR SHITTY SCHOOL? are there any actions i could do against the school, please list what i should do, cuz this is just unfair..",1,0,2025-05-07 12:09:01+00:00,https://reddit.com/r/Nepal/comments/1kgvq96/unfair_charge_of_bill_in_school/,
Nepal,1kgvlvy,Is it weird that I still value virginity and emotional connection while everyone around me seems into hookup culture?,Warm_Hurry4547,,1,1,2025-05-07 12:02:41+00:00,https://reddit.com/r/Nepal/comments/1kgvlvy/is_it_weird_that_i_still_value_virginity_and/,Relationship/सम्बन्ध
Nepal,1kgvl32,Massage with happy ending in ktm,FerretAcceptable7381,If anyone knows spa with happy ending please dm. Asking for a friend lol,1,0,2025-05-07 12:01:35+00:00,https://reddit.com/r/Nepal/comments/1kgvl32/massage_with_happy_ending_in_ktm/,
Nepal,1kgvjdh,Is it weird that I still value virginity and emotional connection while everyone around me seems into hookup culture?,Warm_Hurry4547,,1,1,2025-05-07 11:59:26+00:00,https://reddit.com/r/Nepal/comments/1kgvjdh/is_it_weird_that_i_still_value_virginity_and/,Discussion/बहस 
Nepal,1kgvdm5,Any other Nepali movie with similar humour to Resham Filili?,Glass_Sea_4194,,1,0,2025-05-07 11:50:45+00:00,https://reddit.com/r/Nepal/comments/1kgvdm5/any_other_nepali_movie_with_similar_humour_to/,
Nepal,1kgvbo0,how to find sugar daddy in nepal?,Alternative-Camp5163,,1,0,2025-05-07 11:47:46+00:00,https://reddit.com/r/Nepal/comments/1kgvbo0/how_to_find_sugar_daddy_in_nepal/,
Nepal,1kgvbkw,hello all my brothers and sisters,MindlessLetter8618,,1,1,2025-05-07 11:47:39+00:00,https://reddit.com/r/Nepal/comments/1kgvbkw/hello_all_my_brothers_and_sisters/,
Nepal,1kgvb5g,Seeking Support During a Tough Time as a Student,MindlessLetter8618,,1,0,2025-05-07 11:46:55+00:00,https://reddit.com/r/Nepal/comments/1kgvb5g/seeking_support_during_a_tough_time_as_a_student/,
Nepal,1kgv968,Is it embarrassing to take food home from events,togachii,"So Idk if what I did was embarrassing as everyone in my family says I was being one but I don't understand it because we were invited to eat and is it wrong if I take some snacks with me home 😔 It was a bertaman, it's close to our house so we went since we were invited now I'm thinking if what I did was wrong and embarrassing",1,0,2025-05-07 11:43:50+00:00,https://reddit.com/r/Nepal/comments/1kgv968/is_it_embarrassing_to_take_food_home_from_events/,
NepalStock,1kgv80h,UPCL!!!!!!!!!!!!!!!!!!!!,WhoIsAnonymousxd,Upcl kati sama pugla?,1,0,2025-05-07 11:41:57+00:00,https://reddit.com/r/NepalStock/comments/1kgv80h/upcl/,Market
Nepal,1kgv3qz,Thinking of getting a continental gt 650,WiseProfession4126,"I'm honestly thinking of getting a bike mainly for looks and performance too And this bike has intrigued me, looks like a headturner and significantly good performance wise. I know it has not been launched yet but By the end of the year i might order one. 
Is it worth the hassel? 


Provide alternative recommendations too if plausible&lt;3",1,0,2025-05-07 11:35:01+00:00,https://reddit.com/r/Nepal/comments/1kgv3qz/thinking_of_getting_a_continental_gt_650/,
Nepal,1kgv1jg,help me stay in college (student),MindlessLetter8618,,1,0,2025-05-07 11:31:30+00:00,https://reddit.com/r/Nepal/comments/1kgv1jg/help_me_stay_in_college_student/,
Nepal,1kguztq,help me stay in college (student),MindlessLetter8618,,1,0,2025-05-07 11:28:51+00:00,https://reddit.com/r/Nepal/comments/1kguztq/help_me_stay_in_college_student/,
Nepal,1kguyx7,a small help to let me continue my studies,MindlessLetter8618,,1,0,2025-05-07 11:27:19+00:00,https://reddit.com/r/Nepal/comments/1kguyx7/a_small_help_to_let_me_continue_my_studies/,
Nepal,1kguxvg,hello all of my brother and sisters,MindlessLetter8618,,1,1,2025-05-07 11:25:40+00:00,https://reddit.com/r/Nepal/comments/1kguxvg/hello_all_of_my_brother_and_sisters/,
Nepal,1kguwhl,appeal for help to let me stay in college ( student),MindlessLetter8618,,1,0,2025-05-07 11:23:21+00:00,https://reddit.com/r/Nepal/comments/1kguwhl/appeal_for_help_to_let_me_stay_in_college_student/,
Nepal,1kguucp,Just wanna die tbh.......,luckxis,,1,1,2025-05-07 11:20:02+00:00,https://reddit.com/r/Nepal/comments/1kguucp/just_wanna_die_tbh/,
Nepal,1kguua0,Hiking three passes together,sers1000,,1,0,2025-05-07 11:19:55+00:00,https://reddit.com/r/Nepal/comments/1kguua0/hiking_three_passes_together/,
Nepal,1kgus2p,Tips for taking life peacefully?,luckxis,,1,1,2025-05-07 11:16:25+00:00,https://reddit.com/r/Nepal/comments/1kgus2p/tips_for_taking_life_peacefully/,
Nepal,1kgurxy,urgent appeal for support (student),MindlessLetter8618,,1,0,2025-05-07 11:16:11+00:00,https://reddit.com/r/Nepal/comments/1kgurxy/urgent_appeal_for_support_student/,
Nepal,1kguprq,Why is Classictech best ISP of Nepal?,Straight_Fennel3231,,1,1,2025-05-07 11:12:50+00:00,https://reddit.com/r/Nepal/comments/1kguprq/why_is_classictech_best_isp_of_nepal/,
Nepal,1kguo7j,humble request to all my brothers and sisters,MindlessLetter8618,,1,0,2025-05-07 11:10:16+00:00,https://reddit.com/r/Nepal/comments/1kguo7j/humble_request_to_all_my_brothers_and_sisters/,
Nepal,1kguecq,Yo Fresh Cream kata payinchha?,Honest_Prune_2452,Amul Fresh Cream kata payiney rechha? Thahachha bhaney yeso bazaar ma payiney aru brand pani suggest gardinu hola. Thank you in advance,1,0,2025-05-07 10:54:40+00:00,https://reddit.com/r/Nepal/comments/1kguecq/yo_fresh_cream_kata_payinchha/,Question/प्रश्न
Nepal,1kgucs6,help me stay in college (urgent),MindlessLetter8618,,1,0,2025-05-07 10:52:03+00:00,https://reddit.com/r/Nepal/comments/1kgucs6/help_me_stay_in_college_urgent/,
Nepal,1kgu5d0,a humble request to help me stay in college,MindlessLetter8618,,1,1,2025-05-07 10:38:50+00:00,https://reddit.com/r/Nepal/comments/1kgu5d0/a_humble_request_to_help_me_stay_in_college/,
Nepal,1kgtv7o,help me find tourist spots,Ok-Information3610,,1,0,2025-05-07 10:20:35+00:00,https://reddit.com/r/Nepal/comments/1kgtv7o/help_me_find_tourist_spots/,Help/सहयोग
Nepal,1kgtqpp,Laptop recommendation for 160k budget,Speed-11,"I am an engineering student and I am looking currently looking for a laptop.Mero plan chai suru ma nitro 16 leune theyo ra aaijhai tei xa.Specs chai Ryzen 7 amd edition 8845 hs wala ho  rtx 4060 hai Tara Wqxga display wala ho.Aaba maile yo bhanda Aru laptop haru Testo ramro nabhako jasto lageyo.Maile chai mainly tei editing sikene coding garne Ani bela bela game garne ho.

Maile windows chai tei Halka game khelna nai rw halka apps ra sites chaluna I mean pirated Tara Mac ma Testo xaina.Aaba tei game nai nakhelne ho bhanne Mac linda hunxa ki k ho.Halka recommend garnu pareyo",1,0,2025-05-07 10:12:32+00:00,https://reddit.com/r/Nepal/comments/1kgtqpp/laptop_recommendation_for_160k_budget/,Discussion/बहस 
Nepal,1kgtkxs,What do you guys think of this ?,Ok_Attitude_5840,,1,1,2025-05-07 10:01:55+00:00,https://reddit.com/r/Nepal/comments/1kgtkxs/what_do_you_guys_think_of_this/,Discussion/बहस 
Nepal,1kgtfv9,Why is my post getting flagged?,itss_leviosa,,1,1,2025-05-07 09:52:26+00:00,https://reddit.com/r/Nepal/comments/1kgtfv9/why_is_my_post_getting_flagged/,Rant/गुनासो
Nepal,1kgtbhg,"""There are no Terrorist camp in Pakistan""",h_holmes0000,,1,0,2025-05-07 09:43:49+00:00,https://reddit.com/r/Nepal/comments/1kgtbhg/there_are_no_terrorist_camp_in_pakistan/,
Nepal,1kgt7da,Need some insight; legal if possible,itss_leviosa,,1,1,2025-05-07 09:35:22+00:00,https://reddit.com/r/Nepal/comments/1kgt7da/need_some_insight_legal_if_possible/,Help/सहयोग
Nepal,1kgt6zf,Need some insight; legal if possible,itss_leviosa,,1,1,2025-05-07 09:34:35+00:00,https://reddit.com/r/Nepal/comments/1kgt6zf/need_some_insight_legal_if_possible/,Relationship/सम्बन्ध
Nepal,1kgt5s4,Need some insight; legal if possible,itss_leviosa,,1,1,2025-05-07 09:32:00+00:00,https://reddit.com/r/Nepal/comments/1kgt5s4/need_some_insight_legal_if_possible/,Relationship/सम्बन्ध
Nepal,1kgt3ru,"Customized Family Tour in Nepal, Bhutan, and Tibet",[deleted],,1,0,2025-05-07 09:28:08+00:00,https://reddit.com/r/Nepal/comments/1kgt3ru/customized_family_tour_in_nepal_bhutan_and_tibet/,Travel/यात्रा
Nepal,1kgt279,Trial centres in Kathmandu,relevoid69,KTM ma trial centre haru kata kata xa. Which one is the easiest ?,1,0,2025-05-07 09:24:56+00:00,https://reddit.com/r/Nepal/comments/1kgt279/trial_centres_in_kathmandu/,Help/सहयोग
Nepal,1kgstwt,Need phone recommendation *_*,WiseProfession4126,"Hey guys can you recommend me phone, I have a budget of 1.5 lakhs what should i buy and where?",1,0,2025-05-07 09:08:06+00:00,https://reddit.com/r/Nepal/comments/1kgstwt/need_phone_recommendation/,
NepalStock,1kgso7k,I am new at this market and recently I bought bpcl,Humble-Pianist5640,Bpcl ko market herda kati samma ma sell Garda thik hola?? Can you guys please help me with that,1,0,2025-05-07 08:56:35+00:00,https://reddit.com/r/NepalStock/comments/1kgso7k/i_am_new_at_this_market_and_recently_i_bought_bpcl/,Market
NepalStock,1kgslw0,Bholi kun kun kinda risk free jasto dekhiyo aaja ko market herda?,Dr_boy123,Bholi kun kun kinda risk free jasto dekhiyo aaja ko market herda?,1,0,2025-05-07 08:51:56+00:00,https://reddit.com/r/NepalStock/comments/1kgslw0/bholi_kun_kun_kinda_risk_free_jasto_dekhiyo_aaja/,Market
Nepal,1kgsc11,I lost my passport. Anyone with same issue please help.,inf-10,Hello Nepal ma naya passport claim garna k cha procedure? I lost it a week ago. Documents k k chaincha?,1,0,2025-05-07 08:31:06+00:00,https://reddit.com/r/Nepal/comments/1kgsc11/i_lost_my_passport_anyone_with_same_issue_please/,Help/सहयोग
Nepal,1kgsbjz,We need to close our borders now.,[deleted],,1,0,2025-05-07 08:30:12+00:00,https://reddit.com/r/Nepal/comments/1kgsbjz/we_need_to_close_our_borders_now/,Discussion/बहस 
Nepal,1kgs9al,CLOSE THE BORDERS OF NEPAL NOW,[deleted],,1,1,2025-05-07 08:25:23+00:00,https://reddit.com/r/Nepal/comments/1kgs9al/close_the_borders_of_nepal_now/,
Nepal,1kgs5dy,Shops in Nepal to buy electronic stuffs,OmLamichhane,"Where can i buy arduino, break boards, jump wires, raspberry pi, etc in Nepal? I searched in a lot of places but no one even knows what an arduino is. I know I can buy them in daraz but i wanna buy it from a physical shop

It would help me a lot. Thankyou",1,0,2025-05-07 08:17:13+00:00,https://reddit.com/r/Nepal/comments/1kgs5dy/shops_in_nepal_to_buy_electronic_stuffs/,
Nepal,1kgs36z,How to Find and Apply for Overseas Job Opportunities from Nepal?,Kaal_vairab,"Hey guys, I have a few questions. Some of my friends are working in international companies from Nepal ghar basi basi, like insurance and real estate companies based in Australia and the USA. Does anyone know how we can apply for such jobs from Nepal? And how can we find out about these kinds of vacancies? My friends haven't shared much, so I’m hoping you all can help me out!",1,0,2025-05-07 08:12:41+00:00,https://reddit.com/r/Nepal/comments/1kgs36z/how_to_find_and_apply_for_overseas_job/,Question/प्रश्न
Nepal,1kgrv4w,"Available for sell hai , US Audience, Women 70% audience.",[deleted],,1,0,2025-05-07 07:56:36+00:00,https://reddit.com/r/Nepal/comments/1kgrv4w/available_for_sell_hai_us_audience_women_70/,
Nepal,1kgrrwn,How to find groups to do EBC trek,asif_98,"I'll be travelling to kathmandu shortly, coming in solo. Any idea about how can I find and join groups for EBC trek? Dont want to be scammed by agencies honestly. 

Or if this is not the right place to ask, can anyone share me where to?

Thanks in advance.",1,0,2025-05-07 07:49:51+00:00,https://reddit.com/r/Nepal/comments/1kgrrwn/how_to_find_groups_to_do_ebc_trek/,
Nepal,1kgread,Your thoughts on doing A-Levels In Nepal?,[deleted],,0,0,2025-05-07 07:21:27+00:00,https://reddit.com/r/Nepal/comments/1kgread/your_thoughts_on_doing_alevels_in_nepal/,Discussion/बहस 
Nepal,1kgr689,Confused between byd atto 3 advanced and superior. Please help.,Puzzled_Loquat_8445,,1,0,2025-05-07 07:05:09+00:00,https://reddit.com/r/Nepal/comments/1kgr689/confused_between_byd_atto_3_advanced_and_superior/,
Nepal,1kgr2jb,Can’t decide between byd atto 3 advanced or superior. Please help.,Puzzled_Loquat_8445,,1,0,2025-05-07 06:58:26+00:00,https://reddit.com/r/Nepal/comments/1kgr2jb/cant_decide_between_byd_atto_3_advanced_or/,
Nepal,1kgr243,Torn between atto 3 advanced and superior. Can’t decide. Please help. 🙏,Puzzled_Loquat_8445,,1,1,2025-05-07 06:57:28+00:00,https://reddit.com/r/Nepal/comments/1kgr243/torn_between_atto_3_advanced_and_superior_cant/,
Nepal,1kgr079,Zebra Crossing ma uni sanga najar judyo !!,LetInternational3523,,1,1,2025-05-07 06:53:48+00:00,https://reddit.com/r/Nepal/comments/1kgr079/zebra_crossing_ma_uni_sanga_najar_judyo/,
NepalStock,1kgqqdx,Hulas Iron Promoter Share - What do you guys think about this?,samrat6192,,1,0,2025-05-07 06:35:23+00:00,https://reddit.com/r/NepalStock/comments/1kgqqdx/hulas_iron_promoter_share_what_do_you_guys_think/,Advice
NepalStock,1kgqpcm,Hulas Iron Promoter Share,samrat6192,,1,0,2025-05-07 06:33:27+00:00,https://reddit.com/r/NepalStock/comments/1kgqpcm/hulas_iron_promoter_share/,Advice
Nepal,1kgql6e,how to cheat in SLC math exam?,issanagayoh,"using phone? ( 80% of time ) no glue, no borax, no wax, no laxatives.

someone sigmas told me —
1. start begging on teacher's feet to let you use phone &amp; quietly use phone
2. established your dominance and cheat right Infront of teacher like an alpha female.


can anyone give me a real valid answer?",1,0,2025-05-07 06:25:25+00:00,https://reddit.com/r/Nepal/comments/1kgql6e/how_to_cheat_in_slc_math_exam/,
Nepal,1kgqgc9,Lovaroo Date-aroo ईलेक्त्रिक् बूगालू,dzjiktra,,1,1,2025-05-07 06:16:16+00:00,https://reddit.com/r/Nepal/comments/1kgqgc9/lovaroo_datearoo_ईलकतरक_बगल/,Humor/हाँस्य
Nepal,1kgqes9,sad after finishing 'the hunger games',elbat_table,,4,3,2025-05-07 06:13:28+00:00,https://reddit.com/r/Nepal/comments/1kgqes9/sad_after_finishing_the_hunger_games/,
Nepal,1kgqczr,about NEB Nepali exam today,Amreet01,"Maile byakaran sab milaye, 1-2 marks max bigriyo, aru sabbai acc to format gare, bas lastko 8/8 marks ko 1.5/1.5 page matra lekhe, A auxa ta.?? arubela chai aauthyo mero jaile.. I'm worried this time",1,0,2025-05-07 06:10:10+00:00,https://reddit.com/r/Nepal/comments/1kgqczr/about_neb_nepali_exam_today/,Discussion/बहस 
Nepal,1kgqcba,Can I do a week-long tour in nepal within 70k bdt?,Bluebird_16,"Hello, 27M, from Bangladesh. I have been saving up some money and wanting to visit nepal for a week-long tour next month.

Can I do a week-long tour within 70k? I'll be travelling alone, and I want to visit ghandruk, mustang and pokhara. 

Please share your thoughts and tips. Thanks in advance",1,0,2025-05-07 06:08:50+00:00,https://reddit.com/r/Nepal/comments/1kgqcba/can_i_do_a_weeklong_tour_in_nepal_within_70k_bdt/,Question/प्रश्न
Nepal,1kgqbzr,ABOUT NEB 12 NEPALI EXAM TODAY,Amreet01,,1,1,2025-05-07 06:08:16+00:00,https://reddit.com/r/Nepal/comments/1kgqbzr/about_neb_12_nepali_exam_today/,Education/शिक्षा
Nepal,1kgq0br,Have you used your student email?,Heavy_Screen3111,,1,0,2025-05-07 05:46:22+00:00,https://reddit.com/r/Nepal/comments/1kgq0br/have_you_used_your_student_email/,
NepalStock,1kgpra5,Begineer in Secondary Share Market,Dr_boy123,"Ma chai naya ho secondary market ma. Bujna khojiraxu 1-2 week dekhi. Malai chai share kinda kheri tei price history herera kinne jssto lagthyo tara technical, fundamental analysis ko kura aauda raicha jun bujhna malai garo bhairacha. Yo maile kasari sikna sakxu? Ani stock selection ma pani kasari herne kura malai bhanidinu na",1,0,2025-05-07 05:29:48+00:00,https://reddit.com/r/NepalStock/comments/1kgpra5/begineer_in_secondary_share_market/,Market
Nepal,1kgpl0b,Feeling guilty about moving abroad leaving my parents behind.,Infamous_Koala8378,,1,0,2025-05-07 05:18:36+00:00,https://reddit.com/r/Nepal/comments/1kgpl0b/feeling_guilty_about_moving_abroad_leaving_my/,Discussion/बहस 
Nepal,1kgphvw,IT traning courses institute,Extreme_Charity6358,Data analyst professional traning dine ramro institute sawyambhu najik kunai cha hola? Yeso recommendations haru chayeyo. Dhanyabad,4,1,2025-05-07 05:13:14+00:00,https://reddit.com/r/Nepal/comments/1kgphvw/it_traning_courses_institute/,Question/प्रश्न
Nepal,1kgpgrv,Suggestion for starting Construction materials buisness,EstablishmentSad7972,,1,1,2025-05-07 05:11:17+00:00,https://reddit.com/r/Nepal/comments/1kgpgrv/suggestion_for_starting_construction_materials/,
Nepal,1kgp5l7,love with an younger age girl.,Emergency_Fail3371,hi i am 26 years old boy and talking with 19yrs old girl point she she is 6 years younger than me and she is in love with me?what do i do this 6 yrs gap is eating me alive.i kinda like her but this age gap is killing me?will society say anything?,1,0,2025-05-07 04:51:55+00:00,https://reddit.com/r/Nepal/comments/1kgp5l7/love_with_an_younger_age_girl/,Help/सहयोग
Nepal,1kgp0uj,I am at the big age of 25 and stuck in the tax mess,Numerous-Corgi-7218,"So I’ve somehow found myself managing my father's local shop (registered as a sole proprietorship in Nepal) and things have gone south with the taxes. It's a VAT-registered firm. After speaking to auditors I found out we have outstanding taxes for the past two fiscal years along with interest and penalties.

I have studied BBA but I lag behind whatever this situation is.....

The shop's annual turnover is way beyond the 3 million threshold, so we’re not eligible for the 1% simplified tax. But here’s the real issue — even though sales are high, the profit margin is tiny (around 0.6%), so we're barely making anything. Still, the tax liability looks huge.

I’ve been trying to figure things out on the IRD portal, but it’s a nightmare to navigate. I don’t understand which forms to file (D1, D2, D3?), how to deal with the penalties, or how to even approach this situation. 

Honestly, I have zero idea how I ended up in this mess, but I want to fix it properly. If anyone here is familiar with tax filing in Nepal — especially for sole proprietorships with low profit margins and high turnover — I’d really appreciate some guidance.

Should I talk to the tax office directly? The auditors I speak only speak money, even though i am putting in money there is no clear indication of where the money is going.

Is there any room to reduce penalties or pay in installments?

Ma kina eti lato ho malai nai taha chaina",1,0,2025-05-07 04:43:49+00:00,https://reddit.com/r/Nepal/comments/1kgp0uj/i_am_at_the_big_age_of_25_and_stuck_in_the_tax/,Help/सहयोग
NepalStock,1kgozyc,will india-pak tension have any effect or nepse dgaf about geopolitics?,Weird_Region2687,Euta governer change tyo pani intra party politics ko karan market down bhancha tara global affairs does not affect Nepse bhanna milcha? NIFTY and SENSEX slight crash early market. PSX website nai down cha ta.,1,0,2025-05-07 04:42:23+00:00,https://reddit.com/r/NepalStock/comments/1kgozyc/will_indiapak_tension_have_any_effect_or_nepse/,Misc
Nepal,1kgozhz,I’m 25 and stuck with my father's shop's tax mess — no idea what to do 😩,Numerous-Corgi-7218,,1,1,2025-05-07 04:41:35+00:00,https://reddit.com/r/Nepal/comments/1kgozhz/im_25_and_stuck_with_my_fathers_shops_tax_mess_no/,
Nepal,1kgoo1w,"Indian armed forces strike nine terrorist sites in Pakistan, PoK",NASAISRO8645,,1,1,2025-05-07 04:22:25+00:00,https://reddit.com/r/Nepal/comments/1kgoo1w/indian_armed_forces_strike_nine_terrorist_sites/,
Nepal,1kgonin,"Indian armed forces strike nine terrorist sites in Pakistan, PoK",NASAISRO8645,,1,0,2025-05-07 04:21:34+00:00,https://reddit.com/r/Nepal/comments/1kgonin/indian_armed_forces_strike_nine_terrorist_sites/,
Nepal,1kgomoo,"India attacks Pakistan, targets 9 terrorist locations, 30 killed - World - Kantipur News",NASAISRO8645,,1,0,2025-05-07 04:20:10+00:00,https://reddit.com/r/Nepal/comments/1kgomoo/india_attacks_pakistan_targets_9_terrorist/,
Nepal,1kgoll7,University at London?????,Key_Chocolate50,,1,1,2025-05-07 04:18:25+00:00,https://reddit.com/r/Nepal/comments/1kgoll7/university_at_london/,Help/सहयोग
Nepal,1kgocyo,Scam alert from pink_dream clothing company Nepal,Eastern-Trifle8145,"Just wanted to share my experience to warn others. I recently got scammed by a company called Pink Dream based in Nepal. They took Rs. 12,000 from me and now are completely denying that they ever received the payment.

At first, everything seemed legit — good communication, professional behavior — but once I paid, their attitude changed. Now they’re refusing to acknowledge the transaction and are even asking me to pay again.

This is not just unprofessional — it’s fraud. I have proof of payment and conversations, yet they keep gaslighting me and giving me the runaround.

Please be careful if you’re dealing with any such companies or individuals claiming to be from Pink Dream. If anyone else has had a similar experience, please comment or message me — we may be able to take joint action or at least spread awareness.

Stay alert. Don’t trust too quickly.",1,0,2025-05-07 04:04:25+00:00,https://reddit.com/r/Nepal/comments/1kgocyo/scam_alert_from_pink_dream_clothing_company_nepal/,
Nepal,1kgoay1,Why isn't there any discussion about Pahalgam terrorist attack on this sub?,funkynotorious,,1,0,2025-05-07 04:01:30+00:00,https://reddit.com/r/Nepal/comments/1kgoay1/why_isnt_there_any_discussion_about_pahalgam/,Question/प्रश्न
Nepal,1kgo1i9,Does college student needs part time jobs ?,aveenassh,"Ma sanga euta platform idea xa, just like Fiverr, but it is localized and specially for college students who want part time or want to earn some money for their lunches. 

Info: I am csit 2nd semester student.

The idea is:
A platform where even another student can post their gigs and other students can apply to their and complete their tasks.

Suppose a student from college A has an assignment and is difficult for him/her to complete, they can take help from students from college B or they will do their work for some sum of money.
This can help both party of the students.

If I can get a suggestion, I can try it.

Kei ajhai bujhnu xa vane ma comment ma ni explain gardinxu.",1,0,2025-05-07 03:46:40+00:00,https://reddit.com/r/Nepal/comments/1kgo1i9/does_college_student_needs_part_time_jobs/,Help/सहयोग
Nepal,1kgo107,Operation sindoor :- 9 terrorist launch pads distroyed,Ok-Scar-1105,,1,0,2025-05-07 03:45:52+00:00,https://reddit.com/r/Nepal/comments/1kgo107/operation_sindoor_9_terrorist_launch_pads/,Politics/राजनीति
Nepal,1kgnf70,What is you opinion on India's attack on Pakistan? And what impact can it have in Nepal?,MeAmPi,India launched a attack at Pakistan earlier today. What do you think about it? Was it reasonable? And what impact can it have on Nepal?,1,0,2025-05-07 03:12:23+00:00,https://reddit.com/r/Nepal/comments/1kgnf70/what_is_you_opinion_on_indias_attack_on_pakistan/,Discussion/बहस 
Nepal,1kgnc6q,Need Advice for Saving Money.,Pe_Pe_5665,"Hey guys, it's been a few months since I started earning small money and I want to build a habit of saving money, I did some research and found SIP. I don't know if this is the good idea or bad idea to go with. I don't have any plan for this saving other than building that habit. Is this is good or is there other schemes which I missed?",1,0,2025-05-07 03:07:47+00:00,https://reddit.com/r/Nepal/comments/1kgnc6q/need_advice_for_saving_money/,Help/सहयोग
Nepal,1kgn9l3,Is KIST College good for BIT? What’s the current fee structure?,Warm_Hurry4547,"I’m considering applying to KIST College for the BIT (Bachelor in Information Technology) program, but I wanted to get some honest opinions first.

How is the overall quality of education, faculty, and facilities for BIT?

What’s the current fee structure for the full BIT program (admission + tuition + other fees)?",1,0,2025-05-07 03:03:49+00:00,https://reddit.com/r/Nepal/comments/1kgn9l3/is_kist_college_good_for_bit_whats_the_current/,
Nepal,1kgmslx,Does college student needs part time jobs ?,aveenassh,"Ma sanga euta platform idea xa, just like Fiverr, but it is localized and specially for college students who want part time or want to earn some money for their lunches. 

Info: I am csit 2nd semester student.

The idea is:
A platform where even another student can post their gigs and other students can apply to their and complete their tasks.

Suppose a student from college A has an assignment and is difficult for him/her to complete, they can take help from students from college B or they will do their work for some sum of money.
This can help both party of the students.

If I can get a suggestion, I can try it.

Kei ajhai bujhnu xa vane ma comment ma ni explain gardinxu.",1,0,2025-05-07 02:39:08+00:00,https://reddit.com/r/Nepal/comments/1kgmslx/does_college_student_needs_part_time_jobs/,
Nepal,1kgmrm4,Any hot girl for fuck right now in thamel kathmandu,gymratadi,,1,1,2025-05-07 02:37:43+00:00,https://reddit.com/r/Nepal/comments/1kgmrm4/any_hot_girl_for_fuck_right_now_in_thamel/,Relationship/सम्बन्ध
Nepal,1kgmmp9,Raul B is the third lead of GTA VI,Hades-GG,The additional info given at the trailer takes us to a site where I have noticed a character called Raul B who is seen shooting with Lucia and Jason wearing the same mask shown in the trailer 2. I might be wrong but there is a chance! Hehe tyo navayeni he must be important!,1,0,2025-05-07 02:30:36+00:00,https://reddit.com/r/Nepal/comments/1kgmmp9/raul_b_is_the_third_lead_of_gta_vi/,
Nepal,1kgmhki,BIKE ACCIDENT vayera haat vachiyo,VeterinarianSolid788,Mero recently bike accident vayera haat vachiyeko ani steel plate rakhera thik pareko aailey steel plate hatai sakyo tara yo daag basi rako xa kasari hatauna sakinxa  hola its ugly 🥲,1,0,2025-05-07 02:23:01+00:00,https://reddit.com/r/Nepal/comments/1kgmhki/bike_accident_vayera_haat_vachiyo/,Question/प्रश्न
Nepal,1kgmb99,app where I can log my food experiences at restaurants,mister_nice_69,"Whenever I eat out — especially at new places — I often forget *how* it went. Sometimes the food was good, but the place was too crowded. Sometimes the momo was perfect but the chowmein was meh. Next time I go to the same place, I can't remember what to order or avoid.  
Also, I just want a space to reflect on experiences, maybe build a list of my go-to dishes or chill places.

So, I’ve been looking for an app that lets me keep track of places I’ve eaten at — mostly restaurants, cafes, local food joints around Nepal — and record how the experience went. I don’t just want to rate the food, but also note things like:

* How affordable the place was
* The ambience and environment
* Whether it was crowded or private
* The overall aesthetic or vibe
* And maybe even upload a receipt or photo for future reference

It would be awesome if I could mark which dishes I liked (or didn’t), and the app could help me remember what to order again if I visit later. Even better if it could scan receipts and let me rate individual food items.

Does anything like this exist?",3,3,2025-05-07 02:13:48+00:00,https://reddit.com/r/Nepal/comments/1kgmb99/app_where_i_can_log_my_food_experiences_at/,
Nepal,1kglumn,Kathmandu on second week of June. How will the weather most probably be? Thank you (smiling emoji),[deleted],,1,0,2025-05-07 01:49:44+00:00,https://reddit.com/r/Nepal/comments/1kglumn/kathmandu_on_second_week_of_june_how_will_the/,Travel/यात्रा
Nepal,1kglt7c,"Sunset view from Nagdhunga, Kathmandu",fotosbybishal,,1,0,2025-05-07 01:47:45+00:00,https://reddit.com/r/Nepal/comments/1kglt7c/sunset_view_from_nagdhunga_kathmandu/,
Nepal,1kglqu2,Kathmandu on second week of June🪬. How will the weather most probably be? Thank you ☺️,[deleted],,1,1,2025-05-07 01:44:23+00:00,https://reddit.com/r/Nepal/comments/1kglqu2/kathmandu_on_second_week_of_june_how_will_the/,Travel/यात्रा
Nepal,1kglnsg,According to my analysis Nepal stock will bullish in 2082,[deleted],,1,1,2025-05-07 01:40:02+00:00,https://reddit.com/r/Nepal/comments/1kglnsg/according_to_my_analysis_nepal_stock_will_bullish/,Discussion/बहस 
Nepal,1kglj3a,Why Nepal doesn't make any Tv series?,[deleted],,4,20,2025-05-07 01:33:13+00:00,https://reddit.com/r/Nepal/comments/1kglj3a/why_nepal_doesnt_make_any_tv_series/,
NepalStock,1kglf5u,Do you guys invest in mutual funds?,Fit-Let-6268,And are there other ways we can earn from mutual finds besides price action and dividends?,1,0,2025-05-07 01:27:42+00:00,https://reddit.com/r/NepalStock/comments/1kglf5u/do_you_guys_invest_in_mutual_funds/,Market
Nepal,1kgldek,Does hardwork pay off at the end?,Sam98576,"I, a 17f am currently in year 11th. I've always tried my best, and worked my butt off to be where I am.
Just the other day, during my physics exam, I saw half of the students cheating off of eachother. It really struck me, and I thought to myself if working hard was really worth it. It's such a demotivating aspect; a slap straight to the face of those who are really honest with what they do.",1,0,2025-05-07 01:25:13+00:00,https://reddit.com/r/Nepal/comments/1kgldek/does_hardwork_pay_off_at_the_end/,
NepalStock,1kglc2z,Chill to trade in Hydro sector,nepalstockshiksha,"Chill to trade lec, NGPL, ridi, nhpc",2,1,2025-05-07 01:23:14+00:00,https://reddit.com/r/NepalStock/comments/1kglc2z/chill_to_trade_in_hydro_sector/,Market
NepalStock,1kgl72v,Hydropower sector strong bullish,nepalstockshiksha,,1,1,2025-05-07 01:16:08+00:00,https://reddit.com/r/NepalStock/comments/1kgl72v/hydropower_sector_strong_bullish/,Market
NepalStock,1kgl6na,"Daily Discussion Thread (Wednesday - May 07, 2025)",AutoModerator,"Use this post to discuss what to buy/sell/trade/avoid/watch today and in the coming days.

As always, the rules still apply.

**Have a TMS or Meroshare issue? Query about EDIS or collateral? Ask here instead of creating another thread. All queries regarding TMS, MeroShare, Broker issues, EDIS, Settlement and Payments should be asked here.** &gt;!DO NOT create another post.!&lt;

BEGINNER? [**Go here first!**](https://www.reddit.com/r/NepalStock/wiki/beginners-guide)

DO NOT MAKE SEPARATE **INDIVIDUAL** POSTS ASKING:

* what to buy or sell,
* or what bank to buy,
* or what insurance to buy,
* yo share kati samma mathi jancha hola
* IPO ma pareko yo share kun din bechda ramro hola, ajhai 1-2 din parkhine ki nai etc.

will be deleted. Repeat violators will be banned.

Happy Investing!",1,0,2025-05-07 01:15:29+00:00,https://reddit.com/r/NepalStock/comments/1kgl6na/daily_discussion_thread_wednesday_may_07_2025/,Yo Kinda Kaso Hola
Nepal,1kgken5,"Mugshot of Prasan Nepa Leonidas Varagiannis, a.k.a. “War,” 21.",Complete-Process-597,https://nypost.com/2025/05/06/us-news/neo-nazi-sextortion-ring-764-has-open-cases-in-every-fbi-field-office/?utm_campaign=iphone_nyp&amp;utm_source=pasteboard_app,1,0,2025-05-07 00:36:07+00:00,https://reddit.com/r/Nepal/comments/1kgken5/mugshot_of_prasan_nepa_leonidas_varagiannis_aka/,
Nepal,1kgk100,Escalation of ind and pak comfict,Arockstar11,,9,7,2025-05-07 00:17:27+00:00,https://reddit.com/r/Nepal/comments/1kgk100/escalation_of_ind_and_pak_comfict/,Politics/राजनीति
Nepal,1kgjiob,"🇳🇵 “Nepal 2100, the Asian Superpower?” Manifesto Is Coming in 15 Days. Here’s Why I’m Dead Serious.",GenZRevolutionary,,1,1,2025-05-06 23:52:48+00:00,https://reddit.com/r/Nepal/comments/1kgjiob/nepal_2100_the_asian_superpower_manifesto_is/,Discussion/बहस 
Nepal,1kghvtj,India-Pakistan War| What's next?,RollWorried4229,,1,0,2025-05-06 22:37:11+00:00,https://reddit.com/r/Nepal/comments/1kghvtj/indiapakistan_war_whats_next/,Question/प्रश्न
Nepal,1kghlo1,Is this scam or I am just tripping . Mbbs in Nepal.,yellowlayys,"Yo hello neighbours 😭 
Proloque: read kar lena thora bada context hai to madad kar dena iss lachar ki mitron.

Yours truly Another hopium addicted survivor.

Mec is the nta equivalent.

Basically from all the official sources of mbbs abroad I could get on nepal and stuff (please don't kill me I am just researching I am in pinch my bad if you think mbbs abroad people are shit. I am sorry). So I was saying using every source and chatgpt deep search and aistudios deep search and etc etc.

1. You register mec then you fill form and then neet score then you get a councelling date and then you visit Katmandu office you tell them this college if there is seat reaminanin you get it if not say different college. The councelling number is rank based so like first the nepal national who gave neet equivalent and merit based. Second the neet score wale . These are also ranked on the basis of neet marks more neet marks you are on top of list. BUT THE MAIN PROBLEM IS THIS GUY SAYS YOU COULD PAY 5 LAC AND GET A SEAT. ISNT THIS A SCAM. I even asked gtp and bro said that is kinda sus, anything that's isn't in the mec counselling official could result in loss of money. Basically this is what gtp said and I also confirmed that gov has set a limit to the fees of colleges and anything beyond that is illegal. Idk if anyone is studying there please confirm.
Gtp deepsearch. Official MEC Admissions: Indian students must clear NEET and follow Nepal's Medical Education Commission (MEC) admission process. All MBBS seats (Kathmandu University affiliates and BPKIHS) are allocated centrally by MEC through the MECEE-BL exam and counseling. For example, MEC's 2024/25 academic calendar shows the UG entrance exam held in mid-August 2024, results by late August, online choice-filling by mid-September, and final admissions by mid-December. Foreign candidates can apply under Subcategory I (take the MEC exam) or Subcategory II (use their NEET/national exam score). In both cases, no seat is booked before the exam results - allocation is done via MEC's merit-based matching.

Example: MEC's official notice (24 Oct 2024) scheduled foreign (Subcategory II) MBBS matching on 27-29 Oct 2024 and set admission confirmation from 10-14 Nov 2024 [14t]. In practice, the MEC ""open house"" matching allocates leftover seats (often for those with NEET scores) in late Oct-Nov, and only then do students officially book/ purchase seats.

""Pre-booking"" Deposits - Not Official: Some colleges (particularly KU-affiliates) advertise advance deposit schemes. For instance, Kathmandu Medical College (KU-affiliate) published a fee structure requiring a ₹5,00,000 + ₹5,00,000 deposit before MEC's entrance notice. They even state that after MEC's official notice the fee jumps to ~$75-80k USD. However, this ""pre-booking"" is not part of the MEC process. In fact, Nepal's fee regulations set a fixed MBBS ceiling (~NRs 1.34-1.48 million on admission), and any extra charge is illegal. A Kathmandu Post investigation notes colleaes (e.a. Nepalauni. Nobel) .",1,0,2025-05-06 22:24:44+00:00,https://reddit.com/r/Nepal/comments/1kghlo1/is_this_scam_or_i_am_just_tripping_mbbs_in_nepal/,Help/सहयोग
Nepal,1kgh4yr,"Nepal trip, exploring help",Own-Bite-9304,,1,0,2025-05-06 22:04:27+00:00,https://reddit.com/r/Nepal/comments/1kgh4yr/nepal_trip_exploring_help/,Question/प्रश्न
Nepal,1kggtse,Nuclear War has come to South Asia. Who will you support?,BandsAndCommas,India has started launching bombs into Pakistan. Pakistan has vowed to retaliate. Both are nuclear powers. It will soon turn into a proxy war. Nepal will have to choose a side or close the border from large amount of Indian refugees. Thoughts?,1,0,2025-05-06 21:51:26+00:00,https://reddit.com/r/Nepal/comments/1kggtse/nuclear_war_has_come_to_south_asia_who_will_you/,Discussion/बहस 
Nepal,1kggpx0,Barca VS Inter was better than Segggs,wave--god,Absolute goosebumps. Football Won it guys. Being Barca fan is tough,1,0,2025-05-06 21:46:57+00:00,https://reddit.com/r/Nepal/comments/1kggpx0/barca_vs_inter_was_better_than_segggs/,Discussion/बहस 
Nepal,1kggntb,Barca VS Inter was better than S*x,wave--god,,1,1,2025-05-06 21:44:25+00:00,https://reddit.com/r/Nepal/comments/1kggntb/barca_vs_inter_was_better_than_sx/,Discussion/बहस 
Nepal,1kggldw,Barca VS Inter was better than sex,wave--god,,1,1,2025-05-06 21:41:30+00:00,https://reddit.com/r/Nepal/comments/1kggldw/barca_vs_inter_was_better_than_sex/,Discussion/बहस 
Nepal,1kgg8w0,Was Nepal ever part of Tibet?,Practical-Chest-1996,I was reading autobiography of Dalai lama and came across this where he claims vast majority of Nepal used to be part of Tibet. Is this even true? As far as I know Nepal was never part of Tibet.,0,14,2025-05-06 21:26:57+00:00,https://reddit.com/r/Nepal/comments/1kgg8w0/was_nepal_ever_part_of_tibet/,Question/प्रश्न
Nepal,1kgffq8,Late night thoughts and music?,[deleted],,1,0,2025-05-06 20:53:20+00:00,https://reddit.com/r/Nepal/comments/1kgffq8/late_night_thoughts_and_music/,Music/सङ्गीत
Nepal,1kgfd78,Late night thoughts and music?🎵 🎶,[deleted],,1,1,2025-05-06 20:50:26+00:00,https://reddit.com/r/Nepal/comments/1kgfd78/late_night_thoughts_and_music/,Music/सङ्गीत
Nepal,1kgeet5,NEB ko grading up garne examination dinu nasakda kasto result aauchha hola?,curiouscat0001,"Mero 2074 ko +2 ho. Tesko accounting subject maa D aayeko thiyo jasko kaaran maile tyo bela transcript paayeko thyina kinaki tyo year ko D bhanya fail thiyo. Maile padhai lai testo dherai focus garina ra I started doing something else.

Yo year chai maile tyo subject ko grading up garnu paryo bhanera form bharera submit garidiye. Exams ta start bhayo. Tara malai lagdaina ki ma tesko exam dina pauchhu.

So aba exam dinu nasakeko khanda maa mero results maa k aaucha hola? D nai aaune hoki? Feri D bhanya ahile ta pass rahechha ra transcipt pani paaune rahechha. Ki absent hune ho ki. Kasailai kehi jaankaari bhaye dinu hola. Thank you.",1,0,2025-05-06 20:11:35+00:00,https://reddit.com/r/Nepal/comments/1kgeet5/neb_ko_grading_up_garne_examination_dinu_nasakda/,Help/सहयोग
Nepal,1kgcqrt,I am doing MBBS.What should I do to earn money from now?,Intelligent_Weight66,,1,1,2025-05-06 19:03:33+00:00,https://reddit.com/r/Nepal/comments/1kgcqrt/i_am_doing_mbbswhat_should_i_do_to_earn_money/,
Nepal,1kgbqih,Kathmandu to Muktinath AC bus,iqra_00,"I'm planning to visit NEPAL in the upcoming days. Will be heading to Muktinath from Kathmandu directly by bus. Basically I'm looking for a comfortable AC bus that will take me there within 17~18hrs.

I found these 3 options in the 12Go app. My question is, does the Ghoda Ghodi 2x2 Sofa Deluxe has AC? If not, then are there any other better bus options?",1,0,2025-05-06 18:22:57+00:00,https://reddit.com/r/Nepal/comments/1kgbqih/kathmandu_to_muktinath_ac_bus/,Help/सहयोग
Nepal,1kgar23,"Indian planning first trek in Nepal – not Everest, just want an Everest-like experience. Suggestions?",Shot-Advertising-751,"Hi everyone! 👋

I’m from India and planning my first trekking trip to Nepal. I’m not looking to climb Mt. Everest itself, but I really want to experience the Himalayas, get great mountain views, and feel the vibe of a serious trek—something close to Everest but more realistic and beginner-friendly.

Here’s a bit about me:

I’ve never done high-altitude trekking before, but I’m fit and motivated.

I can spare 8–12 days.

Prefer a mix of natural beauty, some challenge, and maybe cultural exposure.

I’ve heard about Everest Base Camp, Annapurna Base Camp, Mardi Himal, and Gokyo Lakes, but not sure what’s best for a first-time trekker from India.

Would love suggestions for:

The best trek for this type of experience

Costs (permits, food, accommodation, guides)

Whether I need to book with a company or can plan it myself

Tips for first-timers!

Thanks in advance! 🙏 I really appreciate any help you can give.",1,0,2025-05-06 17:43:55+00:00,https://reddit.com/r/Nepal/comments/1kgar23/indian_planning_first_trek_in_nepal_not_everest/,Travel/यात्रा
Nepal,1kgado1,POV of Cybersecurity Professional on Recent Hacks,icontrolpolitics,"You all might have heard about recent database hacks of Nepal Police, the same hacker have hacked Nepal’s NationalGeoPortal, Government Schools Database, Datas of 150,000 Patients and more. Why am i saying this?

This is not a full scale hack or any attacks its just Nepal’s websites are not configured correctly and anyone can get access to most of the websites just by tempering url, the directory are not protected, the datas are not protected. Just a url and some small changes to it will compromise all of your datas. how i know this?

I got to know this from one of my friends, anyone who understands URL and its workings can easily get access to datas without full scale hacking attack its that simple.",1,0,2025-05-06 17:29:13+00:00,https://reddit.com/r/Nepal/comments/1kgado1/pov_of_cybersecurity_professional_on_recent_hacks/,Discussion/बहस 
Nepal,1kg9utm,The conspiracy theory that didn't let me sleep during my childhood days,Few_Positive7516,,1,1,2025-05-06 17:08:24+00:00,https://reddit.com/r/Nepal/comments/1kg9utm/the_conspiracy_theory_that_didnt_let_me_sleep/,
Nepal,1kg9szg,Best phone for 30k in Nepal?,Cla_m,"What's the best phone in Nepal for the budget of 30k? Personally thinking about the One Plus Nord 4 CE 5G Lite.

Please drop in your suggestions! Also where could I get them? Phone prices so uncertain these days in Nepal",1,1,2025-05-06 17:06:21+00:00,https://reddit.com/r/Nepal/comments/1kg9szg/best_phone_for_30k_in_nepal/,Technology/प्रविधि
Nepal,1kg9sbe,"In Nepal, patient counselling is a myth !",Kitchen_Night_7067,"I'm an MBBS student, and today I came across a TB patient in our hospital. The patient was completely unaware of his condition TB lagya cha matra thaa vayera ta vayena ni , TB vanya k ho pani tya thaa huna paryo). The doctor had told him, “Testo kei infection vako chaina"", what!?La thik cha yo vannu pani thikai ho patient lai mentally strong rakhna tara at least aafulai k vaako cha tesko ta ramro sanga gyan hunu paryo aafno ek dui minutes ta dinu paryo patient lai ramro sanga bujhauna .Aba symptoms start vaisakya cha TB ko vanesi ta aba it's highly infectious ni ta suru ma ta.. 2-3 hapta separated nai basna parcha ki, k k khanu parcha , k k khanu hunna kei chaina. Sirf liver function test garaunus 2 hapta pachi thats it. 

No one explained how TB spreads, what precautions to take, what to eat, or what not to do. 

I've hardly ever seen doctors actually counsel their patients. Most of the time, they just write a prescription and move on. There's rarely any effort to explain the diagnosis, treatment plan, possible side effects, or necessary lifestyle changes. It's like patient education doesn’t even exist in our healthcare system. I blame the healthcare system more for it rather than the doctors.

Our health care system never ceases to shock me! The level of negligence is unbelievable. Our healthcare system is so messed up. Just because a doctor sees a large number of patients in a day doesn’t make them a good doctor. The misconception that quantity equals quality is dangerous.",1,0,2025-05-06 17:05:37+00:00,https://reddit.com/r/Nepal/comments/1kg9sbe/in_nepal_patient_counselling_is_a_myth/,Education/शिक्षा
Nepal,1kg9d6a,is orient a level in basundhara a good college?,Electronic_Fix_4460,can y'all tell me the fee spent in a year with all the exams and shit included?And pls do tell how the teachers are there and overall its strictness .If I go there should I take science or non science?(I didn't take opt maths),1,0,2025-05-06 16:49:00+00:00,https://reddit.com/r/Nepal/comments/1kg9d6a/is_orient_a_level_in_basundhara_a_good_college/,
Nepal,1kg9d2c,Solo Annapurna Circuit Trek,_explorer___,,1,0,2025-05-06 16:48:53+00:00,https://reddit.com/r/Nepal/comments/1kg9d2c/solo_annapurna_circuit_trek/,
Nepal,1kg8uv4,My day today before I sleep,Tricky-Control9556,"It was 6:30 in the morning when I left my home in Lagankhel. The sky was still sleepy, pale with a hint of blue, and the streets were slowly waking up. I had a flight to Pokhara at 9:15 AM, and my backpack felt heavier with excitement than with clothes.

I hopped onto a Sajha Yatayat bus heading toward Ratnapark. The windows were foggy from the inside, and I wiped a small circle with my sleeve to see the world outside. We passed through Jawalakhel, where the dogs were still stretching after their night watch, and vendors were setting up their stalls. It smelled like fresh aalu chop and early morning dew.

At Tripureshwor, I saw a couple holding hands—silent, but smiling at each other like the world didn’t exist beyond them. That kind of love, I thought, only grows in moments like this—ordinary places, extraordinary silences.

I got down at Ratnapark and took a cab to the airport. The driver was an old man with a warm smile and a deep love for Narayan Gopal songs. He played ""Euta Manchhe Ko Maya Le Kati"" on the stereo, and I hummed along, looking out at the city I grew up in. I told him I was going to Pokhara to meet my friends for a short break. He nodded, ""Jindagi ma yestai chhoto yatra haru le thulo samjhana bancha."" I smiled. He was right.

As we reached the airport, I watched planes take off, slicing through the morning sky. My heart felt light. After checking in, I sat by the big glass windows with a cup of milk tea. A child nearby was pointing at planes and laughing, eyes wide with wonder. I remembered my first flight—how magical it all felt. That magic hadn’t left me.

When I boarded the plane, I took a window seat. The Kathmandu Valley looked like a faded watercolor from above. I took a deep breath, closed my eyes, and whispered to myself, ""Yo pal lai samjhi rakhnuhos... because these are the moments that make life feel full.""

And just like that, the city faded behind me—but the feeling stayed.

Embrace the moment. Always.",1,0,2025-05-06 16:28:24+00:00,https://reddit.com/r/Nepal/comments/1kg8uv4/my_day_today_before_i_sleep/,Rant/गुनासो
Nepal,1kg8sk9,Any Kurt Cobain Fans here?!,Tricky-Control9556,,1,1,2025-05-06 16:25:49+00:00,https://reddit.com/r/Nepal/comments/1kg8sk9/any_kurt_cobain_fans_here/,
Nepal,1kg8s37,any fans of kurt cobain here ?? 🇳🇵,Tricky-Control9556,,1,1,2025-05-06 16:25:18+00:00,https://reddit.com/r/Nepal/comments/1kg8s37/any_fans_of_kurt_cobain_here/,
Nepal,1kg8n5f,need old cpu around 4k or lower i will negotiate according to cpu/laptop tho,miku-chwan,"must be working

just need one old cpu must be duo core or higher (laptop also works)",1,0,2025-05-06 16:19:42+00:00,https://reddit.com/r/Nepal/comments/1kg8n5f/need_old_cpu_around_4k_or_lower_i_will_negotiate/,
Nepal,1kg8kdq,Finding good colleges along with hostel as well,RemarkableNothing597,"Hello guys k vannu yr ma Eti confused ani lost feel gardeixu I don’t know what the  should I do na koi ktm ma chinne manxey na ta sathi naii xa

If you guys know your brother or if you are yourself that person I need friend in kathmandu with same stream (pcm) science stream lera padhne ani hostel ma basne cause mero ghar ktm ma xaina

So if you guys know then it will help me a lot

WHAT I NEED nice hostel with affordable price

College I want to go is in basundhara it’s Herald college so if you guys could give me any kinds of idea it would be amazing

Thank you",1,0,2025-05-06 16:16:27+00:00,https://reddit.com/r/Nepal/comments/1kg8kdq/finding_good_colleges_along_with_hostel_as_well/,
Nepal,1kg8g47,How can i get rid of these red bump on my arm and back,[deleted],,19,16,2025-05-06 16:11:43+00:00,https://reddit.com/r/Nepal/comments/1kg8g47/how_can_i_get_rid_of_these_red_bump_on_my_arm_and/,Help/सहयोग
Nepal,1kg8dem,dating nepali guys who just came from nepal....,HotConclusion6174,,1,1,2025-05-06 16:08:44+00:00,https://reddit.com/r/Nepal/comments/1kg8dem/dating_nepali_guys_who_just_came_from_nepal/,
Nepal,1kg86vd,Introducing MeroSub. Monetize your Content Online From Nepal 🇳🇵,Tricky-Control9556,,1,1,2025-05-06 16:01:26+00:00,https://reddit.com/r/Nepal/comments/1kg86vd/introducing_merosub_monetize_your_content_online/,
Nepal,1kg7u8q,I am done with this stupidity,Pathetic_yapper,,1,1,2025-05-06 15:47:33+00:00,https://reddit.com/r/Nepal/comments/1kg7u8q/i_am_done_with_this_stupidity/,Covid-19
Nepal,1kg7q90,Have you Joined Nepal's Most Exclusive Adult Community⭐️ BabesNepal ?,Tricky-Control9556,"Join now. Just google Search ""BabesNepal""

Thank me later (kandahub dot com for discord)",1,0,2025-05-06 15:43:09+00:00,https://reddit.com/r/Nepal/comments/1kg7q90/have_you_joined_nepals_most_exclusive_adult/,Question/प्रश्न
Nepal,1kg7hh5,"Mt. Gaurishankar, Tsho Rolpa Trek",Infinite-Frame-4389,"Gaurishankar Himal as seen en route to Tsho Rolpa, Dolakha.",1,0,2025-05-06 15:33:29+00:00,https://reddit.com/r/Nepal/comments/1kg7hh5/mt_gaurishankar_tsho_rolpa_trek/,Travel/यात्रा
Nepal,1kg7fjf,Art supplies in KTM near Lazimpat ?,444_lemons,,1,0,2025-05-06 15:31:19+00:00,https://reddit.com/r/Nepal/comments/1kg7fjf/art_supplies_in_ktm_near_lazimpat/,Help/सहयोग
Nepal,1kg7cm7,How to learn Nepali as a Indian,IndependentPension36,,1,0,2025-05-06 15:28:05+00:00,https://reddit.com/r/Nepal/comments/1kg7cm7/how_to_learn_nepali_as_a_indian/,Help/सहयोग
Nepal,1kg75gy,How hard is to get student visa (Australia🇦🇺),Plenty-Repair-7773,,1,1,2025-05-06 15:20:14+00:00,https://reddit.com/r/Nepal/comments/1kg75gy/how_hard_is_to_get_student_visa_australia/,
Nepal,1kg75b3,How hard is to get student visa (Australia🇦🇺),Plenty-Repair-7773,,1,1,2025-05-06 15:20:02+00:00,https://reddit.com/r/Nepal/comments/1kg75b3/how_hard_is_to_get_student_visa_australia/,
Nepal,1kg6phf,"Does any one know where exactly is this Love Garden in Pulchowk, lalitpur?",meiyei_,,1,1,2025-05-06 15:02:32+00:00,https://reddit.com/r/Nepal/comments/1kg6phf/does_any_one_know_where_exactly_is_this_love/,
Nepal,1kg6l90,Which Nepali eWallets can be loaded with money from Indian credit cards (HDFC - Visa),attractive_toad,,1,1,2025-05-06 14:58:04+00:00,https://reddit.com/r/Nepal/comments/1kg6l90/which_nepali_ewallets_can_be_loaded_with_money/,
Nepal,1kg6c4h,Do you recommend vaping ?,Fantastic_Position_1,"Occasional smoker here ..trying to quit . 

Need your insights on this . 

Cig chodera vape garna khojeko for some time .",1,0,2025-05-06 14:47:20+00:00,https://reddit.com/r/Nepal/comments/1kg6c4h/do_you_recommend_vaping/,Help/सहयोग
Nepal,1kg69md,Why is it that the songs that go viral in Nepal across platforms like Instagram and Tiktok always so bad?,Away_Explanation4986,"I hate the direction that music has taken in Nepal  
It's been a forever since I have seen good songs get any attention in the Nepali media. Most of the songs that get attention target to a certain audience with a certain attention span across short form platforms. Most of the songs that go viral are bad beyond description, lacking any lyrical or production value. The so called lok dohori songs, teej songs and typical Nepali folk songs are mostly the same stuff over and over again, new stuff and experimental music is not given any credit at all.  
Songs like Timi nacha na, Dushman hereko herai, Daryam daryam, and Hyatterika saili are exactly what music should not be.  
Artists like Sushant KC and Sajjan Raj Vaidya that had their own special thing have become more commercial.  
It feels like I have to rely entirely on older songs if I want to listen to good Nepali songs.  
That's my take on it, drop your opinion",1,0,2025-05-06 14:44:30+00:00,https://reddit.com/r/Nepal/comments/1kg69md/why_is_it_that_the_songs_that_go_viral_in_nepal/,
Nepal,1kg5vcx,Ma taw alamla vayie yo kurra ma,Prestigious-Hat6026,Ma raw mero sanno dekhi ko sathi sangai bachelor padhai xam . Hami sathi vayo lagh vagh 15 barsha vayo . Sani dekhi sanghi padhai ayem. Taraw ajkal u clz ayudeiina . Malie phone hanisi matrai vanxa ki ayunna vannera . 5 din taw estai vayoo . 1 din ayuxu vanno paxi ayudeinna . Ani clz ayesi balla vanxa kinna na ayeko vannera. Feri pani 2 din ayenna aja ekdin phone haneko utheyenna.  Abha yo kura  euta sathi sangha phone ma vayoo . Usla sodhyo ki ma tyo saathi sanga bolxaxu ki nai vannera ani malie nai vannne ani kura garda kherri vanne ki u taw clz ayexan 1 haapta jatti . Kaile ayuxa kaile ayunna vannera ani group ma kattai ghummna janni plan vayio tyo phone paxi ani tyo sangai padhhe ko sathi  lai tawi ja vannyo ani double sided vannyo . Ani ma ekdin clz janne uslai vanam ki nai vayooo. Mero galti k xa raw . Mah double sided vayeeee esma. Ani tehyi mathi euta sathi ko birthday ko laghi cake kinne ko paisa ni deyye ko xaina.  Ek taffa kura garda berisaxu vannyo ani paxi paisa vayesi denxu vannyo taraw tyo din kahile ni ayenna.,1,0,2025-05-06 14:28:03+00:00,https://reddit.com/r/Nepal/comments/1kg5vcx/ma_taw_alamla_vayie_yo_kurra_ma/,Help/सहयोग
Nepal,1kg566i,Should we have to pay extra money to build roads near our house?,Vivid_Top_7093,"Hamro ghar cheuko road khane pani ko pipe halna lai bigareko theo, aaba aahile pitch garna lai sab ghar haru sanga paisa magirachan. Yo ta government le aafei handle garna parne haina ra?
location: Budhanilkantha",1,0,2025-05-06 13:58:54+00:00,https://reddit.com/r/Nepal/comments/1kg566i/should_we_have_to_pay_extra_money_to_build_roads/,
Nepal,1kg5084,Air India Infant Baggage Allowance – Is an Extra Carry-On Allowed?,Ajingardev,"I'm traveling from Kathmandu to New York with Air India and just realized that they only allow **10 kg of checked baggage for infants**, unlike the 23 kg allowance on many other international airlines. I checked my ticket, but it's unclear whether an **extra carry-on is allowed specifically for the infant**.

Has anyone traveled internationally with Air India recently? How was their service?

Do they permit an additional carry-on for the infant? For adults, I understand it's the standard **2 checked bags (23 kg each)** and **1 carry-on**, but the infant policy is a bit confusing.

Thanks in advance for any insights!",1,0,2025-05-06 13:51:30+00:00,https://reddit.com/r/Nepal/comments/1kg5084/air_india_infant_baggage_allowance_is_an_extra/,Help/सहयोग
Nepal,1kg4y5d,Am I panauti or will I die soon?,Neither-Potato3514,,1,0,2025-05-06 13:49:03+00:00,https://reddit.com/r/Nepal/comments/1kg4y5d/am_i_panauti_or_will_i_die_soon/,Help/सहयोग
Nepal,1kg4md6,Where can I get this exact specs LOQ Laptop? Can anyone help me?,delphinusmaximus,"I want to buy LOQ laptop with this specifications 
 Can anyone please help me if anyone knows the distributor. 

LENOVO LOQ 15IAX9 | INTEL CORE I5-13450HX | 24GB DDR5 RAM | 1 TB PCIE NVME SSD | NVIDIA® GeForce® RTX 4050 6GB | 15.6 INCH FHD 144Hz DISPLAY",1,0,2025-05-06 13:34:34+00:00,https://reddit.com/r/Nepal/comments/1kg4md6/where_can_i_get_this_exact_specs_loq_laptop_can/,
Nepal,1kg4m23,Cost of dental implant and crown,Livid-Animator24,"Hi dentists (or those working with dentists) in this group, what would a dental implant and crown costs in Nepal in average? 

Pahila kasaile garnu vako vaye, kati expenses lageko thyo? 

Appreciate your help in advance!",1,0,2025-05-06 13:34:11+00:00,https://reddit.com/r/Nepal/comments/1kg4m23/cost_of_dental_implant_and_crown/,Question/प्रश्न
Nepal,1kg4l65,Looking to Buy Second-Hand GRE Official Books (Kathmandu),Plastic-Energy9625,"Hey everyone! I'm preparing for the GRE and looking to buy second-hand GRE official books (ETS materials preferred). If anyone in Kathmandu has a set in good condition and is willing to sell, please let me know. Would really appreciate it. Thanks in advance!",1,0,2025-05-06 13:33:09+00:00,https://reddit.com/r/Nepal/comments/1kg4l65/looking_to_buy_secondhand_gre_official_books/,
NepalStock,1kg3qiv,Hydro BOOOM in NEPSE.,dark__knightt,"I think it's time for HYDROPOWER sector in Market. UPCL, RADHI, RIDI and SAHAS are doing really good. What do you guys think about this, Anything that we need to know. please leave a comment so that we can understand what everyone thinks about the Market at this time.",1,0,2025-05-06 12:54:18+00:00,https://reddit.com/r/NepalStock/comments/1kg3qiv/hydro_booom_in_nepse/,Market
Nepal,1kg3prb,Mero baba ra mummy ko divorce huna lagya xa and its affecting me!!!,Strong_Guard1207,,1,1,2025-05-06 12:53:14+00:00,https://reddit.com/r/Nepal/comments/1kg3prb/mero_baba_ra_mummy_ko_divorce_huna_lagya_xa_and/,
Nepal,1kg3knv,What online job are available in Nepal?,austin_red012,I study in bbs 3rd year. Part-time ma online job garum bhaneko Nepal ma k k opportunities xa ra kashari apply garne. Ani General requirement k k hunxa.,1,0,2025-05-06 12:46:05+00:00,https://reddit.com/r/Nepal/comments/1kg3knv/what_online_job_are_available_in_nepal/,Question/प्रश्न
Nepal,1kg3jx5,Looking for a good friend in this generation...,casual_-_user,,1,1,2025-05-06 12:45:06+00:00,https://reddit.com/r/Nepal/comments/1kg3jx5/looking_for_a_good_friend_in_this_generation/,Help/सहयोग
Nepal,1kg3jus,Aile bachelor level 1st year KO admission linxan hola ta??,Cute_Swan4657,,1,1,2025-05-06 12:45:01+00:00,https://reddit.com/r/Nepal/comments/1kg3jus/aile_bachelor_level_1st_year_ko_admission_linxan/,
Nepal,1kg3itx,Jeep from Kathmandu to Salleri  08.05.,Ramen_OnTheRocks,"Hello, I want to ask if there are 2-3 people that would be down to share a jeep on that day. 
Me and a friend want to get our own jeep so we can go with 4-5 people instead of 10 people in a jeep. (To start Everest track) 

Someone interested in that?",1,0,2025-05-06 12:43:37+00:00,https://reddit.com/r/Nepal/comments/1kg3itx/jeep_from_kathmandu_to_salleri_0805/,Help/सहयोग
Nepal,1kg3cg5,Something interesting hope you enjoy,Plus-Bee-2529,I am an student in Japan . And I am a second semester i wanted to learn about the culture and costumes and how safe is Japan so I walked to Osaka from my university town were I am currently studying . It’s a distance around 700 km I made a vlog about it . If r/nepal have any one who want to see a Japan without the light and exposure of light that influencer show i will love to share the link to the channel and i can have subscribe too win win,1,0,2025-05-06 12:34:44+00:00,https://reddit.com/r/Nepal/comments/1kg3cg5/something_interesting_hope_you_enjoy/,Help/सहयोग
Nepal,1kg3836,PC BUILD For Rs. 215k in Nepal,Opposite-Spinach-802,I have a budget of 215k rs. I want to build a best performing gaming pc with monitor. What are some sites that give the best deals and price? Also recommend me parts and monitor.,1,1,2025-05-06 12:28:37+00:00,https://reddit.com/r/Nepal/comments/1kg3836/pc_build_for_rs_215k_in_nepal/,Technology/प्रविधि
Nepal,1kg32bb,Baneshowr multiple campus ma center loose xa ki tight?,zoro_with_googlemap,,1,1,2025-05-06 12:20:27+00:00,https://reddit.com/r/Nepal/comments/1kg32bb/baneshowr_multiple_campus_ma_center_loose_xa_ki/,
NepalStock,1kg2wm0,Fully automated share price checker that alerts you via telegram.,ant33m,"Hey everyone!

Recently completed a small project: a **Telegram bot** that checks the **NAV of NIBL Sahabhagita Fund** from the [NIMB Ace Capital website](https://www.nimbacecapital.com/mutual-fund/nav-nibl-sahabhagita-fund/) and sends an alert if it drops below a certain value . It is meant for general domestic use.

🔧 **What it doe**s:

* Scrapes the NAV value daily using `BeautifulSoup`
* Sends Telegram alerts via a bot to multiple or single private chat IDs
* Hosted on GitHub Actions to run every morning via cron.

**how it differs?**

* can be run locally
* free of cost
* lightweight

Modify and use it to your own advantage

repo : [https://github.com/ant33m/checking-nav](https://github.com/ant33m/checking-nav)",1,0,2025-05-06 12:12:22+00:00,https://reddit.com/r/NepalStock/comments/1kg2wm0/fully_automated_share_price_checker_that_alerts/,Softwares
NepalStock,1kg2u21,NEA case ho anyone with expertise?,Deep_Date_8139,"Kasari loss ekdam badyoo ,k yo existing loss nai theeyo but kulman leh auditing modification garerw profit dkhako hoo .if so then how . Is the current chairman really as bad as we think or we're misguided.",1,0,2025-05-06 12:08:47+00:00,https://reddit.com/r/NepalStock/comments/1kg2u21/nea_case_ho_anyone_with_expertise/,Market
Nepal,1kg2ewa,Struggling with Pimples in Nepal? Here’s What Actually Works,Impressive_Film_1590,,1,0,2025-05-06 11:46:41+00:00,https://reddit.com/r/Nepal/comments/1kg2ewa/struggling_with_pimples_in_nepal_heres_what/,
Nepal,1kg2e5g,Struggling with Pimples in Nepal? Here’s What Works,Impressive_Film_1590,,1,0,2025-05-06 11:45:33+00:00,https://reddit.com/r/Nepal/comments/1kg2e5g/struggling_with_pimples_in_nepal_heres_what_works/,Help/सहयोग
Nepal,1kg2cpa,Pimples and Acne in Nepal – What Actually Works?,Impressive_Film_1590,,1,0,2025-05-06 11:43:19+00:00,https://reddit.com/r/Nepal/comments/1kg2cpa/pimples_and_acne_in_nepal_what_actually_works/,Discussion/बहस 
Nepal,1kg2aom,"I don't want to be a content creator, but i feel like i could write a content.",Previous_Channel_360,"I can never be an influencer. I never wanted to come in front of the camera. That's just not me. But sometimes, being on the internet makes me feel like I could write content for someone else. I get ideas, I notice patterns, and I start thinking about what I would’ve done differently. I don’t want the spotlight never have but I do want to see how my ideas would work if someone actually used them.
Does anyone else feel this way?",8,3,2025-05-06 11:40:13+00:00,https://reddit.com/r/Nepal/comments/1kg2aom/i_dont_want_to_be_a_content_creator_but_i_feel/,Rant/गुनासो
NepalStock,1kg24c2,Can IPO’s be sold per kitta?,Slow-Ad1553,"On allotted IPO with 10 kitta, can I sell 1 kitta or maybe 2-3 kitta and sell it gradually as the stock finds it’s price discovery? 

Are the broker charge, captial gain charges applied to individual kitta at the sold amount or in total? Also the DP charge would apply to each sold kitta I think?",1,0,2025-05-06 11:30:29+00:00,https://reddit.com/r/NepalStock/comments/1kg24c2/can_ipos_be_sold_per_kitta/,Advice
Nepal,1kg207n,Can I change/remove my surname?,False-Elephant-3234,I wanna get rid of my surname. Is it possible to do it in nepal?,1,0,2025-05-06 11:24:02+00:00,https://reddit.com/r/Nepal/comments/1kg207n/can_i_changeremove_my_surname/,
Nepal,1kg1zoy,TU transcript??????????????,Professional_Tax_393,,1,1,2025-05-06 11:23:10+00:00,https://reddit.com/r/Nepal/comments/1kg1zoy/tu_transcript/,
Nepal,1kg1tw2,12 ko final ma registration no lekhna birsiyo,Fantastic-Ice6574,,3,8,2025-05-06 11:13:28+00:00,https://reddit.com/r/Nepal/comments/1kg1tw2/12_ko_final_ma_registration_no_lekhna_birsiyo/,Help/सहयोग
Nepal,1kg1lkv,Pte ko date book ma mistake,Striking_Ad5445,"Hello guys I need help, so the problem is I told a consultancy to book my Pte exam on 16th of may but today I got notification and got to know that she booked it  for 9th of may. She did told me we can reschedule tara is it possible?",1,0,2025-05-06 10:59:55+00:00,https://reddit.com/r/Nepal/comments/1kg1lkv/pte_ko_date_book_ma_mistake/,
Nepal,1kg1hml,Third party sellers in nepal?,Effective_Art_9600,"I wanted to buy some ai subscription from nepal(claude pro), made dollar card , didnt work out,  
is there any genuine third party sellers you would know",1,0,2025-05-06 10:52:52+00:00,https://reddit.com/r/Nepal/comments/1kg1hml/third_party_sellers_in_nepal/,
Nepal,1kg1gwi,Genuine third party sellers??,Effective_Art_9600,,1,1,2025-05-06 10:51:31+00:00,https://reddit.com/r/Nepal/comments/1kg1gwi/genuine_third_party_sellers/,
Nepal,1kg1f6z,Genuine third party sellers??,Effective_Art_9600,,1,1,2025-05-06 10:48:28+00:00,https://reddit.com/r/Nepal/comments/1kg1f6z/genuine_third_party_sellers/,
Nepal,1kg0vng,"urgent help plz: TU or nepal bhari ma euta particular subject matra padhna paainxa?
help",NoAge215,,1,0,2025-05-06 10:13:18+00:00,https://reddit.com/r/Nepal/comments/1kg0vng/urgent_help_plz_tu_or_nepal_bhari_ma_euta/,Help/सहयोग
Nepal,1kfzizo,SELLING BOOKS FOR A LEVELS,Pixel_Pancakez,,1,1,2025-05-06 08:37:19+00:00,https://reddit.com/r/Nepal/comments/1kfzizo/selling_books_for_a_levels/,
Nepal,1kfzhtv,Getting braces soon feeling scared.,Speed-11,"I am getting or planning to get braces here in nepal.My doctor suggested that I may have to remove my two lower teeth since there is no space.I am afraid that my face will look a bit different if my two lower teeth gets removed.I dont think that my upper teeth needs to be removed.

So please tell me guys who recently removed their lower teeth.Does it change your face alignment a little bit or even more.",1,0,2025-05-06 08:34:56+00:00,https://reddit.com/r/Nepal/comments/1kfzhtv/getting_braces_soon_feeling_scared/,Discussion/बहस 
Nepal,1kfzgi4,The conspiracy theory that didn't let me sleep during my childhood days,Few_Positive7516,,1,1,2025-05-06 08:32:03+00:00,https://reddit.com/r/Nepal/comments/1kfzgi4/the_conspiracy_theory_that_didnt_let_me_sleep/,
Nepal,1kfyzen,I am travelling from abroad. I am looking to sell my brand new iPhone 16 pro max 256/512 GB.,i1suz,,1,1,2025-05-06 07:55:56+00:00,https://reddit.com/r/Nepal/comments/1kfyzen/i_am_travelling_from_abroad_i_am_looking_to_sell/,
Nepal,1kfyxh6,Cheaper iphone pro max 256/512 GB,i1suz,,1,1,2025-05-06 07:51:56+00:00,https://reddit.com/r/Nepal/comments/1kfyxh6/cheaper_iphone_pro_max_256512_gb/,
Nepal,1kfyr3p,Your review on intel bridge course (or any other alternative?),Comfortable-Wall-465,"So I have decided to join bridge course in the hopes that it will help me in entrance and scholarship stuff. I have intel (online) in mind for the course.

Yes, I myself think that bridge courses are kinda scam, or not for a competitive student like me. But still I am trying it so it will help even a bit for entrance like SXC and Sainik.

So are here any students who have took the intel (**online**) bridge course? Is it worth it?",1,0,2025-05-06 07:38:26+00:00,https://reddit.com/r/Nepal/comments/1kfyr3p/your_review_on_intel_bridge_course_or_any_other/,Question/प्रश्न
Nepal,1kfyqum,घरमा बसी बसी मोबाइल चलाएर बिना लगानी आम्दानी गर्न सकिने प्ल्याटफर्म,FormalCold8021,,1,1,2025-05-06 07:37:52+00:00,https://reddit.com/r/Nepal/comments/1kfyqum/घरम_बस_बस_मबइल_चलएर_बन_लगन_आमदन_गरन_सकन_पलयटफरम/,
Nepal,1kfyq3d,My relationship is going well,Academic-Radio-3769,,1,1,2025-05-06 07:36:08+00:00,https://reddit.com/r/Nepal/comments/1kfyq3d/my_relationship_is_going_well/,
Nepal,1kfypqz,About earnings money online,Odd_Conversation7000,,1,1,2025-05-06 07:35:24+00:00,https://reddit.com/r/Nepal/comments/1kfypqz/about_earnings_money_online/,Question/प्रश्न
Nepal,1kfyefn,"Nepali Relatives: Experts in Judging, Useless at Helping",yoursmostcandidly,,1,0,2025-05-06 07:11:51+00:00,https://reddit.com/r/Nepal/comments/1kfyefn/nepali_relatives_experts_in_judging_useless_at/,Rant/गुनासो
Nepal,1kfyahi,Is SEO a good career in Nepal?,Agile_Imagination532,"I’ve been working in the SEO field for more than 4 years, so here’s my honest take.

If you’re planning to work only for Nepali companies, I wouldn’t say SEO is a great career financially. Even[ as seo Expert](https://sujitchaulagain.com.np/seo-specialist-in-nepal/) , the salary usually maxes out at around NPR 50–70K per month. For junior to mid-level roles, it's even lower—usually around 15–30K. That’s the reality in most companies here.

But if you’re aiming to work on foreign projects—either freelance or remote jobs—then SEO can be a solid and high-paying career. Clients abroad value SEO skills more and are willing to pay well if you can deliver results.

So yes, SEO is a good career only if you're thinking beyond the Nepali market. If not, fields like programming or IT generally offer better long-term growth and pay within Nepal. Hope that helps!",1,0,2025-05-06 07:04:31+00:00,https://reddit.com/r/Nepal/comments/1kfyahi/is_seo_a_good_career_in_nepal/,
Nepal,1kfy19p,Returning back to Nepal permanently,Aggravating_End1496,,1,1,2025-05-06 06:46:13+00:00,https://reddit.com/r/Nepal/comments/1kfy19p/returning_back_to_nepal_permanently/,
Nepal,1kfxxqs,About Tarot Reading In Nepal,No-Percentage7410,"Hello Reditors,
Do you guys believe in tarot reading?Is this reallyyyyyyy true? Does it workss???? 
Please let me know in comments &amp; drop me a tarot reader you guys would suggest me :)",1,0,2025-05-06 06:39:00+00:00,https://reddit.com/r/Nepal/comments/1kfxxqs/about_tarot_reading_in_nepal/,Question/प्रश्न
Nepal,1kfxxj2,Pound pound around kathamndu,KingMsd1,"Hi everyone!
I’m looking to exchange some currency — I need British Pounds (£). If anyone has pounds and is willing to exchange or knows a reliable way/place to do it, please let me know. Any help would be greatly appreciated. 
Thanks in advance!",1,0,2025-05-06 06:38:36+00:00,https://reddit.com/r/Nepal/comments/1kfxxj2/pound_pound_around_kathamndu/,Help/सहयोग
Nepal,1kfxr8w,Questions about Nepali Typing in Loksewa Practical Examination,Miretasmay4_16,,1,0,2025-05-06 06:26:02+00:00,https://reddit.com/r/Nepal/comments/1kfxr8w/questions_about_nepali_typing_in_loksewa/,
Nepal,1kfxqh8,About Nepali Typing in Loksewa Practical Examination,Miretasmay4_16,,1,0,2025-05-06 06:24:33+00:00,https://reddit.com/r/Nepal/comments/1kfxqh8/about_nepali_typing_in_loksewa_practical/,Question/प्रश्न
Nepal,1kfxpzl,About Nepali Typing in Loksewa Practical Examination,[deleted],,1,0,2025-05-06 06:23:31+00:00,https://reddit.com/r/Nepal/comments/1kfxpzl/about_nepali_typing_in_loksewa_practical/,Question/प्रश्न
Nepal,1kfxewk,Thai e-visa  aauna kati time lagchha?,jhumrikomote,"Hi, mero arko monday thailand janu parne chha and I managed to apply for thai e-visa today only. Normally kati din lagchha e-visa aauna? The lady at visa center says chances are few and I am scared.",1,0,2025-05-06 06:02:21+00:00,https://reddit.com/r/Nepal/comments/1kfxewk/thai_evisa_aauna_kati_time_lagchha/,Help/सहयोग
NepalStock,1kfwvvf,How is a mutual funds maximum distributable dividend calculated?,aayushkarki49,"If NAV of a MF is say Rs 12.5, we may think the maximum distributable divident is 25% (Rs 2.5 per unit), but that's not the case. Anyone knows how to calculate it based on their monthly financial statement?

NepseAlpha shows such values, but no clue how those are calculated. Don't even know if these are correct numbers.

[https://nepsealpha.com/mutual-fund-navs#](https://nepsealpha.com/mutual-fund-navs#)",1,0,2025-05-06 05:25:53+00:00,https://reddit.com/r/NepalStock/comments/1kfwvvf/how_is_a_mutual_funds_maximum_distributable/,Mutual Funds
Nepal,1kfwngm,"Best laptop unter rs 1,10,000",Intelligent_sanket_1,,2,5,2025-05-06 05:10:31+00:00,https://reddit.com/r/Nepal/comments/1kfwngm/best_laptop_unter_rs_110000/,
Nepal,1kfwkpj,Sapana pura hunna ki kya ho?,LetInternational3523,,1,1,2025-05-06 05:05:31+00:00,https://reddit.com/r/Nepal/comments/1kfwkpj/sapana_pura_hunna_ki_kya_ho/,Relationship/सम्बन्ध
Nepal,1kfwjl7,Sapana pura hunna ki kya ho 🥺,LetInternational3523,,1,1,2025-05-06 05:03:34+00:00,https://reddit.com/r/Nepal/comments/1kfwjl7/sapana_pura_hunna_ki_kya_ho/,Relationship/सम्बन्ध
Nepal,1kfw0jd,Question regarding hair growth,throwawaynep1199,,1,1,2025-05-06 04:30:19+00:00,https://reddit.com/r/Nepal/comments/1kfw0jd/question_regarding_hair_growth/,Help/सहयोग
Nepal,1kfvg8l,Need to know the cost of making one and half floor house. total are is around 40 sqaure meters. all cost.,Particular-Pension47,"I just wanna know the total cost to construct house which is on land which is about 40 square meters, Ana ma kati chha tha chhana. total cost kati jati lagchha. Kathmandu ma ho. nothing fancy. just bare minimums.",1,0,2025-05-06 03:56:49+00:00,https://reddit.com/r/Nepal/comments/1kfvg8l/need_to_know_the_cost_of_making_one_and_half/,
Nepal,1kfvg51,Part time job/assignment offer for students (has to be good in excel),oneusualsuspect,,1,0,2025-05-06 03:56:40+00:00,https://reddit.com/r/Nepal/comments/1kfvg51/part_time_jobassignment_offer_for_students_has_to/,Help/सहयोग
Nepal,1kfvbb8,[image processing failed],[deleted],,1,0,2025-05-06 03:48:47+00:00,https://reddit.com/r/Nepal/comments/1kfvbb8/image_processing_failed/,
Nepal,1kfur7c,"CTEVT Job Ready Program on IT program like web development, Machine learning",0002love,,1,0,2025-05-06 03:17:14+00:00,https://reddit.com/r/Nepal/comments/1kfur7c/ctevt_job_ready_program_on_it_program_like_web/,Question/प्रश्न
Nepal,1kfunp0,Private space in Bharatpur,MinimumAd4651,"Hi everyone, Can you guys recommend some good places like restaurants , cafe where there is private space for couples. Like private cabin with door or something like that because some random person pulls certain in every 1 minutes lol.

 Also, Please recommend some good places for date where there won't be much public.",1,0,2025-05-06 03:11:50+00:00,https://reddit.com/r/Nepal/comments/1kfunp0/private_space_in_bharatpur/,
Nepal,1kfuljg,Advice on Picking laptop in Nepal,ujayalo-adt,"Suggest me a Laptop with in 80-90 k for best performance  for data data analytics .

Your Advice will be very Helpful !!!",1,0,2025-05-06 03:08:37+00:00,https://reddit.com/r/Nepal/comments/1kfuljg/advice_on_picking_laptop_in_nepal/,Help/सहयोग
Nepal,1kfuhr6,Quality Skateboard to buy in Kathmandu?,4life4juice,,1,0,2025-05-06 03:02:59+00:00,https://reddit.com/r/Nepal/comments/1kfuhr6/quality_skateboard_to_buy_in_kathmandu/,
Nepal,1kftg4h,"Anyone have experience in jupyter notebook, datasets, etc?",Big_Equivalent_9985,,1,1,2025-05-06 02:08:35+00:00,https://reddit.com/r/Nepal/comments/1kftg4h/anyone_have_experience_in_jupyter_notebook/,
Nepal,1kft6vt,"Any have experience in jupyter notebook, yfinance, and datasets?",Proof-Meal-349,,1,1,2025-05-06 01:55:53+00:00,https://reddit.com/r/Nepal/comments/1kft6vt/any_have_experience_in_jupyter_notebook_yfinance/,
Nepal,1kfsztl,Is someone can help me to receive money through KTT payment methods?,West_Inspection1317,,1,1,2025-05-06 01:45:35+00:00,https://reddit.com/r/Nepal/comments/1kfsztl/is_someone_can_help_me_to_receive_money_through/,
Nepal,1kfszj7,Library Near Kalanki or Kalimati,This_Table_7364,yesso kalimati wa kalanki ko najik kunai public library xa bhane bhanau na,1,0,2025-05-06 01:45:08+00:00,https://reddit.com/r/Nepal/comments/1kfszj7/library_near_kalanki_or_kalimati/,
Nepal,1kfsvet,Any nepali nurses or nursing students in USA?,Smooth_Enthusiasm_87,,1,0,2025-05-06 01:39:09+00:00,https://reddit.com/r/Nepal/comments/1kfsvet/any_nepali_nurses_or_nursing_students_in_usa/,Help/सहयोग
Nepal,1kfsu6z,How to secure funding for Olympiad participation?,ImmediateGuitar4909,,1,0,2025-05-06 01:37:22+00:00,https://reddit.com/r/Nepal/comments/1kfsu6z/how_to_secure_funding_for_olympiad_participation/,Help/सहयोग
Nepal,1kfsf2v,Weekly abroad studies and immigration queries,AutoModerator,"Ask your question related to abroad studies.

Ask you question about immigration to greener pasture.

Rant about the process.

[Previous Threads Collection](https://www.reddit.com/r/Nepal/collection/8622cbf3-250b-4c81-b8fa-b1aba984012a)",1,0,2025-05-06 01:15:45+00:00,https://reddit.com/r/Nepal/comments/1kfsf2v/weekly_abroad_studies_and_immigration_queries/,Megathread
NepalStock,1kfsf1z,"Daily Discussion Thread (Tuesday - May 06, 2025)",AutoModerator,"Use this post to discuss what to buy/sell/trade/avoid/watch today and in the coming days.

As always, the rules still apply.

**Have a TMS or Meroshare issue? Query about EDIS or collateral? Ask here instead of creating another thread. All queries regarding TMS, MeroShare, Broker issues, EDIS, Settlement and Payments should be asked here.** &gt;!DO NOT create another post.!&lt;

BEGINNER? [**Go here first!**](https://www.reddit.com/r/NepalStock/wiki/beginners-guide)

DO NOT MAKE SEPARATE **INDIVIDUAL** POSTS ASKING:

* what to buy or sell,
* or what bank to buy,
* or what insurance to buy,
* yo share kati samma mathi jancha hola
* IPO ma pareko yo share kun din bechda ramro hola, ajhai 1-2 din parkhine ki nai etc.

will be deleted. Repeat violators will be banned.

Happy Investing!",1,0,2025-05-06 01:15:43+00:00,https://reddit.com/r/NepalStock/comments/1kfsf1z/daily_discussion_thread_tuesday_may_06_2025/,Yo Kinda Kaso Hola
Nepal,1kfq994,Highway to Everest status ?,deltaval4p,,1,0,2025-05-05 23:30:15+00:00,https://reddit.com/r/Nepal/comments/1kfq994/highway_to_everest_status/,Help/सहयोग
Nepal,1kfngou,Versatile Designer Wanted,Few_Violinist_2879,,1,0,2025-05-05 21:26:01+00:00,https://reddit.com/r/Nepal/comments/1kfngou/versatile_designer_wanted/,
Nepal,1kfmw8k,Can we promote another subreddit for nepali people here?,luffy-hokage,,1,1,2025-05-05 21:03:09+00:00,https://reddit.com/r/Nepal/comments/1kfmw8k/can_we_promote_another_subreddit_for_nepali/,Promotion/प्रवर्धन
Nepal,1kfm7w4,Searching tool / machine for making momo at home,Flat-Raspberry-7496,"Hey everyone,  
I'm looking for some kind of help or machine to make momos. I've already tried or seen a bunch of tools and machines, but most of them either don't really work well or don't make the process any faster. I know handmade momos taste the best, but after a while it just gets really exhausting.  
Has anyone here found a good solution—especially for the folding part?",1,0,2025-05-05 20:35:59+00:00,https://reddit.com/r/Nepal/comments/1kfm7w4/searching_tool_machine_for_making_momo_at_home/,
Nepal,1kfm4co,I have budget around 200k-230k. Where should I build custom pc in Nepal?,InfiniteAside333,"I want to build a gaming based pc. Im skeptical about 4060ti, if possible i'd prefer 4070. Kun components kata kinna hunxa hola components? Help please.",1,0,2025-05-05 20:32:03+00:00,https://reddit.com/r/Nepal/comments/1kfm4co/i_have_budget_around_200k230k_where_should_i/,Help/सहयोग
Nepal,1kfl12z,Advice for Annapurna Circuit in June,FloorIllustrious5304,Hiya! I’m booked to do a shortened version of the Annapurna circuit in the first two weeks of June. I’m a little concerned because it’ll be the start of monsoon season too… Is this a bad idea?,1,0,2025-05-05 19:48:31+00:00,https://reddit.com/r/Nepal/comments/1kfl12z/advice_for_annapurna_circuit_in_june/,
Nepal,1kfklnn,dating nepali guys who just came from Nepal...,HotConclusion6174,,1,1,2025-05-05 19:31:17+00:00,https://reddit.com/r/Nepal/comments/1kfklnn/dating_nepali_guys_who_just_came_from_nepal/,
Nepal,1kfj8yy,Best school around Baneshwor area for class 9?,TourZealousideal9609,,1,0,2025-05-05 18:37:59+00:00,https://reddit.com/r/Nepal/comments/1kfj8yy/best_school_around_baneshwor_area_for_class_9/,Question/प्रश्न
Nepal,1kfj6ll,Best school around Baneshwor area for class 9?,HiddenGem7445,,1,1,2025-05-05 18:35:20+00:00,https://reddit.com/r/Nepal/comments/1kfj6ll/best_school_around_baneshwor_area_for_class_9/,
Nepal,1kfid5t,Let’s talk about ghost guys,me-marsh-1234,,1,1,2025-05-05 18:03:09+00:00,https://reddit.com/r/Nepal/comments/1kfid5t/lets_talk_about_ghost_guys/,
Nepal,1kfi7f3,How can I close my old Facebook account without access?,AdolfGandhii,"I have an old Facebook account from school days floating around with some cringy stuff I'd rather not have out there. Don't even use Facebook much nowadays, with my own account locked but this old account remains at large and I don't have access to it anymore (no password or recovery options). Is there any way to close it permanently? Have you guys faced similar situations or had the problem sorted? 

- 𝒹𝒽𝒶𝓃𝓎𝒶𝓌𝒶𝒶𝒹",1,0,2025-05-05 17:57:08+00:00,https://reddit.com/r/Nepal/comments/1kfi7f3/how_can_i_close_my_old_facebook_account_without/,Help/सहयोग
Nepal,1kfhs71,how to build ur career as a trader in nepal,wolalaa,"so anyone who has experience in this .. can anyone give me some tips and tricks i just know basics and wanna trade in nepse as aru testo kei xaina nepal ma trading ko lagi... if xa vane please let me know ani youtube ma videos ne tannai herxu but now can anyone guide me here  more ani share their some experience koi professional trader hunuhunxa yaha..........

  
ani tyo euta paper trading app ne raixa tya ne join ta vako thiye bruhh people have made like 6ook 800k from 100k in like a week or 2 ... ke kei glitch vayera testo va ho idk but leaderboard ma dekhya thiye testai professional trader kasari huni...

I wish tyo app ma chat ko ne option hunthiyo to chat with the ones who are leading the market...

  
ani yo capital haruma job garyo vane halka knowledge hunthiyo hola tya chai kasari jani k k sikna parxa anyone here????",1,0,2025-05-05 17:40:10+00:00,https://reddit.com/r/Nepal/comments/1kfhs71/how_to_build_ur_career_as_a_trader_in_nepal/,
Nepal,1kfhnxq,Undergraduate degree: Nepal or Abroad?,hereforstorie,"I am facing a big dilemma regarding whether I should complete my undergrad in Nepal or study at a foreign university abroad. I wholeheartedly wanted to move abroad as soon as I completed my highschooI but now that I'm 18, I have started to understand the struggle and hardship our दिदी and दाई have to face abroad, which I am not mature enough to tackle yet. On the other hand, if I do decide to stay in Nepal, I will be missing out on so many wonderful opportunities abroad that would help me grow.",1,0,2025-05-05 17:35:31+00:00,https://reddit.com/r/Nepal/comments/1kfhnxq/undergraduate_degree_nepal_or_abroad/,Discussion/बहस 
Nepal,1kfhlbb,"The difference between our generation and there's is, They don't know what situations ship is.",nikhilxettri,,1,0,2025-05-05 17:32:34+00:00,https://reddit.com/r/Nepal/comments/1kfhlbb/the_difference_between_our_generation_and_theres/,
Nepal,1kfhjr0,In and Around Patan Durbar Square,code_platinum,These are some of my favourite pictures captured during an afternoon stroll in the Patan Durbar Square area. Its always great to look for interesting subjects and trying to capture it in the right frame.,1,0,2025-05-05 17:30:52+00:00,https://reddit.com/r/Nepal/comments/1kfhjr0/in_and_around_patan_durbar_square/,Picture/तस्वीर
Nepal,1kfhidh,Should I Learn Sketchup at Naksa hub or Pts cad expert (india),Impossible-Nebula-87,"As per title i'm considering taking either the PTS CAD or Naksa Hub course. Has anyone here taken either one? I noticed PTS CAD is much cheaper than Naksa Hub.""",1,0,2025-05-05 17:29:31+00:00,https://reddit.com/r/Nepal/comments/1kfhidh/should_i_learn_sketchup_at_naksa_hub_or_pts_cad/,
Nepal,1kfhg0t,"nepal in २० years, positive",[deleted],,1,0,2025-05-05 17:27:00+00:00,https://reddit.com/r/Nepal/comments/1kfhg0t/nepal_in_२०_years_positive/,
Nepal,1kfgv1c,"Hamropatro was a necessary evil, now unusable",youNeed2p,"tldr:  the ads have become so intrusive and annoying, I've decided to uninstall it from parent's phone. check your parents phone too.

I've taught my parents to use Hamro-patro and they use it for radio, bbc, ujyaalo, kantipur, calendars and some times news from notifications. i've taught them to check for ekadashi, purnima, etc. on the app itself, as they are quite religious. Its not new habit, they have been using the app for many years now.

Recently, I saw my mother use Hamro-patro for radio/news (not sure) and when she opened, an annoying ad appeared and out of her habit she pressed install. (My mom is not so tech literate to identify ads, so she presses whatever to skip, as with many Nepalese i guess). When i asked her not to do so and checked her phone, there were many such apps installed, which i guess are results of such similar incidents and who even knows what data those apps collect, making me worry about their privacy. i instructed them not to use the app. don't know similar alternatives for now.

I understand that ads are their source of income, but such intrusive and annoying ads every steps of the way and at every visual part, not skippable and some almost 1minute ads (some interactive), has made hamropatro unusable.  i'm not even talking about the stupid bloated features that have been added like payments, chats (don't know who uses them), making users like my parents hard to use the app.

the least you can do is add a premium ad free mode for a reasonable price (subscription maybe).",1,0,2025-05-05 17:04:33+00:00,https://reddit.com/r/Nepal/comments/1kfgv1c/hamropatro_was_a_necessary_evil_now_unusable/,
Nepal,1kfg6ds,"International ADN Graduate Seeking Advice: NCLEX Prep, Visa Status, and Day 1 CPT RN-to-BSN Programs",Cheap-Mud8445,,1,1,2025-05-05 16:37:08+00:00,https://reddit.com/r/Nepal/comments/1kfg6ds/international_adn_graduate_seeking_advice_nclex/,Help/सहयोग
Nepal,1kfg1c2,Looking for literature on rural development in Nepal,EngineTraditional735,"I want to understand the history of rural development in Nepal. More specifically, I am looking for literature regarding how life has changed for those living in the most rural places over time. Books, research papers, statistics or videos -- anything works, so if anyone has recommendations, I would be eternally grateful.",1,0,2025-05-05 16:31:25+00:00,https://reddit.com/r/Nepal/comments/1kfg1c2/looking_for_literature_on_rural_development_in/,
Nepal,1kffxuv,"Tiji Festival, Upper Mustang 2024",fotosbybishal,"Tiji Festival is the grand Tibetan-Buddhist festival celebrated in the Lo-Manthang City of Upper Mustang. The festival remains endemic to the people of Upper Mustang. The term ""Tiji"" stands for “Tenchi."" Both of these are the short forms of Tenpa Chirim, which means prayer for world peace.
The festival started over 300 years ago as a celebration of the victory of good over evil.",1,0,2025-05-05 16:27:38+00:00,https://reddit.com/r/Nepal/comments/1kffxuv/tiji_festival_upper_mustang_2024/,Picture/तस्वीर
Nepal,1kffwfr,Coumputer System Cybersecurity,EnergyJust8402,"Hiring: IAM (Identity &amp; Access Management) Rockstar!
Yo, we’re looking for an IAM pro to join our crew! If you’re all about Identity Security Cloud, Active Directory, Azure, and CyberArk, let’s talk.",1,0,2025-05-05 16:26:03+00:00,https://reddit.com/r/Nepal/comments/1kffwfr/coumputer_system_cybersecurity/,
Nepal,1kffffd,Is KIST College good for BIT? What’s the current fee structure?,Warm_Hurry4547,"I’m considering applying to KIST College for the BIT (Bachelor in Information Technology) program, but I wanted to get some honest opinions first.

How is the overall quality of education, faculty, and facilities for BIT?

Is the college supportive in terms of internships, projects, and placements?

What’s the current fee structure for the full BIT program (admission + tuition + other fees)?",1,0,2025-05-05 16:07:19+00:00,https://reddit.com/r/Nepal/comments/1kffffd/is_kist_college_good_for_bit_whats_the_current/,
Nepal,1kfevbz,Westford consultancy baneswhor incident,9Hendrix9,,1,0,2025-05-05 15:45:06+00:00,https://reddit.com/r/Nepal/comments/1kfevbz/westford_consultancy_baneswhor_incident/,
Nepal,1kfem27,Anyone ahile e passport banaune process and cost for Emergency DOP ma process,Radiant-Shelter275,Kehi tahah chha pani vandimna urgency chha tesaile,1,0,2025-05-05 15:34:54+00:00,https://reddit.com/r/Nepal/comments/1kfem27/anyone_ahile_e_passport_banaune_process_and_cost/,Question/प्रश्न
Nepal,1kfe1tw,"Dingboche, Nepal – Clear skies and epic views on the way to Everest Base Camp",nepalhikingteam,"Just wanted to share a few shots from Dingboche (4,410m) during my trek to Everest Base Camp last week. We got incredibly lucky with the weather — clear blue skies and stunning visibility across the valley.

The village sits perfectly between towering peaks, and Ama Dablam dominates the skyline like something out of a dream. After a few tough days of hiking and altitude gain, Dingboche was the perfect place to slow down, soak in the views, and let the altitude settle.

If you’re planning the EBC trek, make sure to take time here. It’s not just a rest stop — it’s one of the most beautiful spots on the trail.",1,0,2025-05-05 15:12:28+00:00,https://reddit.com/r/Nepal/comments/1kfe1tw/dingboche_nepal_clear_skies_and_epic_views_on_the/,Travel/यात्रा
Nepal,1kfe05f,How old to get a motorcycle licence,Regular-Food-2567,"I know that, it's supposed to be 16 but I heard that they were trying to make it to 18 so I wanted to know if this rule is already implemented",1,1,2025-05-05 15:10:38+00:00,https://reddit.com/r/Nepal/comments/1kfe05f/how_old_to_get_a_motorcycle_licence/,
Nepal,1kfdogz,Please help me to get this project ?,NoBlackberry3264,"If anyone has the drive link or source files for this **Smart Face Attendance System with Python &amp; Computer Vision** (Udemy course), please share it. Really need it for learning.",1,0,2025-05-05 14:57:38+00:00,https://reddit.com/r/Nepal/comments/1kfdogz/please_help_me_to_get_this_project/,Help/सहयोग
Nepal,1kfd7ps,Would you rather live extravagant life and die with Guilt/remorse or Mediocre life and die with full contentment,bloodymerchant,"For shake of the argument in your youth days, if you choose former option- living extravagantly doesn’t intervene with peace within yourself, you are quite contended and you live full adventurously  however when the Old age sets you back from all your bodily passion that were maintaining your peace of mind, then you plummet into chaos. If you choose latter you’ll live mediocre life however it’ll be worthy to look back in delight and pride that keeps you contented and sane. 

Guilt is reasonable, you’re old and matured so obviously you cannot escape in ignorance.. You’ll suffer but It’s only about 10 or 15 years of your life in internal chaos, rest in extravagant adventure",0,0,2025-05-05 14:38:02+00:00,https://reddit.com/r/Nepal/comments/1kfd7ps/would_you_rather_live_extravagant_life_and_die/,
Nepal,1kfd67g,Help Shape the Ultimate Event‑Planning App for India &amp; Nepal Quick 2‑Min Survey!,relativistic_mass,,1,0,2025-05-05 14:36:15+00:00,https://reddit.com/r/Nepal/comments/1kfd67g/help_shape_the_ultimate_eventplanning_app_for/,Help/सहयोग
Nepal,1kfd40x,Help Shape the Ultimate Event‑Planning App for India &amp; Nepal Quick 2‑Min Survey!,FintriqueSystems,,1,1,2025-05-05 14:33:37+00:00,https://reddit.com/r/Nepal/comments/1kfd40x/help_shape_the_ultimate_eventplanning_app_for/,
Nepal,1kfczkm,Is having this problem common among teenagers?,Critical-Credit-5210,,1,0,2025-05-05 14:28:14+00:00,https://reddit.com/r/Nepal/comments/1kfczkm/is_having_this_problem_common_among_teenagers/,Question/प्रश्न
Nepal,1kfcxl7,Beautiful Annapurna Base Camp,elaskamiig,,14,0,2025-05-05 14:25:56+00:00,https://reddit.com/r/Nepal/comments/1kfcxl7/beautiful_annapurna_base_camp/,Travel/यात्रा
Nepal,1kfcvff,Capcut pro subscriptions in nepal,MediocreFishing5161,Is there anyway to buy subscription of capcut pro in nepal give me some genuine recommendations (not scam platforms),1,5,2025-05-05 14:23:22+00:00,https://reddit.com/r/Nepal/comments/1kfcvff/capcut_pro_subscriptions_in_nepal/,
Nepal,1kfchoi,Epassport making process new passport,PurpleContribution28,,1,0,2025-05-05 14:07:00+00:00,https://reddit.com/r/Nepal/comments/1kfchoi/epassport_making_process_new_passport/,
Nepal,1kfceb9,Room near Sanepa height and Dhobighat,Aggressive_Company42,"Hello everyone,  I am moving from my current room and looking for new room near sanepa height or dhobighat, lalitpur. My house owner has given me the deadline of baisakh 31. So, does anyone knows if there is any single room available in those area. Or contact information of any reliable agent?",1,0,2025-05-05 14:03:02+00:00,https://reddit.com/r/Nepal/comments/1kfceb9/room_near_sanepa_height_and_dhobighat/,
Nepal,1kfbyew,This is how I destroyed my EX normal life and i feel bad about it,Strong_Guard1207,,1,0,2025-05-05 13:43:31+00:00,https://reddit.com/r/Nepal/comments/1kfbyew/this_is_how_i_destroyed_my_ex_normal_life_and_i/,
Nepal,1kfb67d,Letterboxd user? Lets get connected cinephiles,Mysterious_Pitch2628,,1,1,2025-05-05 13:07:20+00:00,https://reddit.com/r/Nepal/comments/1kfb67d/letterboxd_user_lets_get_connected_cinephiles/,Movies/चलचित्र
NepalStock,1kfaxvx,edis garda Bonus Share ko purchase price or aru kehi change garnu parxa ki pardaina?,xixez,,1,1,2025-05-05 12:56:47+00:00,https://reddit.com/r/NepalStock/comments/1kfaxvx/edis_garda_bonus_share_ko_purchase_price_or_aru/,Trading/Settlement/Payment
Nepal,1kfauws,How to earn money in Nepal,Plenty-Repair-7773,,10,13,2025-05-05 12:52:40+00:00,https://reddit.com/r/Nepal/comments/1kfauws/how_to_earn_money_in_nepal/,Discussion/बहस 
NepalStock,1kfarkz,edis garda Bonus Share ko purchase price or aru kehi change garnu parxa ki pardaina?,xixez,"first time bonus share vako wala stock bechna lageko so, bonus share ko purchase price or aru kehi change garnu parxa ki pardaina?

https://preview.redd.it/8n3t8c8fpyye1.jpg?width=1726&amp;format=pjpg&amp;auto=webp&amp;s=99a7cab77d8b1d4bb14b53c1e07decc7d627b6ed",1,0,2025-05-05 12:48:01+00:00,https://reddit.com/r/NepalStock/comments/1kfarkz/edis_garda_bonus_share_ko_purchase_price_or_aru/,Trading/Settlement/Payment
Nepal,1kfaqla,"""Need Advice: Is Studying Bachelor's Abroad a Good Option Before Master's in Australia?""",[deleted],,1,1,2025-05-05 12:46:33+00:00,https://reddit.com/r/Nepal/comments/1kfaqla/need_advice_is_studying_bachelors_abroad_a_good/,Question/प्रश्न
Nepal,1kfamtb,How to get in a bank after +2,GeologistPhysical414,Since the Beginning I always wanted to work in a bank. Can anyone help me and explain me how Can I get in a bank after +2. I have no idea on this. I am just going to complete +2.,7,8,2025-05-05 12:41:18+00:00,https://reddit.com/r/Nepal/comments/1kfamtb/how_to_get_in_a_bank_after_2/,Question/प्रश्न
Nepal,1kfamcv,Planning yo study abroad - which will be the best choice?,[deleted],,1,1,2025-05-05 12:40:37+00:00,https://reddit.com/r/Nepal/comments/1kfamcv/planning_yo_study_abroad_which_will_be_the_best/,Question/प्रश्न
Nepal,1kfalto,"Baदर (Pashupatinath, Nepal)",nikhilxettri,,13,1,2025-05-05 12:39:51+00:00,https://reddit.com/r/Nepal/comments/1kfalto/baदर_pashupatinath_nepal/,
Nepal,1kfal74,Please help me decide country 🇬🇧🇰🇷🇦🇺🇯🇵 for my study,[deleted],,1,1,2025-05-05 12:38:56+00:00,https://reddit.com/r/Nepal/comments/1kfal74/please_help_me_decide_country_for_my_study/,Question/प्रश्न
NepalStock,1kfajsj,Bonus share ko edis garda purchase price change garnu parxa or not?,xixez,,1,1,2025-05-05 12:36:59+00:00,https://reddit.com/r/NepalStock/comments/1kfajsj/bonus_share_ko_edis_garda_purchase_price_change/,Online/TMS
Nepal,1kfa9pd,Does somebody want to move in with me?,Few-Bet-9941,"Hi there, I finished my undergraduate in USA and idk why I even came to Nepal. But I am currently living with my parents and at this point I am so done. I am thinking of moving out from here but I am broke af. I have a beautiful place that I saw near Imadol. Is someone facing the similar situation and wants to move in together as a roommate?",6,23,2025-05-05 12:22:42+00:00,https://reddit.com/r/Nepal/comments/1kfa9pd/does_somebody_want_to_move_in_with_me/,
Nepal,1kfa3oy,Guitar Classes near Mid-Baneshwor?,Pitiful_Bug_861,Looking for recommendations for guitar classes in or around Mid-Baneshwor or Sinamangal area.Any suggestions on good teachers/schools? Info on cost and contact details would be great. Thanks,2,0,2025-05-05 12:14:09+00:00,https://reddit.com/r/Nepal/comments/1kfa3oy/guitar_classes_near_midbaneshwor/,
Nepal,1kf9kqt,Should I get 2nd hand bike or new scooter ? 300k,IndependentChannel35,"I have 2 options, mero ranger ko ma, which I think is good for me.  
  
little background - I'm on my 2nd sem of my bachelor's, so I don't have any income right now.  
mero main reason to get transportation chai clz ra daily use lai ho.

1st, I'm thinking about getting Rayzr high variant wala 315k ko I guess.

2nd, To get 2nd-hand bike 2024 model ko showroom condition justtai new. I'm thinking about getting N160. 

Or yo range ma ramro vako bike recommend ni gardha hunxa.

Thanks in advance.",2,7,2025-05-05 11:46:09+00:00,https://reddit.com/r/Nepal/comments/1kf9kqt/should_i_get_2nd_hand_bike_or_new_scooter_300k/,Help/सहयोग
Nepal,1kf9ebn,How can we make Nepal Better? An Opinion,Chazos_partha,"## How Can we Make Nepal better as a country?

### Aspects
 - I would love to start an open discussion about the aspects that make Nepal special as a country. Art, culture, history, geography, and all other things. What more there might be? What are we missing.

### Why Bother?
 - I want to understand what the general public might need in Nepal. After that, our team will try to apply these things, however small they might be. We must start working. 

Jay Nepal!
https://voicesatyagraha.substack.com/",0,3,2025-05-05 11:36:07+00:00,https://reddit.com/r/Nepal/comments/1kf9ebn/how_can_we_make_nepal_better_an_opinion/,
Nepal,1kf914c,Who is the best dermatologist in kathmandu?,hothead03,,1,0,2025-05-05 11:15:10+00:00,https://reddit.com/r/Nepal/comments/1kf914c/who_is_the_best_dermatologist_in_kathmandu/,
Nepal,1kf8ojj,not a debate. cocacola vs pesi. Nepal ma pepsi unpopular ho? What's your preferred choice between these two?,Chomusuke_99,,1,0,2025-05-05 10:54:43+00:00,https://reddit.com/r/Nepal/comments/1kf8ojj/not_a_debate_cocacola_vs_pesi_nepal_ma_pepsi/,Discussion/बहस 
Nepal,1kf8o59,Laptop between 130K to 180k,Ok-Lengthiness3565,"Hi, as the title suggests, I am planning to buy the laptop around 130k to 180k. Here are my use-cases:
1. programming(50 to 60%) of the time
2. normal web browsing(20 to 30%)
3. gaming(5 to 10%)

My priorities are good battery, build quality. Can anyone recommend me the laptop fitting my use-cases and scenario ?",2,22,2025-05-05 10:54:00+00:00,https://reddit.com/r/Nepal/comments/1kf8o59/laptop_between_130k_to_180k/,
Nepal,1kf8drk,Everest + gokyo still possible without guide,EstablishmentFree219,"Title says it all. I know annapurna region is still possible without a guide. But what about everest region? 
Thanks!",1,3,2025-05-05 10:35:56+00:00,https://reddit.com/r/Nepal/comments/1kf8drk/everest_gokyo_still_possible_without_guide/,Question/प्रश्न
Nepal,1kf8d01,Topic:Mental Health. ( Depression and Anxiety,False-Opening-9068,"I’ve been struggling deeply with Major Depressive Disorder and Generalized Anxiety Disorder. Suicidal thoughts have been part of my life since childhood — I’ve acted on them before and survived, though barely. I’ve been on medication for over three years now, but nothing seems to truly help.

I’m reaching out to see if anyone who has been through similar mental health challenges has found a way forward. It feels like this illness is slowly consuming my life, and I honestly don’t know how much longer I can keep going like this.

If anyone can recommend a compassionate and skilled psychiatrist or psychologist, I would really appreciate it. I’m looking for someone who can help guide me through this — especially someone who can support me in safely tapering off medication and finding more sustainable, long-term healing.",8,13,2025-05-05 10:34:35+00:00,https://reddit.com/r/Nepal/comments/1kf8d01/topicmental_health_depression_and_anxiety/,
Nepal,1kf7uxk,"[HIRING] Part-Time Remote Accountant (Tally Expert, Female Preferred)",[deleted],,1,0,2025-05-05 10:02:30+00:00,https://reddit.com/r/Nepal/comments/1kf7uxk/hiring_parttime_remote_accountant_tally_expert/,Help/सहयोग
Nepal,1kf7p9e,Do you guys fancy going for cycling?,hothead03,,1,0,2025-05-05 09:52:16+00:00,https://reddit.com/r/Nepal/comments/1kf7p9e/do_you_guys_fancy_going_for_cycling/,
Nepal,1kf774d,Which laptop should I try to get at 160k?,Speed-11,,1,1,2025-05-05 09:16:16+00:00,https://reddit.com/r/Nepal/comments/1kf774d/which_laptop_should_i_try_to_get_at_160k/,
Nepal,1kf71wx,Ncell - I did not call but my contacts are receiving missed calls from my calle ID,battisputali,,1,1,2025-05-05 09:05:47+00:00,https://reddit.com/r/Nepal/comments/1kf71wx/ncell_i_did_not_call_but_my_contacts_are/,Question/प्रश्न
Nepal,1kf704a,What is the process to scrape a vehicle? If anyone has experience or expertise in these matters?,sanadaai,"I have a motorcycle which is old and I want to scrape this what is the process and what should be done?
The vehicle was ideal for last 4 years so the tax is also due. 
I cannot sale the vehicle( it is old and useless) and tax and fine is huge that I don't want to invest on anything. How to write off this thing from books? 
If anyone has any experience in these matters please help.",1,0,2025-05-05 09:02:17+00:00,https://reddit.com/r/Nepal/comments/1kf704a/what_is_the_process_to_scrape_a_vehicle_if_anyone/,Help/सहयोग
Nepal,1kf6p67,Sab ley kata Bata 12 ko leak paira ho,Adventurous_Note3621,,1,1,2025-05-05 08:40:14+00:00,https://reddit.com/r/Nepal/comments/1kf6p67/sab_ley_kata_bata_12_ko_leak_paira_ho/,
Nepal,1kf6npa,Acclimatization in Everest Base Camp Trek,Famous_Cheek_5840,,1,1,2025-05-05 08:37:05+00:00,https://reddit.com/r/Nepal/comments/1kf6npa/acclimatization_in_everest_base_camp_trek/,
NepalStock,1kf6mzc,RADHI just as NFS/Jfl?,[deleted],,0,5,2025-05-05 08:35:38+00:00,https://reddit.com/r/NepalStock/comments/1kf6mzc/radhi_just_as_nfsjfl/,Market
Nepal,1kf6jfi,Curiously worried about people here,Historical-Sea224,,1,1,2025-05-05 08:28:15+00:00,https://reddit.com/r/Nepal/comments/1kf6jfi/curiously_worried_about_people_here/,
Nepal,1kf6brf,Top Benefits of Using Ping Monitoring for Uptime and Performance,Otherwise_Plane_4021,,1,0,2025-05-05 08:12:14+00:00,https://reddit.com/r/Nepal/comments/1kf6brf/top_benefits_of_using_ping_monitoring_for_uptime/,Help/सहयोग
Nepal,1kf65on,Dravya Chiya Courtyard | Naxal | Kathmandu,Aasishroshansoni,,7,3,2025-05-05 08:00:12+00:00,https://reddit.com/r/Nepal/comments/1kf65on/dravya_chiya_courtyard_naxal_kathmandu/,
Nepal,1kf5pfa,Buying first car need suggestions,[deleted],,1,0,2025-05-05 07:25:58+00:00,https://reddit.com/r/Nepal/comments/1kf5pfa/buying_first_car_need_suggestions/,
Nepal,1kf5o02,"HARAYO😭😭 SCOOTY KO CHAPI HARAYO , DUPLICATE KEY PANI XAINA ,ABA NAYA KASARI BANAUNA MILXA , BUTWAL AREA MA KUNAI PASAL",Active-Childhood9548,,1,1,2025-05-05 07:23:11+00:00,https://reddit.com/r/Nepal/comments/1kf5o02/harayo_scooty_ko_chapi_harayo_duplicate_key_pani/,Help/सहयोग
Nepal,1kf5lzv,Anyone who has Keratoconus in Nepal?,Elegant_Extension_69,,2,1,2025-05-05 07:19:24+00:00,https://reddit.com/r/Nepal/comments/1kf5lzv/anyone_who_has_keratoconus_in_nepal/,
NepalStock,1kf5ko2,UPPER. Why is it so bad?,DeDumbDumbKiddo87,Why is UPPER always losing money? Is there something going on ?,1,6,2025-05-05 07:16:32+00:00,https://reddit.com/r/NepalStock/comments/1kf5ko2/upper_why_is_it_so_bad/,Market
Nepal,1kf5ded,Looking for a place in Kathmandu for a group gathering (25-30 people),qwerztyt123,"looking for a place in kathmandu for a gathering of around 25-30 people(its for dinner). something with a nice vibe, not too fancy, but decent enough. price should be reasonable, nothing over the top. suggestions?",3,7,2025-05-05 07:01:52+00:00,https://reddit.com/r/Nepal/comments/1kf5ded/looking_for_a_place_in_kathmandu_for_a_group/,Question/प्रश्न
Nepal,1kf5ckb,Intermediate level(+2)vs Bachelor's,Beginning_Till7351,"What are the pros and cons of going abroad after +2 vs. after bachelor's? Which is better in terms of opportunities, PR chances, affordability, and quality of education?

 What do you prefer? 
And what are your experiences as international student after intermediate level/pursuing undergraduate degree in Nepal.",10,10,2025-05-05 07:00:29+00:00,https://reddit.com/r/Nepal/comments/1kf5ckb/intermediate_level2vs_bachelors/,
NepalStock,1kf56wf,"newbie to secondary, yo order number chai k ho",Internal_Channel_273,"**order number chai k ho, broker number ho ki k ho**

https://preview.redd.it/ii54svgouwye1.png?width=536&amp;format=png&amp;auto=webp&amp;s=20e003825ba20dd336575ed15db544eded2be065",2,1,2025-05-05 06:49:22+00:00,https://reddit.com/r/NepalStock/comments/1kf56wf/newbie_to_secondary_yo_order_number_chai_k_ho/,Misc
Nepal,1kf565z,Understanding Ecommerce and customer behavior in Nepal,Either_Ad1000,"I am doing a small survey to understand how customer feel about ecommerce in Nepal. If you have 2 mins please help me by filling the form. It would be of great help.

[https://docs.google.com/forms/d/e/1FAIpQLScx-f3E6DeU-2bf5HeWn95xgWCOxJxySsuOXg-2MV3zidUuqg/viewform?usp=sharing](https://docs.google.com/forms/d/e/1FAIpQLScx-f3E6DeU-2bf5HeWn95xgWCOxJxySsuOXg-2MV3zidUuqg/viewform?usp=sharing)

Thank you !!",4,0,2025-05-05 06:47:57+00:00,https://reddit.com/r/Nepal/comments/1kf565z/understanding_ecommerce_and_customer_behavior_in/,
Nepal,1kf51oo,Topic afai bujhera bujhnu hola,Showertruecolours,"Maile socheko ma arkai chhu ra tei soch lai express garda ma arkai manchhe banchhu , tei bhayera pani express garna man lagdaina , tara expresss nagarum vane manchhe le arkai  perception banai sakchha",1,3,2025-05-05 06:38:46+00:00,https://reddit.com/r/Nepal/comments/1kf51oo/topic_afai_bujhera_bujhnu_hola/,
Nepal,1kf51be,AI GTA kathmandu poster by ChatGPT,Flat_Departure6256,,53,27,2025-05-05 06:38:00+00:00,https://reddit.com/r/Nepal/comments/1kf51be/ai_gta_kathmandu_poster_by_chatgpt/,Humor/हाँस्य
Nepal,1kf50j5,ChatGPT generated GTA Kathmandu poster.,[deleted],,1,0,2025-05-05 06:36:23+00:00,https://reddit.com/r/Nepal/comments/1kf50j5/chatgpt_generated_gta_kathmandu_poster/,Art/कला
NepalStock,1kf4i7m,Any one know about capital gain tax,nepalstockshiksha,Can anyone,0,5,2025-05-05 06:00:47+00:00,https://reddit.com/r/NepalStock/comments/1kf4i7m/any_one_know_about_capital_gain_tax/,Market
Nepal,1kf474b,"CTEVT Job Ready Program on IT program like web development, Machine learning",[deleted],,1,0,2025-05-05 05:39:20+00:00,https://reddit.com/r/Nepal/comments/1kf474b/ctevt_job_ready_program_on_it_program_like_web/,Question/प्रश्न
Nepal,1kf3pii,Is my uncle nuts or what?,[deleted],,1,1,2025-05-05 05:07:10+00:00,https://reddit.com/r/Nepal/comments/1kf3pii/is_my_uncle_nuts_or_what/,Rant/गुनासो
NepalStock,1kf3p49,How to sell my mutual fund share,Individual-Look3457,,1,3,2025-05-05 05:06:27+00:00,https://reddit.com/r/NepalStock/comments/1kf3p49/how_to_sell_my_mutual_fund_share/,Mutual Funds
Nepal,1kf3g9o,Insta 360 Flow 2 Pro required in Kathmandu.,rr1r2r3r,,1,0,2025-05-05 04:50:52+00:00,https://reddit.com/r/Nepal/comments/1kf3g9o/insta_360_flow_2_pro_required_in_kathmandu/,Help/सहयोग
Nepal,1kf3e2h,Anyone else having trouble with Ncell ????,Raisin_Dangerous,,1,1,2025-05-05 04:46:55+00:00,https://reddit.com/r/Nepal/comments/1kf3e2h/anyone_else_having_trouble_with_ncell/,
Nepal,1kf35tz,Khukhuri displayed in Canadian warplane heritage museum Gallery.,Brave_Lettuce6275,,1,0,2025-05-05 04:32:15+00:00,https://reddit.com/r/Nepal/comments/1kf35tz/khukhuri_displayed_in_canadian_warplane_heritage/,
NepalStock,1kf2uea,What do you think is the fundamentally strongest company in NEPSE?,nameisalreadytaken46,"Other then API, what other company has the strongest fundamentals according to you? I think OM Shree Pharmaceuticals has some probability.",4,19,2025-05-05 04:12:37+00:00,https://reddit.com/r/NepalStock/comments/1kf2uea/what_do_you_think_is_the_fundamentally_strongest/,Fundamental Analysis
Nepal,1kf2lkx,"Which is the best short easy trekking route in Nepal for may, june, july?",Necessary_Study_2602,,1,0,2025-05-05 03:58:35+00:00,https://reddit.com/r/Nepal/comments/1kf2lkx/which_is_the_best_short_easy_trekking_route_in/,
Nepal,1kf21hj,Looking to make friends in sharjah,SomewherePrimary7753,,1,2,2025-05-05 03:26:19+00:00,https://reddit.com/r/Nepal/comments/1kf21hj/looking_to_make_friends_in_sharjah/,Relationship/सम्बन्ध
Nepal,1kf1thp,2nd hand car options at around 12 lakhs,Candid-Scheme1835,"license jhikiyo abo euta thikka khalko reliable, resell value ni ramro aune 2nd hand kinnu paryo hat basaunako lagi. 2 3 barsa jati use garera bechne plan xa. kun thik hola yo range ma? please recommend gardinus na. ani kasto khalko scam haru bata aware hunu parxa ni vandinus na. thank you",8,18,2025-05-05 03:14:18+00:00,https://reddit.com/r/Nepal/comments/1kf1thp/2nd_hand_car_options_at_around_12_lakhs/,
NepalStock,1kezn6u,"Daily Discussion Thread (Monday - May 05, 2025)",AutoModerator,"Use this post to discuss what to buy/sell/trade/avoid/watch today and in the coming days.

As always, the rules still apply.

**Have a TMS or Meroshare issue? Query about EDIS or collateral? Ask here instead of creating another thread. All queries regarding TMS, MeroShare, Broker issues, EDIS, Settlement and Payments should be asked here.** &gt;!DO NOT create another post.!&lt;

BEGINNER? [**Go here first!**](https://www.reddit.com/r/NepalStock/wiki/beginners-guide)

DO NOT MAKE SEPARATE **INDIVIDUAL** POSTS ASKING:

* what to buy or sell,
* or what bank to buy,
* or what insurance to buy,
* yo share kati samma mathi jancha hola
* IPO ma pareko yo share kun din bechda ramro hola, ajhai 1-2 din parkhine ki nai etc.

will be deleted. Repeat violators will be banned.

Happy Investing!",1,0,2025-05-05 01:15:28+00:00,https://reddit.com/r/NepalStock/comments/1kezn6u/daily_discussion_thread_monday_may_05_2025/,Yo Kinda Kaso Hola
Nepal,1kezcpx,Weekly Creativity showcase.,AutoModerator,"Hi all,

Please share your recent creation in this thread. It could be your painting, photos, digital art, VFX, vlog, apps, crafts, decoration, poems, stories or any other creative pursuit. 

Posts on this topic in the main sub might still be allowed if it is substantial work, but will otherwise be removed as per moderator discretion. 

Note: Make sure to include a brief caption/description for your links.",1,0,2025-05-05 01:00:30+00:00,https://reddit.com/r/Nepal/comments/1kezcpx/weekly_creativity_showcase/,
Nepal,1kethbu,is this actually normal or what ?,NextReflection4968,"so, i am a just a kid. i am rlly rlly interested in cybersecurity and i was learning doing grey hat stuff and all from the last maybe 10-12 months. ani like april 8-10 idr majjale dekhi i started to get into bug hunt and bug bounties ani 1 mahina vako xina ani aile samma i have already done 140-170k+ ig (like aile samma pako almost 70k ho tara 2-3 ta bata bug fix ho bounty chai decide gareko xina ani like maybe typa sochera yeti hola vaneko) from hackerone, bugcrowd ani some nepali and indian companies and all ani aba like idk what to do, like is this normal ? idk koi ni testo cybersec kai manxe so, income and all kati hunx idk maybe i am just getting lucky n all tara i haven't still completed my +2 like ani these are not those logical bugs and all typa shi these are f technical asf bugs. ani last can someone help me with the hackerone bata paisa jhikne process ? (bugcrowd bata vayo, hackerone ko bujheko xina aile samma kei )",9,14,2025-05-04 20:25:01+00:00,https://reddit.com/r/Nepal/comments/1kethbu/is_this_actually_normal_or_what/,
Nepal,1ketglt,"helpp, is this normal or whattt ??",NextReflection4968,,1,1,2025-05-04 20:24:09+00:00,https://reddit.com/r/Nepal/comments/1ketglt/helpp_is_this_normal_or_whattt/,
Nepal,1kesroa,Siddai Bhanna - Lyric Cicero,StickNo8077,I didn’t know where else to promote my song. Hope it is not offending anyone and you like it. Thank you. 🙏,1,0,2025-05-04 19:54:54+00:00,https://reddit.com/r/Nepal/comments/1kesroa/siddai_bhanna_lyric_cicero/,Music/सङ्गीत
Nepal,1kesphb,ELECTRIC VEHICLES CATEGORISATION IN NEPAL,slim-hoodie77,,1,1,2025-05-04 19:52:22+00:00,https://reddit.com/r/Nepal/comments/1kesphb/electric_vehicles_categorisation_in_nepal/,Question/प्रश्न
Nepal,1keslzc,Siddai Bhanna - Lyric video,StickNo8077,,1,0,2025-05-04 19:48:07+00:00,https://reddit.com/r/Nepal/comments/1keslzc/siddai_bhanna_lyric_video/,Music/सङ्गीत
Nepal,1keqp7q,In Kathmandu for 1 more day,Hungry-Green-5349,,1,1,2025-05-04 18:26:22+00:00,https://reddit.com/r/Nepal/comments/1keqp7q/in_kathmandu_for_1_more_day/,Help/सहयोग
Nepal,1keqb9l,डिग्रि भनेको कागजको खोस्टो बराबर त हो - First Lady Quotes,UsedZookeepergame473,"The first lady ( wife of PM KP Oli )
“थुप्रै मान्छेलाई सघाएर सिकाएर डिग्रि लिन लगाएर आफुले डिग्रि भनेको कागजको खोस्टो बराबर त हो त्यो भने उहाँले लिने जमर्को गर्नु भएन।तर आज पढेको छु जानेको छु भन्नेहरुले उहाँलाई अनपढ भन्दा मलाई सार्है नै चित्त दुख्दछ।”",1,0,2025-05-04 18:10:08+00:00,https://reddit.com/r/Nepal/comments/1keqb9l/डगर_भनक_कगजक_खसट_बरबर_त_ह_first_lady_quotes/,Rant/गुनासो
Nepal,1keptx8,socializing - nepali student in US,be_cum,"Almost all of my friends are outside Nepal, and I'm going back to Nepal this summer. I was wondering if there are spaces/events to meet and socialize with people in my age group (basically undergrad and grad students). Preferably inside Kathmandu valley,  but if you know of a decent place/event outside the valley, all ears.",1,0,2025-05-04 17:50:23+00:00,https://reddit.com/r/Nepal/comments/1keptx8/socializing_nepali_student_in_us/,Question/प्रश्न
Nepal,1kepp2s,Kathmandu | Street | Photography,Aasishroshansoni,,1,0,2025-05-04 17:44:39+00:00,https://reddit.com/r/Nepal/comments/1kepp2s/kathmandu_street_photography/,
Nepal,1keourr,What genres you liked to see in Nepali cinemas?,Low_Cryptographer706,"I personally want them to explore more hardcore actions like Indian film industry is recently doing with movies like kill,macro and animal and also a huge inspiration from Korean movie industry who has been doing this for ages. A movie with crazzy stunts, bloodbath and badass characters and what not. Last time I remember that fitted my expectation was LOOT 1 not 2 as it was a disappointment. Testai kei chaiyo but more relevant more today expectations.  
Ani ramro actors ni lyanu paryo, jasto dami script vaye pain, one Anmol KC is enough to destroy it.",1,0,2025-05-04 17:09:21+00:00,https://reddit.com/r/Nepal/comments/1keourr/what_genres_you_liked_to_see_in_nepali_cinemas/,Art/कला
Nepal,1keo6ld,Share the most ridiculous/irritating bureaucratic events that you had to encounter while visiting a Sarkari Karyalaya?,ParamedicEastern159,"I’ll start. I remember visiting a transport office in Bhaktapur to apply for my drivers license years ago and I was in queue. The crowd was building up as the time went by. I had already entered the building and my turn was due in the next 5 minutes. Suddenly one staff member announced that there’s no electricity and we stopped for 40 minutes. Also, in one of the multiple stages of application of drivers license, we needed to pay fee for the application. The guy that was verifying the receipts said , “Do not come one by one, collect ten receipts and hand me those 10 receipts.” I was like WTF does that make sense? So one of us had to collect 10 receipts from the people around us, then hand over the receipts to the guy and then get and distribute it back to those 10. It was a fucking chaos. I never wanted to enter that building again and fortunately never had to. 
What are your such ridiculous stories in such sarkaari karyalaya?",1,0,2025-05-04 16:40:50+00:00,https://reddit.com/r/Nepal/comments/1keo6ld/share_the_most_ridiculousirritating_bureaucratic/,Discussion/बहस 
Nepal,1kenhu2,Thoughtful conversation in need of,Historical-Sea224,,1,1,2025-05-04 16:11:39+00:00,https://reddit.com/r/Nepal/comments/1kenhu2/thoughtful_conversation_in_need_of/,Discussion/बहस 
Nepal,1kenf0j,Confused about which visa type to apply for attending 2 days conference in Japan,Inner_Awareness_5386,"So, I'm planning on attending a two-day conference in Japan this June and probably staying for four days. The company has sent me only the invitation letter, and while checking the business visa requirements, it requires a lot of documents. And since they invited me as a scholarship recipient individually without associating with any business company, I think a tourist visa is good to go. But I'm very confused. Do help me out!",1,0,2025-05-04 16:08:18+00:00,https://reddit.com/r/Nepal/comments/1kenf0j/confused_about_which_visa_type_to_apply_for/,
Nepal,1kemzcj,2nd hand car ........................,Candid-Scheme1835,,1,1,2025-05-04 15:49:58+00:00,https://reddit.com/r/Nepal/comments/1kemzcj/2nd_hand_car/,
Nepal,1kemy4r,2nd hand car suggestions .....,Candid-Scheme1835,,1,1,2025-05-04 15:48:31+00:00,https://reddit.com/r/Nepal/comments/1kemy4r/2nd_hand_car_suggestions/,
Nepal,1keml1t,Debate a Vegan. It's been a year I have turn vegan for ethical and environmental reason. What are your take on veganism?,[deleted],,1,0,2025-05-04 15:32:55+00:00,https://reddit.com/r/Nepal/comments/1keml1t/debate_a_vegan_its_been_a_year_i_have_turn_vegan/,Discussion/बहस 
NepalStock,1kemd33,I’ve been trading for 10 years and here’s what I’d tell my younger self,TurbulentKings,"If I could sit down with my younger self, the version of me that stayed up until 3AM watching candlesticks dance, I’d tell him three things.

First, **the market isn’t your enemy, but your ego is**. The sooner you stop trying to be right and start trying to **survive**, the faster you’ll grow. It's not about catching tops or bottoms. It’s about building systems and staying emotionally neutral.

Second, **you don't need to trade everything**. In my first few years, I chased every earnings pump, every breakout. It wasn’t until I started saying *no* to 90% of setups that I found consistency. Patience isn’t just a virtue in trading. It’s the edge.

Third, and maybe most importantly: tools don’t make the trader. I wasted so much money on fancy apps and indicators I didn’t even understand. You don't need 17 oscillators and a $120 per month subscription to succeed. For the past year, I’ve been using free TradingView Premium from the [r/BestTrades](https://www.reddit.com/r/BestTrades/comments/1kcc51e/sharing_free_reverseengineered_tradingview/) subreddit. Clean. Fast. No BS. Seriously, do yourself a favor.

Ten years in, I’ve realized this game is mostly about psychology, risk, and knowing when *not* to trade. If you're just starting out, breathe. It’s not a sprint. It’s a career.",1,0,2025-05-04 15:23:27+00:00,https://reddit.com/r/NepalStock/comments/1kemd33/ive_been_trading_for_10_years_and_heres_what_id/,Trading/Settlement/Payment
Nepal,1kem4im,Wholesale business in nepal,Artistic-Host7158,,1,1,2025-05-04 15:13:07+00:00,https://reddit.com/r/Nepal/comments/1kem4im/wholesale_business_in_nepal/,Help/सहयोग
Nepal,1kelwcl,Live music on a weekday in ktm,Mia4847,"Hi guys, can anyone suggest me a nice place that might have live music on a weekday in Kathmandu with good dinner options for a small group? Thanksss",1,0,2025-05-04 15:03:13+00:00,https://reddit.com/r/Nepal/comments/1kelwcl/live_music_on_a_weekday_in_ktm/,Question/प्रश्न
Nepal,1kelp1w,Best cruiser bikes in Nepal,JO_KinG034,I am a slow and enjoy kind of rider and I mostly ride around the city go out the valley weekly but nothing intensely offroad so what bikes might be good irrespective of budget and try not to mention RE's (not a big fan),1,0,2025-05-04 14:54:38+00:00,https://reddit.com/r/Nepal/comments/1kelp1w/best_cruiser_bikes_in_nepal/,Question/प्रश्न
Nepal,1kelmwm,"How to use a NTC SIM card to call a number in Colorado, United States?",sstewie69,"Hello and Namaste guys. I have a very peculiar condition for which I need your advise/expertise and recommendations. The context is that I have to make a call to a person in Colorado, United States. But the constraint is that this person in particular only uses mail or cellular SIM card for communication. Because of this, mediums like Whatsapp, Viber and other services of similar nature are off the table. I researched the websites and found terms like Roaming and Tariffs rates which threw me off because they are new concepts to me and the information varied according to websites. So, I have two questions in particular,

* What would be the most effective process for me to get this done and is there a way for me to be sure what rates will apply to me during the call? (very confused because some websites have said it's Rs. 15 -20 for a few seconds while some have rates like Rs.50 per min).
* Would the process be easier and more economical if I have a US based SIM card?

Any ideas and on-hands experience would be really appreciated. Thankyouu!",1,0,2025-05-04 14:52:03+00:00,https://reddit.com/r/Nepal/comments/1kelmwm/how_to_use_a_ntc_sim_card_to_call_a_number_in/,Question/प्रश्न
Nepal,1kelfio,Sudhir Chaudhary sets the gold standard for video journalism others should take notes!,trytobefool,"Just watched [this video](https://www.youtube.com/watch?v=AY3qGwUmLrk) by Sudhir Sharma and I have to say—hats off to you, Sudhir ji! 🙌

In an era where sensationalism dominates digital media, Sudhir Sharma stands out with his calm, factual and breakthrough analysis. His in-depth reporting doesn’t just scratch the surfaces it dives deep into the core issues, offering clarity in a cluttered media landscape.

Other YouTube journalists and video creators should really learn from his journalistic integrity and storytelling.

Honestly, with the kind of quality content he consistently puts out, I feel he deserves far more views and subscribers.

If you're someone who values substance over noise, give this a watch and share your thoughts.",1,0,2025-05-04 14:42:48+00:00,https://reddit.com/r/Nepal/comments/1kelfio/sudhir_chaudhary_sets_the_gold_standard_for_video/,Discussion/बहस 
Nepal,1kelasr,What am i supposed to do with the money in my e-wallets without kyc?,MeAmPi,"I have like 1000 rs on my khalti account and 200 on esewa.
The problem is i dont have kyc verification 
I like really need to use the money but this kyc shit is making me lose my mind.
Im 15 but legally 14 because parents changed my age for some unknown reason
So is there any way to bypass this shit or do i need to painfully wait another 2 years.",1,0,2025-05-04 14:36:58+00:00,https://reddit.com/r/Nepal/comments/1kelasr/what_am_i_supposed_to_do_with_the_money_in_my/,Discussion/बहस 
Nepal,1kel9y5,Is it safe to travel to Nepal in July?,Ok_Drive5739,,1,1,2025-05-04 14:35:54+00:00,https://reddit.com/r/Nepal/comments/1kel9y5/is_it_safe_to_travel_to_nepal_in_july/,Question/प्रश्न
Nepal,1kel1n6,What are the best skills to learn while doing a Mechanical Engineering degree?,Turbulent-Reveal-840,"Hey everyone!

I’m currently pursuing a degree in Mechanical Engineering (3rd year), and I’ve been thinking a lot about building valuable skills alongside my core studies. While I do enjoy the technical side of my branch, I also want to explore additional skills—both related and unrelated to my degree—that can help me:

* Strengthen my resume
* Open up more job/freelance opportunities
* Possibly switch or blend into other domains in the future

I’m already exploring include SolidWorks . I’m also curious about fields like coding, data analysis, cybersecurity, and freelancing .

So my question to you all is:

**What are the most useful or high-demand skills to learn while doing a Mechanical Engineering degree?**  
They can be technical (like simulation, CAD, programming, etc.) or non-technical (like communication, freelancing skills, etc.)

Would love to hear your personal experiences, recommendations, or even regrets about what you wish you had learned earlier.

Thanks in advance!",1,0,2025-05-04 14:25:49+00:00,https://reddit.com/r/Nepal/comments/1kel1n6/what_are_the_best_skills_to_learn_while_doing_a/,Question/प्रश्न
NepalStock,1kel0vy,Colaterallllllllllllll,imchillasff,"Yo broker lai becheko share ko paisa collateral ma load gardinu vaneko tara 2k jati thorai haldyo ani baki paisa settlement vayesi haldinxa re, sabaiko yestai ho?",1,0,2025-05-04 14:24:53+00:00,https://reddit.com/r/NepalStock/comments/1kel0vy/colaterallllllllllllll/,Broker
Nepal,1kekvrz,From recent trip to Pokhara,code_platinum,"My favourite pictures from recent trip to Pokhara.
Both clicked with phone and slightly edited with snapseed.",1,0,2025-05-04 14:18:40+00:00,https://reddit.com/r/Nepal/comments/1kekvrz/from_recent_trip_to_pokhara/,
Nepal,1keksjy,My favourite pictures from recent trip to Pokhara,code_platinum,,1,1,2025-05-04 14:14:36+00:00,https://reddit.com/r/Nepal/comments/1keksjy/my_favourite_pictures_from_recent_trip_to_pokhara/,Picture/तस्वीर
Nepal,1kekmmx,Regarding tax clearance for abroad,Lord_Voldermorttt,"I am planning to go abroad and need the tax clearance certificate for the fiscal year 2081 as part of the required documentation. However, since it is currently only 2082 Baisakh and I’ve been informed that tax clearance for 2081 is generally issued only after the end of the fiscal year in 2082 Ashad, I would like to know if there is any provision to obtain it earlier or any alternative process available for individuals in urgent situations like mine. Additionally, please let me know what documents or steps I should prepare in advance to ensure the process goes smoothly.",1,0,2025-05-04 14:07:00+00:00,https://reddit.com/r/Nepal/comments/1kekmmx/regarding_tax_clearance_for_abroad/,
Nepal,1keked8,Net ko issues vayo gyan dinus,Itchy-Gur-6011,"Ma eklai baschu chimeki ko pani WiFi chalauna mileyna range chaina. Aauta device ko lagi k thik hola data package or WiFi?
Kun data package? Kun WiFi? Sasto and speed 

Internet usage ali high nai cha garo vayo",1,0,2025-05-04 13:56:43+00:00,https://reddit.com/r/Nepal/comments/1keked8/net_ko_issues_vayo_gyan_dinus/,
Nepal,1kekbha,"Ride Review, Rubi Valley from Rasuwa",Zepporollo,"TLDR: Kathmandu, Nuwakot, Syafrubesi, Gatlang, Somdang, Pangsang Pass, Tpling, Sertung, Borang, Jharlang, Darkha, Katunje, Nuwakot, Kathmandu\~300 km\~11 hrs total riding time completed over two days. First Night stay at Somdang and second night back home to Kathmandu. One of the challenging offroad rides, especially the uphill part  from Somdang to Pangsang Pass, and the Downhill part on newly constructed parts while descending from Tipling and Sertung



So we decided to go on an impromptu ride to Rubi Valley last weekend on my new Xpulse 200 4V. It was May Day Holiday and we departed home at around 7 30 in the morning. We took the tokha route to Nuwakot, then went towards betrawati where the pitch roads ended. We then took the trishuli corridor to Syafrubesi, saving us a lot of time bypassing kalikasthan and dhunche, but the offroad part started about 10 kms from Betrawati. We reached Syafrubesi at around 11 and had masubhat lunch there.

The road from Syafru to Gatlang is decent for a adventure bike but still we managed to have a low speed crash over some loose gravel breaking the tips of my crash guard which did its job by saving the radiator. We pickup ourself up and headed towards the Chilime dam site on the way to Gatlang. The current view of Gatlang has deteriorated as it is not a ""black village"" as it is famously know as the reconstruction after the earthquake has meant brick and mortar buildings with colorful tin roof. Anyways, we headed towards parbati kunda and took a small break there. It would have been better if the alpine wetland was left on its own without any gaudy concrete embellishment but I digress..

The road leads towars a burnt forest which looks alien to the max, very eerie feeling as we stopped for some reflection and photos in the middle of the destruction. You can find the link towards how this happened and some insight on ecological succession [here](https://www.onlinekhabar.com/2025/05/1674159/a-glimmer-of-light-within-the-black-hole?fbclid=IwY2xjawKC8T9leHRuA2FlbQIxMQABHm894LemLfGYldsFqInQceViZkNyZ2Sf-r_1I7q1FmmgR39VUgyiVx7yU115_aem_1T_03ISm93jimT9uM_PMUQ).  The uphill part from here to Somdang was tough but my bike's performance was satisfactory and could easily do a pillion climb. However the pass was very foggy and we did not have a view of the cliff face below so we could not really tell how precarious the road was for the better.

We stayed the night in Somdang at the Somdang Valley Guest house which was a testament to the remoteness of the place. The guest house was operated by a mother and her daughter in law and their newborn Habil Ghale. We were told that guests were few and far between in that place which was quite different from other rides near kathmandu valley which are getting ever more popular in recent times. There was no electricity in the place and no network coverage, neither Nepal Telecom nor Ncell. We bought a chicken for 2500 in the village and shared the evening meal with the family. The normal cost for food was 350 for veg dal bhat and 400 for the room.

In the morning the skies cleared around Somdang and we could see the peaks near Paldor from our balcony. I added three teaspoon full of instant coffee to my tea in the morning, had some granola bars and readied for the tough climb ahead. We had been warned by a vlog about the terrible road conditions and it was a test for the motorcycle. As you know, as further away from civilization you go, roads turn to tracks and it is mostly a matter of bricolage than engineering in road construction leading to over the code grades and sharp hairpin bends. On top of that the road was very rocky and broken which tested the motorcycle to its limit.. and it kind of gave up as well as the balancer gear seems broken after that leading to some vibrations at low rpms.

Anyways, after about a little more than an hour we reached pangsang pass which was worth the treacherous climb up. Although we only got a fleeting glimplse of the Ganesh Himal massif the cloudplay in the pass was beyond words. We immersed ouself into the atmosphere by hiking up a ridge which we reckoned must have added at least a 150 m altitutude to the 3850 m altitude of Pangsang pass making our climb to 4000m landmark. There was one teahouse in the pass which was closed (we knew about this closure as we were advised at somdang). You can catch Nepal telecom reception at Pangsang which gave us an opportunity to call home as we were off grid last night.

We descended from Pangsang to Tipling through a dense rhododendron forest where you can find red, white, pink and purple rhododendron. The downhill part is fun and technical from here to Tipling, you can find solitary shelter huts for shepherds and stone paved downhill tracks whih will test your vehicle's suspension and gears, and your spinal compression. After about an hour downhill from Pangsang pass near Tipling we finally met another person. We stopped there and talked to him about five minuted just with the sheer joy of seeing another person after Somdang.

We stopped in Tipling for lunch and some rest. After the meal we watched the Augusta Westland helicopter of Home Minister Ramesh Lekhak land in Tipling to inagurate a Armed Police Force Border Outpost there. But the irony of the fact is that with all the gold smuggling going on from Rasuwa, we just made a detour from Rasuwa towards Dhading and the security presence was nonexistant in this part of the Northern Border. Maybe it is a testament to the toughness of the route we took, in retrosepct.

The road down from Tipling to Sertung was treacherous as the grade was sheer and it was akin to ploughing a rocky field with the handlebars as your plough and the engine with its bovine potential at first gear. The structure of the road is such that you have to start at the higher ward numbers of Rubi Valley Rural municipality and traverse each ward, with a river in between and the hairpin bends connecting them. Anyways, we traversed through Sertung which also had its newly constructed road to challenge us in the downhill portion.

After Sertung, the roads do get better after Jharlang following the Aankhu Khola towards Darkha and Lapang. From Lapang, we headed towards katunje to meet the Pushpalal highway which is ready forr its final layer of asphalt giving us a comfortable ride at careful speeds to avoid the deposited aggregate for several kilometers, after which the highway was completed most of Dhading District. However, the highway abruptly ends at the border of Nuwakot giving us some more opportunity to ride on offroad track.

We met blacktopped roads again near Trishuli, and headed back through Tokha. Reached home at about 730 in the evening.",1,0,2025-05-04 13:52:54+00:00,https://reddit.com/r/Nepal/comments/1kekbha/ride_review_rubi_valley_from_rasuwa/,
NepalStock,1kekbac,Received less collateral,imchillasff,,1,0,2025-05-04 13:52:38+00:00,https://reddit.com/r/NepalStock/comments/1kekbac/received_less_collateral/,Broker
Nepal,1kek70l,PU after Yubaraj Sangroula scandal?,[deleted],,1,5,2025-05-04 13:46:53+00:00,https://reddit.com/r/Nepal/comments/1kek70l/pu_after_yubaraj_sangroula_scandal/,Question/प्रश्न
NepalStock,1kek6xy,Cash collateralllllllll,imchillasff,"Today I sold some shares and asked the broker to load the amount into my collateral, which they did but the collateral amount was a 2k less than the actual amount so I asked the broker about this and they told me that the collateral will be updated after the settlement. Now is this normal or is it just my broker",1,0,2025-05-04 13:46:47+00:00,https://reddit.com/r/NepalStock/comments/1kek6xy/cash_collateralllllllll/,Trading/Settlement/Payment
Nepal,1kek5ea,Civil Hospital Baneshwor OPD ticket,saila69,"Bihana kattiko xitto januparxa opd ticket paauna ko lagi? I was planning to reach there at about 9, teti bela gayera ta dherai dhilo hunxa bhanne sune. What time should i go? 
ENT ko lagi ho.",1,0,2025-05-04 13:44:47+00:00,https://reddit.com/r/Nepal/comments/1kek5ea/civil_hospital_baneshwor_opd_ticket/,
Nepal,1kek3c9,PU after Yubaraj Sangroula scandal???,[deleted],,1,1,2025-05-04 13:42:01+00:00,https://reddit.com/r/Nepal/comments/1kek3c9/pu_after_yubaraj_sangroula_scandal/,Question/प्रश्न
Nepal,1kejuyk,Thinking about mbbs in nepal any suggestions? ...,much_two74,,1,1,2025-05-04 13:30:38+00:00,https://reddit.com/r/Nepal/comments/1kejuyk/thinking_about_mbbs_in_nepal_any_suggestions/,
Nepal,1kejnng,Best laptop shop in Kathmandu,SlowParticular5393,,1,0,2025-05-04 13:20:48+00:00,https://reddit.com/r/Nepal/comments/1kejnng/best_laptop_shop_in_kathmandu/,
NepalStock,1kej2nj,Regarding cash collateral,imchillasff,,1,0,2025-05-04 12:51:10+00:00,https://reddit.com/r/NepalStock/comments/1kej2nj/regarding_cash_collateral/,Broker
Nepal,1kej1uk,am I even being realistic ?,[deleted],,1,1,2025-05-04 12:49:59+00:00,https://reddit.com/r/Nepal/comments/1kej1uk/am_i_even_being_realistic/,Help/सहयोग
Nepal,1keirw0,नेपाली वाक्यरचनाको प्रश्न,cittasatva,"If you wanted to say ""Who do you think he likes?"", which of the following would be ""acceptable"" (key word - doesn't matter if it sounds अनौठो as long as it's grammatical)?

१. तिमीले सोच्यौ उसले कसलाई मनपराउँछन?
२. के तिमीले सोच्यौ कि उसले कसलाई मनपराउँछन?
३. के तिमीले सोच्यौ कि के उसले कसलाई मनपराउँछन?
४. के तिमीले उसले कसलाई मनपराउँछन सोच्यौ?
५. तिमीले के उसले कसलाई मनपराउँछन सोच्यौ?
६. तिमीले कि उसले कसलाई मनपराउँछन सोच्यौ? (कि being used in the same way it's used in २ and ३)
७. तिमीले उसले कसलाई मनपराउँछन कि सोच्यौ? (same as above)
८. तिमीले सोच्यौ कि के उसले कसलाई मनपराउँछन?

मेरो बुझाईआनुसार, ""के"" can be used as an expletive question marker, मतलब it doesn't actually ""stand in"" for another thing (like ""कसले"" in the above examples) - is this true?

I wanted to double check this for an assignment 💀 I ""feel"" that  कृपया मद्दत गर्नुहोला॥",1,0,2025-05-04 12:34:48+00:00,https://reddit.com/r/Nepal/comments/1keirw0/नपल_वकयरचनक_परशन/,Question/प्रश्न
Nepal,1keikz9,Nepali wedding cost ranging fro. Simple to middle -Mens side,[deleted],,1,0,2025-05-04 12:24:01+00:00,https://reddit.com/r/Nepal/comments/1keikz9/nepali_wedding_cost_ranging_fro_simple_to_middle/,Help/सहयोग
Nepal,1keihuc,I got around 50k from my father!,RepulsiveWing1067,,1,0,2025-05-04 12:19:10+00:00,https://reddit.com/r/Nepal/comments/1keihuc/i_got_around_50k_from_my_father/,Question/प्रश्न
NepalStock,1keid6k,gmli ko share hold ki sell ?,NoEditor6387,ghatna thalyo ta aaile so hold garda better ki sell?,1,0,2025-05-04 12:11:59+00:00,https://reddit.com/r/NepalStock/comments/1keid6k/gmli_ko_share_hold_ki_sell/,IPO/FPO
Nepal,1keiaaw,Earning 70k remotely at age 21,Quick-Egg-6408,"Context before question- I just reached 21 and working remotely for us based client. I manage and build their websites, web scrap etc. In my last month of final year ( 3 years of bachelors in computing) islington, anyways so the question is idk what to do should I invest and open business or should I deposit in bank fixed account and etc like the salary is too much for me I barely use 5 10k a month. I started working since I was grade 10 and finally landed this remote 5 days job which I give like few hours time in a week :) But right now I swear I am not trying to boast or anything I just have no idea what do I do like rather than the money staying in the bank. Whats the best thing u did with your saved salary? Like for a long term? Anyone knows about some good investment plans in banks or idk any ideas are appreciated thank uu",1,0,2025-05-04 12:07:28+00:00,https://reddit.com/r/Nepal/comments/1keiaaw/earning_70k_remotely_at_age_21/,
Nepal,1kei9qw,Is this the best time to buy gold at it lowest ?,BrotherUpbeat3880,"Gold prices in Nepal have surged sharply. Hallmark gold rose from **NPR 106,500** per tola in Oct 2023 to **NPR 197,000** by Apr 2025. This nearly **85%** jump. also if i want to buy gold where do i buy pure gold like in from of coin or biscuits. also is there a difference in appreciation of ***24k jewelry gold*** vs ***24k gold coin***,",1,0,2025-05-04 12:06:34+00:00,https://reddit.com/r/Nepal/comments/1kei9qw/is_this_the_best_time_to_buy_gold_at_it_lowest/,
NepalStock,1kei934,Is this the best time to buy gold at it lowest ?,BrotherUpbeat3880,"Gold prices in Nepal have surged sharply. Hallmark gold rose from **NPR 106,500** per tola in Oct 2023 to **NPR 197,000** by Apr 2025. This nearly **85%** jump. also if i want to buy gold where do i buy pure gold like in from of coin or biscuits. also is there a difference in appreciation  of  ***24k jewelry gold*** vs ***24k gold coin***,",1,0,2025-05-04 12:05:34+00:00,https://reddit.com/r/NepalStock/comments/1kei934/is_this_the_best_time_to_buy_gold_at_it_lowest/,Market
Nepal,1kei4sd,Tax Clearance for FY 2081,Artistic-Host7158,,1,1,2025-05-04 11:58:58+00:00,https://reddit.com/r/Nepal/comments/1kei4sd/tax_clearance_for_fy_2081/,Help/सहयोग
Nepal,1kei3qd,CA in Nepal or Finance in USA,Kind_Fall_7317,,1,0,2025-05-04 11:57:07+00:00,https://reddit.com/r/Nepal/comments/1kei3qd/ca_in_nepal_or_finance_in_usa/,
Nepal,1kei394,Looking for an authentic monastery to stay at,No_Stress7227,,1,1,2025-05-04 11:56:20+00:00,https://reddit.com/r/Nepal/comments/1kei394/looking_for_an_authentic_monastery_to_stay_at/,
Nepal,1kei1ro,labim mall ko traffic light,empe_casa,"Nobody is talking about how messed up the traffic signal is in this whole area? 
Seriously, who in their right mind thought a traffic signal should blip “G0” after each second???

FYI- i dont usually go this route, 4 paiya bhayera matrai gaathiye to avoid UN park.

i was driving from Ekantakuna when i suddenly saw a traffic light right after exiting roundabout. luckily I stopped or the campers would have got me. 
Then right when i was about to go right towards labim mall, i got confused. All i saw was GO, and when i took the exit BOOM, red light. Not even yellow!!!
This is why I am losing my sympathy for traffic police as they do have lot going on with paychecks, oppression and other things. 
But when they dont consider basic fault in the system it just make me lose it.
I tried to explain to them that i was already on exit when the light was green. For explanation, I was in almost in other side when the opposite lane started moving.
But like a typical traffic behavior, that man ignored me till he gave me a ticket (online).
I waited to observe what was going on and as predicted, the light keeps blipping go inbetween seconds and just goes red instantly.

Its not the fact that I got a ticket, its the fact that this seems intentional to trap regular people going about their day.

Ani trust me, iam not a guy that rushes k. majjaley gairabela tanau matrai. 

And most of these traffic lights that are either placed way above the stopping line or just work when the cops want which is very inconsistent. kahiley chalni kahiley nachalni lights.",1,0,2025-05-04 11:53:55+00:00,https://reddit.com/r/Nepal/comments/1kei1ro/labim_mall_ko_traffic_light/,
Nepal,1kehm5w,Applying for Masters in Germany,lunaria_100,,1,0,2025-05-04 11:27:34+00:00,https://reddit.com/r/Nepal/comments/1kehm5w/applying_for_masters_in_germany/,
Nepal,1kehlh3,Bangladesh sending mix signals.,AccidentOk5928,,1,0,2025-05-04 11:26:21+00:00,https://reddit.com/r/Nepal/comments/1kehlh3/bangladesh_sending_mix_signals/,
Nepal,1kehjqi,Garo xa yettekai khale basna ne,diffanatomy,"So bored right now,yeso girl friend vayane chill ma kura gardei basna huntheyo😆,daily routine clz gayo,clz xutti vayase yeso kta haru sanga basera chiya sutta combo hanyo  ane ghar aayo khana khayo sutyo ane uthda 4 bajxa ane fere pre workout meal khayo jym gayo aauda belka 8 baajxa so this is how my life is going, am 18 right now soon will be 19 ane arko barsa pane yehi routine mai bitla jasto xa,khela kahi xutti ko bela ma futsal hanna gayo and sometimes sathe haru ko ma hangout hanna gayo,ghar pane yesto thau ma xa ke kohe sathe ne xaina ori pari vetna jum vane ne 😑 skills haru ne sekxu khale time ma got lots of musical instruments to play in my house and pohela pohela ta movie series haru herera ne din beettheyo ahela ta herna ne jhau lagxa ,kehi kam garera khale time utilize garum and some how it will also help my family vaneko clz paddh dei gareko student le kam pauna ne halka garo pardo raixa and nothing to say yestai chle raxa 😂",1,0,2025-05-04 11:23:16+00:00,https://reddit.com/r/Nepal/comments/1kehjqi/garo_xa_yettekai_khale_basna_ne/,Rant/गुनासो
Nepal,1kehe35,"What to do,any tips?guysss",diffanatomy,,1,1,2025-05-04 11:13:28+00:00,https://reddit.com/r/Nepal/comments/1kehe35/what_to_doany_tipsguysss/,Discussion/बहस 
Nepal,1keh9pw,Why study hard when questions are getting leaked.,letjungkook7,Idk if it's true or not but chances are very high. Currently Vai rakhya 12 KO boards ma literally questions haru leak Vai rakhya xa. Those average students who have studied diligently will be getting A/A+ while those who don't even know the syllable will get A+ wo even trying. This is making me so mad rn,1,0,2025-05-04 11:05:29+00:00,https://reddit.com/r/Nepal/comments/1keh9pw/why_study_hard_when_questions_are_getting_leaked/,
Nepal,1keh7gl,Copper or brass sheets near hetauda or lalitpur ?,Imaginary-Hornet5464,"Hello all!

I am in need of copper or brass sheets big enough to make a door with some design elements.

Does anybody know where I can find them?

Thanks!",1,0,2025-05-04 11:01:19+00:00,https://reddit.com/r/Nepal/comments/1keh7gl/copper_or_brass_sheets_near_hetauda_or_lalitpur/,
Nepal,1keh6f0,Any tips for shitty life like this?,diffanatomy,,1,1,2025-05-04 10:59:45+00:00,https://reddit.com/r/Nepal/comments/1keh6f0/any_tips_for_shitty_life_like_this/,Relationship/सम्बन्ध
Nepal,1kegxnn,How to write research paper ?,[deleted],,1,3,2025-05-04 10:43:27+00:00,https://reddit.com/r/Nepal/comments/1kegxnn/how_to_write_research_paper/,Education/शिक्षा
Nepal,1kegxdl,Overwhelmed Student quietly asking for help.,Dense_Competition653,,1,1,2025-05-04 10:42:54+00:00,https://reddit.com/r/Nepal/comments/1kegxdl/overwhelmed_student_quietly_asking_for_help/,
Nepal,1kefyux,"मेरो बैनी गलत केटा मा फसेकी छिन् — घर टुट्ने स्थितिमा छ, म के गरुँ?",okaychha,,1,1,2025-05-04 09:37:39+00:00,https://reddit.com/r/Nepal/comments/1kefyux/मर_बन_गलत_कट_म_फसक_छन_घर_टटन_सथतम_छ_म_क_गर/,
Nepal,1kefriu,Repping the motherland abroad.,Pras-CFC,"Yo man ta mero Nepali ho 💪🏽
Namaste hai sabai jana lai 🙏",1,0,2025-05-04 09:23:13+00:00,https://reddit.com/r/Nepal/comments/1kefriu/repping_the_motherland_abroad/,
Nepal,1kefl9i,Leaning towards opening a clothing brand.,hellogaurav_,"Hi everyone,
My friends and I are in the early stages of building a clothing brand. While our long-term vision is to operate globally, we're currently focused on getting started locally and understanding consumer behavior. We're all new to the fashion and retail industry, and although our plans and budget are still taking shape, we're genuinely serious about making this work.

We’re starting small, just enough to test the waters, learn, and adapt based on real customer feedback. We're looking for insights from those who’ve been in the clothing business and can share their practical experiences.

Specifically, we’d love to know:

1. What are the biggest do's and don'ts when starting a clothing brand?


2. What common mistakes should we avoid early on?


3. What are the most important things to focus on during the first few months?


4. How should we approach understanding and reacting to consumer behavior?


5. Any advice on how to stay lean, efficient, and adaptable in the early phase?



Any hard-earned wisdom, tips, or even lessons from failed experiments would be incredibly valuable to us. Thanks in advance to anyone willing to share!",0,6,2025-05-04 09:10:47+00:00,https://reddit.com/r/Nepal/comments/1kefl9i/leaning_towards_opening_a_clothing_brand/,Question/प्रश्न
Nepal,1kefjcr,Looking for reliable Nepali organizations that help with overseas work opportunities – any suggestions?,Dapper_Tourist_5201,,1,0,2025-05-04 09:06:59+00:00,https://reddit.com/r/Nepal/comments/1kefjcr/looking_for_reliable_nepali_organizations_that/,
Nepal,1keff9s,Photography at rudramati roadside.,Public_Anything_79,"Saw these girls, holding flower bouquet on rudramati roadside trying to get photo along with the roadside flowers. They were their for around 30 mnts just to capture her photo holding flower bouquet and along with  flowers tree on their background. 
How can someone do that just for a sake of photo in a busy road, I'm amazed.",1,0,2025-05-04 08:59:13+00:00,https://reddit.com/r/Nepal/comments/1keff9s/photography_at_rudramati_roadside/,
Nepal,1kefc2g,Is there any solution for dandruff?,Silent_Village_131,,1,0,2025-05-04 08:52:44+00:00,https://reddit.com/r/Nepal/comments/1kefc2g/is_there_any_solution_for_dandruff/,
Nepal,1kef9ye,Civil or Architecture Engineering?,ayo477,gaaro sajilo kun hola yo dui ota maa? ani scope kattiko cha yo dui madhye?,1,0,2025-05-04 08:48:26+00:00,https://reddit.com/r/Nepal/comments/1kef9ye/civil_or_architecture_engineering/,
Nepal,1kef9sx,Yo man ta mero Nepali ho 🙏,Pras-CFC,,1,1,2025-05-04 08:48:08+00:00,https://reddit.com/r/Nepal/comments/1kef9sx/yo_man_ta_mero_nepali_ho/,
Nepal,1kef5kw,Anyone from basundhara can share their experience it would be great,RemarkableNothing597,Hey guys i need help I’ve to move Kathmandu for further study i think it’s the best place and a lot of opportunities anyone from basundhara if they know best hostel and also if you’ve study in herald international college can you share your experience it would be really great .I’m so confused I have to take decision fast,1,0,2025-05-04 08:39:55+00:00,https://reddit.com/r/Nepal/comments/1kef5kw/anyone_from_basundhara_can_share_their_experience/,Help/सहयोग
Nepal,1kef3uy,Need college recommendation for MBA,Inevitable_Deal_1871,Best college for MBA in Nepal? Or should I try abroad for the course?,1,0,2025-05-04 08:36:33+00:00,https://reddit.com/r/Nepal/comments/1kef3uy/need_college_recommendation_for_mba/,Question/प्रश्न
Nepal,1kef1lo,Giveaway in the video in the celebration of 23k views),Civil_Problem_491,,1,0,2025-05-04 08:32:06+00:00,https://reddit.com/r/Nepal/comments/1kef1lo/giveaway_in_the_video_in_the_celebration_of_23k/,
Nepal,1keewxi,How can I get a job with 0 experience in Nepal?,Cute_Swan4657,Currently I am Studying bachelor .I want to help my parents with some money .I want to get Carrer in accounting .,1,0,2025-05-04 08:22:28+00:00,https://reddit.com/r/Nepal/comments/1keewxi/how_can_i_get_a_job_with_0_experience_in_nepal/,
Nepal,1keeukc,IT in government jobs ? Is it even worth it?,First_Asparagus_9043,,1,0,2025-05-04 08:17:31+00:00,https://reddit.com/r/Nepal/comments/1keeukc/it_in_government_jobs_is_it_even_worth_it/,Help/सहयोग
Nepal,1keesfb,Solo Trek Recommendation from Pokhara? Mardi Himal vs Poon Hill + Rental &amp; Group Info Needed,flashsharjeel,"Hey everyone,
I’m currently in Pokhara and planning to go on a solo trek, but I’m a bit confused about which one to pick. I was leaning towards Poon Hill, but a few people at my hostel strongly recommended Mardi Himal instead.

The catch is—I’m not very well-prepared. I don’t have proper warm clothes or trekking gear, but I’m okay with renting if there are reliable shops in Pokhara.

So a few questions for the community:
	1.	Which trek would you recommend for a solo traveler—Mardi Himal or Poon Hill?
	2.	Are there any good rental places in Pokhara for warm clothes and gear?
	3.	Is there a way to join a group trek with a guide without booking a full package in advance?

Any tips or personal experiences would be super helpful! Thanks in advance.",1,0,2025-05-04 08:13:19+00:00,https://reddit.com/r/Nepal/comments/1keesfb/solo_trek_recommendation_from_pokhara_mardi_himal/,Question/प्रश्न
Nepal,1keeq0l,Anyone from Kathmandu ???,Artistic_Low_6845,,1,1,2025-05-04 08:08:30+00:00,https://reddit.com/r/Nepal/comments/1keeq0l/anyone_from_kathmandu/,Discussion/बहस 
Nepal,1keejik,Need PDF of अन्धवेग (Andhabeg) by Balkrishna Sama - Can Anyone Share?,vivek956_,,1,0,2025-05-04 07:55:22+00:00,https://reddit.com/r/Nepal/comments/1keejik/need_pdf_of_अनधवग_andhabeg_by_balkrishna_sama_can/,Education/शिक्षा
Nepal,1keehkw,Flat 1/2BHK needed in pulchowk area,No_Grade5170,,1,1,2025-05-04 07:51:25+00:00,https://reddit.com/r/Nepal/comments/1keehkw/flat_12bhk_needed_in_pulchowk_area/,
Nepal,1keecu9,"[Help] Anyone who has previous bridge course books, help!",Comfortable-Wall-465,"So basically the thing is I don't wanna do physical bridge course and wanna self study the material. My main priority is entrance/scholarship.

So if anyone here joined bridge course previous years and has the books and materials unused, please reach out to me.

Thanks in advance.

(Won't take for absolute free, let's discuss in DM)",1,0,2025-05-04 07:41:55+00:00,https://reddit.com/r/Nepal/comments/1keecu9/help_anyone_who_has_previous_bridge_course_books/,Education/शिक्षा
Nepal,1keeav1,"[Suggestion] Current/Previous students of Sainik Bhaktapur and SOS, are they good for science stream in +2?",Comfortable-Wall-465,"So I live in Bhaktapur and these two are very close to me and also are decently affordable. So as they are government colleges (i guess), how is the education system and environment there. Are the teachers and stuff good? Please give me a basic overview and whether they are good options or not.

Also what about any other affordable colleges?",1,0,2025-05-04 07:38:01+00:00,https://reddit.com/r/Nepal/comments/1keeav1/suggestion_currentprevious_students_of_sainik/,Education/शिक्षा
Nepal,1kee2qa,Bike retrial and reform process,Alarming-Vehicle-642,"so maile out of ktm valley bata 1 choti bike trial deko fail vaya tesapaxi ktm aaihale jana Pako xain
aba ktm ma suru bata form varera written dekhi dina milxa ki nai?
ki baki 2 ota trial  dinai parne ho?
3 months vaisakyo 1 st trial deko
I'll be thankful if anyone knows",1,0,2025-05-04 07:22:19+00:00,https://reddit.com/r/Nepal/comments/1kee2qa/bike_retrial_and_reform_process/,
NepalStock,1kee1ld,CHDC - Hold or Sell? Suggestion needed,Single_You_7905,"CHDC hold garne ki sell.  
I've been holding it for many years, but it latest growth is incomprehensible to me. Can you please explain the possible reasons behind its growth?  
I am a beginner so I don't know much about Funda and TA analysis.",1,0,2025-05-04 07:20:22+00:00,https://reddit.com/r/NepalStock/comments/1kee1ld/chdc_hold_or_sell_suggestion_needed/,Advice
Nepal,1kedt9a,Getting Tretinoin for Acne in Nepal? Share Your Experience/Advice!,Impressive_Film_1590,,1,0,2025-05-04 07:04:27+00:00,https://reddit.com/r/Nepal/comments/1kedt9a/getting_tretinoin_for_acne_in_nepal_share_your/,Discussion/बहस 
Nepal,1kedquo,How to Start Retinol in Kathmandu’s Climate: A Beginner’s Guide,Impressive_Film_1590,,1,0,2025-05-04 07:00:13+00:00,https://reddit.com/r/Nepal/comments/1kedquo/how_to_start_retinol_in_kathmandus_climate_a/,
Nepal,1keddyc,Looking for a recruitment agency for work in Europe – any opinions on Glocal Workforce Nepal and Global Recruit Experts?,Dapper_Tourist_5201,,1,0,2025-05-04 06:35:07+00:00,https://reddit.com/r/Nepal/comments/1keddyc/looking_for_a_recruitment_agency_for_work_in/,
Nepal,1keddl0,Introducing your ideas into Aether AI,goodies_here,,1,0,2025-05-04 06:34:24+00:00,https://reddit.com/r/Nepal/comments/1keddl0/introducing_your_ideas_into_aether_ai/,
Nepal,1kedcwa,"""Creating Nepali Discord Server living with Type 1 diabetes? Join our new Discord Server!""",[deleted],,1,0,2025-05-04 06:33:01+00:00,https://reddit.com/r/Nepal/comments/1kedcwa/creating_nepali_discord_server_living_with_type_1/,
Nepal,1kedc2a,"""Creating Nepali Discord Server living with Type 1 diabetes? Join our new Discord Server!""",[deleted],,1,1,2025-05-04 06:31:28+00:00,https://reddit.com/r/Nepal/comments/1kedc2a/creating_nepali_discord_server_living_with_type_1/,
Nepal,1ked9st,Condition of Mugling-Pokhara road,himalayanZombie,"Rainy season is rapidly approaching and this road whose reconstruction was started in 2021, still hasn't been completed.",1,0,2025-05-04 06:27:01+00:00,https://reddit.com/r/Nepal/comments/1ked9st/condition_of_muglingpokhara_road/,Travel/यात्रा
Nepal,1ked9gh,Tarbuj vs kharbuja confusion !,FamousCell4834,"So in Kathmandu I hear everyone saying ""kharbuja"" to watermelon, but what I knew was Muskmelon is called ""Kharbuja"" and watermelon is called "" tarbuj"". I belong to pahadi family so I was 15 when I had my first watermelon in butwal. There I heard people calling it Tarbuj but here in Kathmandu people call it kharbuja. 
Can anyone tell me what is correct?",1,0,2025-05-04 06:26:20+00:00,https://reddit.com/r/Nepal/comments/1ked9gh/tarbuj_vs_kharbuja_confusion/,Question/प्रश्न
NepalStock,1kecydd,NEPSE TMPS Expires ???,[deleted],,1,1,2025-05-04 06:04:52+00:00,https://reddit.com/r/NepalStock/comments/1kecydd/nepse_tmps_expires/,Online/TMS
NepalStock,1kecx3i,kati samma janchha hola? 30k?,[deleted],,1,1,2025-05-04 06:02:23+00:00,https://reddit.com/r/NepalStock/comments/1kecx3i/kati_samma_janchha_hola_30k/,IPO/FPO
Nepal,1kecb3s,"विदेश(Australia, UK, USA) जान को लागि कुन Consultancy बाट Apply गर्दा ठिक हुन्छ Guys?",[deleted],,1,0,2025-05-04 05:21:02+00:00,https://reddit.com/r/Nepal/comments/1kecb3s/वदशaustralia_uk_usa_जन_क_लग_कन_consultancy_बट/,Question/प्रश्न
Nepal,1kec08b,Need Help From Linen Expert asap,RandyRajan,"Khasma Mero chai chaddi chyattiyo and still dhoyekoxainw, koi kapda silauni expert The mai Lord hunhunxavane stitch gardinu paryo i will let you drink water fromvillage tap for real.",1,0,2025-05-04 05:01:22+00:00,https://reddit.com/r/Nepal/comments/1kec08b/need_help_from_linen_expert_asap/,Rant/गुनासो
Nepal,1kebya2,Nepal Electricity Authority’s White Paper Reveals Zero Cash Reserves – Creative Accounting Concerns,trytobefool,"The Nepal Electricity Authority (NEA) released a white paper (linked below) revealing **zero cash reserves**, prompting allegations of “creative accounting” reminiscent of ENRON. A tweet by [Dipak Gwayali ](https://x.com/dipak_gyawali/status/1918870228551045423)highlights this issue and urges auditors to provide interpretive commentary on the document: [NEA White Paper](http://nea.org.np/admin/assets/uploads/supportive_docs/64262981.pdf).

Has anyone reviewed the white paper? What accounting practices might lead to such a situation? Could this indicate deeper financial mismanagement? Curious to hear from auditors or those familiar with public utility accounting!

[https://www.onlinekhabar.com/2025/05/1673658/electricity-authority-has-zero-cash-balance-taking-a-loan-of-10-billion](https://www.onlinekhabar.com/2025/05/1673658/electricity-authority-has-zero-cash-balance-taking-a-loan-of-10-billion)",1,0,2025-05-04 04:57:58+00:00,https://reddit.com/r/Nepal/comments/1kebya2/nepal_electricity_authoritys_white_paper_reveals/,Discussion/बहस 
Nepal,1kebx2n,Nepal Electricity Authority’s White Paper Reveals Zero Cash Reserves – Creative Accounting Concerns,trytobefool,,1,0,2025-05-04 04:55:44+00:00,https://reddit.com/r/Nepal/comments/1kebx2n/nepal_electricity_authoritys_white_paper_reveals/,Discussion/बहस 
NepalStock,1kebu0q,Odd Lot Shares Buy/Sell,JackThorne30,Use this post to buy/sell odd lot shares. Creating separate posts = permanent ban.,1,0,2025-05-04 04:50:18+00:00,https://reddit.com/r/NepalStock/comments/1kebu0q/odd_lot_shares_buysell/,Odd Lot
Nepal,1kebid5,How to prepare for law entrance exam in Nepal ?,[deleted],,1,0,2025-05-04 04:29:46+00:00,https://reddit.com/r/Nepal/comments/1kebid5/how_to_prepare_for_law_entrance_exam_in_nepal/,
Nepal,1keb65w,Boiler Chicken getting injection to make the breast large - True or Not?,InterestingPurple296,,1,0,2025-05-04 04:08:42+00:00,https://reddit.com/r/Nepal/comments/1keb65w/boiler_chicken_getting_injection_to_make_the/,
Nepal,1keay4g,Nepali Passport Expiring In 1 Month,Jacksparrowl03,,1,0,2025-05-04 03:55:26+00:00,https://reddit.com/r/Nepal/comments/1keay4g/nepali_passport_expiring_in_1_month/,
Nepal,1kearr9,If anyone trying to sell their bike,luminary46,"If anyone trying to sell their bike than dm me.
Kasailai bike bechna man xa afno vane malai msg garnus athawa dm garnus hola I want to buy it bcoz I want to ride it.
Joke grya jsto lagla tara hoina maile post lamo banauna ko lagi k k lekhdaixu kina ki low effort lt post vanera fyaldinx tara I really need a bike.",1,0,2025-05-04 03:45:08+00:00,https://reddit.com/r/Nepal/comments/1kearr9/if_anyone_trying_to_sell_their_bike/,
Nepal,1keaouz,Building a wall doesn’t always need an engineer and mistri,me-marsh-1234,"I should build a wall 
I should be like a rock ,
Falling from above yet unbroken
, not a single stretch to itself,
Rigid , with a soft smile that’s hard to catch, with an attitude that’s even harder to break, unbroken to be exact
This was Iam 
This is I need to be to protect myself
My dignity ,
Even though, in recent time iam in a path where broken things are amended if passed through me
Even though , if passed through me rock melts
It’s enough now
I should not be melting, now I should be in the verse of contrary
The unbroken 
The needed me for myself
The unwanted though , 
The necessity 
To protect me myself 
I have had enough of myself 
The soul is hurt which should not have been
I melted in shapes people wanted
And yet they broke me to other shapes constantly,   
Yo chai mero notes ma thyo hai guys ani chatgpt chatgpt navana halka ai ta use grne pryo ni ali Kati vocab matra change grya ho",1,0,2025-05-04 03:40:25+00:00,https://reddit.com/r/Nepal/comments/1keaouz/building_a_wall_doesnt_always_need_an_engineer/,
Nepal,1keanqd,Building a wall doesn’t always need an engineer and mistri 🤣,[deleted],,1,1,2025-05-04 03:38:34+00:00,https://reddit.com/r/Nepal/comments/1keanqd/building_a_wall_doesnt_always_need_an_engineer/,
Nepal,1kealfu,Need to buy 2nd hand bike,luminary46,,1,1,2025-05-04 03:34:54+00:00,https://reddit.com/r/Nepal/comments/1kealfu/need_to_buy_2nd_hand_bike/,
NepalStock,1keal4f,Short-term Invest k maa garnu ?,piscesbby_,"1-2 months lai 20k jati k maa invest garnu ? 
Aba teti paisa party gara, malai deu, kei nagara navanidinu hola please.",1,0,2025-05-04 03:34:25+00:00,https://reddit.com/r/NepalStock/comments/1keal4f/shortterm_invest_k_maa_garnu/,Advice
Nepal,1ke9t7g,"J gara jaso gara, yo man ta mero Nepali ho",jonsnow________,,1,0,2025-05-04 02:48:50+00:00,https://reddit.com/r/Nepal/comments/1ke9t7g/j_gara_jaso_gara_yo_man_ta_mero_nepali_ho/,
Nepal,1ke9llk,Finding room agent number,Impressive-Try-8977,"Kathmandu ma room pauna kate garo ho 
Please guys give me local room finder agent ko number provide gardinus na 
Room area( manamaiju baniyatar gongabu samkhusi ranibari )
Advance ma thanks a lot",1,0,2025-05-04 02:36:50+00:00,https://reddit.com/r/Nepal/comments/1ke9llk/finding_room_agent_number/,Help/सहयोग
Nepal,1ke946b,Going to for a startup Advice needed.,Key-Database-7094,"I previously worked as a blockchain developer for an international company. About a month ago, I developed a small microservice based on Layer 1 blockchain technology. After successfully launching this service, my colleagues encouraged me to start my own startup. My idea also received support from the company's founder and senior engineers.

Following several discussions and meetings, the Layer 1 blockchain company agreed to provide a bootstrap grant of around $13,000 USD for my Minimum Viable Product (MVP). This funding will be provided either in their native blockchain token or in a stable currency (USDT or USDC).

However, I am facing challenges regarding how to officially register my startup in Nepal and legally accept this bootstrap funding. The blockchain-related regulations in Nepal are very strict, which complicates this process. While I've considered registering the startup in India, it requires obtaining both a PAN card and an Aadhaar card. Acquiring a PAN card is straightforward, but obtaining an Aadhaar card is more difficult for non-residents.

Additionally, an angel investor recently expressed interest in providing seed funding for my idea within the next few months, as they were impressed by the concept.

Any suggestions or advice regarding this situation would be greatly appreciated.",1,0,2025-05-04 02:09:12+00:00,https://reddit.com/r/Nepal/comments/1ke946b/going_to_for_a_startup_advice_needed/,Help/सहयोग
Nepal,1ke945b,"Working on a Nepali sci-fi animation, would love your thoughts and ideas!",Ill-Translator-3174,"Hey everyone, I’m making a Nepali sci-fi animation that mixes futuristic tech, Himalayan mythology, and local stories kind of like a Yeti with AI, aliens with Nepali style names, and a young group of Nepali characters trying to save their future world.

It’s still in early writing/design stages, but I’d love to hear any ideas on story, visuals, or cultural elements that could make it even better. If you’re into Nepali culture, storytelling, sci-fi, or animation, I’d really appreciate your input.

Also, if you’ve ever shared or worked on something like this before, I’d be curious to know how you got others to hear about it.

Thanks",1,0,2025-05-04 02:09:09+00:00,https://reddit.com/r/Nepal/comments/1ke945b/working_on_a_nepali_scifi_animation_would_love/,
Nepal,1ke92fr,masu pasale attempted to scam me,[deleted],,7,8,2025-05-04 02:06:29+00:00,https://reddit.com/r/Nepal/comments/1ke92fr/masu_pasale_attempted_to_scam_me/,Discussion/बहस 
Nepal,1ke91gb,Looking for a good travel agency to visit Mt. Kailash and lake Mansarovar.,hungryforknoweledge,"Kta keti ho malai euta ramro, bharpardo travel agency recommend garaum na please. One of my Reddit friends wants to visit there and they want a good, reliable, affordable package for that. I would take them myself but ma aaile Nepal aauna mildaina. Koi cha bhaney bhanum na hai, will be highly appreciated.",1,0,2025-05-04 02:04:53+00:00,https://reddit.com/r/Nepal/comments/1ke91gb/looking_for_a_good_travel_agency_to_visit_mt/,
Nepal,1ke8y3t,"I'm creating a Nepali sci-fi animated story, open to suggestions &amp; collaboration.",[deleted],,1,0,2025-05-04 01:59:52+00:00,https://reddit.com/r/Nepal/comments/1ke8y3t/im_creating_a_nepali_scifi_animated_story_open_to/,Question/प्रश्न
Nepal,1ke8umf,"I’m creating a Nepali sci-fi animated story, open to suggestions &amp; collaboration.",Glittering-Pen-7943,,1,0,2025-05-04 01:54:26+00:00,https://reddit.com/r/Nepal/comments/1ke8umf/im_creating_a_nepali_scifi_animated_story_open_to/,
Nepal,1ke8t78,"I’m creating a Nepali sci-fi animated story, open to suggestions &amp; collaboration.",Glittering-Pen-7943,,1,0,2025-05-04 01:52:10+00:00,https://reddit.com/r/Nepal/comments/1ke8t78/im_creating_a_nepali_scifi_animated_story_open_to/,
NepalStock,1ke85ow,"Daily Discussion Thread (Sunday - May 04, 2025)",AutoModerator,"Use this post to discuss what to buy/sell/trade/avoid/watch today and in the coming days.

As always, the rules still apply.

**Have a TMS or Meroshare issue? Query about EDIS or collateral? Ask here instead of creating another thread. All queries regarding TMS, MeroShare, Broker issues, EDIS, Settlement and Payments should be asked here.** &gt;!DO NOT create another post.!&lt;

BEGINNER? [**Go here first!**](https://www.reddit.com/r/NepalStock/wiki/beginners-guide)

DO NOT MAKE SEPARATE **INDIVIDUAL** POSTS ASKING:

* what to buy or sell,
* or what bank to buy,
* or what insurance to buy,
* yo share kati samma mathi jancha hola
* IPO ma pareko yo share kun din bechda ramro hola, ajhai 1-2 din parkhine ki nai etc.

will be deleted. Repeat violators will be banned.

Happy Investing!",1,0,2025-05-04 01:15:30+00:00,https://reddit.com/r/NepalStock/comments/1ke85ow/daily_discussion_thread_sunday_may_04_2025/,Yo Kinda Kaso Hola
Nepal,1ke6fpo,Free Web Hosting in Nepal: The Best Options &amp; How to Get Started,tbnparu,"**Get Started with Free Web Hosting at KohinoorHosting.com!**

**Sign Up Now at** [**KohinoorHosting.com**](https://kohinoorhosting.com) 

Are you ready to take your website live without breaking the bank? Look no further! [KohinoorHosting.com](http://KohinoorHosting.com) is here to make your website journey smooth and affordable. As one of the top-rated web hosting providers, KohinoorHosting is revolutionizing the industry with their FREE web hosting offer!

**Why Choose** [**KohinoorHosting.com**](http://KohinoorHosting.com) **for Your Website?**

KohinoorHosting offers an incredible 5GB of storage completely for free! Whether you're a beginner or an experienced developer, you can easily set up your website without any hassle. It’s time to launch your online presence without spending a single penny!

**How to Get Your Free Web Hosting with KohinoorHosting:**

1. **Visit** [**KohinoorHosting.com**](http://KohinoorHosting.com) Open your browser and go to [KohinoorHosting.com](https://kohinoorhosting.com) to begin your website journey.
2. **Sign Up for a Free Account** On the homepage, look for the ""Sign Up"" or ""Create Account"" button. Click it, and you'll be directed to a simple registration page. Enter your name, email address, and create a password. After filling out the details, hit ""Sign Up""!
3. **Email Verification** After registering, check your inbox for a verification email from KohinoorHosting. Click the link inside to verify your account and activate your free hosting.
4. **Log in to Your New Account** Once your email is verified, return to [KohinoorHosting.com](http://KohinoorHosting.com) and log in with your newly created credentials. You’re just a few steps away from your hosting setup.
5. **Order Your Free Web Hosting** Once logged in, navigate to the hosting section. You’ll easily find the free hosting offer with 5GB storage. Click on ""Order Now"" to proceed.
6. **Choose Your Plan** Customize your free hosting plan! You’ll get 5GB of space, but you can choose extra features or add-ons to enhance your hosting experience. Review the details, terms, and conditions before finalizing your order.
7. **Complete the Order** After confirming your plan, click ""Order"" to complete the setup. You may need to add a domain name or other details. Follow the easy instructions from KohinoorHosting to finalize your hosting order.
8. **Congratulations, Your Free Web Hosting Is Ready!** That’s it! You now have 5GB of free web hosting and can start building your website right away. Upload files, create pages, and get your site live!

**Why KohinoorHosting is the Best Choice for You**

[KohinoorHosting.com](http://KohinoorHosting.com) is more than just free web hosting – it’s a complete solution that’s easy to use and reliable. Whether you’re starting a blog, launching an online store, or building a personal site, KohinoorHosting provides all the tools you need to succeed. Plus, with 24/7 LIVE CHAT SUPPORT, you’ll always have help at your fingertips.

**No Hidden Fees, No Complicated Steps – Just Free Web Hosting**

Why pay for expensive hosting when you can get everything you need for FREE? With KohinoorHosting, you get the same high-quality services as premium providers, but at absolutely no cost.

**Perfect for Beginners &amp; Small Businesses**

Starting a website can be daunting, but with KohinoorHosting, you can start simple and grow your website as you learn. It’s perfect for personal projects, small businesses, and anyone who wants to launch their online presence without worrying about hosting costs.

**Ready to Get Started?**

Don’t miss out on this amazing offer! Click the link below to sign up now and start building your free website today!

 **Sign Up Now at** [**KohinoorHosting.com**](https://kohinoorhosting.com) 

Join thousands of satisfied users who have already experienced the ease and reliability of KohinoorHosting. Your website’s success starts here – for FREE!",1,0,2025-05-03 23:43:28+00:00,https://reddit.com/r/Nepal/comments/1ke6fpo/free_web_hosting_in_nepal_the_best_options_how_to/,
Nepal,1ke6ewo,Free Web Hosting in Nepal: The Best Options &amp; How to Get Started,[deleted],,1,1,2025-05-03 23:42:21+00:00,https://reddit.com/r/Nepal/comments/1ke6ewo/free_web_hosting_in_nepal_the_best_options_how_to/,
Nepal,1ke3hg7,F1 visa interview availability,rubberman444,,1,1,2025-05-03 21:20:16+00:00,https://reddit.com/r/Nepal/comments/1ke3hg7/f1_visa_interview_availability/,Question/प्रश्न
Nepal,1ke2zce,She seems to carry more dictatorial trait the KP oli,UsedZookeepergame473,"She is wife of PM KP sharma oli and her recent speech quotes “जो जो मान्छेहरूले अध्यक्ष ओलीलाई गालि पाएर खुसि हुन्छ्न उहाहरूको भविष्य अन्धकार हुन्छ!  “. As per her KP oli cannot be criticized, what he does is always right and thise who criticized him will not have better future. 😞😞",1,0,2025-05-03 20:57:13+00:00,https://reddit.com/r/Nepal/comments/1ke2zce/she_seems_to_carry_more_dictatorial_trait_the_kp/,
Nepal,1ke2wnk,वो मा गो True Love !! She seems more dictatorial then Oli,UsedZookeepergame473,,1,1,2025-05-03 20:53:42+00:00,https://reddit.com/r/Nepal/comments/1ke2wnk/व_म_ग_true_love_she_seems_more_dictatorial_then/,Rant/गुनासो
Nepal,1ke2kgw,anyone have idea about internship abroad???,Ok_Dingo_3935,,1,1,2025-05-03 20:38:10+00:00,https://reddit.com/r/Nepal/comments/1ke2kgw/anyone_have_idea_about_internship_abroad/,
Nepal,1ke1c4x,HR Agencies or individuals,dizel_gazela435,"Hello, what are your recommendations for the best Vietnamese HR agencies or individuals? What are the procedures for bringing workers to Europe? Does anyone have some info from first hand?

Thank you",1,0,2025-05-03 19:41:46+00:00,https://reddit.com/r/Nepal/comments/1ke1c4x/hr_agencies_or_individuals/,Question/प्रश्न
Nepal,1ke0vve,"New, Exciting and disappointing App  (uptrendly)",manishmancity,"Someone suggested me this app and its kind of new, impressive and disappointing at same time. This app is basically 99% paid app, ani the prices are too much expensive, basic nai 10k bata suru raicha. Have anyone used this app? Is it worth subscribing? Koi cha bhane please reply",1,0,2025-05-03 19:20:57+00:00,https://reddit.com/r/Nepal/comments/1ke0vve/new_exciting_and_disappointing_app_uptrendly/,
Nepal,1ke0dh3,My best Friend's first UKG love,[deleted],,0,5,2025-05-03 18:58:52+00:00,https://reddit.com/r/Nepal/comments/1ke0dh3/my_best_friends_first_ukg_love/,Rant/गुनासो
Nepal,1kdzs3m,Best option iphone nepal maa kasari import garne?? Suggest me a best option,Miserable_Play8264,,1,1,2025-05-03 18:32:48+00:00,https://reddit.com/r/Nepal/comments/1kdzs3m/best_option_iphone_nepal_maa_kasari_import_garne/,Help/सहयोग
Nepal,1kdzr0b,Why Is Japan the Most Popular Study Destination for Nepali Students?,Due_Activity_5115,,1,0,2025-05-03 18:31:28+00:00,https://reddit.com/r/Nepal/comments/1kdzr0b/why_is_japan_the_most_popular_study_destination/,Question/प्रश्न
Nepal,1kdzodz,"IPhone, Usa maa kine tra lyaidine manxe koe vayena😭 suggest me a best option nepal import garne",Miserable_Play8264,,1,1,2025-05-03 18:28:15+00:00,https://reddit.com/r/Nepal/comments/1kdzodz/iphone_usa_maa_kine_tra_lyaidine_manxe_koe_vayena/,Help/सहयोग
Nepal,1kdxv7w,Class 12 ko paper leak vayo vane please do share hai !!,Jenith1,,1,1,2025-05-03 17:10:16+00:00,https://reddit.com/r/Nepal/comments/1kdxv7w/class_12_ko_paper_leak_vayo_vane_please_do_share/,Help/सहयोग
Nepal,1kdxqzv,1990s Bicycle 🚲 Modifications: Turning Basic Bikes into Personal Projects,TikliChor,,1,1,2025-05-03 17:05:04+00:00,https://reddit.com/r/Nepal/comments/1kdxqzv/1990s_bicycle_modifications_turning_basic_bikes/,Discussion/बहस 
Nepal,1kdxg50,Coming from delhi to kathmandu via flight,Exact-Abrocoma5809,As a nepali citizen with hand written negarikta as the only id. will i get any trouble at the delhi airport??i don't want to loose my ticket money.,1,0,2025-05-03 16:51:47+00:00,https://reddit.com/r/Nepal/comments/1kdxg50/coming_from_delhi_to_kathmandu_via_flight/,
Nepal,1kdx991,java runventure event 10th may,bishnuparajuli,"hey guys, there’s a running event where you have to run from one java to the other, around 7 outlets and you claim free mug and coffee along with goodies along the way

who’s interested?",1,0,2025-05-03 16:43:21+00:00,https://reddit.com/r/Nepal/comments/1kdx991/java_runventure_event_10th_may/,
Nepal,1kdx79w,Help regarding Masters in Germany (Computer Science),___lethean___,"Namaste everyone !

I wanted to hear experiences from people who have been studying computer science related masters courses in Germany but are from BEX background like me.

I completed my BEX degree from IOE pulchowk long time back 2018 with 75% ...taken both the GRE and TOEFL. .......been working as a software developer every since (yeah like 6 years). I have been applying to Germany for masters in computer science and related fields (like Computer Science itself, Software Engineering, Data Science etc.) .....Most of these unis are free from application fee and such other verified documents. But some require applying from uni-assist ....so they ask for things like VPD n for which I need to pay. It hit me today. Most unis have strict Credit Point requirement.  Does our BEX degree gain any sort of consideration for the masters in computer science related fields. Is it waste paying money to uni assist knowing that you'll most likely get a ""Not qualified for admission"" type of letter..??? Please any sort of suggestion would be helpful.",1,0,2025-05-03 16:40:52+00:00,https://reddit.com/r/Nepal/comments/1kdx79w/help_regarding_masters_in_germany_computer_science/,Help/सहयोग
Nepal,1kdwsnw,Photography in Pokhara anyone ?,[deleted],,1,0,2025-05-03 16:22:31+00:00,https://reddit.com/r/Nepal/comments/1kdwsnw/photography_in_pokhara_anyone/,
Nepal,1kdwms9,What is this 'Satyagraha'?,Chazos_partha,"No, this movement is not affiliated to any political party or region. We are opening an open-source newsletter that will allow people to express their opinions and freely express their thoughts. So why not join? Nepal is in much need of open-speech and inclusiveness. This will help us promote literacy and awaken civil consciousness.   
To all Nepalese, lets join this journey together, subscribing is free.   
[https://voicesatyagraha.substack.com/publish/home](https://voicesatyagraha.substack.com/publish/home)

To know more about us: [https://x.com/voicesatyagraha/status/1914567877991997549](https://x.com/voicesatyagraha/status/1914567877991997549)",1,0,2025-05-03 16:15:02+00:00,https://reddit.com/r/Nepal/comments/1kdwms9/what_is_this_satyagraha/,
Nepal,1kdwepf,"place to sit, discuss and code near sorakhutte area",ineffableaf,"do you guys know some chill places to sit and code with friends near sorakhutte, nayabazar area with a good ambiance, affordable price and friendly environment...",1,0,2025-05-03 16:05:05+00:00,https://reddit.com/r/Nepal/comments/1kdwepf/place_to_sit_discuss_and_code_near_sorakhutte_area/,
Nepal,1kdwebo,Photography in Pokhara anyone,Unusual-Low-3756,,1,1,2025-05-03 16:04:37+00:00,https://reddit.com/r/Nepal/comments/1kdwebo/photography_in_pokhara_anyone/,Help/सहयोग
Nepal,1kdwdjp,Laptop Recommendation for CA Articleship,cherryboicoups,"I’m a CA student looking to buy a laptop for video lectures and work-related tasks. My budget is about 1 lakh. I’m not into gaming or heavy editing so, i just need something reliable and smooth for recorded classes and Articleship.",1,0,2025-05-03 16:03:45+00:00,https://reddit.com/r/Nepal/comments/1kdwdjp/laptop_recommendation_for_ca_articleship/,
Nepal,1kdwb9e,My two friends are dumping crap about each other to me and I don't know how to deal with it,Alarming-One2989,"So this has been going on for a while now, but recently it's getting worse. I have two friends—let’s call them A and B—and they're clearly not vibing anymore. Instead of talking it out or distancing peacefully, they’ve both decided that *I’m* the designated emotional dumping ground.

A tells me all the things B does that annoy them. B comes to me later complaining about A like I’m their personal diary. They don’t know the other is doing it too (at least I think they don’t), and I'm just stuck in the middle absorbing all this negativity.

I honestly don't even know who’s ""right"" or if that even matters. I just feel mentally exhausted. I'm not a therapist. I'm not trying to play mediator. I just want to keep both friendships without having to deal with their crap. But if I tell them to stop, I’m scared it’ll make things worse or come off like I’m taking sides. And i just wish that this doesn't end horribly i'm like i might slip up mistakenly and end up making it worse. its crazy!!!!!",1,0,2025-05-03 16:01:03+00:00,https://reddit.com/r/Nepal/comments/1kdwb9e/my_two_friends_are_dumping_crap_about_each_other/,
Nepal,1kdw7ol,Need some Female friends for cafe hopping or to travel enjoy lol,theuserisnothoty,Im M 22 From ktm i dont know k vako ho ramrai xu good looking xu rich pani xu flex gareko haina hai koi connection garna manlageko bhayera hola koi kt sanga boleko nee hudina so anyone intrested to enjoy with me or travel with me haha anyone intrested comment me down i will dm you asap. ani what does specially girls like on boys?,1,0,2025-05-03 15:56:40+00:00,https://reddit.com/r/Nepal/comments/1kdw7ol/need_some_female_friends_for_cafe_hopping_or_to/,
NepalStock,1kdw5i8,Share pareko kati din ma aauchha?,Kshetri_anup,,1,0,2025-05-03 15:53:59+00:00,https://reddit.com/r/NepalStock/comments/1kdw5i8/share_pareko_kati_din_ma_aauchha/,IPO/FPO
NepalStock,1kdw4m5,Any updates on prabhu cable car?,Just_Assumption6537,They went silent after they collected money in name of right and auction. Anyone knows about when they are going to apply for ipo?,1,0,2025-05-03 15:52:50+00:00,https://reddit.com/r/NepalStock/comments/1kdw4m5/any_updates_on_prabhu_cable_car/,Advice
Nepal,1kdvtbr,"Ex lovers, how long did you wait/talked to him/her to get them back?",krit6668,"If you got them back, was it worth it? If no, do you regret it?",1,0,2025-05-03 15:38:59+00:00,https://reddit.com/r/Nepal/comments/1kdvtbr/ex_lovers_how_long_did_you_waittalked_to_himher/,Question/प्रश्न
Nepal,1kdvp6z,The cycle of life and death: A poignant scene of Hindu cremation rituals observed by mourners at Pashupatinath,nikhilxettri,,1,0,2025-05-03 15:33:59+00:00,https://reddit.com/r/Nepal/comments/1kdvp6z/the_cycle_of_life_and_death_a_poignant_scene_of/,
Nepal,1kdvny9,The cycle of life and death: A poignant scene of Hindu cremation rituals observed by mourners at Pashupatinath🕊️,[deleted],,1,1,2025-05-03 15:32:28+00:00,https://reddit.com/r/Nepal/comments/1kdvny9/the_cycle_of_life_and_death_a_poignant_scene_of/,
Nepal,1kdvl3w,Help me choose a stream in nepal,_bidu4shi,,1,1,2025-05-03 15:29:02+00:00,https://reddit.com/r/Nepal/comments/1kdvl3w/help_me_choose_a_stream_in_nepal/,Education/शिक्षा
Nepal,1kdvfef,Kindly suggest. Planning a trip from India.,Business-Log1511,"Hello Everyone, 

I'm Planning a trip to visit Pashupatinath temple with my family in September. (read weather will be good) 

How does the following itinerary looks? And wanted to know do I need to carry Nepalese rupee or INR will work? Also, does UPI work? 

Day1:
Travel from Delhi
Visit to Pashupatinath Temple

Day2:
Guhyeshwari Temple
Swayambhunath
Patan Durbar Square
Garden of Dreams

Day3:
Nagarkot
Bhaktapur Durbar Square
Nyatapola Temple
Pottery square

Day4:
Return.


Any suggestions are welcome. I believe I don't need a visa? Please correct me if I'm wrong.",1,0,2025-05-03 15:21:48+00:00,https://reddit.com/r/Nepal/comments/1kdvfef/kindly_suggest_planning_a_trip_from_india/,
Nepal,1kdv5bs,Anyone studying in Germany?,Initial_Drawer_3998,"I am currently studying mechanical engineering (recent 1st sem ko exam deko) in Nepal. Nepal ma 1 barsha padhyo bhane Germany gaera 1 barsha ko extra course(student guideline something) garnu pardaina bhanne suneko thie. Ani Germany ma mechanical engineering garna/teha gaera padhna k k garnu parne ho. Anyone has any ideas? Please share, k kasto procedure haru hunchha, cost kati lagchha, worth it hunchha ki nai.",1,0,2025-05-03 15:09:11+00:00,https://reddit.com/r/Nepal/comments/1kdv5bs/anyone_studying_in_germany/,Help/सहयोग
Nepal,1kdv2il,Need Some Female Friends to travel or cafe hopping,theuserisnothoty,Im M 22 From ktm i dont know k vako ho ramrai xu good looking xu rich pani xu flex gareko haina hai koi connection garna manlageko bhayera hola koi kt sanga boleko nee hudina so anyone intrested to enjoy with me or travel with me haha anyone intrested comment me down i will dm you asap,1,0,2025-05-03 15:05:40+00:00,https://reddit.com/r/Nepal/comments/1kdv2il/need_some_female_friends_to_travel_or_cafe_hopping/,Help/सहयोग
Nepal,1kdv27m,A good college for science in Nepal?,TipppyToeee,Just gave my SEE examination and i am leaning towards choosing Science. A good college for science inside KTM valley?,1,0,2025-05-03 15:05:17+00:00,https://reddit.com/r/Nepal/comments/1kdv27m/a_good_college_for_science_in_nepal/,
Nepal,1kduw3q,Need someone to travel or cafe hopping,theuserisnothoty,,1,1,2025-05-03 14:57:48+00:00,https://reddit.com/r/Nepal/comments/1kduw3q/need_someone_to_travel_or_cafe_hopping/,
Nepal,1kduh63,Anyone know a good NRN lawyer in Nepal?,AdFew4769,"Hey everyone,

I’m an Aussie citizen (originally from Nepal, NRN) and planning to visit Nepal later this year. I’m trying to set up a private limited company there under my name (as an NRN) and include a small share for my daughter, who’s a minor.

The company’s going to be used to buy a property and run a small outsourcing office. I need a good lawyer who understands NRN law, knows the company registration process, and can help sort out everything properly, including the banking and legal paperwork.

I’ve tried emailing a few big-name firms, but no replies so far — so I’m hoping someone here has a personal recommendation or has worked with a lawyer who’s actually responsive and experienced with this kind of NRN setup.

If you know someone, I’d really appreciate the referral! Feel free to drop names here or DM me.",1,0,2025-05-03 14:38:51+00:00,https://reddit.com/r/Nepal/comments/1kduh63/anyone_know_a_good_nrn_lawyer_in_nepal/,Help/सहयोग
Nepal,1kduftp,Are the mainstream media not able to sustain with normal ads,Additional-Gift8296,"Kantipur is openly promoting a betting site during IPL discussions. These types of promotions are directly contributing to the rise of betting addiction among Nepali youths. It's concerning that Nepal Police have not taken any action. Some may argue that this is surrogate advertising, but when you search for ""Melbat""—the name promoted—it directly leads to Melbet, a well-known betting website. In the advertisements, they disguise themselves as a news portal, but even if that were true, why would a major media house like Kantipur be promoting another so-called 'news portal'? This appears to be a clear violation of advertising ethics and possibly the law.",1,0,2025-05-03 14:37:06+00:00,https://reddit.com/r/Nepal/comments/1kduftp/are_the_mainstream_media_not_able_to_sustain_with/,Discussion/बहस 
Nepal,1kdubof,Nepal tour of UK Match Schedule,Necessary-Ground9325,,1,0,2025-05-03 14:31:57+00:00,https://reddit.com/r/Nepal/comments/1kdubof/nepal_tour_of_uk_match_schedule/,Sports/खेलकुद
Nepal,1kduarm,Bo level - frozen for debit,Imaginary-Target-686,Meroshare maile lagvag 6 months paxi login gareko thye. Ani tyo renew garna lai 2ta tirnu parne pani tirisake asti 5/6 din agadi tara pani yesto dekhauxa myshares ma gayera herda. What can be the solution?,1,0,2025-05-03 14:30:43+00:00,https://reddit.com/r/Nepal/comments/1kduarm/bo_level_frozen_for_debit/,Question/प्रश्न
Nepal,1kdtylw,To the mods and their lil power trip,Electrical_Lake8083,,1,0,2025-05-03 14:15:08+00:00,https://reddit.com/r/Nepal/comments/1kdtylw/to_the_mods_and_their_lil_power_trip/,News/समाचार
Nepal,1kdtmcs,How to use Wise in Nepal? (Especially for E-commerce),hereforstorie,I tried to open a Wise account butI'm only able to receive payments.,1,0,2025-05-03 13:59:35+00:00,https://reddit.com/r/Nepal/comments/1kdtmcs/how_to_use_wise_in_nepal_especially_for_ecommerce/,Question/प्रश्न
Nepal,1kdtctl,"A Balanced Government System for Nepal – Non-Partisan, Directly Elected Prime Minister Focused on Development",[deleted],,1,1,2025-05-03 13:46:36+00:00,https://reddit.com/r/Nepal/comments/1kdtctl/a_balanced_government_system_for_nepal/,Politics/राजनीति
Nepal,1kdt0zf,Place recommendations. In Kathmandu,phatbawlzz,,1,1,2025-05-03 13:30:41+00:00,https://reddit.com/r/Nepal/comments/1kdt0zf/place_recommendations_in_kathmandu/,Help/सहयोग
Nepal,1kdt0dz,Help Help Help help help help help,heroprg1,Looking for someone who can provide a camera on rent for 24 hours in the Itahari area. Please let me know if available,1,0,2025-05-03 13:29:54+00:00,https://reddit.com/r/Nepal/comments/1kdt0dz/help_help_help_help_help_help_help/,
Nepal,1kdstnj,Amm idk (25 characters nsjejs),[deleted],,1,1,2025-05-03 13:20:49+00:00,https://reddit.com/r/Nepal/comments/1kdstnj/amm_idk_25_characters_nsjejs/,
Nepal,1kdsmua,"Where can I find affordable men's pants of size 27-28""?",Illustrious_Emu_919,"I have a waist size of 27 inches, online stores I have looked at don't have size 27"" or 28"" and others are expensive regardless of the size. I have no pants that fit me, where can I find size 27 or 28?

Preferably less than Rs. 2500.",1,0,2025-05-03 13:11:25+00:00,https://reddit.com/r/Nepal/comments/1kdsmua/where_can_i_find_affordable_mens_pants_of_size/,Help/सहयोग
Nepal,1kds6kc,I destroyed my EX's Life unknowingly,Strong_Guard1207,,1,1,2025-05-03 12:48:31+00:00,https://reddit.com/r/Nepal/comments/1kds6kc/i_destroyed_my_exs_life_unknowingly/,Relationship/सम्बन्ध
Nepal,1kds3yv,"The hottest Nepali server you’re not in yet  (yes, you’re missing out)",rasputin_13,"Single? Taken? Situationship? Doesn’t matter.  
If you’re Nepali and you’re not in this gc, you’re seriously playing yourself.

Daily chaotic memes  
Late-night VC rants  
Flirting you didn’t ask for (but secretly enjoy)  
New friends (and *maybe* more)  
Events, games, giveaways, and pure madness

It’s like the streets of Kathmandu at 2 AM, but in Discord form.  
Come vibe with the wildest, funniest, most unhinged Nepalis on the internet.

 [JOIN THE GC HERE](https://discord.gg/A4s3Zy3JtV)

You *know* you're curious.",1,0,2025-05-03 12:44:41+00:00,https://reddit.com/r/Nepal/comments/1kds3yv/the_hottest_nepali_server_youre_not_in_yet_yes/,
Nepal,1kds2m9,"The hottest Nepali server you’re not in yet 🔥 (yes, you’re missing out)",rasputin_13,,1,1,2025-05-03 12:42:39+00:00,https://reddit.com/r/Nepal/comments/1kds2m9/the_hottest_nepali_server_youre_not_in_yet_yes/,
Nepal,1kdrzx4,Any Gym near baneshwor area?,Ok-Development-1801,,1,0,2025-05-03 12:38:39+00:00,https://reddit.com/r/Nepal/comments/1kdrzx4/any_gym_near_baneshwor_area/,
Nepal,1kdrzti,Confusion after see boards...,Ok_Difficulty_2076,,1,1,2025-05-03 12:38:29+00:00,https://reddit.com/r/Nepal/comments/1kdrzti/confusion_after_see_boards/,Question/प्रश्न
Nepal,1kdrzik,Any Gym near baneshwor area?,[deleted],,1,0,2025-05-03 12:37:59+00:00,https://reddit.com/r/Nepal/comments/1kdrzik/any_gym_near_baneshwor_area/,
Nepal,1kdrzb1,Jung BR and his Muluki Ain,R-Sky3011,,1,1,2025-05-03 12:37:40+00:00,https://reddit.com/r/Nepal/comments/1kdrzb1/jung_br_and_his_muluki_ain/,
Nepal,1kdrwr0,12 ko question leak huncha?,New_Illustrator_4111,Yo jata tatai halla cha ni 1 ghanta agadi question leak yuney eta uti sachi leak huncha ra?,1,0,2025-05-03 12:33:46+00:00,https://reddit.com/r/Nepal/comments/1kdrwr0/12_ko_question_leak_huncha/,
Nepal,1kdrtph,"Nepali lawyers of reddit, can we ask for a lawyer if we're ever caught by police to interrogate?",Electronic-Smoke9389,"I've read that in foreign countries, you can ask for a lawyer and then the police can't ask any further questions or interrogate you. What is the case in Nepal?",1,0,2025-05-03 12:29:14+00:00,https://reddit.com/r/Nepal/comments/1kdrtph/nepali_lawyers_of_reddit_can_we_ask_for_a_lawyer/,Question/प्रश्न
Nepal,1kdrf8t,Hi Can anyone suggest me a suit tailoring place for women in Kathmandu? No boutique please. Thank you.,YellowSapphiree,,1,0,2025-05-03 12:06:30+00:00,https://reddit.com/r/Nepal/comments/1kdrf8t/hi_can_anyone_suggest_me_a_suit_tailoring_place/,
Nepal,1kdqq6z,Just finished SEE idk what to do??,EfficiencyNovel8590,,1,1,2025-05-03 11:24:59+00:00,https://reddit.com/r/Nepal/comments/1kdqq6z/just_finished_see_idk_what_to_do/,
Nepal,1kdpzr5,Health Insurance in Nepal,[deleted],,1,0,2025-05-03 10:37:41+00:00,https://reddit.com/r/Nepal/comments/1kdpzr5/health_insurance_in_nepal/,Discussion/बहस 
Nepal,1kdps84,Rs 20 ko Rs5 ma payo vanera khusi huney ki Rs 90 tirnu paryo vanera dukhi huney,Certain-Board-2442,,1,0,2025-05-03 10:23:53+00:00,https://reddit.com/r/Nepal/comments/1kdps84/rs_20_ko_rs5_ma_payo_vanera_khusi_huney_ki_rs_90/,
Nepal,1kdpplc,Hami murkha haru lai tha nahuna sakcha tara Daraz bata kinda ekdam faida huncha 😂😂😂,Certain-Board-2442,,1,1,2025-05-03 10:18:56+00:00,https://reddit.com/r/Nepal/comments/1kdpplc/hami_murkha_haru_lai_tha_nahuna_sakcha_tara_daraz/,
Nepal,1kdpeo6,About to Buy a Laptop. Price (via GadgetByte). Any Suggestions?,SuspiciousCorner6135,,1,0,2025-05-03 09:58:21+00:00,https://reddit.com/r/Nepal/comments/1kdpeo6/about_to_buy_a_laptop_price_via_gadgetbyte_any/,Help/सहयोग
Nepal,1kdpdrv,Yeti ta bhujna parxa hola?,evoluationaryperson,,1,1,2025-05-03 09:56:31+00:00,https://reddit.com/r/Nepal/comments/1kdpdrv/yeti_ta_bhujna_parxa_hola/,Rant/गुनासो
Nepal,1kdpcvf,Girls hostel ko internal situation at least in my experience,WishboneKey3663,"Ma recently ktm aako hai... I joined masters and I am still searching for stable job especially at schools because Education field maa ali ali paisa raixa well starting ko laagi. Aaye dekhi i started applying for jobs but they only asked for my time without any good salary so i couldn't accept that... And i started tutoring to kids and they had very good improvement and i thought i should be doing school now and then see what comes in the future. 
So now the topic girls hostel... Ahile samma life kai first time hostel baseko vayera aru sanga compare garne thau ta xaina but girls hostel maa yestai mental hareshment hunxa hunxa ki ma chai yesto ko phela pare?. Like jasko pani kura kaateko xa... Yo esti u esti vaneko xa... Like haami ta khanai napaayera usko hostel maa basna aaye jasto behavior garxa ta yaa ko maam... Yaa sabai jana adult xam hai.. sab jana college ki ta job garxam... Ra pani kasto discrimination ho... Kasto laauxa kasto khanxa tesma kura katya xa.. terai ko ki pahad ko tesma kura katya xa... Ali herda current beauty standard ko xaina ani ali introvert xa vane ta xoddeu...uskai kura thik..u jatiko kasailai kei tha xaina...vagwan... . Like ladies haru matra basne thau ta ek dum open minded hunxa vanya seneko thiye maile... And here she is like a villian... Kasto suffocating environment xa... Malai ta room bata bahira niskina man lagdaina... J kura maa ni judgement... Aru ta aru girls hostel maa period pain maa shamful feel garaauxa yaa..god... Euta ali ramro job vetyo vane ma yo hostel xodera arko maa sarne ho.. arko pani testai hunxa ki?",1,0,2025-05-03 09:54:49+00:00,https://reddit.com/r/Nepal/comments/1kdpcvf/girls_hostel_ko_internal_situation_at_least_in_my/,Rant/गुनासो
Nepal,1kdp8zx,‘आन्दोलन रहर नभई बाध्यता हो’  How Do Nepali Youth Support?,nayaa-saathi,"How do Nepali Youth support on such protest, activity, incident etc? Or don't care just like Nepal Gov? 

Is it just gonna be few days trendy news, then goes away without solving the issue?

Ah! You just want to have fun watching the reels and vlogs until it happens to you or your family complaining and begging for support!",1,0,2025-05-03 09:47:03+00:00,https://reddit.com/r/Nepal/comments/1kdp8zx/आनदलन_रहर_नभई_बधयत_ह_how_do_nepali_youth_support/,
Nepal,1kdoyzk,iPhone from Korea to Nepal,niceperson_1,,1,1,2025-05-03 09:26:45+00:00,https://reddit.com/r/Nepal/comments/1kdoyzk/iphone_from_korea_to_nepal/,
Nepal,1kdoxzj,Suggestion for a family trip.,[deleted],,1,0,2025-05-03 09:24:45+00:00,https://reddit.com/r/Nepal/comments/1kdoxzj/suggestion_for_a_family_trip/,
Nepal,1kdox8t,"Asking for suggestions, planning a trip.",[deleted],,1,0,2025-05-03 09:23:06+00:00,https://reddit.com/r/Nepal/comments/1kdox8t/asking_for_suggestions_planning_a_trip/,
Nepal,1kdow43,Nepali songs need more vocabulary,RohanBhattaraiNP,"Tired of Maya(lu), Sparsha, Maan, Bhawana, Chandrama, Khaseka tara, Jovan, …add more",1,0,2025-05-03 09:20:49+00:00,https://reddit.com/r/Nepal/comments/1kdow43/nepali_songs_need_more_vocabulary/,
Nepal,1kdourb,Nepali songs needs more vocabulary,[deleted],,1,1,2025-05-03 09:18:02+00:00,https://reddit.com/r/Nepal/comments/1kdourb/nepali_songs_needs_more_vocabulary/,Rant/गुनासो
Nepal,1kdoth1,Nepali Youths? Are you there?,evoluationaryperson,,1,1,2025-05-03 09:15:25+00:00,https://reddit.com/r/Nepal/comments/1kdoth1/nepali_youths_are_you_there/,Relationship/सम्बन्ध
Nepal,1kdosyj,Future in Nepal? France / Germany a better option??,Few_Load1130,,1,1,2025-05-03 09:14:22+00:00,https://reddit.com/r/Nepal/comments/1kdosyj/future_in_nepal_france_germany_a_better_option/,Rant/गुनासो
Nepal,1kdosh0,Future in Nepal? France / Germany a better option??,Few_Load1130,,1,1,2025-05-03 09:13:24+00:00,https://reddit.com/r/Nepal/comments/1kdosh0/future_in_nepal_france_germany_a_better_option/,Discussion/बहस 
Nepal,1kdoscv,Reaching out in regards with trip planning and suggestions.,[deleted],,1,0,2025-05-03 09:13:10+00:00,https://reddit.com/r/Nepal/comments/1kdoscv/reaching_out_in_regards_with_trip_planning_and/,Help/सहयोग
Nepal,1kdoll7,ISA Nepal basketball academy,Sad_Comfortable7362,,1,0,2025-05-03 08:59:41+00:00,https://reddit.com/r/Nepal/comments/1kdoll7/isa_nepal_basketball_academy/,
Nepal,1kdo9cs,Can you guys please identify the song?,No_Willingness_5680,I don't remember the song but the music video have a nepali guy and two white girls on the beach. I think the song came out around 2000-2010's as video quality is quite low.,1,0,2025-05-03 08:34:51+00:00,https://reddit.com/r/Nepal/comments/1kdo9cs/can_you_guys_please_identify_the_song/,
Nepal,1kdo7d2,Is it illigal to add bar-end mirrors and remove back seat of classic 350 ??,AdNumerous5942,,1,1,2025-05-03 08:30:54+00:00,https://reddit.com/r/Nepal/comments/1kdo7d2/is_it_illigal_to_add_barend_mirrors_and_remove/,
Nepal,1kdo6nl,Is it illigal to add bar-end mirrors and remove back seat of classic 350 ??,AdNumerous5942,,1,1,2025-05-03 08:29:35+00:00,https://reddit.com/r/Nepal/comments/1kdo6nl/is_it_illigal_to_add_barend_mirrors_and_remove/,
Nepal,1kdnr5p,Any best acoustic guitar in nepal under 15k to 20k ?,Zestyclose-Carry-140,Livigston ra SAGA ramrai lagyo malai chahi aru kunai xa vane suggest garam na,1,0,2025-05-03 07:59:18+00:00,https://reddit.com/r/Nepal/comments/1kdnr5p/any_best_acoustic_guitar_in_nepal_under_15k_to_20k/,
Nepal,1kdnqnw,I did it with my Gharbeti.,Good-Chipmunk-2788,,1,2,2025-05-03 07:58:14+00:00,https://reddit.com/r/Nepal/comments/1kdnqnw/i_did_it_with_my_gharbeti/,Relationship/सम्बन्ध
Nepal,1kdnj7w,What is happening why is the government doing nothing,Ok_Connection_3015,,1,0,2025-05-03 07:43:31+00:00,https://reddit.com/r/Nepal/comments/1kdnj7w/what_is_happening_why_is_the_government_doing/,Discussion/बहस 
Nepal,1kdn43c,Using thai debit cards in Nepal,advanceb,"If I use a Thai loaded debit card in Nepal to withdraw cash in the local currency is this an issue. Or convert the thai to usd on a travel card and withdraw cash? 

  
When flying into Katmandu and/or  visting other cities will they convert thai baht to local ccy or should I carry usd cash and convert it?

  
thanks",1,0,2025-05-03 07:13:50+00:00,https://reddit.com/r/Nepal/comments/1kdn43c/using_thai_debit_cards_in_nepal/,Question/प्रश्न
Nepal,1kdmoq2,Is computer science actually worth the hype?,TipppyToeee,"Should i pursue studying Computer science in +2.
If yes, which stream should i choose?",1,0,2025-05-03 06:45:22+00:00,https://reddit.com/r/Nepal/comments/1kdmoq2/is_computer_science_actually_worth_the_hype/,
Nepal,1kdmma3,Update is here...........,thefaruq,,1,1,2025-05-03 06:40:48+00:00,https://reddit.com/r/Nepal/comments/1kdmma3/update_is_here/,
Nepal,1kdmjtl,"Is the app ""Team 11 Nepal"" legal ?",Basic-Demand-6454,malai chai yo app sathi le suggest gareko ho ani aba herda kheri ni ramailo raixa ani afnai team banayera paisa halera khelna milne raixa.  is this app legal kasaile bhandim na,1,0,2025-05-03 06:36:09+00:00,https://reddit.com/r/Nepal/comments/1kdmjtl/is_the_app_team_11_nepal_legal/,
Nepal,1kdmjft,Nepal ma freelancing garna garo chha?,Unique_Brilliant_275,"AM I DOING THE RIGHT THING?  
  
So the thing is sabai lai paisa kamaunu chha and I think everyone knows what freelancing is or everybody might have tried once tara freelancing platform ma jada pailai dekhi ramro reach pairako tyaie niche ma manchhey haru dherai hunchan ani kaam pauna lastai garo hunchha tara I think I have got a solution.  
I just started an agency kasto bhanda chai like a middleman I have got clients in my contact who wants their project done, some are hiring fulltime or parttime , most of the job offers are remote etc etc.  
my work is cutting down the hassle for both freelancer and client and make you guys meet. Also I have 140+ active members working and seeking jobs, our team takes your resume, reviews and ranks it and gives you potential client. I am offering a help to my fellow nepalese so if you want to learn more comment or if you want to talk privately the gates are open!!!",1,0,2025-05-03 06:35:22+00:00,https://reddit.com/r/Nepal/comments/1kdmjft/nepal_ma_freelancing_garna_garo_chha/,Question/प्रश्न
Nepal,1kdmj5q,r/Nepal trying to suppress Prisha sucide case,pie-3_1415,"Just immediately after the incident I posted on the thread, they automatically deleted even when nothing was against their terms and policies?

Again I requested they ignored Again I posted they deleted again?

Don't we have to discuss on such critical matter?

Kati nepali kt haru india ma esari nai marinu parnay?

We can discuss but Achamma xa why they are controlling like a community sensorship? On such crucial matter",1,0,2025-05-03 06:34:52+00:00,https://reddit.com/r/Nepal/comments/1kdmj5q/rnepal_trying_to_suppress_prisha_sucide_case/,Question/प्रश्न
Nepal,1kdmieq,r/Nepal trying to suppress Prisha Shah case ?,pie-3_1415,,1,1,2025-05-03 06:33:23+00:00,https://reddit.com/r/Nepal/comments/1kdmieq/rnepal_trying_to_suppress_prisha_shah_case/,Question/प्रश्न
Nepal,1kdmi9v,"Is the app  ""Team 11 Nepal"" legal ?",[deleted],,1,1,2025-05-03 06:33:08+00:00,https://reddit.com/r/Nepal/comments/1kdmi9v/is_the_app_team_11_nepal_legal/,
Nepal,1kdm6dp,"""Late-stage pregnancy: Is प्रसुति गृह थापाथलि the right choice? Need real experiences!""",Wings_of_origin77,,1,1,2025-05-03 06:10:11+00:00,https://reddit.com/r/Nepal/comments/1kdm6dp/latestage_pregnancy_is_परसत_गह_थपथल_the_right/,Help/सहयोग
Nepal,1kdm3au,My nepalese reading and vocabulary has degraded.,Guilty_Possibility61,,1,0,2025-05-03 06:04:31+00:00,https://reddit.com/r/Nepal/comments/1kdm3au/my_nepalese_reading_and_vocabulary_has_degraded/,
Nepal,1kdm0n5,Looking for a guide on Manaslu/Tsum Valley trek,blikstiender,,1,0,2025-05-03 06:00:08+00:00,https://reddit.com/r/Nepal/comments/1kdm0n5/looking_for_a_guide_on_manaslutsum_valley_trek/,Question/प्रश्न
Nepal,1kdl7kz,Best birthday cakes in Kathmandu,EstablishmentLow896,"I recently ordered cake from aramva bakery in bhaktapur for mother's day and it tasted horrible. And now I have PTSD about ordering cakes. I have to order a cake for my mom's but tomorrow. I have researched almost all the bakery options and all of them have both food and bad reviews. which one should I opt for. 
PS: it should deliver to bhaktapur",1,0,2025-05-03 05:07:24+00:00,https://reddit.com/r/Nepal/comments/1kdl7kz/best_birthday_cakes_in_kathmandu/,
Nepal,1kdl6y5,What info does the bank ask for when I receive money from Wise?,PhoenixNitrate,I want to receive money directly into my bank account. Client chai US bata ho and I have worked with them for 2 years. Pahele paypal bata receive garthiye paisa but ahele chai I want to receive through Wise SWIFT transfer. Few people told me the bank might contact me about tax and stuff so tyo bela k k sodhcha? Client ko info dinu parcha?,1,0,2025-05-03 05:06:20+00:00,https://reddit.com/r/Nepal/comments/1kdl6y5/what_info_does_the_bank_ask_for_when_i_receive/,Question/प्रश्न
Nepal,1kdl414,I have heard that curriculum developed by Budanilkantha and WCN in 2076 for class 1-8 is quite good.,sauravniraula,I easily found curriculum in WCN website but couldn't find books online. I asked around stationery and book shops in Budanilkantha but those books are directly supplied to Schools by Municipality and they aren't allowed to sell. Do anyone know a way to get those books ?,1,0,2025-05-03 05:01:23+00:00,https://reddit.com/r/Nepal/comments/1kdl414/i_have_heard_that_curriculum_developed_by/,
Nepal,1kdl3uj,HELP!! I’m in a urgent need of blazer,[deleted],,1,1,2025-05-03 05:01:07+00:00,https://reddit.com/r/Nepal/comments/1kdl3uj/help_im_in_a_urgent_need_of_blazer/,Help/सहयोग
Nepal,1kdl3pi,July Nepal Chitwan and Kathmandu,Independent-Pay-1108,,1,0,2025-05-03 05:00:55+00:00,https://reddit.com/r/Nepal/comments/1kdl3pi/july_nepal_chitwan_and_kathmandu/,Question/प्रश्न
Nepal,1kdl2y6,Regarding the job vacancy,Current-Masu-Sprite,"Im looking for short term jobs like teaching , marketing etc but im bit unsocial and dont know where do i find the job vacany , newspaper ma hunxa hana but hamro ghar ma aaudaina aru kehi ways xa for looking for small inocome jobs?",1,0,2025-05-03 04:59:49+00:00,https://reddit.com/r/Nepal/comments/1kdl2y6/regarding_the_job_vacancy/,Help/सहयोग
Nepal,1kdl2ei,HELP!!! I’m in a urgent need of a blazer,[deleted],,1,1,2025-05-03 04:58:51+00:00,https://reddit.com/r/Nepal/comments/1kdl2ei/help_im_in_a_urgent_need_of_a_blazer/,
Nepal,1kdkyr4,Help!!! I’m in a urgent need of a blazer,[deleted],,1,1,2025-05-03 04:52:25+00:00,https://reddit.com/r/Nepal/comments/1kdkyr4/help_im_in_a_urgent_need_of_a_blazer/,
Nepal,1kdkxjq,About journaling or planning activities,Current-Masu-Sprite,"whenever i plan my day , i have lots of things to do  so i give small time to lots of activities  but when i sort down to few activities ,i feel like im missing lots of things that i must be doing, the idea of perfect day doings lots of small activities has improved some sort of productiveness but usually i fail to do all of things i plan so despite being productive i feel dissatisfied . what about you guys any tips on better journaling and planning a day?",1,0,2025-05-03 04:50:19+00:00,https://reddit.com/r/Nepal/comments/1kdkxjq/about_journaling_or_planning_activities/,Help/सहयोग
Nepal,1kdko46,IT Grad | Working in Nepal | No Savings | Feeling Stuck | Need Suggestions,[deleted],,1,0,2025-05-03 04:33:49+00:00,https://reddit.com/r/Nepal/comments/1kdko46/it_grad_working_in_nepal_no_savings_feeling_stuck/,Help/सहयोग
Nepal,1kdkmr1,"IT Grad | Working in Nepal | Feeling Stuck, Need Suggestions",Fragrant_Letter8595,,1,0,2025-05-03 04:31:26+00:00,https://reddit.com/r/Nepal/comments/1kdkmr1/it_grad_working_in_nepal_feeling_stuck_need/,
Nepal,1kdkb9n,Hiking route near by dharan itahari,PerformanceOk4207,,1,1,2025-05-03 04:12:31+00:00,https://reddit.com/r/Nepal/comments/1kdkb9n/hiking_route_near_by_dharan_itahari/,
Nepal,1kdk6ob,free trials using your dollar card,Snoo-34689,,1,0,2025-05-03 04:05:09+00:00,https://reddit.com/r/Nepal/comments/1kdk6ob/free_trials_using_your_dollar_card/,
Nepal,1kdjl8v,Kathmandu ma Bachelor's degree suggestions (Management + Computer in 12th),StrategicStalemate,,1,0,2025-05-03 03:31:03+00:00,https://reddit.com/r/Nepal/comments/1kdjl8v/kathmandu_ma_bachelors_degree_suggestions/,Question/प्रश्न
Nepal,1kdj7ps,Please help me (Mardi himal girl),Available-Highway972,,1,0,2025-05-03 03:09:44+00:00,https://reddit.com/r/Nepal/comments/1kdj7ps/please_help_me_mardi_himal_girl/,Help/सहयोग
Nepal,1kdi0n2,"Remote Workers, Where And How Are You Having Your Morning Java/Coffee?",ConnectorMadness,"I have seemingly become a coffee aficionado and knowing that there's a lot of people like me here, who works remotely, how are you satiating your cravings? Do you visit cafes, work there all day? If so, which cafes are the best for such occasions?",1,0,2025-05-03 02:03:01+00:00,https://reddit.com/r/Nepal/comments/1kdi0n2/remote_workers_where_and_how_are_you_having_your/,
Nepal,1kdhuqr,The Silent Exodus: Why Nepali Youths Are Leaving Home for Dignity and Opportunity Abroad?,Fragrant_Attempt_261,"Why are so many Nepali youths increasingly choosing to go abroad for study or work? In both villages and towns, there’s a noticeable absence of people aged 20 to 40. Even corporate employees are quitting stable jobs to move abroad, including to Gulf countries. What are the main reasons behind the growing dissatisfaction among Nepali youths that’s pushing them to leave the country?",1,0,2025-05-03 01:54:20+00:00,https://reddit.com/r/Nepal/comments/1kdhuqr/the_silent_exodus_why_nepali_youths_are_leaving/,Question/प्रश्न
Nepal,1kdh4vg,Saturday Tea Talk,AutoModerator,"This is a weekly thread to talk about any topics freely with fellow Nepali dai, bhai, didi, bahini and friends. Think of it as the चोकको चिया पसल that opens on Saturdays.  Most of the sub rules still apply but there is no need for the topic to be related to Nepal. Feel free to talk about the TV show you are binging, the latest sports news, your personal life story, international politics, and anything in between. 

So, what's up?",1,0,2025-05-03 01:15:17+00:00,https://reddit.com/r/Nepal/comments/1kdh4vg/saturday_tea_talk/,
Nepal,1kdh0wy,Started a Startup DokoFood,laxmanshah45,,1,1,2025-05-03 01:09:31+00:00,https://reddit.com/r/Nepal/comments/1kdh0wy/started_a_startup_dokofood/,Food/खानेकुरा
Nepal,1kdgzzu,Started a Startup DokoFood,laxmanshah45,,1,1,2025-05-03 01:08:10+00:00,https://reddit.com/r/Nepal/comments/1kdgzzu/started_a_startup_dokofood/,Food/खानेकुरा
Nepal,1kdgxaj,Started a Startup DokoFood,laxmanshah45,,1,1,2025-05-03 01:04:09+00:00,https://reddit.com/r/Nepal/comments/1kdgxaj/started_a_startup_dokofood/,Food/खानेकुरा
Nepal,1kdgu3n,Started a startup DokoFood,laxmanshah45,,1,1,2025-05-03 00:59:50+00:00,https://reddit.com/r/Nepal/comments/1kdgu3n/started_a_startup_dokofood/,Food/खानेकुरा
Nepal,1kdfyok,"Tourist - cash, card, qr code?",badboyzpwns,,1,0,2025-05-03 00:14:55+00:00,https://reddit.com/r/Nepal/comments/1kdfyok/tourist_cash_card_qr_code/,
Nepal,1kdf1x3,Fuxked up with palm reading,aham_pishaachah,,1,0,2025-05-02 23:30:12+00:00,https://reddit.com/r/Nepal/comments/1kdf1x3/fuxked_up_with_palm_reading/,
Nepal,1kdf0en,I need to write my thesis,Super_Desk4320,,1,0,2025-05-02 23:28:08+00:00,https://reddit.com/r/Nepal/comments/1kdf0en/i_need_to_write_my_thesis/,Question/प्रश्न
Nepal,1kdczsq,Kathamandu airport to city centre how?,badboyzpwns,,1,0,2025-05-02 21:55:49+00:00,https://reddit.com/r/Nepal/comments/1kdczsq/kathamandu_airport_to_city_centre_how/,Question/प्रश्न
Nepal,1kdc4jx,How to get rid of cockroaches for ever 😭😭😭,crmdoll-_-,,1,1,2025-05-02 21:17:33+00:00,https://reddit.com/r/Nepal/comments/1kdc4jx/how_to_get_rid_of_cockroaches_for_ever/,
Nepal,1kd8qfi,What is the song that you are vibing rn?,R-Sky3011,"Let me go first, guys, Radhe by our one n only Swoopna Suman and Abhigya Ghimire. It is just simple and beautiful. 

What is the song that you are vibing rn? 

It might also be song suggestions for others.",1,0,2025-05-02 18:53:22+00:00,https://reddit.com/r/Nepal/comments/1kd8qfi/what_is_the_song_that_you_are_vibing_rn/,
Nepal,1kd8dur,Moments of spiritual connection (Suggest some music),nikhilxettri,"Moments of spiritual connection: a holy man bestows blessings on a visitor in Pashupatinath 
Temple",1,0,2025-05-02 18:38:06+00:00,https://reddit.com/r/Nepal/comments/1kd8dur/moments_of_spiritual_connection_suggest_some_music/,
Nepal,1kd800c,K kasaile malai 1 week ko lagi 15K dina sakxa?,[deleted],,1,0,2025-05-02 18:21:37+00:00,https://reddit.com/r/Nepal/comments/1kd800c/k_kasaile_malai_1_week_ko_lagi_15k_dina_sakxa/,Help/सहयोग
Nepal,1kd7z43,A serious Question to everyone,[deleted],,0,18,2025-05-02 18:20:34+00:00,https://reddit.com/r/Nepal/comments/1kd7z43/a_serious_question_to_everyone/,
Nepal,1kd73iw,Co-working space for office in kathmandu,applebluesss,,1,1,2025-05-02 17:44:17+00:00,https://reddit.com/r/Nepal/comments/1kd73iw/coworking_space_for_office_in_kathmandu/,
Nepal,1kd6r7z,Help me pleaseeeeeeeeeeeeeee,Khabatari,,1,1,2025-05-02 17:30:05+00:00,https://reddit.com/r/Nepal/comments/1kd6r7z/help_me_pleaseeeeeeeeeeeeeee/,
Nepal,1kd6lmj,Tragic passing of a friend,wave--god,"What changed you as a person when your closed friend you grow up with or years of friendship stolen by GOD. I stopped taking people for granted, learned to live with unanswered questions and make sure the people I know love it
 I miss you bro. RIP",1,0,2025-05-02 17:23:49+00:00,https://reddit.com/r/Nepal/comments/1kd6lmj/tragic_passing_of_a_friend/,Rant/गुनासो
Nepal,1kd6h17,Is there a way to transfer money from Esewa to UPI/Phonepay,Nehan_Karki,I need to send money to my friend who's in india so thats why i need a means to send the money. Any ideas perhaps??,1,0,2025-05-02 17:18:34+00:00,https://reddit.com/r/Nepal/comments/1kd6h17/is_there_a_way_to_transfer_money_from_esewa_to/,
Nepal,1kd6fyq,Is there a way to transfer money from Esewa to UPI/Phonepay?,Nehan_Karki,,1,1,2025-05-02 17:17:18+00:00,https://reddit.com/r/Nepal/comments/1kd6fyq/is_there_a_way_to_transfer_money_from_esewa_to/,Question/प्रश्न
Nepal,1kd5tc8,New phone 30000 price ma kun ramro,Suspicious-Race-1081,,1,1,2025-05-02 16:51:30+00:00,https://reddit.com/r/Nepal/comments/1kd5tc8/new_phone_30000_price_ma_kun_ramro/,Help/सहयोग
Nepal,1kd5rpx,Tiktok tiktok tiktok mindfk,deadlydude25,"Tiktok ma nautanki garera, gift garnu gift garnu bhanera paisa kamaune
Ani feri magekai paisa ma dhos jamaune?
Do people really not have any work these days That they just watch these live all day and donate stupid amounts to these creators who barely create anything?
But at the end of the day, they make more than me, and more than the ones who donate to them.

IDK wtfk I’m writing
Have a good friday night everyone.",1,0,2025-05-02 16:49:41+00:00,https://reddit.com/r/Nepal/comments/1kd5rpx/tiktok_tiktok_tiktok_mindfk/,
Nepal,1kd5lyu,Best store to buy laptops in Kathmandu?,Formal_String8449,"I am thinking of buying a laptop from gadget monk, google ma reviews hereko ramrai thyo, I personally contacted them via instagram and they seemed friendly.. but the question is do they sell genuine products?

Has anyone purchased anything from the store? I would love to know. I am planning to purchase a laptop soon so yeah

Thank you.",1,0,2025-05-02 16:42:55+00:00,https://reddit.com/r/Nepal/comments/1kd5lyu/best_store_to_buy_laptops_in_kathmandu/,Question/प्रश्न
NepalStock,1kd5b50,siddhartha bank demat account,worstfrombad,"maile siddhartha bank bata demat acc kholne process gare, online kyc pani vayo. but aile samma paisa(rs 150) tireko xaina,kati time lagxa hola demat account banna lai and CRN number ko chai k kam ho? ani meroshare ko login info ne siddhartha bank le nai dene ho?",1,0,2025-05-02 16:30:19+00:00,https://reddit.com/r/NepalStock/comments/1kd5b50/siddhartha_bank_demat_account/,Demat/MeroShare
Nepal,1kd4y55,Those who smoke a pack of cigarettes a day?,wave--god,"Why you guys enjoy so much? I'm chain-smoker myself.  Don't you want to quit smoking? Or is it too late? AND those who quit smoking, how did you do that? Mind sharing tips??",28,49,2025-05-02 16:15:15+00:00,https://reddit.com/r/Nepal/comments/1kd4y55/those_who_smoke_a_pack_of_cigarettes_a_day/,Question/प्रश्न
Nepal,1kd4dxd,How to overcome sudden Anxiety?,wildwildperson,Since my final exams are nearing and it’s often that I get triggered by something external leading to anxiety whenever exams are around the corner. This time too it happened the same. I find clueless whenever anxiety overtakes me. Don’t know what to do and become hopeless for a while leaving exhausted. What can I do to suddenly calm down myself and feel better?,1,0,2025-05-02 15:52:21+00:00,https://reddit.com/r/Nepal/comments/1kd4dxd/how_to_overcome_sudden_anxiety/,Help/सहयोग
Nepal,1kd4ae3,Quality of jersey of Jerseypool,meesisssiis,I am planning to buy jersey from jerseypool (kalanki/bhaisepati). Though I am a huge football fan I never buy jerseys because of low quality. Some time later the prints will come out and makes jersey ugly. Since jerseypool is opening new outlet in Bhaisepati and offering 50% off I am thinking of trying their jerseys. If anyone have previously bought from jerseypool please give me your honest review about their jerseys.,3,0,2025-05-02 15:48:21+00:00,https://reddit.com/r/Nepal/comments/1kd4ae3/quality_of_jersey_of_jerseypool/,
Nepal,1kd47v9,Honest review of jersey..,meesisssiis,,1,1,2025-05-02 15:45:26+00:00,https://reddit.com/r/Nepal/comments/1kd47v9/honest_review_of_jersey/,
Nepal,1kd3u8x,Should I travel to Nepal or Bhutan in October?,advanceb,"We are Thai and thinking of flying to either Nepal or Bhutan. 

  
Ive researched Nepal  and its looks very beautiful scenery. I think its probably cheaper. Nice treks. Nice snow capped mountains. 

  
B has a daily usd100 per person per day. Have to travel around with a guide everyday. 

  
Im leaning towards Nepal actually. If we have 7 nights.... Fly into Katmandu and stay 2 nights. Fly to Pokhara for 3 or 4 nights and do some treking, do you think this is a nice holiday. Or just do treks from Katmandu?

  
thanks",1,0,2025-05-02 15:29:51+00:00,https://reddit.com/r/Nepal/comments/1kd3u8x/should_i_travel_to_nepal_or_bhutan_in_october/,Question/प्रश्न
Nepal,1kd3pmc,"spread love and kindness , this is highest version of yourself",Showertruecolours,,1,1,2025-05-02 15:24:40+00:00,https://reddit.com/r/Nepal/comments/1kd3pmc/spread_love_and_kindness_this_is_highest_version/,
Nepal,1kd3o3p,Where to buy Auto-Play Speaker,saila69,Power on garne bittikai usb/sd bata music bajne khalko media player/speaker kata paaiyela? Daraz ma bhetiyena.,1,0,2025-05-02 15:23:00+00:00,https://reddit.com/r/Nepal/comments/1kd3o3p/where_to_buy_autoplay_speaker/,
Nepal,1kd352t,Any neplai guide to help to visit nepal.,samthesexy69,I am willimg to visit nepal.. anyone to guide me. To see good places all over cities.,1,0,2025-05-02 15:01:38+00:00,https://reddit.com/r/Nepal/comments/1kd352t/any_neplai_guide_to_help_to_visit_nepal/,
Nepal,1kd2tqc,Any Suggestions Guys? Budi Amaharulai k k explore garauna sakinchha hola,8explorer_here,"Hello everyone, budi amala harulai kata kata , k k explore garauna sakinchha ktm ma? Malai ni idea vayena movie dekhauna chai multiple times lagi sake, ama harulai ni kei idea chhaina ,so any suggestions guys?
Thanks in advance🙏",1,0,2025-05-02 14:48:59+00:00,https://reddit.com/r/Nepal/comments/1kd2tqc/any_suggestions_guys_budi_amaharulai_k_k_explore/,Help/सहयोग
Nepal,1kd2si7,Why IVF fails – Top 10 reasons of Failed IVF,venusivfnepal,,1,1,2025-05-02 14:47:34+00:00,https://reddit.com/r/Nepal/comments/1kd2si7/why_ivf_fails_top_10_reasons_of_failed_ivf/,
Nepal,1kd2qxi,Why IVF Fails: Top 10 Reasons for Failed IVF,venusivfnepal,,1,1,2025-05-02 14:45:43+00:00,https://reddit.com/r/Nepal/comments/1kd2qxi/why_ivf_fails_top_10_reasons_for_failed_ivf/,
Nepal,1kd2osz,Budi Ama lai ghumaune rahar,[deleted],,1,0,2025-05-02 14:43:17+00:00,https://reddit.com/r/Nepal/comments/1kd2osz/budi_ama_lai_ghumaune_rahar/,
Nepal,1kd22ei,SAS FERNA GARO!! Let’s raise our voice for a cleaner Kathmandu.,om_heart,,1,1,2025-05-02 14:17:00+00:00,https://reddit.com/r/Nepal/comments/1kd22ei/sas_ferna_garo_lets_raise_our_voice_for_a_cleaner/,Music/सङ्गीत
Nepal,1kd1zlv,Looking for buying a land in 1 year,Opening-Pace-3595,Maile chai bharatpur ma gautam buddha rangasala area tira tetai settle hune gari land khojeko any suggestions or someone knows this area better. Ma chai ekdam crazy cricket fan so i hope sooner or later this project will complete. Teta price kasari xa kattiko k xa vanera very curious 🤔,1,0,2025-05-02 14:13:47+00:00,https://reddit.com/r/Nepal/comments/1kd1zlv/looking_for_buying_a_land_in_1_year/,Help/सहयोग
Nepal,1kd1xxe,Casteism ain't dying anytime soon,Low_Cryptographer706,"This is from a creator which resides outside Nepal (NRN), despite that they are admiring and bluffing casteism. I know this isn't completely wrong but this definitely comes in spectrum. In this age, do we really need to talk and admire casteism? Everyone seems to normally accept, even the genz and some even booast their caste. What do u think, is this wrong in your opinion?",1,0,2025-05-02 14:11:48+00:00,https://reddit.com/r/Nepal/comments/1kd1xxe/casteism_aint_dying_anytime_soon/,Discussion/बहस 
Nepal,1kd1rqk,Job Vacancy - On Site Role in Chakrapath Kathmandu,Alex-Stygen,,1,0,2025-05-02 14:04:23+00:00,https://reddit.com/r/Nepal/comments/1kd1rqk/job_vacancy_on_site_role_in_chakrapath_kathmandu/,
Nepal,1kd1pig,Lenevo Legion or Acer Nitro?,ajir_lawjju,I am planning to buy laptop but cant decide which one to go for can you guys suggest ..my budget is 150-180k.,1,1,2025-05-02 14:01:51+00:00,https://reddit.com/r/Nepal/comments/1kd1pig/lenevo_legion_or_acer_nitro/,Technology/प्रविधि
NepalStock,1kd1ijr,What's going on with NEPSE-30?,99_December,"Why is NEPSE-30 no longer discussed? Everyone was buzzing about NEPSE-30 when it first made the news. claiming that it will transform the stock market in Nepal. How it will greatly simplify trading. We're discussing the possibility of trading futures and options as well. Now the news died down, a year has passed and we don't have any updates.",1,0,2025-05-02 13:53:28+00:00,https://reddit.com/r/NepalStock/comments/1kd1ijr/whats_going_on_with_nepse30/,Market
Nepal,1kd1b77,Dear daraz sellerssssssss,sick_sean,"I'm thinking of registering as a seller. 

* What's the usual process like?  
* Commision rate? 
* Do you feel like your product's getting sold better? 



 Anything else i need to know about it? Precautions? Loopholes? 

Thanks",1,0,2025-05-02 13:44:15+00:00,https://reddit.com/r/Nepal/comments/1kd1b77/dear_daraz_sellerssssssss/,Question/प्रश्न
Nepal,1kd16b7,"Tashi, Apple’s Everest drama, set to start filming in Nepal",chlorine-osmosis,,1,0,2025-05-02 13:38:11+00:00,https://reddit.com/r/Nepal/comments/1kd16b7/tashi_apples_everest_drama_set_to_start_filming/,Movies/चलचित्र
Nepal,1kd0zie,Kathmandu/Lalitpur area ma kata tira NCERT books thikka price ma kinna pahinchha?,Pri_owo,School ko lagi books khojda ekdamei overpriced wala matra bhetyo. Please respond if you have any information.,1,0,2025-05-02 13:29:34+00:00,https://reddit.com/r/Nepal/comments/1kd0zie/kathmandulalitpur_area_ma_kata_tira_ncert_books/,Question/प्रश्न
Nepal,1kd0wc9,Good drinks in Kathmandu???,Salt_Magician_3640,,1,1,2025-05-02 13:25:36+00:00,https://reddit.com/r/Nepal/comments/1kd0wc9/good_drinks_in_kathmandu/,Help/सहयोग
Nepal,1kd0ksk,Im searching to buy a laptop for myself .I’ve got a maximum budget of 70k,EfficiencyNovel8590,Im tryna find a laptop for 70k idk what are the best variations for one but i preferably want a laptop that is good for video editing and a little gaming here and there..i hope y’all help me find something that suits me..,4,7,2025-05-02 13:10:50+00:00,https://reddit.com/r/Nepal/comments/1kd0ksk/im_searching_to_buy_a_laptop_for_myself_ive_got_a/,
Nepal,1kd0k16,Just starting with crypto &amp; zk — struggling to find good beginner resources. Need help!,CharacterMeaning1666,"I’m just getting started with crypto and recently got interested in Zero Knowledge (zk) stuff. The problem is, I’m finding it really hard to understand things clearly — there aren’t enough beginner-friendly resources, and most of the ones I’ve found are either too advanced or not well explained.

I don’t have a strong background in cryptography or computer science, but I’m eager to learn and explore more about how zk works and its use cases in crypto.

Can anyone recommend some good beginner-level resources (videos, articles, YouTube channels, courses, anything) that explain concepts in a simple way?

Also, if you’ve been through this learning curve, how did you start understanding things clearly?

Appreciate any help!",1,0,2025-05-02 13:09:51+00:00,https://reddit.com/r/Nepal/comments/1kd0k16/just_starting_with_crypto_zk_struggling_to_find/,Question/प्रश्न
Nepal,1kd0j7s,There is new Conspiracy Theory about the Cooperative Scam,Organic_Guard_7472,,1,0,2025-05-02 13:08:39+00:00,https://reddit.com/r/Nepal/comments/1kd0j7s/there_is_new_conspiracy_theory_about_the/,Rant/गुनासो
Nepal,1kd09n3,Public bus route from thapathali to dillibazaar,[deleted],,1,1,2025-05-02 12:56:14+00:00,https://reddit.com/r/Nepal/comments/1kd09n3/public_bus_route_from_thapathali_to_dillibazaar/,
Nepal,1kd08tv,Thapathali to dillibazaar public bus route?,[deleted],,1,1,2025-05-02 12:55:07+00:00,https://reddit.com/r/Nepal/comments/1kd08tv/thapathali_to_dillibazaar_public_bus_route/,
Nepal,1kd06i3,Anyone studying or graduated from Presidential Graduate School in Nepal?,Old_Sheepherder7111,,1,1,2025-05-02 12:51:45+00:00,https://reddit.com/r/Nepal/comments/1kd06i3/anyone_studying_or_graduated_from_presidential/,
Nepal,1kd04dy,Anyone studying or graduated from Presidential Graduate School in Nepal? Looking for honest feedback!,Old_Sheepherder7111,,1,0,2025-05-02 12:48:49+00:00,https://reddit.com/r/Nepal/comments/1kd04dy/anyone_studying_or_graduated_from_presidential/,
Nepal,1kczwyn,Kathmandu to bandipur guidance,chocobari,"Hello!! To the people who have travelled to bandipur, I was wondering what's the route to get to bandipur. Kathmandu bata siddai bandipur Jane public gadi paucha ki paudaina? Or tyo sumo haru book garera Jana chai kata bata book garne ho? Please let me know!",1,0,2025-05-02 12:38:16+00:00,https://reddit.com/r/Nepal/comments/1kczwyn/kathmandu_to_bandipur_guidance/,Question/प्रश्न
Nepal,1kczqah,📚 Anyone studying or graduated from Presidential Graduate School in Nepal? Looking for honest feedback!,Old_Sheepherder7111,,1,1,2025-05-02 12:28:37+00:00,https://reddit.com/r/Nepal/comments/1kczqah/anyone_studying_or_graduated_from_presidential/,
Nepal,1kcyuje,any good crafts shops in kathmandu / lalitpur ?,megaguccipeepee69,"i'm here for a month so i wanted to resume my crocheting and journaling/ scrapbooking.. i searched some places in google, and there are some place nearby me where they sell glue and papers like that but are there any good crafts store .. like a department store in kathmandu or lalitpur area? i wanna buy wool yarn and stickers and sole craft materials",1,1,2025-05-02 11:42:31+00:00,https://reddit.com/r/Nepal/comments/1kcyuje/any_good_crafts_shops_in_kathmandu_lalitpur/,Question/प्रश्न
Nepal,1kcyoj5,Last day as a 17 year old boy. Gonna turn 18 tomorrow,prasannawes1,,1,1,2025-05-02 11:33:10+00:00,https://reddit.com/r/Nepal/comments/1kcyoj5/last_day_as_a_17_year_old_boy_gonna_turn_18/,Discussion/बहस 
Nepal,1kcyod8,Quick suggestion for laptop store,Speed-11,Is fourtech a good store to buy laptop since I am new here and I dont know any geniune stores so I am  a bit confused.As I am paying a lot of money for a laptop I should get a geniune laptop not a scam.,1,0,2025-05-02 11:32:54+00:00,https://reddit.com/r/Nepal/comments/1kcyod8/quick_suggestion_for_laptop_store/,Discussion/बहस 
Nepal,1kcyo9g,Is anyone offering an SEO internship in Nepal?,Agile_Imagination532,"Yes! I’m currently **hiring 1 SEO intern and 1 SEO content writer**. If you’re looking to start your career in digital marketing, this is a great chance to gain hands-on experience with SEO tools, content writing, keyword research, and more.

You can [check Kumari Job](https://www.kumarijob.com/) for more details, or you can [contact me directly on LinkedIn](https://www.linkedin.com/posts/sujit-chaulagain-54181b2bb_hiring-hiring-seointern-activity-7323343362332237824-2YnF?utm_source=social_share_send&amp;utm_medium=member_desktop_web&amp;rcm=ACoAAEzUbkEBie-7QoH7Fo9roEFO_uVcoUgzpAQ) if you're interested.",1,0,2025-05-02 11:32:43+00:00,https://reddit.com/r/Nepal/comments/1kcyo9g/is_anyone_offering_an_seo_internship_in_nepal/,
Nepal,1kcyi4g,Facing a dilemma what should i do,Ecstatic_Pitch,,1,0,2025-05-02 11:23:11+00:00,https://reddit.com/r/Nepal/comments/1kcyi4g/facing_a_dilemma_what_should_i_do/,Question/प्रश्न
Nepal,1kcyhh1,Western Union Recipient Help needed,Candid-Scheme1835,"One of my relatives is planning to send me money through **Western Union**. I checked online and found that there are many **Western Union agent locations** around me, including **commercial banks, cooperatives, and other businesses**.

I was wondering if **I needed to have a bank account in the respective place where I go to receive the money**? For example, if I go to a commercial bank that offers Western Union services, do I need to have an account with that bank? Or can anyone walk in and collect the money without being their customer?",1,0,2025-05-02 11:22:12+00:00,https://reddit.com/r/Nepal/comments/1kcyhh1/western_union_recipient_help_needed/,
Nepal,1kcyg4c,Western Union Agent ................,Candid-Scheme1835,,1,1,2025-05-02 11:20:06+00:00,https://reddit.com/r/Nepal/comments/1kcyg4c/western_union_agent/,
Nepal,1kcyfd8,Trek ideas for 3-6 days. Any ideas?,Ekcolk,"Looking for a hike maybe 3-6 days. Moderate (where I don’t risk death but still challenging). As beautiful as possible! And easy (ish) travel to and from. 
Also general travel advice is greatly appreciated (:",1,0,2025-05-02 11:18:51+00:00,https://reddit.com/r/Nepal/comments/1kcyfd8/trek_ideas_for_36_days_any_ideas/,Help/सहयोग
Nepal,1kcyedd,How to import 10kg of clothes and shoes from china?,xuZzin,"I had imported some clothes and shoes from chinese websites like taobao, weidian, yupoo and such when I was abroad which was smooth and basically no import taxes. I have been trying to get similar stuffs in nepal for my personal use. I got some T-shirts and shorts which I have been wearing almost everyday washing atleast once a week for a year now and they still  look like they will last for 2 more years. Same with the shoes. I asked a importer and he says there will be 45% (or 35%) tax for name brands in customs. 
        My question is, How are people selling lets say AF1's for Rs.2500 when the customs alone would be over Rs 5000 since they will be considered Branded and Nike Swoosh logos on them? 
          Is there any way I could import for cheap?",1,0,2025-05-02 11:17:15+00:00,https://reddit.com/r/Nepal/comments/1kcyedd/how_to_import_10kg_of_clothes_and_shoes_from_china/,Help/सहयोग
Nepal,1kcxy6b,how to make dollar card and use it ?,Showertruecolours,,1,1,2025-05-02 10:50:26+00:00,https://reddit.com/r/Nepal/comments/1kcxy6b/how_to_make_dollar_card_and_use_it/,
Nepal,1kcxvdz,How to get a job after an internship?,Agile_Imagination532,"I was also confused after my internship and didn’t know what to do. But then I checked [Kumari Job](https://www.kumarijob.com/) and found tons of [jobs related to IT](https://www.kumarijob.com/job-listing/it-jobs-in-nepal), [digital marketing](https://www.kumarijob.com/jobs-in-nepal/digital-marketing-jobs-in-nepal), and more.I applied for one job and got selected on my first try. It really helped me a lot.Just keep your CV ready and apply to jobs that match your skills. Don’t wait too long after your internship ends. Good luck!",1,0,2025-05-02 10:45:42+00:00,https://reddit.com/r/Nepal/comments/1kcxvdz/how_to_get_a_job_after_an_internship/,
Nepal,1kcxln8,Please suggest me the calculator shop where i can find DJ-120D model calculator,Ok_Animal9268,"https://preview.redd.it/go4evay9icye1.png?width=611&amp;format=png&amp;auto=webp&amp;s=1ffe59377112ddf6accca868e788526c6bee4271

I checked many shops in different area but not able to find any.  
Attaching calculator model too for reference.  
[This is the calculator.](https://www.amazon.in/Casio-DJ-120D-Business-Calculator/dp/B007Q83LVE)

Please suggest where i can find DJ-120D Model. I found DA model, but it doesn't function the same.  
Thank you in advance",1,0,2025-05-02 10:27:53+00:00,https://reddit.com/r/Nepal/comments/1kcxln8/please_suggest_me_the_calculator_shop_where_i_can/,Help/सहयोग
Nepal,1kcxg4c,suggest me best wrapsy provvider in nepal ..online /physical !,Own_Host4178,,1,1,2025-05-02 10:17:41+00:00,https://reddit.com/r/Nepal/comments/1kcxg4c/suggest_me_best_wrapsy_provvider_in_nepal_online/,
Nepal,1kcxf9l,"With some simple habits,
your scooter can easily serve you for 10+ years.
Pretty amazing, right?",[deleted],,1,1,2025-05-02 10:16:03+00:00,https://reddit.com/r/Nepal/comments/1kcxf9l/with_some_simple_habits_your_scooter_can_easily/,
Nepal,1kcxejz,SUGGEST ME WRAPSY ONLINE /PHYSICAL SELLER FOR MY LAPTOP,Own_Host4178,,1,1,2025-05-02 10:14:42+00:00,https://reddit.com/r/Nepal/comments/1kcxejz/suggest_me_wrapsy_online_physical_seller_for_my/,
Nepal,1kcx4ej,Bollywood item song copying udreko choli,RohanBhattaraiNP,"Is it just me or this ajj ki raat song where tamannaah dances, the lyrics is exact copy of nepali og song, udreko choli. “Chuna lai hoina, herna chai paincha” becomes the starting line, “bas dur se dekhiye isse, chunaa mana hai”. and nepali “Aakha lai sekna jati ni paincha” becomes “ajj ki raat ka maja aakhon se lijiye”. Not saying the entire song was copied but what are the chances its parts of lyrics being inspired/copied?",1,0,2025-05-02 09:55:50+00:00,https://reddit.com/r/Nepal/comments/1kcx4ej/bollywood_item_song_copying_udreko_choli/,
Nepal,1kcwhuf,+2 science pachi k garne ta?,Amreet01,"I'm a so called "" topper"" in +2 science from my college.
IT Ma pani khasai interest chha chhaina confused xu ailesama computer xoko xaina 10-12 (49/509 score gari rako chuu 
i have primarily two choices ki bides jane ki yatai bachelor's garera ani bides jane:

first- go to countries that offers maximum level of scholarship and which requires low investment- my shortlist are korea and Italy, how about it? any advice 

-next i came to realize i have never grasped the sole concept, I've just been studying from marks pov, so i gotta switch sides, bides gayeni yahi baseni, kun course garda thik hola? BBA??",1,0,2025-05-02 09:10:18+00:00,https://reddit.com/r/Nepal/comments/1kcwhuf/2_science_pachi_k_garne_ta/,
Nepal,1kcw1oi,Struggles as a Barista in Pokhara – Why Nepal’s Coffee Culture Isn't Growing,afrocircs0003,"Hi everyone, I'm a certified barista from Pokhara with around 5 years of experience. I also guide new baristas. But honestly, Nepal’s coffee culture isn’t growing the way it should—and I’ve seen why.

Too many cafes open every few months, but most shut down within 1–2 years due to poor customer flow and lack of proper coffee knowledge. Customers rarely try anything beyond a cappuccino or latte, and real specialty coffee is often too expensive for them.

As a barista, I also faced bias and rejection. After my training, I went to many cafés asking for free internships—just to learn—but no one gave me a chance. Meanwhile, some classmates who weren’t serious got jobs easily, mostly because they were girls.(I am not try to spread hate towards female baristas).It was discouraging. Even our instructors, who promised help with internships, didn’t support us.

Eventually, my dad helped me open a small café with 3–4 seats using borrowed money. I now run it alone, still trying to follow my passion.

Have you faced something similar as a barista or café owner in Nepal? Would love to hear your experiences and ideas on how we can fix this together.",1,0,2025-05-02 08:37:30+00:00,https://reddit.com/r/Nepal/comments/1kcw1oi/struggles_as_a_barista_in_pokhara_why_nepals/,
Nepal,1kcvumi,DOES ANYONE GOT THESE TYPE OF ACNE SCAR??,Low_Cryptographer706,,1,1,2025-05-02 08:22:34+00:00,https://reddit.com/r/Nepal/comments/1kcvumi/does_anyone_got_these_type_of_acne_scar/,Question/प्रश्न
Nepal,1kcvssc,Foreign Direct Investment in Nepal| FDI in Nepal 2025,Cautious-Water-6914,,1,1,2025-05-02 08:18:41+00:00,https://reddit.com/r/Nepal/comments/1kcvssc/foreign_direct_investment_in_nepal_fdi_in_nepal/,
Nepal,1kcvpg2,What are the rates for charging your dollar card?,LivingCornet694,"I use the dollar card by global IME and it is recommended by everyone in the subreddit as well. It is cheaper than other cards to own(300/year) and no topup charges. What I wanted to know is whether topping of the card is more expensive or not. That is, whether they take a higher cut in NPR to USD exchange. On may 2, It was 134.6 per dollar. What is it for other banks' cards?",1,0,2025-05-02 08:11:38+00:00,https://reddit.com/r/Nepal/comments/1kcvpg2/what_are_the_rates_for_charging_your_dollar_card/,Question/प्रश्न
Nepal,1kcvpat,best time to visit Manang,Hot_University_1961,"Guys, what is the best time of the year to go to Manang on a bike ride. Like no slippery roads due to rain. No snowfall and best time to watch beautiful green forest along the way and unfrozen lakes with clear mountains. Guys let me know i want to truly enjoy its beauty for once.",1,0,2025-05-02 08:11:22+00:00,https://reddit.com/r/Nepal/comments/1kcvpat/best_time_to_visit_manang/,
Nepal,1kcvorm,Rain curtains over Bhaktapur,Emotional_Rain-,,1,0,2025-05-02 08:10:17+00:00,https://reddit.com/r/Nepal/comments/1kcvorm/rain_curtains_over_bhaktapur/,
Nepal,1kcvids,"Nepali student dies by suicide in Bhubaneswar’s KIIT hostel, second in 3 months",SquaredAndRooted,,1,2,2025-05-02 07:57:35+00:00,https://reddit.com/r/Nepal/comments/1kcvids/nepali_student_dies_by_suicide_in_bhubaneswars/,News/समाचार
Nepal,1kcv2nb,my roaming plan- data is beautiful created in R,Beginning-Document-7,,1,1,2025-05-02 07:24:34+00:00,https://reddit.com/r/Nepal/comments/1kcv2nb/my_roaming_plan_data_is_beautiful_created_in_r/,Travel/यात्रा
Nepal,1kcv1vw,Help regarding complaint to department of Labour,Rhaens_21,"I’m currently working in a company whose name I cannot disclose. I have already given my 30 days notice period. 

However l, I have a gut feeling that they are not going to give me my SSF clearance and the pay for the month of Baisakh. 

What are the actions that I can take if they withhold my money? Im fine with receiving my salary late but my SSF clearance cannot wait.",1,0,2025-05-02 07:22:52+00:00,https://reddit.com/r/Nepal/comments/1kcv1vw/help_regarding_complaint_to_department_of_labour/,Help/सहयोग
Nepal,1kcuqd4,Friend in United States Suffering From Catatonia Needs Urgent Help,FixMaterial4363,"**Namaste Everyone,**

We urgently seek your help and guidance regarding a critical situation involving our friend, who is acurrently hospitalized in the U.S. with Catatonia, a condition causing significant mental confusion. The hospital bills are mounting daily and have become unsustainable, especially as he comes from a lower-middle-class family in Nepal.

Our friend is an exceptionally bright student on a full scholarship, but he needs immediate support in returning safely to Nepal for further care. We are looking for anyone travelling from the U.S. to Kathmandu within the next few weeks who could accompany him during the flight. All your travel expenses, including airfare, will be fully covered by the funds we have raised.

We will provide all necessary medical documentation, including a doctor's fit-to-fly note, and coordinate closely with the airlines and airport personnel to ensure smooth and safe travel arrangements.

If you or someone you know is travelling soon or willing to make this journey, your assistance would mean the world to us and his family. Additionally, if you have any experience or knowledge about safely transporting someone with mental health conditions internationally, we would deeply appreciate your advice.

We are also considering organizing a fundraising event to further assist with his medical expenses. Any suggestions or support in this regard would also be incredibly helpful.",1,0,2025-05-02 07:00:16+00:00,https://reddit.com/r/Nepal/comments/1kcuqd4/friend_in_united_states_suffering_from_catatonia/,Help/सहयोग
Nepal,1kcunkt,Friend in United States Suffering From Catatonia Needs Urgent Help,FixMaterial4363,,1,0,2025-05-02 06:54:55+00:00,https://reddit.com/r/Nepal/comments/1kcunkt/friend_in_united_states_suffering_from_catatonia/,
Nepal,1kcuaa1,Wise swift payment garda bank lai k k info dinu parcha?,[deleted],,1,1,2025-05-02 06:29:07+00:00,https://reddit.com/r/Nepal/comments/1kcuaa1/wise_swift_payment_garda_bank_lai_k_k_info_dinu/,Question/प्रश्न
Nepal,1kcu8bs,Transfering money out of Nepal,Lord_Voldemort736,,1,0,2025-05-02 06:25:18+00:00,https://reddit.com/r/Nepal/comments/1kcu8bs/transfering_money_out_of_nepal/,Help/सहयोग
Nepal,1kcu5if,ACCA Institutes in Nepal are trap,deadly_noob,"Straightforward: These so called ACCA institutes are just the money making machine, their approach and marketing gimmick is just next level.

If you have already planned to pursue ACCA, self gara
Papers in ACCA are doable by self, majority of the classes are just running as a act to finish the syllabus but not all.

I believe self garna sakinxa else you can try taking classes but paper wise pay gara.",1,0,2025-05-02 06:19:37+00:00,https://reddit.com/r/Nepal/comments/1kcu5if/acca_institutes_in_nepal_are_trap/,
Nepal,1kcu2l1,Wise swift payment garda bank lai k k info dinu parcha?,No_Vast_8367,,1,0,2025-05-02 06:14:04+00:00,https://reddit.com/r/Nepal/comments/1kcu2l1/wise_swift_payment_garda_bank_lai_k_k_info_dinu/,
Nepal,1kcu0f5,Education/student Tax in NEPAL,CandidateAny5707,I recently found out that visa reject vayesi tireko tax refund huncha. I had my visa rejrected on 2016. Ani I paid cash through Nabil Bank at that time ani got refunded after rejection. What do you guys think if should Iclaim my money by bank. Am i eligible?,1,0,2025-05-02 06:09:55+00:00,https://reddit.com/r/Nepal/comments/1kcu0f5/educationstudent_tax_in_nepal/,
Nepal,1kctrts,Help me find a Nepali music video please which i saw when i was a kid,frogtoad93,,1,0,2025-05-02 05:53:39+00:00,https://reddit.com/r/Nepal/comments/1kctrts/help_me_find_a_nepali_music_video_please_which_i/,
Nepal,1kctk5n,Looking for a recruitment agency for work in Europe – any opinions on Glocal Workforce Nepal and Global Recruit Experts?,Dapper_Tourist_5201,,1,1,2025-05-02 05:39:49+00:00,https://reddit.com/r/Nepal/comments/1kctk5n/looking_for_a_recruitment_agency_for_work_in/,
Nepal,1kctf58,Sending post cards to USA.,Kaal_vairab,"Guys need a help, what is the process to send a post cards to usa? I know before it can be send from hulak near dharahara. Does anyone know how to send now? Please help guys!",1,0,2025-05-02 05:30:41+00:00,https://reddit.com/r/Nepal/comments/1kctf58/sending_post_cards_to_usa/,
Nepal,1kctf4r,Why everyone are mingle? 😢😢😢😢😢😢,LetInternational3523,,1,1,2025-05-02 05:30:39+00:00,https://reddit.com/r/Nepal/comments/1kctf4r/why_everyone_are_mingle/,
Nepal,1kct0t1,mbbs entrance preparation,[deleted],,1,0,2025-05-02 05:04:58+00:00,https://reddit.com/r/Nepal/comments/1kct0t1/mbbs_entrance_preparation/,
Nepal,1kcsxwo,If anyone has any idea about this please comment!,Accomplished_Sound44,"This is urgent and I need your help!!
Maele admissions overseas consultancy bata Canada ko lagi apply gareko the it's been a year now ,it's located in ghnta ghar ,first time lodge grda I got rejected and second time waha le aafae lodge grdinu vayo without taking our decision,it was miscommunication,then tyo lodge gareko 2 months paxi embassy bata Mero paper withdrawn thyo vanera ayo which I had never done ,and ma'am said tapae haru ko Pani galti hoina hamro ni hoina embassy bata mistake vako ho ! Then we raised web form and did all the things last ma refund Hala vannu vayo and we did Pani  4 5 din vayo refund aako but full aayena 2500 CAD katera ayo. College ko policy anusar processing ma documents withdrawn garyo vane pay garna parxa ,I'm aware of that but here the Fault is of embassy and we had to pay ! I'm not okay with this they are telling me ""aaba j sukae garnus hami jandina""",1,0,2025-05-02 05:00:10+00:00,https://reddit.com/r/Nepal/comments/1kcsxwo/if_anyone_has_any_idea_about_this_please_comment/,
Nepal,1kcsws1,"Hey people with low attentiveness, do you face problems with driving ?",Current-Masu-Sprite,"My main problems while riding a bike are :
1) forgetting which gear im on , i literally  go neutral in middle ofdriving multiple times each ride because i cant recall which gear i was on,
2) Freezing : yeah many times times i forgot to press the brakes when required however never hit anything until now, so i just drive really slow on any city area, moreover not pressing clutch has my engine off multiple times middle of road
3) Unable to figure out what to do, in many situation in crowded roads im just so overwhlemed not knowing what to do, like overtaking , street crossing etc
4) Distracted by inner thoughts that pop up while driving and loosing focus on outside

I got my lisence last month the trail was very easy however i fear driving now and haven't touched bike since last week except on silent countryside where i dont have these problems, is this normal?",1,0,2025-05-02 04:58:08+00:00,https://reddit.com/r/Nepal/comments/1kcsws1/hey_people_with_low_attentiveness_do_you_face/,Discussion/बहस 
Nepal,1kcsuj9,"Bus route for Balkumari bridge to Bagbazar OR, Near from Sahayogi nagar, koteshwor to bagbazar/RNAC",amSangam,,1,1,2025-05-02 04:54:06+00:00,https://reddit.com/r/Nepal/comments/1kcsuj9/bus_route_for_balkumari_bridge_to_bagbazar_or/,
Nepal,1kcsjqv,Need advice. UFO ko kapda kasto huncha. I wanna buy some tees and sweatpants.,Rogue_guy0,I am a guy about 5'7 and 60 kg. wanna buy some affordable clothing. Recommend garam hai,1,0,2025-05-02 04:34:38+00:00,https://reddit.com/r/Nepal/comments/1kcsjqv/need_advice_ufo_ko_kapda_kasto_huncha_i_wanna_buy/,
Nepal,1kcru44,Real Estate Nepal Beginner,pinkyponkymonkey,Real estate bujhna ko lagi Nepal ko context based kei videos haru or books kei hola for a beginner. I want to know the terms and all that beginner needs to know....??,1,0,2025-05-02 03:51:50+00:00,https://reddit.com/r/Nepal/comments/1kcru44/real_estate_nepal_beginner/,Help/सहयोग
Nepal,1kcrsxj,I am scared about my choices.,[deleted],,1,1,2025-05-02 03:49:47+00:00,https://reddit.com/r/Nepal/comments/1kcrsxj/i_am_scared_about_my_choices/,Rant/गुनासो
Nepal,1kcrjkw,A girl asked me to be fwb,Rogue_guy0,"Okay, Now that I have your attention. I'm just looking for place in kathmandu to buy affordable clothes like joggers, shirt, pant, tees etc. So it would be nice if yall drop some recommendations.",1,0,2025-05-02 03:34:15+00:00,https://reddit.com/r/Nepal/comments/1kcrjkw/a_girl_asked_me_to_be_fwb/,
Nepal,1kcrc5d,Help regarding withdrawing Nabil dollar card balance,No_Mess5500,Hello. I want withdraw Mero dollar card KO balance. How can I do it?,1,0,2025-05-02 03:22:42+00:00,https://reddit.com/r/Nepal/comments/1kcrc5d/help_regarding_withdrawing_nabil_dollar_card/,
Nepal,1kcrbjb,Anyone interested for advocacy?,Positive_Map8499,"Title. I need to make a team of passionate and resilient nepalis to lobby MOFA, and NYC. If you are interested then please DM me and I will provide you more details. Preferably around 15 and living in Kathmandu",1,0,2025-05-02 03:21:44+00:00,https://reddit.com/r/Nepal/comments/1kcrbjb/anyone_interested_for_advocacy/,Help/सहयोग
Nepal,1kcra15,where to repair samsung phone screen in Kathmandu?,atalkingheadd,I dropped my Samsung phone yesterday which broke the display and want to have it replacedwith an original. How much should I expect to be spending?  I'm also concerned about my privacy and wanted to know how much of a risk is there that your data and files are compromised when giving it to be repaired? Please suggest some trusted places you know. Thank you.,1,0,2025-05-02 03:19:29+00:00,https://reddit.com/r/Nepal/comments/1kcra15/where_to_repair_samsung_phone_screen_in_kathmandu/,
Nepal,1kcr1lf,Is wise still available on nepal,creepy72455,"So, I just started YouTube and had great success. I'm almost at the monetization threshold. But then, some small company gave me a strike, probably out of jealousy, over a clip that didn’t even belong to them. Luckily, I’m close to winning the dispute, just one or two days left.

In the meantime, a game company reached out for a paid collaboration. I asked for $50 since my views were down that week, and they countered with $37 plus a bonus structure where I would get additional payments depending on views: $30 if I hit 100k views, $40 for 200k, $60 for 300k, $90 for 500k, and $110 for 1 million views.

It sounds like a decent deal. I asked if they could pay weekly and they agreed. Now, they’re asking for my European bank details or PayPal ID to send the payment. I’m not sure what to do. Can anyone help me?",1,0,2025-05-02 03:06:38+00:00,https://reddit.com/r/Nepal/comments/1kcr1lf/is_wise_still_available_on_nepal/,Question/प्रश्न
Nepal,1kcqboc,"KIIT case 2.0, another nepali killed herself",pie-3_1415,,1,1,2025-05-02 02:28:11+00:00,https://reddit.com/r/Nepal/comments/1kcqboc/kiit_case_20_another_nepali_killed_herself/,Discussion/बहस 
Nepal,1kcq4v0,Nepali college students and their hopeless sponsorship demands with small businesses.,Gaandumandu,,1,0,2025-05-02 02:17:43+00:00,https://reddit.com/r/Nepal/comments/1kcq4v0/nepali_college_students_and_their_hopeless/,
Nepal,1kcpzqi,New day new hope (Patan Darbar Square),nikhilxettri,,72,4,2025-05-02 02:10:14+00:00,https://reddit.com/r/Nepal/comments/1kcpzqi/new_day_new_hope_patan_darbar_square/,
Nepal,1kcptf1,Saanjh Ma Pani - Nima Rumba,troller-,,1,0,2025-05-02 02:00:57+00:00,https://reddit.com/r/Nepal/comments/1kcptf1/saanjh_ma_pani_nima_rumba/,Music/सङ्गीत
Nepal,1kcprht,वडा नम्बर ४ वडा कप खुल्ला पुरुष क्रिकेट प्रतियोगिताको फाईनलमा प्रवेश,Nearby_Cucumber_3572,,1,1,2025-05-02 01:58:22+00:00,https://reddit.com/r/Nepal/comments/1kcprht/वड_नमबर_४_वड_कप_खलल_परष_करकट_परतयगतक_फईनलम_परवश/,
Nepal,1kcppu3,वडा नम्बर ४ वडा कप खुल्ला पुरुष क्रिकेट प्रतियोगिताको फाईनलमा प्रवेश,Nearby_Cucumber_3572,,1,1,2025-05-02 01:55:54+00:00,https://reddit.com/r/Nepal/comments/1kcppu3/वड_नमबर_४_वड_कप_खलल_परष_करकट_परतयगतक_फईनलम_परवश/,
Nepal,1kcpiih,Has anyone got married from a dating app? How is it going?,Competitive-Draft-14,,1,1,2025-05-02 01:45:08+00:00,https://reddit.com/r/Nepal/comments/1kcpiih/has_anyone_got_married_from_a_dating_app_how_is/,Question/प्रश्न
Nepal,1kcpdad,Saanjh Ma Pani - Nima Rumba,troller-,Follow us on Instagram: chandalichandalimusic,1,0,2025-05-02 01:37:26+00:00,https://reddit.com/r/Nepal/comments/1kcpdad/saanjh_ma_pani_nima_rumba/,Music/सङ्गीत
Nepal,1kck9j1,Planning a Relaxing Nepal Trip During Eid – Need Advice,ParthoShuvo9,"Hi all!

My wife and I are thinking of visiting Nepal during the Eid holidays. We’ve heard it’s the beginning of the monsoon season around that time, so we’re a bit unsure if it’s the right time to go.

We’re not planning to do any trekking — just want a peaceful trip to explore some places, enjoy the culture, food, and unwind a bit.

Has anyone traveled to Nepal around this time? Is the weather manageable for general sightseeing and chilling out? Would love to hear your thoughts or suggestions!

Thanks a lot! 🙏",1,0,2025-05-01 21:32:25+00:00,https://reddit.com/r/Nepal/comments/1kck9j1/planning_a_relaxing_nepal_trip_during_eid_need/,Help/सहयोग
Nepal,1kcj3nl,Mobile banking ko payment ko proof,Scary_Macaron_3061,"So k bhanda maile Prabhu mobile banking  bata college ko fee tire the ani tyo screenshot linu bhanda agadi ya download garnu bhanda agadi afai back bhayo ani tyo download screenshot kei lina payena Aba college ma proof dekhaunu parcha 
College le Esai mandaina transaction dekhayera kina bhane uni haru ko transaction dherai huncha ani college ko staff haru lai ta tyo bare tha pani hunna herna ni mildaina because college is big so maile tyo transaction ko proof kei lina milcha bank gayera ya bank lai email garera kei garera testo garna milcha hola 
College lai proof dekhauna ki maile already Tori sake bhanera 
Please help me koi Prabhu bank ko staff cha bhane bhannu na k garna milcha????",1,0,2025-05-01 20:42:58+00:00,https://reddit.com/r/Nepal/comments/1kcj3nl/mobile_banking_ko_payment_ko_proof/,Help/सहयोग
Nepal,1kcizba,Any Prabhu bank employee here??,Scary_Macaron_3061,,1,1,2025-05-01 20:37:52+00:00,https://reddit.com/r/Nepal/comments/1kcizba/any_prabhu_bank_employee_here/,Help/सहयोग
Nepal,1kcifv8,Badminton training in Kathmandu.,Meyhuujian,"Hi all,
I’m in Kathmandu and want to level up my badminton skills. Can anyone recommend a good training center here? Looking for quality coaching. Please share your experiences or suggestions. Thanks!
And I'm not a beginner i play kinda semi pro. Not top of line but abobe average.",1,0,2025-05-01 20:14:44+00:00,https://reddit.com/r/Nepal/comments/1kcifv8/badminton_training_in_kathmandu/,Sports/खेलकुद
Nepal,1kcgf8g,Nepal and Nepali's Identity,R-Sky3011,"There is no point in saying a certain group is not Nepali. Who do you even consider a Nepali? If you say people living in Nepal are Nepali, then some people will start to get crayyy, and if you say those who speak Nepali, then would you consider a skimmise who can speak Nepali a Nepali?

And you can't use the word Nepali in your definition of Nepali. If you want, please define Nepali.

While doing unification (king PNS), Kathmandu was only considered as Nepal. It was probably a newari word( I am not sure). Our whole identity is based on someone else's identity. The kings used others' identity instead of using their own, like they were from Gorkha, maybe use a word from your language. Weren't they khas? I think people used to call the Nepali language our grandfathers used to speak, khas bhasa?

This is my opinion, and I mean no hate to anyone or any community.

I am not a histrion or something, so my points might be wrong.",1,0,2025-05-01 18:49:24+00:00,https://reddit.com/r/Nepal/comments/1kcgf8g/nepal_and_nepalis_identity/,
Nepal,1kcgbla,Rrnting a bike in Pokhara for Mustang Ride - Worth It? Breakdown Risks,nirmallama27,"Planning a motorbike ride from Pokhara to Mustang. I’m an intermediate rider and want to rent a bike (like a Royal Enfield or Himalayan). 
Questions:
Is it worth renting for the Pokhara-Mustang trip? How’s the experience vs. jeep/bus? Any recent riders share if it’s epic or too risky?
Bike breakdown risks? Worried about the bike failing on rough Mustang roads. How common are breakdowns, and are there mechanics en route? Tips to avoid issues

Rental costs? Heard it’s ~NRs. 2500-5500/day. What’s the real cost, including fuel, deposits, or permits? Reliable shops in Pokhara?
Road conditions? How tough are the roads? Best bike for the mix of paved and off-road?

Any advice or recent experiences (especially on breakdowns) would help! Thanks, r/Nepal riders! 🏍️",1,0,2025-05-01 18:45:04+00:00,https://reddit.com/r/Nepal/comments/1kcgbla/rrnting_a_bike_in_pokhara_for_mustang_ride_worth/,
Nepal,1kcg7ud,tenant hasn’t paid in 6 months,Seeker0119,,1,0,2025-05-01 18:40:42+00:00,https://reddit.com/r/Nepal/comments/1kcg7ud/tenant_hasnt_paid_in_6_months/,
Nepal,1kcg6v5,tenant hasn’t paid in 6 months,New_Influence3318,,1,1,2025-05-01 18:39:35+00:00,https://reddit.com/r/Nepal/comments/1kcg6v5/tenant_hasnt_paid_in_6_months/,
Nepal,1kcg3i6,kiit ma feri testai incident bhayexa,Old-Tear-4509,,1,1,2025-05-01 18:35:48+00:00,https://reddit.com/r/Nepal/comments/1kcg3i6/kiit_ma_feri_testai_incident_bhayexa/,News/समाचार
Nepal,1kcg2a5,"Another death, again in KIIT",Old-Tear-4509,,1,1,2025-05-01 18:34:27+00:00,https://reddit.com/r/Nepal/comments/1kcg2a5/another_death_again_in_kiit/,Megathread Post
Nepal,1kcg1qn,"Another suicide, again in KIIT",Old-Tear-4509,,1,1,2025-05-01 18:33:49+00:00,https://reddit.com/r/Nepal/comments/1kcg1qn/another_suicide_again_in_kiit/,News/समाचार
NepalStock,1kcfcuw,Mentor for learning the ropes,deadlydude25,"Where can I find a good mentor for this?
Starting out and lost some, won some but loss in average.",1,0,2025-05-01 18:04:53+00:00,https://reddit.com/r/NepalStock/comments/1kcfcuw/mentor_for_learning_the_ropes/,Market
Nepal,1kcf3dl,Nepali Diaspora across the World (Including Both Temporary Workers and Citizens of Nepali Origin),[deleted],,2,3,2025-05-01 17:54:26+00:00,https://reddit.com/r/Nepal/comments/1kcf3dl/nepali_diaspora_across_the_world_including_both/,
Nepal,1kcf206,Horn plus mandirko ghanti le sutnai payena,[deleted],,1,13,2025-05-01 17:52:48+00:00,https://reddit.com/r/Nepal/comments/1kcf206/horn_plus_mandirko_ghanti_le_sutnai_payena/,Rant/गुनासो
Nepal,1kcexjl,Do Nepali girls actually want to hire a male stripper if they had the chance?,ActuaryTop1916,,1,0,2025-05-01 17:47:36+00:00,https://reddit.com/r/Nepal/comments/1kcexjl/do_nepali_girls_actually_want_to_hire_a_male/,Question/प्रश्न
Nepal,1kceine,Another Nepali girl in KIIT Bhubaneswar India. What's happening?,Grammar_Learn,,1,1,2025-05-01 17:30:52+00:00,https://reddit.com/r/Nepal/comments/1kceine/another_nepali_girl_in_kiit_bhubaneswar_india/,News/समाचार
Nepal,1kce0gs,What’s Happening at KIIT? Another Nepali Student Found Dead,Important-Physics806,,1,1,2025-05-01 17:10:08+00:00,https://reddit.com/r/Nepal/comments/1kce0gs/whats_happening_at_kiit_another_nepali_student/,Megathread Post
Nepal,1kcdylh,Another case ? What's going on in that damn university ?,7sawrad,Shouldn't now government ban the NOC for that university ? Isn't this is enough ...,1,1,2025-05-01 17:07:54+00:00,https://reddit.com/r/Nepal/comments/1kcdylh/another_case_whats_going_on_in_that_damn/,News/समाचार
Nepal,1kcdyg9,What’s Happening at KIIT? Another Nepali Student Found Dead,Important-Physics806,,1,1,2025-05-01 17:07:43+00:00,https://reddit.com/r/Nepal/comments/1kcdyg9/whats_happening_at_kiit_another_nepali_student/,Megathread Post
Nepal,1kcdxw3,"Frequent sleep talking, has anyone experienced this and found a way to reduce it?",lunatic_393,"I do sleep talking almost every night. 
From my roommate and the ones where I usually have spent my nights, from all those people I got to know that I talk in my sleep a lot. This has been a serious issue for quite a long time. I tried to find the causes and remedies of this problem on the internet but could not get much information regarding this. There is no actual solution and the known causes of sleep talking are what almost every article has mentioned. So I want to hear from you guys, if you had/have been through this issue, if so what have you done to reduce sleep talking and get away with it?",1,0,2025-05-01 17:07:06+00:00,https://reddit.com/r/Nepal/comments/1kcdxw3/frequent_sleep_talking_has_anyone_experienced/,
Nepal,1kcdu07,What's happening again at KIIT ? Another suicide case ?,7sawrad,,1,1,2025-05-01 17:02:43+00:00,https://reddit.com/r/Nepal/comments/1kcdu07/whats_happening_again_at_kiit_another_suicide_case/,News/समाचार
NepalStock,1kcdrz8,Automatic trading using technical indicator buy and sell signal,Effective-Quarter-95,"Hello Traders, I want to showcase a way we can achieve systematic trading in NEPSE—so yeah, no more FOMO.

The first part is always the identification of the stock. I think this is a crucial step before we start trading.  
In the world of social media, there’s a lot of noise around “shiny” stocks. For me, good networking with Mr. Market traders helps me shortlist 2-3 stocks.

After that, I apply strategy backtesting. I personally **follow Bollinger Breakout and Supertrend**. My rule is simple: I apply the same strategy indicators to NEPSE and its sub-indices.

For this post, I’ll pick **Radhi**, one of the stocks I’m currently testing for automatic trading—backed by strategy backtest buy/sell rules.  
I just click **Automatic Trading** on the view page of the strategy backtest for **BBreakout**.



https://preview.redd.it/pg7l2gzu97ye1.png?width=583&amp;format=png&amp;auto=webp&amp;s=d4f29c41bf10d837705c30e0088363acd5434083

It will ask me which **TMS Detail** to trade from, the **quantity of the trade**, and whether to **start from Buy**.  
""Start from Buy"" means it will initiate the first trade when a **Buy signal** is triggered.  
If unchecked, it will start from a **Sell** signal instead.



https://preview.redd.it/xppmtw6la7ye1.png?width=1456&amp;format=png&amp;auto=webp&amp;s=01dec07e2a38c7e033c1b36538fa80e1727cd9c5

 I have placed 500 quantity quantity for radhi as you can see auto trade without need of opening tms

https://preview.redd.it/m3fd4o3wa7ye1.png?width=788&amp;format=png&amp;auto=webp&amp;s=6ce700fb1d67f9e4ea2d37d3ebe949fc731f876a

We are giving one strategy back test free on [https://mrmarketnepse.avocado.com.np/](https://mrmarketnepse.avocado.com.np/) For automatic trading , It is not public yet, You have to request me for this feature.",1,0,2025-05-01 17:00:28+00:00,https://reddit.com/r/NepalStock/comments/1kcdrz8/automatic_trading_using_technical_indicator_buy/,Softwares
Nepal,1kcdg9s,Stuart Law joins Nepal Cricket | नया Coach सँग पुनर्निर्माण सुरू,Reasonable-Tour-9036,,1,1,2025-05-01 16:46:50+00:00,https://reddit.com/r/Nepal/comments/1kcdg9s/stuart_law_joins_nepal_cricket_नय_coach_सग/,
Nepal,1kccumi,CG NET | AKA Constantly Glitching Internet,Cla_m,"Yes, I know you guys will type in those comments ""You shouldn't have picked CG at first"" or something like that. But this is PEAK CG NET. Oh god, I payed 300MBps\~ plan and y'all are giving me 770 Kbps? Yes, I know it should be in the 30-40 Mbps range because MBps and Mbps are difference. But, that difference does NOT explain this fast speed of **""770 Kbps"".** 

Trash NET company, will switch to worldlink or vianet later after my plan is finished. PLUS, the support is CRAP. DOG-WATER, literally. I contacted tried them for 1 hour and they put me on hold for like 10 mintues and FINALLY got my internet to be fixed last time. SHI\*T COMPANY. F\*CK CG 

https://preview.redd.it/1mtqntm147ye1.png?width=929&amp;format=png&amp;auto=webp&amp;s=4fc2e407758be9914baed652f615c800f5ef722b",1,0,2025-05-01 16:22:17+00:00,https://reddit.com/r/Nepal/comments/1kccumi/cg_net_aka_constantly_glitching_internet/,Rant/गुनासो
Nepal,1kccjzp,"Can AI truly replace the soul of art, especially in music?",RiffandDrift,AI-generated content is still recognizable for now but the way it has evolved in just a few years is quite surprising and even a bit intimidating. It can create impressive visuals and the quality of its writing is getting better too. For someone who's personally invested in music I think a well-trained ear can still tell the difference between music made by humans and music made by AI. It's not just about mixing and arrangement. Things like vocal texture and the way instruments are played bring a kind of human feel and emotion that AI still struggles to capture. But seeing how fast it's improving it's hard to say it won't catch up one day. So here's something to think about. Would you rather go out and enjoy live music or just type in a prompt and listen to music made exactly to your taste. What do you think about where this is all going,1,0,2025-05-01 16:10:01+00:00,https://reddit.com/r/Nepal/comments/1kccjzp/can_ai_truly_replace_the_soul_of_art_especially/,
Nepal,1kcchp0,"Kathmandu, one night photo",Einsteins_cross,,1,0,2025-05-01 16:07:18+00:00,https://reddit.com/r/Nepal/comments/1kcchp0/kathmandu_one_night_photo/,
Nepal,1kcca2m,Are people still open to being just friends and seeking companionship and nothing else?,hothead03,,1,0,2025-05-01 15:59:00+00:00,https://reddit.com/r/Nepal/comments/1kcca2m/are_people_still_open_to_being_just_friends_and/,
Nepal,1kcc5zj,Kavya +2 Infrastructure is nice but what about other factors?,mmh_Monkay,Ive been considering kavya school +2 recently visited the school and found the infrastructure good . Just wanted to know if the school is good overall and if u recommend it. I plan on studying science btw.,1,0,2025-05-01 15:54:11+00:00,https://reddit.com/r/Nepal/comments/1kcc5zj/kavya_2_infrastructure_is_nice_but_what_about/,
Nepal,1kcaejv,Just finished my SEE idk what to do??,EfficiencyNovel8590,,1,1,2025-05-01 14:41:43+00:00,https://reddit.com/r/Nepal/comments/1kcaejv/just_finished_my_see_idk_what_to_do/,
Nepal,1kca1lk,Any alternative for spotify ?,Pale-Account-2290,Kasailai spotify mod or spotify jastai aru alternative or features haru bhako thaxa?,1,0,2025-05-01 14:26:05+00:00,https://reddit.com/r/Nepal/comments/1kca1lk/any_alternative_for_spotify/,
NepalStock,1kc9jg0,why am i getting this problem,ChipmunkOnly8201,maile 3 4 din agadi demat account ko id password pako the ani ipo bharna jada yo here. why is this happening and what can I do to fix this,1,0,2025-05-01 14:04:21+00:00,https://reddit.com/r/NepalStock/comments/1kc9jg0/why_am_i_getting_this_problem/,Demat/MeroShare
Nepal,1kc9icy,Empty Stall allocated for Nepal in Osaka Expo Japan 2025,UsedZookeepergame473,"जापानको ओसाकामा भैरहेको “ओसाका एक्स्पो” जहाँ विभिन्न देशहरूले आफ्ना प्रदर्शनी राखेका छन् 
- नेपालको भने आधाअधुरो छ 
- काम गत पुसदेखि अलपत्र छ रे (Jan 2025)
- एक्स्पो वैशाखदेखि (April 2025) सुरु भयो
- त्यहाँका ठेकेदारलाई पैसा नदिएकाले काम रोकिएको रे",1,0,2025-05-01 14:03:07+00:00,https://reddit.com/r/Nepal/comments/1kc9icy/empty_stall_allocated_for_nepal_in_osaka_expo/,News/समाचार
Nepal,1kc95yv,Need a Website? I Can Build One at a Lower Cost!,PrettyDelay9363,,1,0,2025-05-01 13:47:57+00:00,https://reddit.com/r/Nepal/comments/1kc95yv/need_a_website_i_can_build_one_at_a_lower_cost/,
Nepal,1kc95l4,"Looking for a peaceful tea spot with a scenic view inside valley, reachable by local bus",Nephew911,"Hey everyone, I need a little help! I'm meeting someone very special after many years for a proper tea catch-up, and I’d love to take her somewhere peaceful where we can enjoy tea with a nice view—maybe a hilltop café, garden restaurant, or somewhere with a chill natural vibe.

The only catch is I’ll be traveling by local bus (no bike), so it should be reachable by public transport. Somewhere not too crowded.

If you know any hidden gems or personal favorites, please let me know! This meet really matters to me, and I want to make it count. Thank you so much in advance!",2,1,2025-05-01 13:47:27+00:00,https://reddit.com/r/Nepal/comments/1kc95l4/looking_for_a_peaceful_tea_spot_with_a_scenic/,Help/सहयोग
Nepal,1kc909w,Today’s catch . Nepal’s Antiquities,Infamous-Clock6466,,1,0,2025-05-01 13:40:50+00:00,https://reddit.com/r/Nepal/comments/1kc909w/todays_catch_nepals_antiquities/,Education/शिक्षा
Nepal,1kc8h2r,cee entrance preparation advice,[deleted],,1,0,2025-05-01 13:16:25+00:00,https://reddit.com/r/Nepal/comments/1kc8h2r/cee_entrance_preparation_advice/,
Nepal,1kc8cgl,Can someone explain me why they are calling it “pistol like object” ?,Tired_Already,As the title says. It’s clearly a pistol but Kathmandu post is calling it a “pistol like object”.,1,0,2025-05-01 13:10:14+00:00,https://reddit.com/r/Nepal/comments/1kc8cgl/can_someone_explain_me_why_they_are_calling_it/,
Nepal,1kc89r2,https://www.havenholidaysnepal.com/blogs/annapurna-circuit-trek-in-autumn,Famous_Cheek_5840,,1,0,2025-05-01 13:06:39+00:00,https://reddit.com/r/Nepal/comments/1kc89r2/httpswwwhavenholidaysnepalcomblogsannapurnacircuit/,Question/प्रश्न
Nepal,1kc7rwf,Importanttt Very Very Importantt. I KNOW IT'S LONG BUT PLEASE READ IT.,Comfortable-Duty8145,,3,17,2025-05-01 12:42:40+00:00,https://reddit.com/r/Nepal/comments/1kc7rwf/importanttt_very_very_importantt_i_know_its_long/,
Nepal,1kc7fob,Hello ma anish ani ma chei website rw app banauxu,Front-Bell-8018,"Website athawa app banauni vaye samparka garnu hola 

Yo ho mero website👇🏿

https://anishkunwar.com",1,0,2025-05-01 12:25:01+00:00,https://reddit.com/r/Nepal/comments/1kc7fob/hello_ma_anish_ani_ma_chei_website_rw_app_banauxu/,
Nepal,1kc7fck,Unknown Hill near the Kori Hill,prova_a,,1,0,2025-05-01 12:24:32+00:00,https://reddit.com/r/Nepal/comments/1kc7fck/unknown_hill_near_the_kori_hill/,
Nepal,1kc7fcf,About insurance and bill book for new car.,Far-Ad-6066,"Naya gadi kinda kheri company le kaile samma ko insurance ra blue book tax tirdina parcha? Uniharule full insurance gardinchan ki aafai garne ho?

Also, what about the same practise in second hand car?",1,0,2025-05-01 12:24:31+00:00,https://reddit.com/r/Nepal/comments/1kc7fcf/about_insurance_and_bill_book_for_new_car/,
Nepal,1kc7eem,I might be getting fired soon after wasting 2 Months Bringing Mentors Together to Talk Honestly About their Careers,Icy-Tonight-8443,,1,1,2025-05-01 12:23:09+00:00,https://reddit.com/r/Nepal/comments/1kc7eem/i_might_be_getting_fired_soon_after_wasting_2/,Video/भिडियो
Nepal,1kc72nn,Topupped Rs 500 to wrong account - Guilty,Technical_Carry1400,,1,0,2025-05-01 12:06:01+00:00,https://reddit.com/r/Nepal/comments/1kc72nn/topupped_rs_500_to_wrong_account_guilty/,
Nepal,1kc6x1a,What would you remove from Nepal?,Any_Resort7488,,1,0,2025-05-01 11:58:06+00:00,https://reddit.com/r/Nepal/comments/1kc6x1a/what_would_you_remove_from_nepal/,
Nepal,1kc6v8s,What would you remove from Nepal?,[deleted],,1,0,2025-05-01 11:55:16+00:00,https://reddit.com/r/Nepal/comments/1kc6v8s/what_would_you_remove_from_nepal/,
Nepal,1kc6t7e,What what would you remove fron Nepal?,[deleted],,1,0,2025-05-01 11:52:03+00:00,https://reddit.com/r/Nepal/comments/1kc6t7e/what_what_would_you_remove_fron_nepal/,
Nepal,1kc6aph,Been capturing Gauthali’s chicks from hatching to first flight—what a beautiful journey it’s been.,deadpoolfarts,,1,0,2025-05-01 11:22:48+00:00,https://reddit.com/r/Nepal/comments/1kc6aph/been_capturing_gauthalis_chicks_from_hatching_to/,
Nepal,1kc65ty,"If this situation continues, how many years will Nepal remain a country?",Loose-Ask2169,,1,1,2025-05-01 11:14:58+00:00,https://reddit.com/r/Nepal/comments/1kc65ty/if_this_situation_continues_how_many_years_will/,Discussion/बहस 
Nepal,1kc61tl,Aatmahatya (banchnu vanneko harek din marnu ho),Maleficent_Prompt_47,Hijo rati ma afai sanga ladi raheko tiye. . Euta ma bachna chahane arko ma marna chahane. Enira haru ko bich ma ma afai yudha ko mahidan vaye . Na tah kasali ko bijay vayo na tah kasaiko haar . Tara aja ma bhitra ko euta manche sachai aja marna khojdai cha . Tyo ahina bhitra humiyeko cha sayeed tyo ma nai hou. Tara ma jasto chaina na tah usko akha ma rato laab cha na tah nilo sapana ko avash. Sajha ma harayeko suraj jastai tyo afai ma katai haraudai cha . Sachi bachnu vanne ko k ho tyo vitha ma lekeko haraf haru heri rahancha smirti haru lai udharera vancha bachanu vanneko harek din marnu ho . Tara ma pheri sochna thalchu yedi banchu vanne kai marnu ho vanne marne haru ma kina yeti dherai prasna haru sodna thaleko kina sahar vari halla chalcha usle aatmahatya garyo aree. Tara kasaile kahile bujna khojdaina aatmahatya sarir ko matrai huncha ki aatma ko pani ……… coming soon part 2,1,0,2025-05-01 11:08:08+00:00,https://reddit.com/r/Nepal/comments/1kc61tl/aatmahatya_banchnu_vanneko_harek_din_marnu_ho/,
Nepal,1kc5xyr,A place for digital nomads in pokhara,Few-Cancel-8240,,1,0,2025-05-01 11:01:49+00:00,https://reddit.com/r/Nepal/comments/1kc5xyr/a_place_for_digital_nomads_in_pokhara/,
Nepal,1kc5x8p,A place for digital nomads in pokhara,Few-Cancel-8240,,1,0,2025-05-01 11:00:49+00:00,https://reddit.com/r/Nepal/comments/1kc5x8p/a_place_for_digital_nomads_in_pokhara/,
Nepal,1kc5v2y,Digital Nomad Space near Pokhara,Few-Cancel-8240,,1,1,2025-05-01 10:57:05+00:00,https://reddit.com/r/Nepal/comments/1kc5v2y/digital_nomad_space_near_pokhara/,
Nepal,1kc5nb7,How do you blend in with people? Like I am an introvert and I am looking for social communities for interaction.,hothead03,,1,0,2025-05-01 10:42:51+00:00,https://reddit.com/r/Nepal/comments/1kc5nb7/how_do_you_blend_in_with_people_like_i_am_an/,
Nepal,1kc5kx6,"I recently received vipasana of 10 days. For those people who received it too, how did you feel?",hothead03,,1,0,2025-05-01 10:38:23+00:00,https://reddit.com/r/Nepal/comments/1kc5kx6/i_recently_received_vipasana_of_10_days_for_those/,
Nepal,1kc5jw2,What is the weirds combination of food ever try??,[deleted],,1,1,2025-05-01 10:36:25+00:00,https://reddit.com/r/Nepal/comments/1kc5jw2/what_is_the_weirds_combination_of_food_ever_try/,Discussion/बहस 
Nepal,1kc5a3i,Survey for cat and dog adoption metrics within Kathmandu Valley,APyroBillu,"K cha kta kt haru! Need some help getting data for a research paper on cat and dog adoption metrics within Kathmandu Valley. Please feel free to share these survey's with friends and family as well. One survey is for dogs, one is for cats, you could finish em both in under a minute(3 MCQ's each). These are completely anonymous, but are limited to one response per email. Help a bro out!

Cat Survey: https://docs.google.com/forms/d/e/1FAIpQLScStCTz80ru6Y3SF4QcZ9FmkUu-EIg45dHFREMkJrG3jgbPyg/viewform?usp=sharing

Dog Survey: https://docs.google.com/forms/d/e/1FAIpQLSeUJdASQjkjkPYnWmnoo0cm7h00_qm8ZnmMxBB-ij2lXEUXmg/viewform?usp=sharing",1,1,2025-05-01 10:17:53+00:00,https://reddit.com/r/Nepal/comments/1kc5a3i/survey_for_cat_and_dog_adoption_metrics_within/,
Nepal,1kc57b2,A levels books on sale guys koi lai a levels ko maths physics egp ra chem book chaiyo vane malai samparka garnu hola,SeriousJackfruit3593,,1,1,2025-05-01 10:12:29+00:00,https://reddit.com/r/Nepal/comments/1kc57b2/a_levels_books_on_sale_guys_koi_lai_a_levels_ko/,
Nepal,1kc56f2,Solo trip to Kathmandu from delhi by road,Curious_Secretary_61,"Hi! I’m a solo traveler from Delhi, heading to Kathmandu tomorrow via road for the first time outside of India. I don’t have a passport, only an Aadhaar card and voter card. Can anyone share tips for crossing the border and traveling safely to Kathmandu? Any must-see places in the city? Will be in Kathmandu for 2-3 days.",1,0,2025-05-01 10:10:50+00:00,https://reddit.com/r/Nepal/comments/1kc56f2/solo_trip_to_kathmandu_from_delhi_by_road/,Question/प्रश्न
Nepal,1kc4v62,How to pay traffic fine without Nagarik App?,[deleted],,2,1,2025-05-01 09:50:07+00:00,https://reddit.com/r/Nepal/comments/1kc4v62/how_to_pay_traffic_fine_without_nagarik_app/,Question/प्रश्न
Nepal,1kc457b,Trying to find a forgotten Bipul Chettri song from my childhood—please help,bla-bla-gigygi,"Hi everyone,

I know this might sound random, but I’ve been searching for a Bipul Chettri song that I heard around 8 or 9 years ago when I was just a kid. It was on YouTube back then, and I remember listening to it over and over—but I was too young to remember the title or save the file.

The only part of the lyrics I can recall goes something like:

""oochaideuna nani bagheni ko chhala, tiripasa tiripasa khelna jau""
It loosely translates to: “Lay down the tigress’s skin, dear, let’s sit and play cards together.”
I know it sounds odd, but it stuck with me. It had that raw, earthy, folk sound Bipul is known for. Lately, I’ve had this sudden, almost overwhelming urge to find it again. I’ve searched everywhere—his albums, YouTube, google find song ,Reddit, even SoundCloud—but I’ve had no luck.

I don’t know if it was an unreleased track, a demo, or something he sang live that never made it to official release. But if anyone here has heard this song or knows anything about it, it would mean the world to me. It’s more than just a song—it's a piece of memory that suddenly came flooding back.

Thank you so much in advance.",1,0,2025-05-01 08:57:49+00:00,https://reddit.com/r/Nepal/comments/1kc457b/trying_to_find_a_forgotten_bipul_chettri_song/,
Nepal,1kc42wm,"Passport ""Thumbprint rejected during biometrics""",Catguy_meow,"so last week I applied for passport at the district office, paid 5k and gave my biometrics and all that.
So the next day I get an sms saying ""Your thumb print is rejected No hit"" so I visited the admin office asap, I again had to give my biometrics. Apparently, my digital thumb print wasn't clear as I had cracked skin so the computer couldn't read it properly. The lady staff told me the thumb prints weren't clear on the 2nd biometric as well and she was afraid that I might have to apply for passport again as the applicants data is stored for no more than 5days. Fortunately my passport came after a week.

The thing that's bugging me is that I know my thumb prints weren't clear thats what I was told which I know for a fact cuz I got really sensitive skin and it gets dry and cracked pretty easily. So how do I know the digital imprint recorded in my epassport matches my thumbprint. I'm afraid that my thumb print and digital imprint might not match and don't want this happening when I am traveling, may be I could be detained for this or what.

Like, can, is there a procedure to compare epassport digital imprint and your actual fingerprint? and see if they match.

TLDR; had issues getting my thumbprint read digitally  as I've got cracked skin. Fortunately my passport got printed. So is there any official way I can compare my actual fingerprint with epassport's digital imprint?",1,0,2025-05-01 08:53:04+00:00,https://reddit.com/r/Nepal/comments/1kc42wm/passport_thumbprint_rejected_during_biometrics/,Help/सहयोग
Nepal,1kc3kix,Lalitpur area ma private cabin bhako restaurant kunai dekheko chau bhane bhandinu na please.,Numerous_Card_197,,1,1,2025-05-01 08:13:52+00:00,https://reddit.com/r/Nepal/comments/1kc3kix/lalitpur_area_ma_private_cabin_bhako_restaurant/,
Nepal,1kc3hor,"Need a person with dollar card for payment ,",semblance9999,I need to make payment in fiverr of about $ 370. I will pay 3000 as commission.,1,0,2025-05-01 08:07:50+00:00,https://reddit.com/r/Nepal/comments/1kc3hor/need_a_person_with_dollar_card_for_payment/,Help/सहयोग
Nepal,1kc38k3,Batti ko bill kati din bhitra na tirda fine lagne ho?,OldJury7178,Esewa Bata bill pay garchu. Everytime rebate/fine bhanera 50rs aako huncha. 1 din dhila bhayo bhane ni... Fine lagne ho? Aachama cha.,1,0,2025-05-01 07:49:14+00:00,https://reddit.com/r/Nepal/comments/1kc38k3/batti_ko_bill_kati_din_bhitra_na_tirda_fine_lagne/,Question/प्रश्न
Nepal,1kc36x1,Pls recommend the best japanese retaurent in ktm valley apt for a date,AppuAppi,,1,0,2025-05-01 07:45:58+00:00,https://reddit.com/r/Nepal/comments/1kc36x1/pls_recommend_the_best_japanese_retaurent_in_ktm/,Help/सहयोग
Nepal,1kc30hq,Best android tablet in Kathmandu?,Dramatic-Apple829,"So, my wife's birthday is coming soon, and I'm looking for an android tablet to gift her(which she's in need of as her old one doesn't work anymore). Which is the best one under 30k? Thanks.",1,0,2025-05-01 07:32:55+00:00,https://reddit.com/r/Nepal/comments/1kc30hq/best_android_tablet_in_kathmandu/,
Nepal,1kc2xv1,Class 12 accountancyy help,New_Illustrator_4111,Yo account ma format matra sardyo vane pani marks dincha ki answer milnai parcha?,1,0,2025-05-01 07:27:20+00:00,https://reddit.com/r/Nepal/comments/1kc2xv1/class_12_accountancyy_help/,Question/प्रश्न
Nepal,1kc2q9r,Urgently need someone who can use SPSS for data analysis for MBA thesis,randazzle12,"Hey everyone, I'm in an urgent need of someone who has decent knowledge of SPSS software and can give me an analysis report for my MBA thesis. I had already done the analysis from a friend but after a meeting with my supervisor, changes in data analysis need to be done. The friend that did my analysis is currently too busy with their own problems, so she currently cannot give me any time and it's understandable.

The thesis report is due next week, end of Baishakh and I'm in an urgent need for someone who can help me. All other requested changes from my supervisor has been done, only the data analysis part is left. If there's anyone who can help me, please let me know and I'll try to compensate you.",1,0,2025-05-01 07:11:47+00:00,https://reddit.com/r/Nepal/comments/1kc2q9r/urgently_need_someone_who_can_use_spss_for_data/,
Nepal,1kc2pp5,What is your favourite trek in Nepal?,temps6969,"Hi guys, I am coming to Nepal for 2 weeks (flexible) at the end of this month, but there are so many amazing looking treks that I am overwhelmed! I am wondering if you guys had any recommendations?

I am coming alone, and would prefer to not book full packages, but am happy to book guides!",1,0,2025-05-01 07:10:39+00:00,https://reddit.com/r/Nepal/comments/1kc2pp5/what_is_your_favourite_trek_in_nepal/,Question/प्रश्न
Nepal,1kc2pos,Online marketing genuine or scam?,[deleted],,1,6,2025-05-01 07:10:38+00:00,https://reddit.com/r/Nepal/comments/1kc2pos/online_marketing_genuine_or_scam/,
Nepal,1kc2njt,Online marketing scam or?,[deleted],,1,0,2025-05-01 07:06:18+00:00,https://reddit.com/r/Nepal/comments/1kc2njt/online_marketing_scam_or/,
Nepal,1kc2lj2,Required: Work Experience Certificate,xeternalprince,"So basically I need work experience certificate from hospital/clinic/health service setups.

Is it possible to get that without having any experience?

I just need a experience letter and a verification email/phone  from the organization.
They should have some online presence as well. But I don't need any TAX filings at the moment.

Does anyone have any experience with this ?

Does anyone know someone who can make this possible?",1,0,2025-05-01 07:02:29+00:00,https://reddit.com/r/Nepal/comments/1kc2lj2/required_work_experience_certificate/,Help/सहयोग
Nepal,1kc2em5,Nepalese airlines gonna benefit from this airspace ban,Intelligent-Bus2731,"Recent conflict between  India and pakistan has resulted a banned on  their airspace resulting them longer airtravel thus leading to more fuel burn and fare rates, Nepal on the other hand defy  restrictions allowing the use of pakistani airspace and Indian airspace, so could be benefit the Nepalese airlines alot i guess.",1,0,2025-05-01 06:49:29+00:00,https://reddit.com/r/Nepal/comments/1kc2em5/nepalese_airlines_gonna_benefit_from_this/,
Nepal,1kc2dgn,Looking for a recruitment agency for work in Europe – any opinions on Glocal Workforce Nepal and Global Recruit Experts?,Dapper_Tourist_5201,,1,1,2025-05-01 06:47:03+00:00,https://reddit.com/r/Nepal/comments/1kc2dgn/looking_for_a_recruitment_agency_for_work_in/,
Nepal,1kc2b22,Anyone cancelling us visa date?,bablabloo,,1,0,2025-05-01 06:42:14+00:00,https://reddit.com/r/Nepal/comments/1kc2b22/anyone_cancelling_us_visa_date/,Help/सहयोग
Nepal,1kc28in,Looking for a recruitment agency for work in Europe – any opinions on Glocal Workforce Nepal and Global Recruit Experts?,Dapper_Tourist_5201,,1,1,2025-05-01 06:37:10+00:00,https://reddit.com/r/Nepal/comments/1kc28in/looking_for_a_recruitment_agency_for_work_in/,
Nepal,1kc270v,Camera is not working on my hp,jstpt8206,,1,0,2025-05-01 06:34:16+00:00,https://reddit.com/r/Nepal/comments/1kc270v/camera_is_not_working_on_my_hp/,
Nepal,1kc1y11,Looking for a recruitment agency for work in Europe – any opinions on Glocal Workforce Nepal and Global Recruit Experts?,Dapper_Tourist_5201,,1,1,2025-05-01 06:17:04+00:00,https://reddit.com/r/Nepal/comments/1kc1y11/looking_for_a_recruitment_agency_for_work_in/,
Nepal,1kc1lke,Doctor was adamant i need an full surgical operation for a small 1.37 ml abscess on my thigh.,rupunducky,"Yesterday I went to the hospital because of a abscess  which made my thigh swollen so couldn't  sit or anything so I  thought  they could just cut it give me localised numbing agent and drain it instead I waited for hours for ultrasound which didn't have much to show as it was a small abscess then the doctor said it should be operated immediately  and i would be given anesthesia and should be admitted for 1 day. Then their was visible discomfort on my face to what he said so he just said i will give you 5 days worth of medicine if this doesn't help come and we will operate, then after just few hours of consuming the meds he prescribed the puss itself came out I cleaned it their is some swelling I went to nearby local clinic he said it will heal in few weeks and just chnage the dressing every night and wash it with warm water.

The doctor being adamant about admitting  me was very weird experience as it was not a major health complications my vitals blood pressure were normal no fever either was he just being very cautious or do they get commission by admitting patients in their name in the hospital or am I just overthinking the whole situation?",0,15,2025-05-01 05:53:38+00:00,https://reddit.com/r/Nepal/comments/1kc1lke/doctor_was_adamant_i_need_an_full_surgical/,Rant/गुनासो
Nepal,1kc1g3n,cee mbbs entrance preparation,[deleted],,1,0,2025-05-01 05:43:05+00:00,https://reddit.com/r/Nepal/comments/1kc1g3n/cee_mbbs_entrance_preparation/,Help/सहयोग
Nepal,1kc197z,A place for Satyagraha: Nepal,Chazos_partha,"We are starting this online open-source movement that is based on our country Nepal. It's called 'Satyagraha' (just as a note, it as nothing to do with the notion of M.K Gandhi, but the name is inspired from the movement he did in South Africa and India). So, all my Nepalese brother and sisters are invited to write, think and vote for truth in Nepal

To support the betterment of Nepal, please subscribe!!

[Satyagraha: open-source Newsletter](https://voicesatyagraha.substack.com/)",1,0,2025-05-01 05:30:29+00:00,https://reddit.com/r/Nepal/comments/1kc197z/a_place_for_satyagraha_nepal/,
Nepal,1kc0ojg,Dealing with over sweating.,FamousCell4834,"I sweat a lot even in winter. If I do a small work, I sweat. If I walk a small distance, I sweat. If I stay in sun for sometime, I sweat. This get worse in summer. My sunscreen get wiped up after stepping out for a while.How to deal with it?",1,0,2025-05-01 04:54:03+00:00,https://reddit.com/r/Nepal/comments/1kc0ojg/dealing_with_over_sweating/,
NepalStock,1kc0iht,Foreign employment account,Noobie020,How to open demat account for foreign employment?,1,0,2025-05-01 04:43:23+00:00,https://reddit.com/r/NepalStock/comments/1kc0iht/foreign_employment_account/,Demat/MeroShare
Nepal,1kc06bm,Dr Kundu yangzom aja kaha practice garnu huncha? She won't be in B &amp; B today.,sphincterscale,,1,1,2025-05-01 04:22:32+00:00,https://reddit.com/r/Nepal/comments/1kc06bm/dr_kundu_yangzom_aja_kaha_practice_garnu_huncha/,
Nepal,1kbzuf8,I need to print the shop front promotional board. Does anyone have any idea where can I do in Chitwan?,[deleted],,1,0,2025-05-01 04:03:09+00:00,https://reddit.com/r/Nepal/comments/1kbzuf8/i_need_to_print_the_shop_front_promotional_board/,
Nepal,1kbzm50,Is Marriage Turning Into a Business in Nepal? Where Is Equality for Men and Their Families?,Smooth-Theme-579,,1,1,2025-05-01 03:50:22+00:00,https://reddit.com/r/Nepal/comments/1kbzm50/is_marriage_turning_into_a_business_in_nepal/,Relationship/सम्बन्ध
Nepal,1kbzl4q,is this thrift store legit ?,mindlessfingeek,,1,0,2025-05-01 03:48:46+00:00,https://reddit.com/r/Nepal/comments/1kbzl4q/is_this_thrift_store_legit/,
Nepal,1kbzaov,A Student’s Journey from Struggling to Success with Flight Tracker Nepal,LegitimateAd1495,"For many students, the dream of studying abroad represents not just a personal achievement but a chance to explore new cultures, expand their horizons, and build a brighter future. However, achieving that dream is often easier said than done. The process of securing a student visa can be filled with hurdles, confusion, and frustration. One such student, Priya, was on the verge of giving up on her dream of studying in Australia after facing multiple setbacks in her visa application process. But her story took a turn for the better when she reached out to Flight Tracker Nepal, a company that specializes in visa services, flight bookings, and travel assistance.



Priya's journey to success wasn't smooth. Like many international students, she had always dreamed of pursuing higher education in a foreign country, and Australia was her top choice. Known for its world-class education system and diverse cultural environment, Australia was the perfect destination for her academic and personal growth. She had successfully secured an admission offer from a prestigious Australian university and was excited to start her journey. However, the process of getting a student visa proved to be far more complicated than she had anticipated.

# The Struggle: Facing Visa Rejections

Priya had spent months gathering all the necessary documents required for her Australian student visa application. She had her admission letter, financial documents, English proficiency test results, and all other supporting materials ready. She confidently submitted her visa application, certain that everything was in order. However, to her dismay, the application was rejected.



At first, she thought it was a simple misunderstanding. She submitted her application again, making a few minor corrections, and waited for the decision. But once again, her visa was rejected. The reason for the rejection was vague, and Priya was left feeling lost and frustrated. She had worked so hard to ensure her application was perfect, but it seemed like her efforts were in vain.



Priya knew that without the student visa, her dream of studying abroad was slipping away. But instead of giving up, she decided to take a different approach. After hearing about Flight Tracker Nepal from a friend who had successfully secured a visa through them, Priya decided to give it a try. Little did she know, this decision would change everything.

# Reaching Out to Flight Tracker Nepal: The Turning Point

Flight Tracker Nepal is known for its comprehensive services, which include not only visa assistance but also flight bookings, insurance, and complete travel planning. The company’s reputation for offering personalized, expert guidance in navigating the often-complicated visa application process made it a trusted name in the travel industry. Priya was skeptical at first but was desperate for a solution, so she reached out to them for help.



The team at Flight Tracker Nepal immediately got to work, reviewing Priya’s previous applications and understanding the reasons for her visa rejections. After a detailed consultation, they identified several areas where her application had fallen short. From minor errors in the paperwork to missing supporting documents, Flight Tracker Nepal’s experts knew exactly what needed to be fixed.

# The Expert Guidance

Flight Tracker Nepal’s team of experts walked Priya through every step of the process. They ensured that her visa application was thoroughly checked, corrected, and submitted in perfect order. They also helped her compile additional documents that would strengthen her application, such as a more detailed statement of purpose and proof of her financial stability. Their experience and knowledge of the Australian visa process were invaluable in ensuring that no detail was overlooked.



Furthermore, Flight Tracker Nepal's team provided Priya with clear instructions on how to properly present her case to the Australian immigration authorities. They helped her highlight her academic goals, future career plans, and the reasons why studying in Australia would benefit her. Flight Tracker Nepal’s attention to detail and commitment to providing personalized support made Priya feel more confident about her application.



With the new, professionally prepared application in hand, Priya submitted it once again. This time, the outcome was different. After weeks of waiting, she received the news she had been hoping for – her student visa had been approved!

# Beyond the Visa: Complete Travel Assistance

Securing a student visa was just the beginning of Priya’s journey. She still had to plan her travel, book flights, and make sure everything was in place for her move to Australia. Flight Tracker Nepal continued to support her at every step of the way.

The company helped Priya book her flights to Australia, offering a range of options that fit her budget and schedule. They also provided valuable travel tips, including advice on how to manage her arrival, what to do upon landing in Australia, and how to stay connected with her family back home. Flight Tracker Nepal’s all-encompassing service took the stress out of the planning process, allowing Priya to focus on preparing for her studies and the exciting adventure ahead.

# The Impact of Flight Tracker Nepal

Priya’s success story is a testament to the importance of choosing the right support when navigating the complexities of the visa and travel process. What could have been an impossible dream for Priya became a reality, thanks to the professional services provided by Flight Tracker Nepal.

Not only did [Flight Tracker Nepal](https://trackernepal.com/) help Priya secure her visa, but they also played a crucial role in ensuring that her travel arrangements were seamless. Their expertise in visa services, flight bookings, and travel assistance is unmatched, and it is no wonder that they have earned the trust of so many students and travelers who are looking to explore opportunities abroad.",1,0,2025-05-01 03:31:46+00:00,https://reddit.com/r/Nepal/comments/1kbzaov/a_students_journey_from_struggling_to_success/,
Nepal,1kbyuo0,"VICE video on Nepal of ""Shivaji ko butti""",Dry-Barnacle-3711,,1,0,2025-05-01 03:05:58+00:00,https://reddit.com/r/Nepal/comments/1kbyuo0/vice_video_on_nepal_of_shivaji_ko_butti/,
Nepal,1kbyth6,VICE video on Nepal related to 🔱 Shivaji ko butti 🔱,Dry-Barnacle-3711,,1,1,2025-05-01 03:04:11+00:00,https://reddit.com/r/Nepal/comments/1kbyth6/vice_video_on_nepal_related_to_shivaji_ko_butti/,
Nepal,1kbyr88,VICE video on Nepal and legalization of cannabis,Dry-Barnacle-3711,,1,0,2025-05-01 03:00:46+00:00,https://reddit.com/r/Nepal/comments/1kbyr88/vice_video_on_nepal_and_legalization_of_cannabis/,
Nepal,1kby6fl,Ramailo bihani jhariko satth,Beginning-Document-7,"Jhari pareko mausam maa hike jana koslai mna parchha, kripaya haat uthhaunuhola",1,0,2025-05-01 02:29:29+00:00,https://reddit.com/r/Nepal/comments/1kby6fl/ramailo_bihani_jhariko_satth/,Discussion/बहस 
Nepal,1kbxqcj,Have you ever felt mornings,me-marsh-1234,"I forgot how early mornings could feel — the birds softly singing, souls quietly passing, and every step echoing with the sound of my own breath. It’s like the world slows down just enough to remind me how beautiful everything is. Walking… and falling a little in love with the way the morning holds me. Some feelings don’t need words — they just need to be felt.",1,0,2025-05-01 02:05:39+00:00,https://reddit.com/r/Nepal/comments/1kbxqcj/have_you_ever_felt_mornings/,
Nepal,1kbxa53,Why these young doctors feels they know everything and there's no one better than them??,Alone_Ship_254,,1,1,2025-05-01 01:42:32+00:00,https://reddit.com/r/Nepal/comments/1kbxa53/why_these_young_doctors_feels_they_know/,
Nepal,1kbx9nj,"kun ramro lagyo, help me choose",redhat_hacker,"https://preview.redd.it/nf8gc1fir2ye1.png?width=1375&amp;format=png&amp;auto=webp&amp;s=b2a8b3c3c867425385530fc989252f8aaca85faa

kun ramro xa yo 3 ota options ma, also watch face black ramro hola ki white for boys.",1,0,2025-05-01 01:41:46+00:00,https://reddit.com/r/Nepal/comments/1kbx9nj/kun_ramro_lagyo_help_me_choose/,Help/सहयोग
NepalStock,1kbwr1j,"Market Weekend Discussion (Thursday May 01 - Saturday May 03, 2025)",AutoModerator,"Use this post to discuss what to buy/sell/trade/avoid/watch this weekend and in the coming days.

As always, the rules still apply.

**Have a TMS or Meroshare issue? Query about EDIS or collateral? Ask here instead of creating another thread. All queries regarding TMS, MeroShare, Broker Issues, EDIS, Settlement and Payments should be asked here.** DO NOT create another post.

BEGINNER? [**Go here first!**](https://www.reddit.com/r/NepalStock/wiki/beginners-guide)

DO NOT MAKE SEPARATE **INDIVIDUAL** POSTS ASKING:

* what to buy or sell,
* or what bank to buy,
* or what insurance to buy,
* yo share kati samma mathi jancha hola
* IPO ma pareko yo share kun din bechda ramro hola, ajhai 1-2 din parkhine ki nai etc.

will be deleted. Repeat violators will be banned.

Happy Investing!",1,0,2025-05-01 01:15:29+00:00,https://reddit.com/r/NepalStock/comments/1kbwr1j/market_weekend_discussion_thursday_may_01/,Yo Kinda Kaso Hola
Nepal,1kbwr1p,"Weekly relationship, sex and sexuality megathread",AutoModerator,"Please ask your questions on relationship, sex and sexuality in this thread. Examples:""How do I get a girlfriend?"", ""Is my 5 inch pecker too small?"", ""Are there girls in Reddit?"", ""What is the best affordable hotel to have sex in Kathmandu?"", ""What do Nepali girls look for in guys?"", ""Why are Nepali boys so boring?"", ""How to last long?"" etc. etc. You get the gist.  

Posts in the main sub will be removed if they are generic and/or are frequently asked questions such as the above. 

[Previous Threads Collection](https://www.reddit.com/r/Nepal/collection/d445b3b8-cba7-4c8e-b73b-fd4bfd07a1cb)",1,0,2025-05-01 01:15:29+00:00,https://reddit.com/r/Nepal/comments/1kbwr1p/weekly_relationship_sex_and_sexuality_megathread/,Megathread
Nepal,1kbw7vs,"Just Launched DokoFood: Fresh, Organic, and Locally-Grown Produce Delivered Across Kathmandu",laxmanshah45,,1,1,2025-05-01 00:48:10+00:00,https://reddit.com/r/Nepal/comments/1kbw7vs/just_launched_dokofood_fresh_organic_and/,Megathread Post
Nepal,1kbt0ph,Need advice! Can't find my way,Muffiin01,"I am a 21(M) currently studying BBA in Nepal and now I feel lost not knowing what to do in life. I always wanted to be a pilot but my parents couldn't afford the fee post covid so i had to let go of that dream. I always had an interested in photography and I religiously did it in +2 but after I had to let go of dream, I lost all motivation in education and photography.

I have 1 year left untill graduation and I had been working as a content writer for fast 2 years. And I quit my job few days ago. I want to pick photography back up and work on it again but I have no idea where to start and even if i am capable of it after 3 years of not touching a camera. Need advice. I feel lost!",1,0,2025-04-30 22:15:23+00:00,https://reddit.com/r/Nepal/comments/1kbt0ph/need_advice_cant_find_my_way/,Help/सहयोग
Nepal,1kbt0ba,Philadelphia fleabane . .,liljhola,,1,0,2025-04-30 22:14:55+00:00,https://reddit.com/r/Nepal/comments/1kbt0ba/philadelphia_fleabane/,Picture/तस्वीर
Nepal,1kbosmq,Which brand of creatine should I go for? And how much does it usually cost?,AstronomerBorn3211,"Im just contemplating whether to buy online or go to some shop irl, which one would be cheaper?",1,0,2025-04-30 19:15:21+00:00,https://reddit.com/r/Nepal/comments/1kbosmq/which_brand_of_creatine_should_i_go_for_and_how/,Question/प्रश्न
Nepal,1kbocru,How Can I Support a Girl Being Harassed by Her Ex Who Causes Her Panic Attacks?,Far_Pineapple_8683,"P.S.
I generated this text from ChatGPT so my message can be conveyed better.

Context:
I’ve recently gotten close to a girl who is going through something really painful. Her ex still shows up at her home—literally stands below her building and screams her name. It’s not just emotionally exhausting for her—it triggers full-blown panic attacks. This has been happening for a long time, and she still hasn’t been able to find relief or protection.


---

What I’ve Observed:

She’s clearly traumatized and often feels unsafe in her own home.

She shuts down when it happens—sometimes going nonverbal or needing to isolate.

She hasn't taken legal action yet, possibly due to fear or emotional exhaustion.

She hasn’t told many people and carries this silently.



---

What I’ve Tried So Far:

I’ve offered emotional support and tried to just be there for her.

I avoid pressuring her to act, but I gently encourage her to document things and consider reaching out for help.

I’ve started researching mental health resources and the legal steps she could take—but I don’t want to push too fast.



---

What I Need Help With:

How can I be genuinely supportive without being overwhelming?

Are there safe and effective ways to encourage her to take action—legally or otherwise?

How can I help her rebuild a sense of safety in a world that currently feels unstable to her?

Has anyone here successfully helped a loved one through something like this? What worked? What didn’t?



---

Why I'm Posting Here:
I know Reddit has people who’ve either survived similar experiences or helped someone who has. I want to learn—not to be the “hero,” but to be a steady presence for her while also helping her protect herself. Any thoughts, tools, or experiences are welcome. She deserves peace, and I want to do what I can to help her",1,0,2025-04-30 18:56:53+00:00,https://reddit.com/r/Nepal/comments/1kbocru/how_can_i_support_a_girl_being_harassed_by_her_ex/,Help/सहयोग
Nepal,1kbnz2q,Happy International Labour Day,Ok_One6780,,1,0,2025-04-30 18:40:49+00:00,https://reddit.com/r/Nepal/comments/1kbnz2q/happy_international_labour_day/,
Nepal,1kbngkx,Kingston University London,RealesotericOnwer32,"Hey, I just received the conditional offer letter from Kingston University London For msc in business analytics. For me, the fee is little high so I want to know how tough it is to manage out there?
Anyone personal experience, scholarship advice or anything?",1,0,2025-04-30 18:19:19+00:00,https://reddit.com/r/Nepal/comments/1kbngkx/kingston_university_london/,
Nepal,1kbmpv1,Should i call the cops or am i just being retarded,Realistic_Material51,,1,0,2025-04-30 17:49:08+00:00,https://reddit.com/r/Nepal/comments/1kbmpv1/should_i_call_the_cops_or_am_i_just_being_retarded/,Help/सहयोग
Nepal,1kbmhsg,Looking for Affordable Dental Services provider for Teeth Alignment around Kathmandu valley?,self_calm_niceman,"I’m looking for some recommendations for dental service providers in the Kathmandu area, specifically for teeth alignment (braces or other methods). I’ve heard a lot about different clinics, but I wanted to get a few first-hand experiences before deciding where to go.",1,0,2025-04-30 17:39:43+00:00,https://reddit.com/r/Nepal/comments/1kbmhsg/looking_for_affordable_dental_services_provider/,
Nepal,1kblnsw,Casual though but true about prime minister,NoBrick7525,,1,0,2025-04-30 17:05:31+00:00,https://reddit.com/r/Nepal/comments/1kblnsw/casual_though_but_true_about_prime_minister/,
Nepal,1kblma3,Exam .........................,NoBrick7525,,1,1,2025-04-30 17:03:47+00:00,https://reddit.com/r/Nepal/comments/1kblma3/exam/,
Nepal,1kble7a,Rock hamro kp baa salute xa,NoBrick7525,,1,0,2025-04-30 16:54:46+00:00,https://reddit.com/r/Nepal/comments/1kble7a/rock_hamro_kp_baa_salute_xa/,
Nepal,1kbl3i4,"To +2 ma a+ ako dai didi haru, how much is ""enough""?",Miserable-Gur7283,,1,1,2025-04-30 16:42:21+00:00,https://reddit.com/r/Nepal/comments/1kbl3i4/to_2_ma_a_ako_dai_didi_haru_how_much_is_enough/,
Nepal,1kbl31q,Regarding injured neighbour dog (serious),Dangerous_Method972,"Help
Aja belka tira euta bike ley chimeki ko dog lai handiyecha, mailey Ghar agadi ko drainage ma karai rako suney, ani neighbour ko aagan ma lagera rakhdeye mat ma, teniharu naunjel samma tei basey.

Neighbour wala Ghar chai hamrai thulo buwa haruko ho (Jo sanga relation ramro chaina), Ghar herna free Mai manchey Haru rakhnu vacha, they are just daily wage labour paint lagauney wall lagauney Kam garchan rey. Ani tyo kukur tei bastheyo, Aja bike ley handiyecha pachadi KO dhad nai vachya jasto cha, uthnai sakdaina, agadi KO deuta khutta ley uthna khojiratheyo bichara Kai Kai karairatheyo, najikai vet Pani 9/10km ma raicha,

Aba Kura k Vanda, I don't think teniharuley treatment garaulan or care garlan, poor soul. Malai Ghar bata aruko Ghar KO Kura ma interfere garney haina, tailey bato bata lyayera rakhdihalis sakiyo, j j garchan garchan aba vannu vayo (I am bound to not to help). Can you help me a way out to do this thing!

but how can I help that poor soul? Any organisation contact number or vet that can come here ( I am willing to give 1000 to 2000 donations to vet will that be enough?) can you help me, it's 10:20 and I am lying on bed guilty, since that dog used to follow me around my house and comes when it sees me 😭. I have tried to contact that Irfan but no response!",1,1,2025-04-30 16:41:50+00:00,https://reddit.com/r/Nepal/comments/1kbl31q/regarding_injured_neighbour_dog_serious/,
NepalStock,1kbklmz,How can I invest in open-ended mutual fund without starting SIP?,99_December,"Hello newbie here, so I have just started my investment journey, IPO chai bhari Rakh thyo Tara aba secondary market ma ni dabble garne bhane ko and I have heard a lot from others ki secondary market ma entry Garda mutual fund Bata nai garda ramro hunx and I was thinking if I can invest in open or close ended mf without starting SIP?",1,0,2025-04-30 16:21:54+00:00,https://reddit.com/r/NepalStock/comments/1kbklmz/how_can_i_invest_in_openended_mutual_fund_without/,Mutual Funds
Nepal,1kbklmj,WordPress Developer with Animation Skills (Remote),NoBlackberry3264,,1,0,2025-04-30 16:21:53+00:00,https://reddit.com/r/Nepal/comments/1kbklmj/wordpress_developer_with_animation_skills_remote/,Technology/प्रविधि
Nepal,1kbk9l9,Business name ///////////,Own-Pineapple5088,,1,1,2025-04-30 16:07:52+00:00,https://reddit.com/r/Nepal/comments/1kbk9l9/business_name/,
Nepal,1kbk75w,Business Name ///////////,Own-Pineapple5088,,1,1,2025-04-30 16:05:10+00:00,https://reddit.com/r/Nepal/comments/1kbk75w/business_name/,
NepalStock,1kbj1te,Fund settlement manually garnuparcha?,smag0_5,Namaste noobie here. Do I need to pay the net payable amount from My Information&gt;Fund Settlement or not? Will this make my bought shares appear faster in my portfolio? I have been told that it is automatic if you have load collateral which I have done from online WEB method.,1,0,2025-04-30 15:17:20+00:00,https://reddit.com/r/NepalStock/comments/1kbj1te/fund_settlement_manually_garnuparcha/,Trading/Settlement/Payment
NepalStock,1kbg9jh,Bholi ko Nepse open huncha ki nai,KingMsd1,Bholi market open huncha ki nak,1,0,2025-04-30 13:17:49+00:00,https://reddit.com/r/NepalStock/comments/1kbg9jh/bholi_ko_nepse_open_huncha_ki_nai/,Market
NepalStock,1kbfrwt,Is this app legit??? Can you buy and sell shares from this App ??? Kinda feels fake.,[deleted],,0,7,2025-04-30 12:55:13+00:00,https://reddit.com/r/NepalStock/comments/1kbfrwt/is_this_app_legit_can_you_buy_and_sell_shares/,Broker
NepalStock,1kbceot,Bank/Demat Without Branch Visit,FlowerFantastic530,"Hi everyone, I want to open a new bank account and Demat account for my parents. Is there any bank that allows opening both accounts online without visiting the branch? If anyone has experience or knows the process, please help. Thank you!",1,0,2025-04-30 09:39:15+00:00,https://reddit.com/r/NepalStock/comments/1kbceot/bankdemat_without_branch_visit/,Demat/MeroShare
NepalStock,1kbaf6t,order cancelled due to order attribute,EndSubstantial563,"Im tryna buy stocks. But it keeps saying  ""ORDER CANCELLED DUE TO ORDERATTRIBUTE"" why is it happening???

Broker no 36, ATRAD.


Ps: i am new to secondary market. 
Basically its my first day, lmfao. 

Some help and suggestion  would be  great.

Thank you.",1,4,2025-04-30 07:09:32+00:00,https://reddit.com/r/NepalStock/comments/1kbaf6t/order_cancelled_due_to_order_attribute/,Online/TMS
NepalStock,1kb4e5f,"Daily Discussion Thread (Wednesday - Apr 30, 2025)",AutoModerator,"Use this post to discuss what to buy/sell/trade/avoid/watch today and in the coming days.

As always, the rules still apply.

**Have a TMS or Meroshare issue? Query about EDIS or collateral? Ask here instead of creating another thread. All queries regarding TMS, MeroShare, Broker issues, EDIS, Settlement and Payments should be asked here.** &gt;!DO NOT create another post.!&lt;

BEGINNER? [**Go here first!**](https://www.reddit.com/r/NepalStock/wiki/beginners-guide)

DO NOT MAKE SEPARATE **INDIVIDUAL** POSTS ASKING:

* what to buy or sell,
* or what bank to buy,
* or what insurance to buy,
* yo share kati samma mathi jancha hola
* IPO ma pareko yo share kun din bechda ramro hola, ajhai 1-2 din parkhine ki nai etc.

will be deleted. Repeat violators will be banned.

Happy Investing!",1,0,2025-04-30 01:15:48+00:00,https://reddit.com/r/NepalStock/comments/1kb4e5f/daily_discussion_thread_wednesday_apr_30_2025/,Yo Kinda Kaso Hola
NepalStock,1kanwf8,"share market yastai ghtcha ki recover vayer up jancha, loss vayer barbad vo , any stock suggestions sathi haru",Affectionate-Bat1554,"share market yastai ghtcha ki recover vayer up jancha, loss vayer barbad vo , any stock suggestions sathi haru",1,0,2025-04-29 13:26:30+00:00,https://reddit.com/r/NepalStock/comments/1kanwf8/share_market_yastai_ghtcha_ki_recover_vayer_up/,Market
NepalStock,1kank84,Hydro promoter unlocking causes huge supply and immediate price crash so how promoters exit easily?,Weird_Region2687,"When people say promoter unlock means they will all sell and exit. But tetro exit garna buyer ni hunu paryo. Price will tumble to below 100 if all promoters exit and exert huge supply.

Balephi ma kasari k bhathyo?",1,0,2025-04-29 13:10:30+00:00,https://reddit.com/r/NepalStock/comments/1kank84/hydro_promoter_unlocking_causes_huge_supply_and/,Misc
NepalStock,1kaln6q,Hey Bhagwan K bhairako xa yeta feri? Next kaanda loading or what?,ToughTruth69,Your opinion on this?,1,0,2025-04-29 11:31:19+00:00,https://reddit.com/r/NepalStock/comments/1kaln6q/hey_bhagwan_k_bhairako_xa_yeta_feri_next_kaanda/,Market
NepalStock,1kajyfz,Can we have two mero share account?? help (newbie),yaxis69,,1,0,2025-04-29 09:42:00+00:00,https://reddit.com/r/NepalStock/comments/1kajyfz/can_we_have_two_mero_share_account_help_newbie/,Demat/MeroShare
NepalStock,1kaids8,How to buy/sell Citizens Saving Bond?,aayushkarki49,"Is Citizens Saving Bond (Nagarik Bachapatra) not tradable on Nepse? It's practically a government debenture issued by NRB. If not tradable, then those who bought this bond during the initial issue, do they have to hold onto it till maturity?",1,0,2025-04-29 07:43:41+00:00,https://reddit.com/r/NepalStock/comments/1kaids8/how_to_buysell_citizens_saving_bond/,Debentures/Bonds
NepalStock,1kahvvy,Suggest me so that I can earn .,Majestic_Lynx9183,"I have around  15 - 20K  rupees ,  I don't know  anything about Stock market , Can you  guide me Which stock  I can buy  with this amount .",1,0,2025-04-29 07:07:34+00:00,https://reddit.com/r/NepalStock/comments/1kahvvy/suggest_me_so_that_i_can_earn/,Right Share
NepalStock,1kageju,How to apply for Treasury-Bills?,aayushkarki49,"After signing up on [https://investor.doms.gov.np/](https://investor.doms.gov.np/), how do we apply for treasury bills? After signing up, is there a second approval step? I signed up and I didn't see anything under Active Auction, while I know that there was T-Bills auction going on at that time.

https://preview.redd.it/6s0dy6emlpxe1.png?width=1119&amp;format=png&amp;auto=webp&amp;s=e0bc95964b30b76b1ea046cf32e70a0a542257c9",1,0,2025-04-29 05:25:28+00:00,https://reddit.com/r/NepalStock/comments/1kageju/how_to_apply_for_treasurybills/,Advice
NepalStock,1kacm2u,How to cash out meroshare,Brilliant-Builder452,"Hello guys 
Does anyone know the quickest way to cash out the meroshare? I have few share owned by my deceased father. I need to cash it out asap. Would be grateful if someone guide me tgrough the process. Thanks",1,0,2025-04-29 01:49:02+00:00,https://reddit.com/r/NepalStock/comments/1kacm2u/how_to_cash_out_meroshare/,Demat/MeroShare
NepalStock,1kabyho,"Daily Discussion Thread (Tuesday - Apr 29, 2025)",AutoModerator,"Use this post to discuss what to buy/sell/trade/avoid/watch today and in the coming days.

As always, the rules still apply.

**Have a TMS or Meroshare issue? Query about EDIS or collateral? Ask here instead of creating another thread. All queries regarding TMS, MeroShare, Broker issues, EDIS, Settlement and Payments should be asked here.** &gt;!DO NOT create another post.!&lt;

BEGINNER? [**Go here first!**](https://www.reddit.com/r/NepalStock/wiki/beginners-guide)

DO NOT MAKE SEPARATE **INDIVIDUAL** POSTS ASKING:

* what to buy or sell,
* or what bank to buy,
* or what insurance to buy,
* yo share kati samma mathi jancha hola
* IPO ma pareko yo share kun din bechda ramro hola, ajhai 1-2 din parkhine ki nai etc.

will be deleted. Repeat violators will be banned.

Happy Investing!",1,0,2025-04-29 01:15:11+00:00,https://reddit.com/r/NepalStock/comments/1kabyho/daily_discussion_thread_tuesday_apr_29_2025/,Yo Kinda Kaso Hola
NepalStock,1k9waew,What does settlement date mean?,xixez,,1,1,2025-04-28 14:01:56+00:00,https://reddit.com/r/NepalStock/comments/1k9waew/what_does_settlement_date_mean/,Trading/Settlement/Payment
NepalStock,1k9uvcs,What does settlement date mean?,xixez,,1,1,2025-04-28 12:56:08+00:00,https://reddit.com/r/NepalStock/comments/1k9uvcs/what_does_settlement_date_mean/,Trading/Settlement/Payment
NepalStock,1k9uo8d,What does settlement date mean?,xixez,,1,1,2025-04-28 12:46:15+00:00,https://reddit.com/r/NepalStock/comments/1k9uo8d/what_does_settlement_date_mean/,Trading/Settlement/Payment
NepalStock,1k9umrx,Starting my journey in secondary market please suggest me how to start,MyDarkestHalf,"Hi all,

Well i have been thinking of starting trading.. and i don't have any experience of that. Like i have sold some ipos that's it.. Now for a complete noob like me where to start can anyone give me step by step guideline for investing..

I have 50 k in my account and I am thinking of doing 1 to 3 month ko holding gareraw bachne.. But the primary problem is i never know what stocks to look into.... I did looked in YouTube tara i could find a series of videos which start from noob level and goes to pro.... So yesto kunai video haru wa course haru xa vane please recommend 

Also i will be glad if you guys share your experience how you got into trading which starters mistakes I can and should avoid and what starters opportunities i should look into...

Thanks in advance for all the replies..",1,0,2025-04-28 12:44:15+00:00,https://reddit.com/r/NepalStock/comments/1k9umrx/starting_my_journey_in_secondary_market_please/,Advice
NepalStock,1k9tuoz,What's the deal with BHL?,[deleted],,1,2,2025-04-28 12:03:48+00:00,https://reddit.com/r/NepalStock/comments/1k9tuoz/whats_the_deal_with_bhl/,Market
NepalStock,1k9sr5s,Can one person transfer shares from one meroshare to another person's meroshare without putting order in TMS?,soosheel,above question,1,0,2025-04-28 11:01:18+00:00,https://reddit.com/r/NepalStock/comments/1k9sr5s/can_one_person_transfer_shares_from_one_meroshare/,Demat/MeroShare
NepalStock,1k9oj3l,"Why are Crest, NMIC, and GMLI shares surging?",Fabulous_Court9102,"Crest, NMIC, and GMLI are seeing rapid price increases and heavy demand. What’s driving this surge?",1,0,2025-04-28 05:58:40+00:00,https://reddit.com/r/NepalStock/comments/1k9oj3l/why_are_crest_nmic_and_gmli_shares_surging/,Market
NepalStock,1k9jnq7,"Daily Discussion Thread (Monday - Apr 28, 2025)",AutoModerator,"Use this post to discuss what to buy/sell/trade/avoid/watch today and in the coming days.

As always, the rules still apply.

**Have a TMS or Meroshare issue? Query about EDIS or collateral? Ask here instead of creating another thread. All queries regarding TMS, MeroShare, Broker issues, EDIS, Settlement and Payments should be asked here.** &gt;!DO NOT create another post.!&lt;

BEGINNER? [**Go here first!**](https://www.reddit.com/r/NepalStock/wiki/beginners-guide)

DO NOT MAKE SEPARATE **INDIVIDUAL** POSTS ASKING:

* what to buy or sell,
* or what bank to buy,
* or what insurance to buy,
* yo share kati samma mathi jancha hola
* IPO ma pareko yo share kun din bechda ramro hola, ajhai 1-2 din parkhine ki nai etc.

will be deleted. Repeat violators will be banned.

Happy Investing!",1,0,2025-04-28 01:15:29+00:00,https://reddit.com/r/NepalStock/comments/1k9jnq7/daily_discussion_thread_monday_apr_28_2025/,Yo Kinda Kaso Hola
NepalStock,1k97rbo,How 'Kheladis' choose a stock to inflate?,Anontzn,"As we can see, these days many stocks are being inflated without a reason that is visible by a retail investor. Of course many would argue it touched my EMA or Bollinger band and all but I was wondering how the mind of the makers work and how they choose a stock so to finally sell them at inflated price to the public!?",1,12,2025-04-27 16:18:19+00:00,https://reddit.com/r/NepalStock/comments/1k97rbo/how_kheladis_choose_a_stock_to_inflate/,Market
NepalStock,1k8w0ic,Odd Lot Shares Buy/Sell,JackThorne30,Use this post to buy/sell odd lot shares. Creating separate posts = permanent ban.,1,0,2025-04-27 04:50:32+00:00,https://reddit.com/r/NepalStock/comments/1k8w0ic/odd_lot_shares_buysell/,Odd Lot
NepalStock,1k8u2jt,Current holding of stocks.,[deleted],,1,10,2025-04-27 02:54:59+00:00,https://reddit.com/r/NepalStock/comments/1k8u2jt/current_holding_of_stocks/,Market
NepalStock,1k8s9le,"Daily Discussion Thread (Sunday - Apr 27, 2025)",AutoModerator,"Use this post to discuss what to buy/sell/trade/avoid/watch today and in the coming days.

As always, the rules still apply.

**Have a TMS or Meroshare issue? Query about EDIS or collateral? Ask here instead of creating another thread. All queries regarding TMS, MeroShare, Broker issues, EDIS, Settlement and Payments should be asked here.** &gt;!DO NOT create another post.!&lt;

BEGINNER? [**Go here first!**](https://www.reddit.com/r/NepalStock/wiki/beginners-guide)

DO NOT MAKE SEPARATE **INDIVIDUAL** POSTS ASKING:

* what to buy or sell,
* or what bank to buy,
* or what insurance to buy,
* yo share kati samma mathi jancha hola
* IPO ma pareko yo share kun din bechda ramro hola, ajhai 1-2 din parkhine ki nai etc.

will be deleted. Repeat violators will be banned.

Happy Investing!",1,0,2025-04-27 01:15:45+00:00,https://reddit.com/r/NepalStock/comments/1k8s9le/daily_discussion_thread_sunday_apr_27_2025/,Yo Kinda Kaso Hola
NepalStock,1k8bna1,NEPSE (Secondary Market) — Need Advice!,Useful_Gold_8056,"I have just started today in NEPSE secondary market. I am a total beginner and would love to learn how to do it correctly.  
  
Can someone please advise me on:  
  
Where do I begin learning?  
  
What are the fundamentals I need to know?  
  
How do you decide which shares to buy and sell at what time?  
  
Any tips or study materials for beginners you would suggest specifically for NEPSE?  
  
What are some common mistakes to watch out for?  
  
I'm excited but also a little overwhelmed. Would love any advice, tips, or even small pointers you can provide.",1,0,2025-04-26 12:19:17+00:00,https://reddit.com/r/NepalStock/comments/1k8bna1/nepse_secondary_market_need_advice/,Online/TMS
NepalStock,1k86nrk,Yo meroshare I'd password aauna kati day lagcha Gmail ma aaja 9 days vaesakyo Yo meroshare I'd password aauna kati day lagcha Gmail ma aaja 9 days vaesakyo Demat account number ta aacha plus ajkal tyo ckyc vaani message pani aaudo raicha but Mero share I'd password aako chaina,SusHant7o7,,1,2,2025-04-26 06:40:05+00:00,https://reddit.com/r/NepalStock/comments/1k86nrk/yo_meroshare_id_password_aauna_kati_day_lagcha/,Demat/MeroShare
NepalStock,1k868lt,Anyone Created a NEPSE Stock Trading GPT? 🤖,SamundraP,"Hey everyone! 👋



I’m curious if anyone has already created or experimented with a **ChatGPT agent** tailored for stock trading in Nepal, specifically for **NEPSE (Nepal Stock Exchange)**.



I’m looking to build a system where GPT can:



* Track real-time stock prices from **NEPSE**.
* Analyze price movements, trends, and indicators like **RSI**, **SMA**, **MACD** for daily trading insights.
* Suggest trades or notify me about significant price movements.
* Possibly even automate the trading process with an integrated API.





If anyone has worked on a **NEPSE GPT** or has experience with creating custom agents for **stock trading**, I’d love to hear about your experience, tips, or how you set it up!



Let’s share some knowledge! 💡📈",0,1,2025-04-26 06:12:21+00:00,https://reddit.com/r/NepalStock/comments/1k868lt/anyone_created_a_nepse_stock_trading_gpt/,Technical Analysis
NepalStock,1k7tham,"No ""apply"" button to apply for IPO in MeroShare app (both web and mobile)",Virtual_Play_4717,,1,1,2025-04-25 19:23:31+00:00,https://reddit.com/r/NepalStock/comments/1k7tham/no_apply_button_to_apply_for_ipo_in_meroshare_app/,IPO/FPO
NepalStock,1k7teev,No Apply Option in Mero Share,Virtual_Play_4717,,1,1,2025-04-25 19:20:08+00:00,https://reddit.com/r/NepalStock/comments/1k7teev/no_apply_option_in_mero_share/,IPO/FPO
NepalStock,1k7mhcj,Confirmations before choosing a stock!,Anontzn,[View Poll](https://www.reddit.com/poll/1k7mhcj),0,7,2025-04-25 14:34:58+00:00,https://reddit.com/r/NepalStock/comments/1k7mhcj/confirmations_before_choosing_a_stock/,Market
NepalStock,1k7j7a8,Market chart analysis,[deleted],,1,0,2025-04-25 12:02:17+00:00,https://reddit.com/r/NepalStock/comments/1k7j7a8/market_chart_analysis/,Technical Analysis
NepalStock,1k7j36q,Information incorrect,[deleted],,1,1,2025-04-25 11:56:15+00:00,https://reddit.com/r/NepalStock/comments/1k7j36q/information_incorrect/,Technical Analysis
NepalStock,1k7j22j,information for chart,Playful-Rub854,,1,0,2025-04-25 11:54:28+00:00,https://reddit.com/r/NepalStock/comments/1k7j22j/information_for_chart/,Market
NepalStock,1k7fcnd,Mutual fund haru ka gayo?,smag0_5,,0,1,2025-04-25 07:48:18+00:00,https://reddit.com/r/NepalStock/comments/1k7fcnd/mutual_fund_haru_ka_gayo/,Mutual Funds
NepalStock,1k78gql,Facebook Market Analysts since the 3000 downfall.,tpragik,https://preview.redd.it/41k73jexqvwe1.png?width=1446&amp;format=png&amp;auto=webp&amp;s=6bba27e49bb10d1296c45fc5ba64ed24118ec9cc,6,11,2025-04-25 01:01:04+00:00,https://reddit.com/r/NepalStock/comments/1k78gql/facebook_market_analysts_since_the_3000_downfall/,Memes/Fun/Laughs
NepalStock,1k6rree,dividend not received for FY 80/81,nothing-works23,I hold shares of many companies that have given cash dividend this year but i haven't received single penny. 2 years back i used to receive them. What could i do to get cash dividend?,1,4,2025-04-24 13:07:34+00:00,https://reddit.com/r/NepalStock/comments/1k6rree/dividend_not_received_for_fy_8081/,Bonus Share/Dividend
NepalStock,1k6mbh4,Bhl ko barema k bhannu xa hold garney ke sell garney?,True_Statistician_17,,0,2,2025-04-24 07:26:37+00:00,https://reddit.com/r/NepalStock/comments/1k6mbh4/bhl_ko_barema_k_bhannu_xa_hold_garney_ke_sell/,Market
NepalStock,1k6m9ow,Invest in Digital Gold from Nepal,Tall_Researcher_4504,"For someone staying in Nepal, is there any platform to invest in digital gold? And if there's, what could be the payment method from here? Does dollar card work? 

I found one as Mypay Gold which seems to be a Nepali company but as NRB has no any regulations for investing in digital gold, it seems risky to invest through this company.

Any foreign company to invest from Nepal?",1,6,2025-04-24 07:23:07+00:00,https://reddit.com/r/NepalStock/comments/1k6m9ow/invest_in_digital_gold_from_nepal/,Advice
NepalStock,1k6lqs8,BO modification address change form,Learner08_07,"Yo bo modification form yaniki demata account ma kei wrong info xa vaney sachyauna sakne form....... So mero chai demat account / Mero share ma my details ma herda mero nagarpalika ko ward no change raixa vannale 5 hunu parne Thau ma 8 raixa.... So yo form ma fill up Garda k lekhney...... 



Let's say I'm from Dharan-5 mero share ma Dharan - 8 dekhai rakheko so yo sachaunu parney Thau ma k lekhney Dharan -8 matrai lekhney ????",4,5,2025-04-24 06:47:06+00:00,https://reddit.com/r/NepalStock/comments/1k6lqs8/bo_modification_address_change_form/,Demat/MeroShare
NepalStock,1k6jafb,What are best stock options to buy?,[deleted],,2,2,2025-04-24 04:10:56+00:00,https://reddit.com/r/NepalStock/comments/1k6jafb/what_are_best_stock_options_to_buy/,Market
NepalStock,1k6fuso,"Market Weekend Discussion (Thursday Apr 24 - Saturday Apr 26, 2025)",AutoModerator,"Use this post to discuss what to buy/sell/trade/avoid/watch this weekend and in the coming days.

As always, the rules still apply.

**Have a TMS or Meroshare issue? Query about EDIS or collateral? Ask here instead of creating another thread. All queries regarding TMS, MeroShare, Broker Issues, EDIS, Settlement and Payments should be asked here.** DO NOT create another post.

BEGINNER? [**Go here first!**](https://www.reddit.com/r/NepalStock/wiki/beginners-guide)

DO NOT MAKE SEPARATE **INDIVIDUAL** POSTS ASKING:

* what to buy or sell,
* or what bank to buy,
* or what insurance to buy,
* yo share kati samma mathi jancha hola
* IPO ma pareko yo share kun din bechda ramro hola, ajhai 1-2 din parkhine ki nai etc.

will be deleted. Repeat violators will be banned.

Happy Investing!",1,0,2025-04-24 01:15:29+00:00,https://reddit.com/r/NepalStock/comments/1k6fuso/market_weekend_discussion_thursday_apr_24/,Yo Kinda Kaso Hola
NepalStock,1k60kjo,Nabil and  NICA for couple of years.,dark__knightt,What do you think about this. I wanna know your opinion. Bith of the stocks have low prices on market right now. Since NICA has been able to generate some profit recently and Nabil being Nabil. Would you buy these stocks hoping they would reach almost same as covid time in few years?,1,0,2025-04-23 14:28:59+00:00,https://reddit.com/r/NepalStock/comments/1k60kjo/nabil_and_nica_for_couple_of_years/,Market
NepalStock,1k5wrap,Mutual fund ma profit hunxa ki nai?,Individual-Look3457,"recently yo share market ma aako ma so khuleko sab ma apply garey. Ani malae mutual wala paryo 2ota ani both are in loss. My friend said tyo mutual wala ma profit kahile ni hunna so I wanna sell aaba. 
Aaba broker account banayehra sell garni bichar gareko xu.

So is it true ki yo mutual fund wala ma profit kahile ni hunna? Ani aaba sell garyo vani kati jati katxa ani kati pauxa maile?

Ani euta profit wala ni xa, ani tyo lae kati samma hold garni? 2-3 yrs? Ki loss ma jani bitikai sell garni tyo ni?

Please help",1,0,2025-04-23 11:27:13+00:00,https://reddit.com/r/NepalStock/comments/1k5wrap/mutual_fund_ma_profit_hunxa_ki_nai/,Mutual Funds
NepalStock,1k5s7rw,"I have 6 GBIME shares left, and I need to sell it. After placing an order, the tms portal says order is open but it isn't selling, can someone tell me how do I sell it?",bitminer_626,"I have 6 GBIME shares left, and I need to sell it. After placing an order, the tms portal says order is open but it isn't selling, can someone tell me how do I sell it?",1,0,2025-04-23 06:13:40+00:00,https://reddit.com/r/NepalStock/comments/1k5s7rw/i_have_6_gbime_shares_left_and_i_need_to_sell_it/,Online/TMS
NepalStock,1k5qhzi,Information about the tax?,True_Statistician_17,Mailey euta share 250 ma kiney ani 1 month hold garera tyo share le profit dinna jasto lago bhaney 250 mai sell gardai tax n charge aru katxa ra?,1,0,2025-04-23 04:23:21+00:00,https://reddit.com/r/NepalStock/comments/1k5qhzi/information_about_the_tax/,Trading/Settlement/Payment
NepalStock,1k5p1p1,"Upcoming global recession, remittance will dry up and neighbor geopolitical tensions. Economy blackpill?",Weird_Region2687,"Global recession will hit Nepal hard unlike the relatively mild impact of 2008. Demand for foreign workers will fall and drying  remittance will bring economy to its knees. I see mass deportations on the horizon.

Add new India pakistan geopolitical tensions. How will this all play out?",1,0,2025-04-23 03:02:00+00:00,https://reddit.com/r/NepalStock/comments/1k5p1p1/upcoming_global_recession_remittance_will_dry_up/,Economy
NepalStock,1k5mzg9,"Daily Discussion Thread (Wednesday - Apr 23, 2025)",AutoModerator,"Use this post to discuss what to buy/sell/trade/avoid/watch today and in the coming days.

As always, the rules still apply.

**Have a TMS or Meroshare issue? Query about EDIS or collateral? Ask here instead of creating another thread. All queries regarding TMS, MeroShare, Broker issues, EDIS, Settlement and Payments should be asked here.** &gt;!DO NOT create another post.!&lt;

BEGINNER? [**Go here first!**](https://www.reddit.com/r/NepalStock/wiki/beginners-guide)

DO NOT MAKE SEPARATE **INDIVIDUAL** POSTS ASKING:

* what to buy or sell,
* or what bank to buy,
* or what insurance to buy,
* yo share kati samma mathi jancha hola
* IPO ma pareko yo share kun din bechda ramro hola, ajhai 1-2 din parkhine ki nai etc.

will be deleted. Repeat violators will be banned.

Happy Investing!",1,0,2025-04-23 01:15:30+00:00,https://reddit.com/r/NepalStock/comments/1k5mzg9/daily_discussion_thread_wednesday_apr_23_2025/,Yo Kinda Kaso Hola
NepalStock,1k5d8ff,Bankers Need Free Hardcopy Calendar Please,Hey_Bannana,,1,0,2025-04-22 18:11:42+00:00,https://reddit.com/r/NepalStock/comments/1k5d8ff/bankers_need_free_hardcopy_calendar_please/,Misc
NepalStock,1k52xjv,Auction share and good for payment cheque,abhissh123,,1,0,2025-04-22 10:26:04+00:00,https://reddit.com/r/NepalStock/comments/1k52xjv/auction_share_and_good_for_payment_cheque/,Market
NepalStock,1k4wfdy,Where to sell gold without bill in Kathmandu?,PrimarySite,Also is standard gold exchange legit? Do they give cash instantly and don't need bills?,1,0,2025-04-22 03:13:36+00:00,https://reddit.com/r/NepalStock/comments/1k4wfdy/where_to_sell_gold_without_bill_in_kathmandu/,Misc
NepalStock,1k4u538,"Daily Discussion Thread (Tuesday - Apr 22, 2025)",AutoModerator,"Use this post to discuss what to buy/sell/trade/avoid/watch today and in the coming days.

As always, the rules still apply.

**Have a TMS or Meroshare issue? Query about EDIS or collateral? Ask here instead of creating another thread. All queries regarding TMS, MeroShare, Broker issues, EDIS, Settlement and Payments should be asked here.** &gt;!DO NOT create another post.!&lt;

BEGINNER? [**Go here first!**](https://www.reddit.com/r/NepalStock/wiki/beginners-guide)

DO NOT MAKE SEPARATE **INDIVIDUAL** POSTS ASKING:

* what to buy or sell,
* or what bank to buy,
* or what insurance to buy,
* yo share kati samma mathi jancha hola
* IPO ma pareko yo share kun din bechda ramro hola, ajhai 1-2 din parkhine ki nai etc.

will be deleted. Repeat violators will be banned.

Happy Investing!",1,0,2025-04-22 01:15:47+00:00,https://reddit.com/r/NepalStock/comments/1k4u538/daily_discussion_thread_tuesday_apr_22_2025/,Yo Kinda Kaso Hola
NepalStock,1k4ifa1,What's the scenario of BHL ....,OkPlatypus3131,planning to buy bhl tomorrow. What's your take guys ?,1,0,2025-04-21 16:58:11+00:00,https://reddit.com/r/NepalStock/comments/1k4ifa1/whats_the_scenario_of_bhl/,Trading/Settlement/Payment
NepalStock,1k4fnrb,What maximum we can expect,Majestic_Lynx9183,"i don't Know much more about  IPO and Shares tara recently malie euta IPO pareko cha (CREST) ,  how much i can expect  from This IPO , ?",1,0,2025-04-21 15:00:35+00:00,https://reddit.com/r/NepalStock/comments/1k4fnrb/what_maximum_we_can_expect/,IPO/FPO
NepalStock,1k4cod6,Which broker gives instant collateral after selling the shares.,Opening-Pace-3595,,1,0,2025-04-21 12:48:24+00:00,https://reddit.com/r/NepalStock/comments/1k4cod6/which_broker_gives_instant_collateral_after/,Trading/Settlement/Payment
NepalStock,1k4a2is,Yo pharmaceutical company ko ipo kaile list garxa?,devilangel34,Do any one know?,1,0,2025-04-21 10:16:46+00:00,https://reddit.com/r/NepalStock/comments/1k4a2is/yo_pharmaceutical_company_ko_ipo_kaile_list_garxa/,IPO/FPO
NepalStock,1k49y1c,Return regarding ipos,xman000011,"I need a suggestion from you 
i have many IPOs and keeping them gives me less return  what i feel ;should i sell alll ipos and invest in 2/3 stocks only for more return ???

Please suggest me",1,0,2025-04-21 10:08:15+00:00,https://reddit.com/r/NepalStock/comments/1k49y1c/return_regarding_ipos/,IPO/FPO
NepalStock,1k492j0,Capital Gain Tax After Selling,helloworld_47,"Capital Gain Tax Nagarik App ma kati din ma dekhinchha share becheko?

My broker is telling me that it should be shown right away.However, after almost 45 days, it doesnot show anything.",1,0,2025-04-21 09:06:45+00:00,https://reddit.com/r/NepalStock/comments/1k492j0/capital_gain_tax_after_selling/,Market
NepalStock,1k41kmv,"Daily Discussion Thread (Monday - Apr 21, 2025)",AutoModerator,"Use this post to discuss what to buy/sell/trade/avoid/watch today and in the coming days.

As always, the rules still apply.

**Have a TMS or Meroshare issue? Query about EDIS or collateral? Ask here instead of creating another thread. All queries regarding TMS, MeroShare, Broker issues, EDIS, Settlement and Payments should be asked here.** &gt;!DO NOT create another post.!&lt;

BEGINNER? [**Go here first!**](https://www.reddit.com/r/NepalStock/wiki/beginners-guide)

DO NOT MAKE SEPARATE **INDIVIDUAL** POSTS ASKING:

* what to buy or sell,
* or what bank to buy,
* or what insurance to buy,
* yo share kati samma mathi jancha hola
* IPO ma pareko yo share kun din bechda ramro hola, ajhai 1-2 din parkhine ki nai etc.

will be deleted. Repeat violators will be banned.

Happy Investing!",1,0,2025-04-21 01:15:31+00:00,https://reddit.com/r/NepalStock/comments/1k41kmv/daily_discussion_thread_monday_apr_21_2025/,Yo Kinda Kaso Hola
NepalStock,1k3peha,Thoughts on development Bank Q3 2024/25 Financial Report?,Signal-Locksmith9761,"[](https://www.youtube.com/watch?v=HpGn9opqHto&amp;t=1s)

What is your thoughts on this quarter development Bank' report.  
Dont forget to see the report: [Development Bank Q3 2024/25](https://www.youtube.com/watch?v=HpGn9opqHto&amp;t=1s)",1,0,2025-04-20 15:43:26+00:00,https://reddit.com/r/NepalStock/comments/1k3peha/thoughts_on_development_bank_q3_202425_financial/,Fundamental Analysis
NepalStock,1k3l2sg,Android app for nepalstock.com,basic_bgnr,"Hi everyone, many moons ago I posted here about unofficial API access to [nepalstock.com.np](http://nepalstock.com.np) through [github.com/basic-bgnr/NepseUnofficialApi](http://github.com/basic-bgnr/NepseUnofficialApi) . I've now ported the python code to kotlin/android  and here's a proof of concept android app, [https://github.com/basic-bgnr/HyperNepseReleaser](https://github.com/basic-bgnr/HyperNepseReleaser) .",1,0,2025-04-20 12:05:46+00:00,https://reddit.com/r/NepalStock/comments/1k3l2sg/android_app_for_nepalstockcom/,Softwares
NepalStock,1k3kny4,"Gold, stocks or both?",Western_External_670,"With around 7L, and 50k regular monthly income, what might be my best ratio between gold and stocks? 
I can hold for 1 year minimum.",1,0,2025-04-20 11:40:38+00:00,https://reddit.com/r/NepalStock/comments/1k3kny4/gold_stocks_or_both/,Advice
NepalStock,1k3k502,Mention your favorite indicator and how you used them.,Cultural_Roll_8411,"I barely do any technical analysis but my favorite indicator would be Oscillators, use them mostly for slight help in entries. What indicators does your analysis not work without?",1,0,2025-04-20 11:05:21+00:00,https://reddit.com/r/NepalStock/comments/1k3k502/mention_your_favorite_indicator_and_how_you_used/,Market
NepalStock,1k3j29c,Nabil is not the nabil bank we used to see,Deep_Date_8139,"Why nabil bank is not nabil bank anymore . It's the bank earning the most in every quarter, performance wise good but why no momentum",1,0,2025-04-20 09:46:59+00:00,https://reddit.com/r/NepalStock/comments/1k3j29c/nabil_is_not_the_nabil_bank_we_used_to_see/,Market
NepalStock,1k3izs9,IPO varda 10 kitta Rs.1000 ko halda badi chance hunxa ki 50 kitta Rs.5000 ko halda ?,Ok_Construction_4840,"50 kitta varda, 10 kitta matra parne case hunxa ki hudaina ?

10 kitta matra pare pani vayo.",1,0,2025-04-20 09:41:49+00:00,https://reddit.com/r/NepalStock/comments/1k3izs9/ipo_varda_10_kitta_rs1000_ko_halda_badi_chance/,IPO/FPO
NepalStock,1k3iokl,Sold my share 4days ago! But still hadn't paid out yet😭 Total due amount rs15829 ! Yo dinnu baki wala pasia ho rw? (Newbie don't know anything ) 😭 help me pls,iam_ACE_,,1,0,2025-04-20 09:17:34+00:00,https://reddit.com/r/NepalStock/comments/1k3iokl/sold_my_share_4days_ago_but_still_hadnt_paid_out/,Broker
NepalStock,1k3h9dn,Yo debenture vako ipo KO meaning?,leounknown09,Can somebody explain this kind of ipo? And should one apply for it if he/she is new to the share market,1,0,2025-04-20 07:31:31+00:00,https://reddit.com/r/NepalStock/comments/1k3h9dn/yo_debenture_vako_ipo_ko_meaning/,IPO/FPO
NepalStock,1k3grqf,Q3 REPORT Commercial Bank,Signal-Locksmith9761,"[https://www.youtube.com/watch?v=biT0bVhIP8s](https://www.youtube.com/watch?v=biT0bVhIP8s)  
GIve your thoughts",1,0,2025-04-20 06:57:39+00:00,https://reddit.com/r/NepalStock/comments/1k3grqf/q3_report_commercial_bank/,Fundamental Analysis
NepalStock,1k3grds,Q3 REPORT Commercial Bank,Signal-Locksmith9761,"[https://www.youtube.com/watch?v=biT0bVhIP8s](https://www.youtube.com/watch?v=biT0bVhIP8s)  
GIve your thoughts",1,0,2025-04-20 06:57:02+00:00,https://reddit.com/r/NepalStock/comments/1k3grds/q3_report_commercial_bank/,Fundamental Analysis
NepalStock,1k3b9q3,"Daily Discussion Thread (Sunday - Apr 20, 2025)",AutoModerator,"Use this post to discuss what to buy/sell/trade/avoid/watch today and in the coming days.

As always, the rules still apply.

**Have a TMS or Meroshare issue? Query about EDIS or collateral? Ask here instead of creating another thread. All queries regarding TMS, MeroShare, Broker issues, EDIS, Settlement and Payments should be asked here.** &gt;!DO NOT create another post.!&lt;

BEGINNER? [**Go here first!**](https://www.reddit.com/r/NepalStock/wiki/beginners-guide)

DO NOT MAKE SEPARATE **INDIVIDUAL** POSTS ASKING:

* what to buy or sell,
* or what bank to buy,
* or what insurance to buy,
* yo share kati samma mathi jancha hola
* IPO ma pareko yo share kun din bechda ramro hola, ajhai 1-2 din parkhine ki nai etc.

will be deleted. Repeat violators will be banned.

Happy Investing!",1,0,2025-04-20 01:15:30+00:00,https://reddit.com/r/NepalStock/comments/1k3b9q3/daily_discussion_thread_sunday_apr_20_2025/,Yo Kinda Kaso Hola
NepalStock,1k306s7,This doesn’t make sense. Where is the asking recommendation on a stock?,Cultural_Roll_8411,,1,0,2025-04-19 16:27:58+00:00,https://reddit.com/r/NepalStock/comments/1k306s7/this_doesnt_make_sense_where_is_the_asking/,Market
NepalStock,1k2xtgg,Can someone explain Circular trading in friday’s context.,Cultural_Roll_8411,"Naasa and friend’s HPPL. Wtf is going on here? Circular trading yes, tara almost all the stocks are being traded to themselves. Sabai exact buys and sells. Nothing has happened, not even a slight price increase. Volume increase bhaya tara that’s about it.  Like dipendra agarwal’s pump and dump makes sense and it works. Tara yo HPPL ko chai k ho? Has anyone done this or knows someone that do this? I wanna do this too tara i got no clue whats happening other than volume increase.",1,0,2025-04-19 14:43:09+00:00,https://reddit.com/r/NepalStock/comments/1k2xtgg/can_someone_explain_circular_trading_in_fridays/,Advice
NepalStock,1k2oa6q,Pms acoount opening related suggestion.,Key-Big3299,I need suggestion kun bank ma sip or pms account kholda huncha? I am planing to open account nabil bank ma ani tei account ma sip garera pms garne ni plan gareko chu.. pls i need suggestion,1,0,2025-04-19 04:38:05+00:00,https://reddit.com/r/NepalStock/comments/1k2oa6q/pms_acoount_opening_related_suggestion/,Economy
NepalStock,1k29f0o,Help Needed: fill the form,justus0127,,1,0,2025-04-18 16:41:21+00:00,https://reddit.com/r/NepalStock/comments/1k29f0o/help_needed_fill_the_form/,Softwares
NepalStock,1k27x9p,How to Transfer Shares from one Dmat to another?,Nepsetime,I want to transfer all of the shares in my Dmat account to my wife's Dmat account as her birthday gift? Is it possible to do so in Nepal?,1,0,2025-04-18 15:38:30+00:00,https://reddit.com/r/NepalStock/comments/1k27x9p/how_to_transfer_shares_from_one_dmat_to_another/,Demat/MeroShare
NepalStock,1k251nz,Selling ids crunchy roll prime video steam,HighlightComplete235,"All price up only 10-50rs

Dm or dm on message Rohan66559 or comment your media",1,0,2025-04-18 13:33:12+00:00,https://reddit.com/r/NepalStock/comments/1k251nz/selling_ids_crunchy_roll_prime_video_steam/,Market
NepalStock,1k225zv,Cash dividend with reinvestment Vs bonus dividend,Deep_Date_8139,"bonus dividend ra cash dividend ma yedi cash reinvestment garyoo vaney cash dividend leh ramro return dinxa haina rah ,okay lets take the scenarios two companies same ltp one distributed 10% cash another 10% , and after certain time both comapny hiked 50% , so in cash dividens scenarios i get investment + cash dividend+50% profit but in bonus dividend i get investment +50% profit.Ani yo long run ma bonus dividend gives vanney idea ta cash with reinvestment leh change garyoo Nita . Maila nabujheko ho ki k hoo",1,0,2025-04-18 11:00:23+00:00,https://reddit.com/r/NepalStock/comments/1k225zv/cash_dividend_with_reinvestment_vs_bonus_dividend/,Market
NepalStock,1k1yl8k,Digitally investing in gold,Aalu_Pidalu,Has anyone heard about [Mypay gold](https://mypaygold.com/) I wanted to invest in gold and came across it. Is it viable to invest in gold through this? Also why are the gold and silver prices lower in this site?,1,0,2025-04-18 06:48:59+00:00,https://reddit.com/r/NepalStock/comments/1k1yl8k/digitally_investing_in_gold/,Advice
NepalStock,1k1vud8,Help us reach 48 more responses MILESTONE for this Finance Research.,Calm_Card1162,,1,0,2025-04-18 03:54:01+00:00,https://reddit.com/r/NepalStock/comments/1k1vud8/help_us_reach_48_more_responses_milestone_for/,Market
NepalStock,1k1vt67,Help us reach 48 more responses MILESTONE for this Finance Research. Let's make NEPSE data backed,Calm_Card1162,,1,0,2025-04-18 03:52:03+00:00,https://reddit.com/r/NepalStock/comments/1k1vt67/help_us_reach_48_more_responses_milestone_for/,Fundamental Analysis
NepalStock,1k1lihw,Can we open two demat with one bank account in Nepal?,ComfortableSpeech364,Can we open two demat account with one bank account in Nepal I know we can open up too two demat but can it be with 1 bank account I want to know that,1,0,2025-04-17 19:31:56+00:00,https://reddit.com/r/NepalStock/comments/1k1lihw/can_we_open_two_demat_with_one_bank_account_in/,Demat/MeroShare
NepalStock,1k1il8s,For those who think I’m bluffing about my investment story,Talk_to_me9175,,1,1,2025-04-17 17:30:58+00:00,https://reddit.com/r/NepalStock/comments/1k1il8s/for_those_who_think_im_bluffing_about_my/,IPO/FPO
NepalStock,1k1idw7,For those who think I am bluffing,Talk_to_me9175,,1,1,2025-04-17 17:22:33+00:00,https://reddit.com/r/NepalStock/comments/1k1idw7/for_those_who_think_i_am_bluffing/,IPO/FPO
NepalStock,1k1frlu,What should I do to get that account,Impressive_Ad958,"Mero account uncle chalaunu hunthyo 
Ipo ko 
Now malai chalaunu cha acc 
Ma ahile uncle sang boldaina 
So how can I get my account 
Tesko barema kei thacaina malai 
Just account cha vanera. Matra thacha 
What to do abaa",1,0,2025-04-17 15:35:19+00:00,https://reddit.com/r/NepalStock/comments/1k1frlu/what_should_i_do_to_get_that_account/,Demat/MeroShare
NepalStock,1k1dvju,My Investment Story except buy iPhone 15 Pro in age 21,Talk_to_me9175,"From an iPhone Dream to a Portfolio Worth Rs. 7.65 Lakhs

I once asked my father for Rs. 1,76,000 not for college, not for a business, just to buy an iPhone 15 Pro.

But instead of buying the phone, I made a decision that changed everything 
I invested the entire amount in the share market.

That was the only money I ever put in. The rest? All from profit.

From that initial investment, I made my first profit of Rs. 2,66,000. I didn’t stop. I kept reinvesting every bit of the profit, learning along the way, staying patient, and believing in the process.

Today, my portfolio has grown to Rs. 7,65,000 and it all started with the money meant for a phone.

This journey taught me something priceless:
You don’t need a huge amount to start just the right mindset.

What could’ve been a phone I’d probably be upgrading in a year… became the seed of a growing asset.

Discipline beats desire.
Patience builds progress.
And small decisions can create big futures.",1,0,2025-04-17 14:15:31+00:00,https://reddit.com/r/NepalStock/comments/1k1dvju/my_investment_story_except_buy_iphone_15_pro_in/,IPO/FPO
NepalStock,1k10t1l,"Market Weekend Discussion (Thursday Apr 17 - Saturday Apr 19, 2025)",AutoModerator,"Use this post to discuss what to buy/sell/trade/avoid/watch this weekend and in the coming days.

As always, the rules still apply.

**Have a TMS or Meroshare issue? Query about EDIS or collateral? Ask here instead of creating another thread. All queries regarding TMS, MeroShare, Broker Issues, EDIS, Settlement and Payments should be asked here.** DO NOT create another post.

BEGINNER? [**Go here first!**](https://www.reddit.com/r/NepalStock/wiki/beginners-guide)

DO NOT MAKE SEPARATE **INDIVIDUAL** POSTS ASKING:

* what to buy or sell,
* or what bank to buy,
* or what insurance to buy,
* yo share kati samma mathi jancha hola
* IPO ma pareko yo share kun din bechda ramro hola, ajhai 1-2 din parkhine ki nai etc.

will be deleted. Repeat violators will be banned.

Happy Investing!",1,0,2025-04-17 01:15:30+00:00,https://reddit.com/r/NepalStock/comments/1k10t1l/market_weekend_discussion_thursday_apr_17/,Yo Kinda Kaso Hola
NepalStock,1k0z8ux,"which company provides the clean interface and organised portfolio service provider, based on your experience??",goodday_best,Thank you,1,0,2025-04-16 23:57:05+00:00,https://reddit.com/r/NepalStock/comments/1k0z8ux/which_company_provides_the_clean_interface_and/,Softwares
NepalStock,1k0jfel,Announcing Watchlist LIVE—A New Chrome Extension for TMS,therealpac,"Hello r/NepalStock,



I’ve just released a Chrome extension \*\*Watchlist LIVE\*\* that might be useful for those of you actively trading on NEPSE via TMS.



The extension auto-updates your TMS watchlist (under Market Data ► Watch List) with near real-time prices and volumes (you no longer need to refresh your browser \_every\_ time). The refresh interval is configurable to match your trading style. 



This way, you can stay focused on the scripts that you're interested in.



🎥 Promo video: Watch \[here\](https://www.youtube.com/watch?v=wP1-62Jum4c)



\*\*How to use it:\*\*



1. Install the extension from Chrome Web Store on your browser (Google Chrome or Brave).

2. Log in to your TMS account.

3. Navigate to Market Data ► Watch List. (If you came here from another page, you’ll be prompted to refresh—please do so for it to work properly.)

4. Once on the Watch List page, open the extension from the browser toolbar and click Go LIVE.



\---



Get the extension: \[Chrome Web Store\](https://chromewebstore.google.com/detail/watchlist-live/oiedfplafmjcdoeoabjhmfgpimonkhfl)



Firefox version coming soon!

\---

I made this extension to scratch my own itch. It is not associated with NEPSE or TMS. It does not collect or transmit any of the TMS data and simply uses what is provided by the TMS. All the processing is done locally on your machine.



Try it out tomorrow when the market opens and let me know what you think or if you have any feedback!",1,0,2025-04-16 12:40:42+00:00,https://reddit.com/r/NepalStock/comments/1k0jfel/announcing_watchlist_livea_new_chrome_extension/,Softwares
NepalStock,1k0gook,Any idea when shares of Om Megashree Pharmaceuticals Limited will be tradable?,[deleted],,0,4,2025-04-16 10:00:19+00:00,https://reddit.com/r/NepalStock/comments/1k0gook/any_idea_when_shares_of_om_megashree/,IPO/FPO
NepalStock,1k0g68p,Kati din wait garnu parxa share bichna lai?,True_Statistician_17,,1,0,2025-04-16 09:23:48+00:00,https://reddit.com/r/NepalStock/comments/1k0g68p/kati_din_wait_garnu_parxa_share_bichna_lai/,Market
NepalStock,1k0fx86,Selling stocks at this time,kaloghoda-,"maile vareko duita ipo pareko cha aaile samma, ani eauta sabai bechni vaneko, aba kasari bechxan kei thaxaina,.
how do i sell, ma snga vako mero share matrai ho, tesbata milcha ki mildaina, vandinu paryo bigye harule",0,1,2025-04-16 09:05:24+00:00,https://reddit.com/r/NepalStock/comments/1k0fx86/selling_stocks_at_this_time/,Market
NepalStock,1k0e7wv,Edis time chai kati sama ho ?,Iamtiredfromlyf,"Guys I am worried.. 
Maile hijo sell gare share hai .. Tara Mero guuu dimag le hijo rati edis garna birsexa Tara agghi 12 baje yaad Aayera gardihale . K aaba Malai 20% fine lagxa ????",0,1,2025-04-16 06:59:36+00:00,https://reddit.com/r/NepalStock/comments/1k0e7wv/edis_time_chai_kati_sama_ho/,Trading/Settlement/Payment
NepalStock,1k0al8s,Paper Trading in NEPSE,writer_g,"Just found this cool app that allows you to paper trade in Nepse. It's ""Nepse Paper Trading"". 

[This shows you how to use and what features are available.](https://youtu.be/KGlJcIzItuE?si=rMkUoLBYFgjfcalz)",1,0,2025-04-16 03:10:29+00:00,https://reddit.com/r/NepalStock/comments/1k0al8s/paper_trading_in_nepse/,Trading/Settlement/Payment
NepalStock,1k08ehy,"Daily Discussion Thread (Wednesday - Apr 16, 2025)",AutoModerator,"Use this post to discuss what to buy/sell/trade/avoid/watch today and in the coming days.

As always, the rules still apply.

**Have a TMS or Meroshare issue? Query about EDIS or collateral? Ask here instead of creating another thread. All queries regarding TMS, MeroShare, Broker issues, EDIS, Settlement and Payments should be asked here.** &gt;!DO NOT create another post.!&lt;

BEGINNER? [**Go here first!**](https://www.reddit.com/r/NepalStock/wiki/beginners-guide)

DO NOT MAKE SEPARATE **INDIVIDUAL** POSTS ASKING:

* what to buy or sell,
* or what bank to buy,
* or what insurance to buy,
* yo share kati samma mathi jancha hola
* IPO ma pareko yo share kun din bechda ramro hola, ajhai 1-2 din parkhine ki nai etc.

will be deleted. Repeat violators will be banned.

Happy Investing!",1,6,2025-04-16 01:15:31+00:00,https://reddit.com/r/NepalStock/comments/1k08ehy/daily_discussion_thread_wednesday_apr_16_2025/,Yo Kinda Kaso Hola
NepalStock,1jzx0d4,Shikhar Insurnace 10% BONUS??,New_Reputation_8428,Yo meroshare ma list bhako chaina ho ahile samma? kin hola?,1,0,2025-04-15 16:58:54+00:00,https://reddit.com/r/NepalStock/comments/1jzx0d4/shikhar_insurnace_10_bonus/,Market
NepalStock,1jzs5qn,Alloted share not showing in my Meroshare portfolio,dyeahjuhneez,I have been alloted ipo share recently but it's taking too much to come into the market. the scrip is OMPHL.,1,0,2025-04-15 13:40:32+00:00,https://reddit.com/r/NepalStock/comments/1jzs5qn/alloted_share_not_showing_in_my_meroshare/,IPO/FPO
NepalStock,1jzqff8,Bhl ma k vako kina tetro volume Ra fall,Deep_Date_8139,Bhl 2 arba Vanda badi aako raixa volume which is insane  . Ani continuous fall raixa k vako hoo,1,0,2025-04-15 12:18:49+00:00,https://reddit.com/r/NepalStock/comments/1jzqff8/bhl_ma_k_vako_kina_tetro_volume_ra_fall/,Market
NepalStock,1jzm8wr,Server crash or WOT in merso share?,Output-error,My meroShare app is not opening neither in webpage,1,0,2025-04-15 07:54:04+00:00,https://reddit.com/r/NepalStock/comments/1jzm8wr/server_crash_or_wot_in_merso_share/,Market
NepalStock,1jzm18k,Didnt recevie the message,True_Statistician_17,Aija mailey 1st time  stock sell gareko transaction completed bhayo tara mero phone ma message ayena sell gare pashi edis garney bhanera kina ho ne ani sell bhayo bhanera ne message ayexaina kina hola yesto bhayeko?,1,0,2025-04-15 07:38:52+00:00,https://reddit.com/r/NepalStock/comments/1jzm18k/didnt_recevie_the_message/,Market
NepalStock,1jzfgv4,"Daily Discussion Thread (Tuesday - Apr 15, 2025)",AutoModerator,"Use this post to discuss what to buy/sell/trade/avoid/watch today and in the coming days.

As always, the rules still apply.

**Have a TMS or Meroshare issue? Query about EDIS or collateral? Ask here instead of creating another thread. All queries regarding TMS, MeroShare, Broker issues, EDIS, Settlement and Payments should be asked here.** &gt;!DO NOT create another post.!&lt;

BEGINNER? [**Go here first!**](https://www.reddit.com/r/NepalStock/wiki/beginners-guide)

DO NOT MAKE SEPARATE **INDIVIDUAL** POSTS ASKING:

* what to buy or sell,
* or what bank to buy,
* or what insurance to buy,
* yo share kati samma mathi jancha hola
* IPO ma pareko yo share kun din bechda ramro hola, ajhai 1-2 din parkhine ki nai etc.

will be deleted. Repeat violators will be banned.

Happy Investing!",1,0,2025-04-15 01:15:31+00:00,https://reddit.com/r/NepalStock/comments/1jzfgv4/daily_discussion_thread_tuesday_apr_15_2025/,Yo Kinda Kaso Hola
NepalStock,1jysmjl,Missing Bonus Share of CIT,crazydiamond49,"I initially held 20 kittas of CIT, and CIT then gave a bonus issue of 14%, which should have increased my holding to 22.8 kittas. After purchasing an additional 17 kittas, I had 39.8 (39 shown in Demat) kittas in total. When CIT issued another bonus of 7% on that amount, the total should have reached 42.58 (39.8+7%) kittas. However, I only received 2 kitta bonus this time, so I ended up with 41 kittas overall. Shouldn’t I have been credited with one more kitta?",1,0,2025-04-14 06:53:03+00:00,https://reddit.com/r/NepalStock/comments/1jysmjl/missing_bonus_share_of_cit/,Bonus Share/Dividend
NepalStock,1jyn33c,"Daily Discussion Thread (Monday - Apr 14, 2025)",AutoModerator,"Use this post to discuss what to buy/sell/trade/avoid/watch today and in the coming days.

As always, the rules still apply.

**Have a TMS or Meroshare issue? Query about EDIS or collateral? Ask here instead of creating another thread. All queries regarding TMS, MeroShare, Broker issues, EDIS, Settlement and Payments should be asked here.** &gt;!DO NOT create another post.!&lt;

BEGINNER? [**Go here first!**](https://www.reddit.com/r/NepalStock/wiki/beginners-guide)

DO NOT MAKE SEPARATE **INDIVIDUAL** POSTS ASKING:

* what to buy or sell,
* or what bank to buy,
* or what insurance to buy,
* yo share kati samma mathi jancha hola
* IPO ma pareko yo share kun din bechda ramro hola, ajhai 1-2 din parkhine ki nai etc.

will be deleted. Repeat violators will be banned.

Happy Investing!",1,0,2025-04-14 01:15:31+00:00,https://reddit.com/r/NepalStock/comments/1jyn33c/daily_discussion_thread_monday_apr_14_2025/,Yo Kinda Kaso Hola
NepalStock,1jykoh0,Can I check how much I have invested till date without going through all emails of purchase receipt from broker,Wide_Fishing3918,# Can I check how much I have invested till date without going through all emails of purchase receipt from broker,1,0,2025-04-13 23:09:34+00:00,https://reddit.com/r/NepalStock/comments/1jykoh0/can_i_check_how_much_i_have_invested_till_date/,Online/TMS
NepalStock,1jyfrjd,NSS- Nepal Stock Simulator,Shittydude69,"Hiya guys! I'm a 14 year old in Kathmandu, and I am building a stock simulator that allows newbies to practice trading without any real risk! The name of my project is Nepal Stock Simulator(NSS) and any support/boost/feedback would mean a lot for me! You can get more info on @nepalstocksimulator on Instagram, I regularly post updates there. Thank you!!😸😸",1,0,2025-04-13 19:25:57+00:00,https://reddit.com/r/NepalStock/comments/1jyfrjd/nss_nepal_stock_simulator/,Softwares
NepalStock,1jy4vo5,Unable to access nic aisa mo bank from I phone,withpeople,I cannot access nic asia mo bank from i phone but can from pc.,1,0,2025-04-13 10:43:54+00:00,https://reddit.com/r/NepalStock/comments/1jy4vo5/unable_to_access_nic_aisa_mo_bank_from_i_phone/,Advice
NepalStock,1jy0re9,mkt order mero ma milena,pinkyponkymonkey,MKT order rakhne bittikai daily order book ko completed ma gayera basxa ani cancelled vanxa. ?? kina hola???,1,0,2025-04-13 05:46:45+00:00,https://reddit.com/r/NepalStock/comments/1jy0re9/mkt_order_mero_ma_milena/,Online/TMS
NepalStock,1jy0kwx,issue with my tms relating to collateral,Confident_Cicada5968,,1,0,2025-04-13 05:34:31+00:00,https://reddit.com/r/NepalStock/comments/1jy0kwx/issue_with_my_tms_relating_to_collateral/,Broker
NepalStock,1jy0bkm,Why is it showing negative collateral in my tms account?,Confident_Cicada5968,,1,0,2025-04-13 05:17:24+00:00,https://reddit.com/r/NepalStock/comments/1jy0bkm/why_is_it_showing_negative_collateral_in_my_tms/,Trading/Settlement/Payment
NepalStock,1jy03f7,mero Tms ma available collateral negative (-) ma kinxa xa,Confident_Cicada5968,,1,0,2025-04-13 05:02:06+00:00,https://reddit.com/r/NepalStock/comments/1jy03f7/mero_tms_ma_available_collateral_negative_ma/,Online/TMS
NepalStock,1jxwb5b,"Daily Discussion Thread (Sunday - Apr 13, 2025)",AutoModerator,"Use this post to discuss what to buy/sell/trade/avoid/watch today and in the coming days.

As always, the rules still apply.

**Have a TMS or Meroshare issue? Query about EDIS or collateral? Ask here instead of creating another thread. All queries regarding TMS, MeroShare, Broker issues, EDIS, Settlement and Payments should be asked here.** &gt;!DO NOT create another post.!&lt;

BEGINNER? [**Go here first!**](https://www.reddit.com/r/NepalStock/wiki/beginners-guide)

DO NOT MAKE SEPARATE **INDIVIDUAL** POSTS ASKING:

* what to buy or sell,
* or what bank to buy,
* or what insurance to buy,
* yo share kati samma mathi jancha hola
* IPO ma pareko yo share kun din bechda ramro hola, ajhai 1-2 din parkhine ki nai etc.

will be deleted. Repeat violators will be banned.

Happy Investing!",1,0,2025-04-13 01:15:32+00:00,https://reddit.com/r/NepalStock/comments/1jxwb5b/daily_discussion_thread_sunday_apr_13_2025/,Yo Kinda Kaso Hola
NepalStock,1jxgvpt,Unable to create tms account,EndSubstantial563,"Trying to open TMS with secured securities( broker 36), but portal says DMAT must include 13011600. My BOID starts with 1301370XXXXXXXX(nic asia). Anyone faced this?? 


Ps: according to redit users Broker 36 seem pretty good....idk ab it tho...i wouldnt mind yall recommeding me sum fine shi.",1,0,2025-04-12 13:06:33+00:00,https://reddit.com/r/NepalStock/comments/1jxgvpt/unable_to_create_tms_account/,Online/TMS
NepalStock,1jxeesr,"I have Dordi Khola Jal Bidyut Company Ltd, 10 units, but there is no option to apply for the right share. Can anyone tell me if I can apply or not?",2079BS,https://preview.redd.it/shcrfhuak7ue1.png?width=1599&amp;format=png&amp;auto=webp&amp;s=94c12887912caf2602fbd3707e0cf9f731b5aa23,1,0,2025-04-12 10:38:43+00:00,https://reddit.com/r/NepalStock/comments/1jxeesr/i_have_dordi_khola_jal_bidyut_company_ltd_10/,Right Share
NepalStock,1jxdt02,Promoter share in Nepal,abhissh123,I was wondering if theres any social media group which updates about  available promoter share of not listed/pipeline companies of Nepal,1,0,2025-04-12 09:55:03+00:00,https://reddit.com/r/NepalStock/comments/1jxdt02/promoter_share_in_nepal/,Market
NepalStock,1jwomsw,Forgot CRN number does anyone know the pattern for nmb bank.,[deleted],,1,0,2025-04-11 12:28:02+00:00,https://reddit.com/r/NepalStock/comments/1jwomsw/forgot_crn_number_does_anyone_know_the_pattern/,Misc
NepalStock,1jwmsea,I Have Rs. 2 Lakhs to Invest .should i invest in these companies or not.,Routine_Dingo_4182,"|**Company**|**Investment**||
|:-|:-|:-|
|**Samaj Laghubitta (SAMAJ)**||Rs. 25,000||
|**Ngadi Group Power (NGPL)**||Rs. 20,000||
|**Macchapucchre Bank (MBL)**||Rs. 25,000||
|**Siddhartha Bank (SBL)**||Rs. 20,000||
|**Sanima Mai Hydropower (SHPC)**||Rs. 25,000||
|**Nepal Infra Bank (NIFRA)**||Rs. 20,000||
|**Liberty Energy (LEC)**||Rs. 15,000||
|**Kumari Bank (KBL)**||Rs. 25,000||
|**Remaining Cash Buffer**||Rs. 5,000||

I’m a beginner investor looking to grow my savings in the NEPSE market. After doing some homework, I’ve picked a few **low stocks** that I believe have good potential for long-term and short-term growth.  
alie reasons haru pani dinu hola",1,16,2025-04-11 10:40:42+00:00,https://reddit.com/r/NepalStock/comments/1jwmsea/i_have_rs_2_lakhs_to_invest_should_i_invest_in/,Market
NepalStock,1jwl7yi,Why am i not able to open a drmat account theough the website of nabil banks currently,ChipmunkOnly8201,,0,1,2025-04-11 08:49:31+00:00,https://reddit.com/r/NepalStock/comments/1jwl7yi/why_am_i_not_able_to_open_a_drmat_account_theough/,Demat/MeroShare
NepalStock,1jwj7gs,Which bank has the lowest transaction charge in demat account,ChipmunkOnly8201,Just wondering,2,3,2025-04-11 06:18:54+00:00,https://reddit.com/r/NepalStock/comments/1jwj7gs/which_bank_has_the_lowest_transaction_charge_in/,Demat/MeroShare
NepalStock,1jwhd12,help mero share ko id pass nai audaina !,Ok_Tension_4239,,1,0,2025-04-11 04:17:09+00:00,https://reddit.com/r/NepalStock/comments/1jwhd12/help_mero_share_ko_id_pass_nai_audaina/,Market
NepalStock,1jw14qz,Beginner investment advice?,Western_External_670,"I have around 90k in my savings account, i want to start investing on secondary market for long term hold.
Any advices on how should i enter the market?",1,0,2025-04-10 15:47:09+00:00,https://reddit.com/r/NepalStock/comments/1jw14qz/beginner_investment_advice/,Advice
NepalStock,1jvutry,"How to buy Gold In Nepal for Investment Purpose, Not Ornaments",Dry_Blackberry5424,"Gold is one the best thing to invest in, we have all known that since our birth. 

But I still happen to be unknown about how to buy Gold. when I have asked this around People give me some mediocre &amp; un-investable answers like buy a ring or bracelet in your budget or whatever. I have no problem in buying such forms of gold but here are my confusions

**Jarti Jyala**... If i am just buying for investment purpose not for use. i don't think spending on jarti jyala is relevant so...Idk.. If you buy biscuits, there are no JJs? or what? I am completely clueless about it

**Resell/Sale-** If I happen to buy a gold in any form today, price hikes and try to selL. What is the procedure. like do I go to shop and sell it? also, when I sell it what are the things they are going to ask (For 1- I know Purchase Invoice is necessary.) or do before buying and what are the cuts on receivable, they are gonna make like JJs again or whatever? any kind of CGTs or ??   
  
Also is it that simple that I sell it to the gold shop? they won't say no? or if they do? where do I sell??

  
TOTALLY CLUELESS,  
PLEASE EXPLAIN SOMEONE",1,0,2025-04-10 10:41:50+00:00,https://reddit.com/r/NepalStock/comments/1jvutry/how_to_buy_gold_in_nepal_for_investment_purpose/,Advice
NepalStock,1jvrxh6,Very curious about how do some place an order with highest possible price so quickly,Kind_Economics_7927,"Context: NMIC or aru kunai nata stock

This would be a bit technical I guess, tara I am amazed by seeing how quickly the order for the next possible highest bid price gets placed after the LTP is updated, for a trending IPO script 

I am curious if it is the human doing or do they use some sort of software. Does NEPSE provide API support to watch, place or update orders? If human, is it the same person placing a sell order and a buy order, with next highest price, almost at the same time?

How does the matching engine for NEPSE work? I guess it's the first come first serve in the case of two orders tie for the price. Or are there any other factors? If I update my order's quantity, will it go to the last again, although it is for the same price? 

Are there any documentation for all of this? Or do we have to just play around with the system to understand it's inner workings?",1,0,2025-04-10 07:11:01+00:00,https://reddit.com/r/NepalStock/comments/1jvrxh6/very_curious_about_how_do_some_place_an_order/,IPO/FPO
NepalStock,1jvrucb,Can I make two dmat account,Confident_Cicada5968,Can I have two dmat account from two separate bank?,1,0,2025-04-10 07:04:40+00:00,https://reddit.com/r/NepalStock/comments/1jvrucb/can_i_make_two_dmat_account/,Demat/MeroShare
NepalStock,1jvrmo4,Is there any group where people discuss the price of stock when to sell and when to buy like insider trading?,True_Statistician_17,Is there any group where people discuss the price of stock when to sell and when to buy like insider trading?,1,0,2025-04-10 06:49:28+00:00,https://reddit.com/r/NepalStock/comments/1jvrmo4/is_there_any_group_where_people_discuss_the_price/,Market
NepalStock,1jvrkmy,minor account .............................................................,Suspicious-Stable352,"So I had opened my DEMAT and Mero Share account when I was under 18. Now I’m over 18, but the account still shows “Minor” in the Mero Share app. I’ve even sold some shares recently, but the status hasn’t changed.

Has anyone else faced this? Do I need to visit the bank or submit some documents to get it updated to “Major”? Any help would be appreciated!",1,0,2025-04-10 06:45:23+00:00,https://reddit.com/r/NepalStock/comments/1jvrkmy/minor_account/,Demat/MeroShare
NepalStock,1jvrawy,How to Get Refund from Broker 45 (Imperial Securities)?,Harikumarthapamagar,"I’m not sure how the refund process works with Imperial Securities.  
Cannot see any details on \[Fund Settlement\] as well.  
  
Is it automatic? Or do we need to **call, email, or visit their office**? I would really appreciate any help. Thanks! 🙏

\[Sold shares for my sister on **8th April and** completed **EDIS** the same day.\]",1,0,2025-04-10 06:26:12+00:00,https://reddit.com/r/NepalStock/comments/1jvrawy/how_to_get_refund_from_broker_45_imperial/,Broker
NepalStock,1jvpi60,How to buy Gold Coins from Nepal Rastra Bank?,Ordinary-Concern-405,"Hi. I heard that Nepal Rastra Bank sells gold coins ranging from 2.5 to 10 gms. I searched for the information on their website and news as well. Apart from the sales news during Tihar, there is no news. Does someone have any idea regarding when do they sell and what is the procedure?",1,0,2025-04-10 04:26:56+00:00,https://reddit.com/r/NepalStock/comments/1jvpi60/how_to_buy_gold_coins_from_nepal_rastra_bank/,Market
NepalStock,1jvp5hk,Where to invest this little money?,According_Bathroom93,"Hi, I had a very little capital to start with (30k). Firstly, I bought stocks of CBanks but later on I understood about High Cap and Low cap. So there us no much profit from Banks.

My first target was to mimimize risk, profit wasn't a concern.

But now, I have gone through some indicators, and technical analysis so I think I can carry some risks for profit.

Let me know if my money isn't appropriate to start with other sectors. And please recommend me sectors (or scripts) with increasing order of risks.",1,0,2025-04-10 04:05:24+00:00,https://reddit.com/r/NepalStock/comments/1jvp5hk/where_to_invest_this_little_money/,Market
NepalStock,1jvm1nx,"Market Weekend Discussion (Thursday Apr 10 - Saturday Apr 12, 2025)",AutoModerator,"Use this post to discuss what to buy/sell/trade/avoid/watch this weekend and in the coming days.

As always, the rules still apply.

**Have a TMS or Meroshare issue? Query about EDIS or collateral? Ask here instead of creating another thread. All queries regarding TMS, MeroShare, Broker Issues, EDIS, Settlement and Payments should be asked here.** DO NOT create another post.

BEGINNER? [**Go here first!**](https://www.reddit.com/r/NepalStock/wiki/beginners-guide)

DO NOT MAKE SEPARATE **INDIVIDUAL** POSTS ASKING:

* what to buy or sell,
* or what bank to buy,
* or what insurance to buy,
* yo share kati samma mathi jancha hola
* IPO ma pareko yo share kun din bechda ramro hola, ajhai 1-2 din parkhine ki nai etc.

will be deleted. Repeat violators will be banned.

Happy Investing!",1,0,2025-04-10 01:15:29+00:00,https://reddit.com/r/NepalStock/comments/1jvm1nx/market_weekend_discussion_thursday_apr_10/,Yo Kinda Kaso Hola
NepalStock,1jv9zow,NMIC IPO suitable price to sell,Acool-usename,,0,3,2025-04-09 16:26:54+00:00,https://reddit.com/r/NepalStock/comments/1jv9zow/nmic_ipo_suitable_price_to_sell/,IPO/FPO
NepalStock,1jv6vsk,What should I look before purchasing stock.,Confident_Cicada5968,Share kinda k k kura hernu parxa for short term profit.,1,0,2025-04-09 14:17:22+00:00,https://reddit.com/r/NepalStock/comments/1jv6vsk/what_should_i_look_before_purchasing_stock/,Advice
NepalStock,1jv3046,Help Needed with Opening Demat account through Global IME,comeback_kid_,,1,0,2025-04-09 11:01:24+00:00,https://reddit.com/r/NepalStock/comments/1jv3046/help_needed_with_opening_demat_account_through/,Advice
NepalStock,1jv27l0,"Close ended mutual fund (NMBHFL2) Ipo, why doesn't it show in meroshare portfolio?",Humble_Word_2910,"I know nothing about close ended mutual fund, when will this NMBHFL2 share price will show in portfolio, it been more than a month...?",1,0,2025-04-09 10:09:24+00:00,https://reddit.com/r/NepalStock/comments/1jv27l0/close_ended_mutual_fund_nmbhfl2_ipo_why_doesnt_it/,IPO/FPO
NepalStock,1jv24l0,"NMBHFL2 Ipo, when will it show in meroshare portfolio?",Humble_Word_2910,"I know nothing about close ended mutual fund,  when will this NMBHFL2 share price will show in portfolio,  it been more than a month...?",1,0,2025-04-09 10:03:35+00:00,https://reddit.com/r/NepalStock/comments/1jv24l0/nmbhfl2_ipo_when_will_it_show_in_meroshare/,IPO/FPO
NepalStock,1jv1rdc,TMS ma MKT order nai dekhayena,pinkyponkymonkey,Mero tms ma MKT order nai dekhako chaina only LMT order matra available xa. yo kasari solve garne hola problem /?/,1,0,2025-04-09 09:38:07+00:00,https://reddit.com/r/NepalStock/comments/1jv1rdc/tms_ma_mkt_order_nai_dekhayena/,Online/TMS
NepalStock,1jv09eg,What to do after clicking buy?,SignificanceCheap970,"https://preview.redd.it/jb77w4i1krte1.png?width=363&amp;format=png&amp;auto=webp&amp;s=6dfb95b0a053f412e4e4c2b0d9b9092a0904b414

I just bought my first 10 shares but don't know it there is anything else that I need to do? paisa collateral bata katcha hoki k ho aba? when will it appear in my demat account? 

Thanks for any help.",1,0,2025-04-09 07:44:41+00:00,https://reddit.com/r/NepalStock/comments/1jv09eg/what_to_do_after_clicking_buy/,Trading/Settlement/Payment
NepalStock,1juz300,Opening Price Calculation for Positive Circuit Stock,Kind_Economics_7927,"Hijo 332.5 ma close vako NMIC ko stock aaja 332.6 ma kina open vayo? Should not it's opening price still be 332.5? 

Last 15 minutes ma pani tei price ma ta trade vako thiyo as that was the max it could go yesterday.",1,0,2025-04-09 06:16:39+00:00,https://reddit.com/r/NepalStock/comments/1juz300/opening_price_calculation_for_positive_circuit/,IPO/FPO
NepalStock,1juyjvz,Which is the best YouTube source to learn about Nepali Stock market?,helloworld_47,"I am a beginner trying to learn trading and have come across various videos. In your opinion, which YouTube channel is the best for learning about the Nepali stock market?",1,0,2025-04-09 05:40:32+00:00,https://reddit.com/r/NepalStock/comments/1juyjvz/which_is_the_best_youtube_source_to_learn_about/,Market
NepalStock,1juv777,process after selling Share,Ok_Construction_4840,"https://preview.redd.it/dq7k52c1ypte1.png?width=1885&amp;format=png&amp;auto=webp&amp;s=80c400c222084e394a51030ae08704594d39e2e3

[I had bought GLI two times, 20 kitta and 10 kitta. similar to that ILI pani two times buy gareko thiye.  hijo sell gare. GLI ko chai aaile euta matra dekhairako xa, kina hola ?](https://preview.redd.it/e2ddpi0pypte1.png?width=1677&amp;format=png&amp;auto=webp&amp;s=6fc31caa32cfa8c4c17a141e30bed524e73e0758)",1,2,2025-04-09 02:22:56+00:00,https://reddit.com/r/NepalStock/comments/1juv777/process_after_selling_share/,Trading/Settlement/Payment
NepalStock,1jutw5r,"Daily Discussion Thread (Wednesday - Apr 09, 2025)",AutoModerator,"Use this post to discuss what to buy/sell/trade/avoid/watch today and in the coming days.

As always, the rules still apply.

**Have a TMS or Meroshare issue? Query about EDIS or collateral? Ask here instead of creating another thread. All queries regarding TMS, MeroShare, Broker issues, EDIS, Settlement and Payments should be asked here.** &gt;!DO NOT create another post.!&lt;

BEGINNER? [**Go here first!**](https://www.reddit.com/r/NepalStock/wiki/beginners-guide)

DO NOT MAKE SEPARATE **INDIVIDUAL** POSTS ASKING:

* what to buy or sell,
* or what bank to buy,
* or what insurance to buy,
* yo share kati samma mathi jancha hola
* IPO ma pareko yo share kun din bechda ramro hola, ajhai 1-2 din parkhine ki nai etc.

will be deleted. Repeat violators will be banned.

Happy Investing!",1,0,2025-04-09 01:15:31+00:00,https://reddit.com/r/NepalStock/comments/1jutw5r/daily_discussion_thread_wednesday_apr_09_2025/,Yo Kinda Kaso Hola
NepalStock,1jugxeg,globallly stocks ghtirako raixa nepal ma kattiko effect parla ?,[deleted],,0,3,2025-04-08 15:52:36+00:00,https://reddit.com/r/NepalStock/comments/1jugxeg/globallly_stocks_ghtirako_raixa_nepal_ma_kattiko/,Market
NepalStock,1jugodl,Best bant to open demat account from,ChipmunkOnly8201,Recently i want to get into sotck market and i have been thinking from which bank should i open my demat account from or should i look for a broker?,1,0,2025-04-08 15:42:05+00:00,https://reddit.com/r/NepalStock/comments/1jugodl/best_bant_to_open_demat_account_from/,Demat/MeroShare
NepalStock,1jugkia,Monthly Odd Lot Buy/Sell Thread for {{date %b %Y}},JackThorne30,"Use this **AND ONLY THIS** thread to list out buy/sell odd lot shares.

To clarify, odd lots are shares less than 10 kitta (or 100 shares of Soaltee Hotel/mutual funds).

Creating new odd lot posts is an offense worthy of the ban hammer.",1,0,2025-04-08 15:37:38+00:00,https://reddit.com/r/NepalStock/comments/1jugkia/monthly_odd_lot_buysell_thread_for_date_b_y/,Trading/Settlement/Payment
NepalStock,1jufjpg,Help regarding investment,Maleficent-Group-878,,1,0,2025-04-08 14:55:38+00:00,https://reddit.com/r/NepalStock/comments/1jufjpg/help_regarding_investment/,Advice
NepalStock,1juev0j,How to get Newly Listed IPOs the fastest ⏩⏩!!!,Relative-Ideal-947,"Naya listing vako IPOs ma kasari ho yeti xito xito order aauxan 

Kei script haru use grya hunxan ki kei automation software with TMS ki k hola ki kei tikdam hunxw",1,0,2025-04-08 14:26:22+00:00,https://reddit.com/r/NepalStock/comments/1juev0j/how_to_get_newly_listed_ipos_the_fastest/,Online/TMS
NepalStock,1juesbm,Trade newly listed IPOs,Relative-Ideal-947,"How do people place order so fast in order page?

Kei automation use grya hunxw ki Arunai kei tikdam hunxw",1,0,2025-04-08 14:23:09+00:00,https://reddit.com/r/NepalStock/comments/1juesbm/trade_newly_listed_ipos/,Online/TMS
NepalStock,1judekn,I want to change my broker!!1,A_Reddit_User_1,Broker change garne processs kasto xa? mero broker 58 ho ani malai 47 ma change garnu xa k ho process?,1,0,2025-04-08 13:21:07+00:00,https://reddit.com/r/NepalStock/comments/1judekn/i_want_to_change_my_broker1/,Broker
NepalStock,1jud64m,HIDCL ko share certificate lai kasari demat ma transfer garne? k k cha process ahile ?,Ok-Secret3478,share certificate chai bahini ko ho ? capital janu parne bhaye ma matrai jada huncha ki bahini nai janu parcha ?,1,0,2025-04-08 13:09:46+00:00,https://reddit.com/r/NepalStock/comments/1jud64m/hidcl_ko_share_certificate_lai_kasari_demat_ma/,Demat/MeroShare
NepalStock,1juaiwt,Newly Listed IPOs... Who grabs themmmmmmmm,[deleted],,0,0,2025-04-08 10:44:01+00:00,https://reddit.com/r/NepalStock/comments/1juaiwt/newly_listed_ipos_who_grabs_themmmmmmmm/,Online/TMS
NepalStock,1juad38,Ksbbl @ 428. Is it a good deal?,jholagangmyachis,Same as title.,0,0,2025-04-08 10:33:27+00:00,https://reddit.com/r/NepalStock/comments/1juad38/ksbbl_428_is_it_a_good_deal/,Market
NepalStock,1ju9dn9,Why are people selling on the first trading day?,make1e10,... don't they realize that the prices will grow up for few more days?,1,0,2025-04-08 09:24:13+00:00,https://reddit.com/r/NepalStock/comments/1ju9dn9/why_are_people_selling_on_the_first_trading_day/,Market
NepalStock,1ju720n,1st time selling share (ipo ma pareko),Weekly_Reflection978,"maile varkhar broker account banaye ani share bechna lai collateral amount deposit garna parxa ki k ho ?  
ki sell ma gayera price ma list gare sell hunxa?",1,0,2025-04-08 06:28:12+00:00,https://reddit.com/r/NepalStock/comments/1ju720n/1st_time_selling_share_ipo_ma_pareko/,Market
NepalStock,1ju6fh6,"Day of a Trader – Real Trades, Real Moves",aatma11,,1,0,2025-04-08 05:45:34+00:00,https://reddit.com/r/NepalStock/comments/1ju6fh6/day_of_a_trader_real_trades_real_moves/,Market
NepalStock,1ju1oa9,"Daily Discussion Thread (Tuesday - Apr 08, 2025)",AutoModerator,"Use this post to discuss what to buy/sell/trade/avoid/watch today and in the coming days.

As always, the rules still apply.

**Have a TMS or Meroshare issue? Query about EDIS or collateral? Ask here instead of creating another thread. All queries regarding TMS, MeroShare, Broker issues, EDIS, Settlement and Payments should be asked here.** &gt;!DO NOT create another post.!&lt;

BEGINNER? [**Go here first!**](https://www.reddit.com/r/NepalStock/wiki/beginners-guide)

DO NOT MAKE SEPARATE **INDIVIDUAL** POSTS ASKING:

* what to buy or sell,
* or what bank to buy,
* or what insurance to buy,
* yo share kati samma mathi jancha hola
* IPO ma pareko yo share kun din bechda ramro hola, ajhai 1-2 din parkhine ki nai etc.

will be deleted. Repeat violators will be banned.

Happy Investing!",1,0,2025-04-08 01:15:32+00:00,https://reddit.com/r/NepalStock/comments/1ju1oa9/daily_discussion_thread_tuesday_apr_08_2025/,Yo Kinda Kaso Hola
NepalStock,1jtmcom,TMS ORDER PAGE LOADING!!!!!!!,Relative-Ideal-947,"TMS ma Order page kholerw rakhda time vaye paxi aafai clear hunxw ki reload grnai parxw

TMS ma Order page kholerw rakhda time vaye paxi aafai clear hunxw ki reload grnai parxw",1,0,2025-04-07 14:18:32+00:00,https://reddit.com/r/NepalStock/comments/1jtmcom/tms_order_page_loading/,Online/TMS
NepalStock,1jtjp4g,TMS ma Order page kholerw rakhda time vaye paxi aafai clear hunxw ki reload grnai parxw,Relative-Ideal-947,TMS ma Order page kholerw rakhda time vaye paxi aafai clear hunxw ki reload grnai parxw,1,0,2025-04-07 12:10:18+00:00,https://reddit.com/r/NepalStock/comments/1jtjp4g/tms_ma_order_page_kholerw_rakhda_time_vaye_paxi/,Online/TMS
NepalStock,1jth36y,what stock broker would be best to open a demat account,ChipmunkOnly8201,so ma recently stock market ma chidna khojirhexu. vdo hru here paxi tha xale ki demat account banaye paxi matra mero share account banauna skxau. so what would be the best one in your opinion?,1,0,2025-04-07 09:21:55+00:00,https://reddit.com/r/NepalStock/comments/1jth36y/what_stock_broker_would_be_best_to_open_a_demat/,Broker
NepalStock,1jtebvl,Is It a Good Time to Invest in Nabil Bank?,[deleted],,0,2,2025-04-07 05:57:28+00:00,https://reddit.com/r/NepalStock/comments/1jtebvl/is_it_a_good_time_to_invest_in_nabil_bank/,Market
NepalStock,1jtc0v3,How to scrape data from nepse,Educational-Snow4555,????,1,0,2025-04-07 03:31:05+00:00,https://reddit.com/r/NepalStock/comments/1jtc0v3/how_to_scrape_data_from_nepse/,Advice
NepalStock,1jt9kg6,"Daily Discussion Thread (Monday - Apr 07, 2025)",AutoModerator,"Use this post to discuss what to buy/sell/trade/avoid/watch today and in the coming days.

As always, the rules still apply.

**Have a TMS or Meroshare issue? Query about EDIS or collateral? Ask here instead of creating another thread. All queries regarding TMS, MeroShare, Broker issues, EDIS, Settlement and Payments should be asked here.** &gt;!DO NOT create another post.!&lt;

BEGINNER? [**Go here first!**](https://www.reddit.com/r/NepalStock/wiki/beginners-guide)

DO NOT MAKE SEPARATE **INDIVIDUAL** POSTS ASKING:

* what to buy or sell,
* or what bank to buy,
* or what insurance to buy,
* yo share kati samma mathi jancha hola
* IPO ma pareko yo share kun din bechda ramro hola, ajhai 1-2 din parkhine ki nai etc.

will be deleted. Repeat violators will be banned.

Happy Investing!",1,0,2025-04-07 01:15:30+00:00,https://reddit.com/r/NepalStock/comments/1jt9kg6/daily_discussion_thread_monday_apr_07_2025/,Yo Kinda Kaso Hola
NepalStock,1jsudn4,Help please anyone!!!!,Sudden_Pomelo_5816,,1,0,2025-04-06 13:41:28+00:00,https://reddit.com/r/NepalStock/comments/1jsudn4/help_please_anyone/,Mutual Funds
NepalStock,1jsiper,"Daily Discussion Thread (Sunday - Apr 06, 2025)",AutoModerator,"Use this post to discuss what to buy/sell/trade/avoid/watch today and in the coming days.

As always, the rules still apply.

**Have a TMS or Meroshare issue? Query about EDIS or collateral? Ask here instead of creating another thread. All queries regarding TMS, MeroShare, Broker issues, EDIS, Settlement and Payments should be asked here.** &gt;!DO NOT create another post.!&lt;

BEGINNER? [**Go here first!**](https://www.reddit.com/r/NepalStock/wiki/beginners-guide)

DO NOT MAKE SEPARATE **INDIVIDUAL** POSTS ASKING:

* what to buy or sell,
* or what bank to buy,
* or what insurance to buy,
* yo share kati samma mathi jancha hola
* IPO ma pareko yo share kun din bechda ramro hola, ajhai 1-2 din parkhine ki nai etc.

will be deleted. Repeat violators will be banned.

Happy Investing!",1,0,2025-04-06 01:15:31+00:00,https://reddit.com/r/NepalStock/comments/1jsiper/daily_discussion_thread_sunday_apr_06_2025/,Yo Kinda Kaso Hola
NepalStock,1jrw1tf,NAASA SECURITIES need a suggestion guys,GeologistPhysical414,what u guys think about them. is it good . should i open trading account there,1,0,2025-04-05 05:11:47+00:00,https://reddit.com/r/NepalStock/comments/1jrw1tf/naasa_securities_need_a_suggestion_guys/,Broker
NepalStock,1jru5wi,TMS account login problem,mindlessfingeek,,1,0,2025-04-05 03:18:49+00:00,https://reddit.com/r/NepalStock/comments/1jru5wi/tms_account_login_problem/,Online/TMS
NepalStock,1jru2wp,TMS account login problem,mindlessfingeek,,1,0,2025-04-05 03:14:10+00:00,https://reddit.com/r/NepalStock/comments/1jru2wp/tms_account_login_problem/,Online/TMS
NepalStock,1jrdm93,FPO apply gardaa thik ??,Mission_Moment_2923,So mailey invest garetheyna ailey samman ani 1 barsha ta Mero Demat essai basyo ani asti varkhar renew gareraa chalauxu sochey ani renew ni garey . Ailey FPo khulya raixa so I applied for it balla talla ek jana sathy lai sodhera. He insisted in  doing so I did it. Abaaa balla investment journey suru vayo ajhaa bata but yo Ramro hoki naramri wala Ho kunni mailey voreyko. Ipo ko bareyma matrai dherai sunya xuu FPO ko bareyma barely sunya ho,1,0,2025-04-04 14:44:48+00:00,https://reddit.com/r/NepalStock/comments/1jrdm93/fpo_apply_gardaa_thik/,IPO/FPO
NepalStock,1jrd57g,dordi ko right share bharni option kina aako xaina hola ??,Due-Significance9023,,1,8,2025-04-04 14:24:16+00:00,https://reddit.com/r/NepalStock/comments/1jrd57g/dordi_ko_right_share_bharni_option_kina_aako/,Right Share
NepalStock,1jr9p9y,About Siddhartha Systematic Investment Scheme,suussshhhh,"i have this Siddhartha Systematic Investment Scheme (SSIS) share in meroshare, but when i tried to sell this i didn't find it in the list, does anyone know how this works and what is this for? (i applied for this blindly)",1,0,2025-04-04 11:35:58+00:00,https://reddit.com/r/NepalStock/comments/1jr9p9y/about_siddhartha_systematic_investment_scheme/,Advice
NepalStock,1jr7bb2,I built Market Rodeo: A comprehensive market analysis platform. What are you currently missing in your tools?,MarketRodeo,"After spending countless hours researching stocks and crypto, I created Market Rodeo to bring together the tools I wished existed in one platform.

The goal was to make advanced financial analysis accessible to everyone with:

**Comprehensive Analysis Tools:** Financial analysis and research tools combined in one platform, eliminating the need to switch between multiple services.

**Advanced Screeners:** Filter through 80,000+ stocks &amp; crypto with powerful screening capabilities to find opportunities that match your exact criteria.

**Global Market Coverage:** Track market data across exchanges worldwide with multi-currency support for truly international investing.

**Portfolio Tracking:** Monitor your investments with live performance metrics, allocation visualization, and gain/loss tracking.

**Financial Deep Dives:** Access complete financial statements with revenue breakdowns and 30+ years of historical data to understand company performance.

**Asset Comparison Tool:** Compare multiple investments side-by-side on key metrics to make more informed decisions. (shown in the video)

**Insider Trading:** Track insider trading activities of corporate executives, directors, and major shareholders. View detailed information about stock purchases, sales, and transaction amounts.

**Congress Trading Tracker:** Follow the trading activities of House and Senate members to spot potential trends and opportunities.

I focused on balancing powerful features with an intuitive interface that doesn't require a finance degree to navigate effectively.

There's a free tier available if you want to try it out. I'd genuinely love to hear what financial analysis frustrations you face and what features would make your research process better.

If you're interested: [Market Rodeo](https://www.marketrodeo.com/)",1,0,2025-04-04 08:52:46+00:00,https://reddit.com/r/NepalStock/comments/1jr7bb2/i_built_market_rodeo_a_comprehensive_market/,Technical Analysis
NepalStock,1jr4d8p,Minor account issue!!,EmbarrassedTrifle572,I sold my shares and forgot that my demat ac was in minor. Can the shares be unfrozen for transfer if i go to a bank?,1,0,2025-04-04 05:24:28+00:00,https://reddit.com/r/NepalStock/comments/1jr4d8p/minor_account_issue/,Demat/MeroShare
NepalStock,1jr3uj0,Invalid CRN number issue??,New_Reputation_8428,"I have always used the same CRN number without any issues. However, while applying for the recent IPO, it showed an ""Invalid CRN Number"" error. I even visited Prabhu Bank to verify my CRN, and they confirmed that it is correct. What could be the issue?",1,0,2025-04-04 04:52:33+00:00,https://reddit.com/r/NepalStock/comments/1jr3uj0/invalid_crn_number_issue/,Demat/MeroShare
NepalStock,1jqppdn,How long till allotted shares show up in Meroshare,DetectiveDesigner186,"Hello there. I am relatively new to investing, and I was eventually allotted a few IPOs. However, some of them have not shown up in Meroshare even after a month of issue close date while the rest of them are shown. 

Is this normal? If not, who should I contact to have it resolved?

How long does it typically take for allotted shares to show up in Meroshare account? Is the duration whatever the issuing company wants it to be?",1,0,2025-04-03 18:11:46+00:00,https://reddit.com/r/NepalStock/comments/1jqppdn/how_long_till_allotted_shares_show_up_in_meroshare/,IPO/FPO
NepalStock,1jqloc2,Players inciting retailers today 😂,Connect_Ad_163,,1,0,2025-04-03 15:37:51+00:00,https://reddit.com/r/NepalStock/comments/1jqloc2/players_inciting_retailers_today/,Market
NepalStock,1jqgm1d,How to find CRN Number,EvilxDrax,,2,9,2025-04-03 12:03:37+00:00,https://reddit.com/r/NepalStock/comments/1jqgm1d/how_to_find_crn_number/,Demat/MeroShare
NepalStock,1jqgjy6,2ta meroshare TMS dmat panauna paincha?,Puzzled_Factor_7679,Sathiharu maila 2ta meroshare TMS and dmat banako chu .painchanii?? Kai problems ta hudainahola? Jankaari pamna🙏,1,0,2025-04-03 12:00:58+00:00,https://reddit.com/r/NepalStock/comments/1jqgjy6/2ta_meroshare_tms_dmat_panauna_paincha/,Demat/MeroShare
NepalStock,1jqdn12,I just purchased nic asia open mutual fund units and the bank say’s itll show in mero share,Select-Contract8279,"Maile units purchase gareko thiye aja ani sign up hanna khojda not a valid user dekhayo 
Ani bank lai call garera soddha 1week lagxa ani mero share ma dekhauxa vanyo 
Is it true that open mutual funds can be seen on mero share ? 
And how do i sell it ?",1,0,2025-04-03 09:08:04+00:00,https://reddit.com/r/NepalStock/comments/1jqdn12/i_just_purchased_nic_asia_open_mutual_fund_units/,Mutual Funds
NepalStock,1jq8qnw,About reserve right share,Ok_Actuator3946,"Maile balephi hydropower ko share becheko 1-2 months bhayo hola, tyo bela reserve right Wala ni bhareko rahechu
Ahelai mero DEMAT account ma listing bhako rahecha. 
Question: bechi sakkeko share ko ni listing huncha?",1,0,2025-04-03 03:58:45+00:00,https://reddit.com/r/NepalStock/comments/1jq8qnw/about_reserve_right_share/,Right Share
NepalStock,1jq6phv,Portfolio management platforms,Inevitable_Aerie_951,"Hello there, What kind of portfolio management softwares do you use for better tracking of data?  
I see a free one from NepseAlpha, but I need more data to be tracked like cash left, source of money, etc. any suggestions? If you have some excel, google sheets formats, or any resources, then please worry sending it here!",1,0,2025-04-03 02:15:09+00:00,https://reddit.com/r/NepalStock/comments/1jq6phv/portfolio_management_platforms/,Advice
NepalStock,1jq5guw,"Market Weekend Discussion (Thursday Apr 03 - Saturday Apr 05, 2025)",AutoModerator,"Use this post to discuss what to buy/sell/trade/avoid/watch this weekend and in the coming days.

As always, the rules still apply.

**Have a TMS or Meroshare issue? Query about EDIS or collateral? Ask here instead of creating another thread. All queries regarding TMS, MeroShare, Broker Issues, EDIS, Settlement and Payments should be asked here.** DO NOT create another post.

BEGINNER? [**Go here first!**](https://www.reddit.com/r/NepalStock/wiki/beginners-guide)

DO NOT MAKE SEPARATE **INDIVIDUAL** POSTS ASKING:

* what to buy or sell,
* or what bank to buy,
* or what insurance to buy,
* yo share kati samma mathi jancha hola
* IPO ma pareko yo share kun din bechda ramro hola, ajhai 1-2 din parkhine ki nai etc.

will be deleted. Repeat violators will be banned.

Happy Investing!",1,0,2025-04-03 01:15:32+00:00,https://reddit.com/r/NepalStock/comments/1jq5guw/market_weekend_discussion_thursday_apr_03/,Yo Kinda Kaso Hola
NepalStock,1jptttj,Confusion : opening Dmat account,Extension_Gas9658,"Hi, Mero chai share market ma entry vhakar huna garirako xa. 
Mailya bank account NIMB Bata kholyako hai , so teslai capital Bata sajilo hunxa vanyara Dmat account open garna lako but account details Dena lagda NIMB bank ko name nai dekhaudaina instead Nepal investment bank rw mega bank vanyara xutta xuttai dekhauxa . So mailya tyo capital Bata kholyana Dmat account.
 After that mailya aauta broker Bata Dmat kholna khojyako and I filled all the required details, teha Bata submission number ne aaisakyo so physically document deyara gayo vane open hunxa hola hope so .
But Mero confusion chai kaha aayo vane if mailya NIMB Ace Capita rw broker duitai Bata Dmat ko details varuara submit garxu vane  Dmat account open hunxa ki hudaina , if hunxa vane kasari rw Kun Bata hunxa??
NIMB ko Bata Mero ma matra problem aairako hoki aru ko mane aairako xa??",1,0,2025-04-02 17:06:20+00:00,https://reddit.com/r/NepalStock/comments/1jptttj/confusion_opening_dmat_account/,Demat/MeroShare
NepalStock,1jppwd9,Didnt do edis in time,Tough_Specific,"Hi all, I am a newbie in this of course. I made a broker account couple of days ago to sell my two shares, but my Demat was made when I was a minor and I didn't know to convert it to major when I sold the shares. Anyway they did sell my two shares, I got an email from my broker that confirmed my shares have been sold however in MeroShare I could not confirm edis due to account being minor. 

So I went to my Demat, I filled the form, everything and it took them roughly a whole week to convert my account to major. Now I opened my meroshare again to confirm transaction but there's nothing in EDIS. Meroshare ma chai tyo duita share dekhakai cha. K garum bhayo yar I'll call my broker tmrw but id appreciate if anyone told me whats up.",1,0,2025-04-02 14:26:10+00:00,https://reddit.com/r/NepalStock/comments/1jppwd9/didnt_do_edis_in_time/,Demat/MeroShare
NepalStock,1jpn95u,Stock group advertisement,Mission-Guarantee-31,,1,0,2025-04-02 12:23:47+00:00,https://reddit.com/r/NepalStock/comments/1jpn95u/stock_group_advertisement/,Market
NepalStock,1jpn5gf,Stock Group advertisement,Mission-Guarantee-31,,1,0,2025-04-02 12:18:23+00:00,https://reddit.com/r/NepalStock/comments/1jpn5gf/stock_group_advertisement/,Misc
NepalStock,1jpkzi1,SpeedLink Nepal – 100+ Deliveries &amp; Counting! Thank You for Your Support,Maleficent-Ninja4359,"Hey everyone,

Just wanted to share some exciting news—SpeedLink Nepal has now successfully delivered 100+ orders! A huge thank you to all our customers for trusting us. We know how important it is to have a reliable way to order from India, and we’re committed to making the process smooth and hassle-free.

To make things even easier, we offer Cash on Delivery (COD) whenever possible—so you don’t have to worry about upfront payments. If you’re looking to order from Amazon, Myntra, or any other Indian e-commerce site, feel free to reach out.

For inquiries, you can DM me or check out our Instagram page: @SpeedLinkNepal.

Looking forward to serving more of you!

#SpeedLinkNepal #FastAndReliable #CODAvailable",1,0,2025-04-02 10:05:42+00:00,https://reddit.com/r/NepalStock/comments/1jpkzi1/speedlink_nepal_100_deliveries_counting_thank_you/,Market
NepalStock,1jpjpqy,Forgot Password invalid,god_at_3_o_clock,Maile dherai paxi meroshare kholeko thiye...password birsera forgot pw garey ani mail maa aayeko pw haale...tespaxi aafai change password vanyo ani aafule rojeko pw haale ...tespaxi login garda naya pw invalid vanxa...forgot pw ni limit pugyo vanxa...kati din maa feri forgot pw garna milxa??,1,0,2025-04-02 08:29:20+00:00,https://reddit.com/r/NepalStock/comments/1jpjpqy/forgot_password_invalid/,Demat/MeroShare
NepalStock,1jpjihv,Demat number kasari tha hunxa ?,scarletee,How can i find my demat number,1,0,2025-04-02 08:13:21+00:00,https://reddit.com/r/NepalStock/comments/1jpjihv/demat_number_kasari_tha_hunxa/,Demat/MeroShare
NepalStock,1jpj838,Odd lot MEN 3 kitta @581,Ayuxh33,Title,1,0,2025-04-02 07:51:16+00:00,https://reddit.com/r/NepalStock/comments/1jpj838/odd_lot_men_3_kitta_581/,Trading/Settlement/Payment
NepalStock,1jpj433,Bbc making head nepse to 2806,stonedgenius69,"Conditions 
1&gt; nepse index 2830 pugna parxa harmonic bulish banuna 
2&gt;bbc lay puguxa 7000 easy 
3&gt;jharda sab",1,0,2025-04-02 07:42:31+00:00,https://reddit.com/r/NepalStock/comments/1jpj433/bbc_making_head_nepse_to_2806/,Market
NepalStock,1jpcf7v,"Daily Discussion Thread (Wednesday - Apr 02, 2025)",AutoModerator,"Use this post to discuss what to buy/sell/trade/avoid/watch today and in the coming days.

As always, the rules still apply.

**Have a TMS or Meroshare issue? Query about EDIS or collateral? Ask here instead of creating another thread. All queries regarding TMS, MeroShare, Broker issues, EDIS, Settlement and Payments should be asked here.** &gt;!DO NOT create another post.!&lt;

BEGINNER? [**Go here first!**](https://www.reddit.com/r/NepalStock/wiki/beginners-guide)

DO NOT MAKE SEPARATE **INDIVIDUAL** POSTS ASKING:

* what to buy or sell,
* or what bank to buy,
* or what insurance to buy,
* yo share kati samma mathi jancha hola
* IPO ma pareko yo share kun din bechda ramro hola, ajhai 1-2 din parkhine ki nai etc.

will be deleted. Repeat violators will be banned.

Happy Investing!",1,0,2025-04-02 01:15:30+00:00,https://reddit.com/r/NepalStock/comments/1jpcf7v/daily_discussion_thread_wednesday_apr_02_2025/,Yo Kinda Kaso Hola
NepalStock,1jp2now,Investing in Nepal from the US - mutual funds or ETF or bank FDs,skigolf2076,"One of my friends is a Nepali citizen who lives in the US. He is super-smart but not well-educated and doesn't have much financial knowledge about investing in Nepal. I was trying to help him manage his money in Nepal. We have discussed multiple ideas - but I had specific questions if someone can help.

1. Real Estate: He has already invested money in real estate in the past but it has been very inefficient - you have to go there in person for buying and selling, there is risk of fraud etc. He already has a couple of large properties - so he doesn't want to go through the hassle anymore.
2. Fixed deposits in banks: The banks used to give 11%+ a couple of years ago but the rates have come down quite a lot. With the depreciation vs. the USD, it is not worth keeping the money in the bank as much anymore
3. Bring it to the US: He wants to keep a certain amount of money in Nepal to support his extended family over time. Doesn't want to bring it to the US and then transfer it back - so it is not a good option.
4. Mutual funds/etfs etc: I am not familiar with these in Nepal. Does anyone have suggestions about good mutual funds/ETFs or funds that he can invest in? What are the top 5 funds? What are the tax implications - capital gains tax in Nepal - is it on the purchse and sale of mutual funds or on an annual basis?

Would appreciate any insights.",1,0,2025-04-01 18:17:44+00:00,https://reddit.com/r/NepalStock/comments/1jp2now/investing_in_nepal_from_the_us_mutual_funds_or/,Mutual Funds
NepalStock,1joz74w,What could be the next multibagger in 10 years?,goodday_best,I think there is no multibagger stocks now,1,0,2025-04-01 16:00:03+00:00,https://reddit.com/r/NepalStock/comments/1joz74w/what_could_be_the_next_multibagger_in_10_years/,Fundamental Analysis
NepalStock,1jomylg,Mutual fund ma pareko IPO kasari sell garne ho guys,JenniNep,Mutual fund ma pareko IPO kasari sell garne ho guys,1,0,2025-04-01 04:11:54+00:00,https://reddit.com/r/NepalStock/comments/1jomylg/mutual_fund_ma_pareko_ipo_kasari_sell_garne_ho/,IPO/FPO
NepalStock,1jojn2w,"Daily Discussion Thread (Tuesday - Apr 01, 2025)",AutoModerator,"Use this post to discuss what to buy/sell/trade/avoid/watch today and in the coming days.

As always, the rules still apply.

**Have a TMS or Meroshare issue? Query about EDIS or collateral? Ask here instead of creating another thread. All queries regarding TMS, MeroShare, Broker issues, EDIS, Settlement and Payments should be asked here.** &gt;!DO NOT create another post.!&lt;

BEGINNER? [**Go here first!**](https://www.reddit.com/r/NepalStock/wiki/beginners-guide)

DO NOT MAKE SEPARATE **INDIVIDUAL** POSTS ASKING:

* what to buy or sell,
* or what bank to buy,
* or what insurance to buy,
* yo share kati samma mathi jancha hola
* IPO ma pareko yo share kun din bechda ramro hola, ajhai 1-2 din parkhine ki nai etc.

will be deleted. Repeat violators will be banned.

Happy Investing!",1,0,2025-04-01 01:15:30+00:00,https://reddit.com/r/NepalStock/comments/1jojn2w/daily_discussion_thread_tuesday_apr_01_2025/,Yo Kinda Kaso Hola
NepalStock,1jnwp5t,saharsh nepal shrestha,Suitable-Wishbone709,,1,1,2025-03-31 06:13:04+00:00,https://reddit.com/r/NepalStock/comments/1jnwp5t/saharsh_nepal_shrestha/,IPO/FPO
NepalStock,1jnrrk0,"Daily Discussion Thread (Monday - Mar 31, 2025)",AutoModerator,"Use this post to discuss what to buy/sell/trade/avoid/watch today and in the coming days.

As always, the rules still apply.

**Have a TMS or Meroshare issue? Query about EDIS or collateral? Ask here instead of creating another thread. All queries regarding TMS, MeroShare, Broker issues, EDIS, Settlement and Payments should be asked here.** &gt;!DO NOT create another post.!&lt;

BEGINNER? [**Go here first!**](https://www.reddit.com/r/NepalStock/wiki/beginners-guide)

DO NOT MAKE SEPARATE **INDIVIDUAL** POSTS ASKING:

* what to buy or sell,
* or what bank to buy,
* or what insurance to buy,
* yo share kati samma mathi jancha hola
* IPO ma pareko yo share kun din bechda ramro hola, ajhai 1-2 din parkhine ki nai etc.

will be deleted. Repeat violators will be banned.

Happy Investing!",1,0,2025-03-31 01:15:29+00:00,https://reddit.com/r/NepalStock/comments/1jnrrk0/daily_discussion_thread_monday_mar_31_2025/,Yo Kinda Kaso Hola
NepalStock,1jn90uc,Auction share buy garna kasto hunxa?,sup3rcalifragilistic,"Never been into auction share but recently one of my friends suggested me to put some money in to this stock, around 5L. According to his evaluation, the company will get ipo and into secondary market within 5 years and the yield can be 5x-10x. 

How reliable  are those auction shares before IPO and secondary market?

Should I opt for this shares?

https://rastriyakrishi.com.np is the link for the website. 

Your suggestion would be appreciated.",1,0,2025-03-30 09:45:26+00:00,https://reddit.com/r/NepalStock/comments/1jn90uc/auction_share_buy_garna_kasto_hunxa/,Auction
NepalStock,1jn1dxi,"Daily Discussion Thread (Sunday - Mar 30, 2025)",AutoModerator,"Use this post to discuss what to buy/sell/trade/avoid/watch today and in the coming days.

As always, the rules still apply.

**Have a TMS or Meroshare issue? Query about EDIS or collateral? Ask here instead of creating another thread. All queries regarding TMS, MeroShare, Broker issues, EDIS, Settlement and Payments should be asked here.** &gt;!DO NOT create another post.!&lt;

BEGINNER? [**Go here first!**](https://www.reddit.com/r/NepalStock/wiki/beginners-guide)

DO NOT MAKE SEPARATE **INDIVIDUAL** POSTS ASKING:

* what to buy or sell,
* or what bank to buy,
* or what insurance to buy,
* yo share kati samma mathi jancha hola
* IPO ma pareko yo share kun din bechda ramro hola, ajhai 1-2 din parkhine ki nai etc.

will be deleted. Repeat violators will be banned.

Happy Investing!",1,0,2025-03-30 01:15:30+00:00,https://reddit.com/r/NepalStock/comments/1jn1dxi/daily_discussion_thread_sunday_mar_30_2025/,Yo Kinda Kaso Hola
NepalStock,1jmndly,What do you think about HDL?What are its drawbacks?,Miserable-Archer-231,"\-profit ni badhi ra cha

\-premium segment ma new product introduce garni high chance

\-P&amp;Ema ni ramro sanga nai investment gariracha(Plant Automation,Zero Liquid discharge,Malt sprit unit)

\-Price pani 52 weeeks low nira cha



What are its drawbacks?",1,0,2025-03-29 14:23:43+00:00,https://reddit.com/r/NepalStock/comments/1jmndly/what_do_you_think_about_hdlwhat_are_its_drawbacks/,Fundamental Analysis
NepalStock,1jmju1f,Developing Unbiased Nepse AI Agents,[deleted],,0,3,2025-03-29 11:01:23+00:00,https://reddit.com/r/NepalStock/comments/1jmju1f/developing_unbiased_nepse_ai_agents/,Market
NepalStock,1jlwbbt,Prabhu cable car promoter share,Due_Operation5184,,1,0,2025-03-28 14:26:20+00:00,https://reddit.com/r/NepalStock/comments/1jlwbbt/prabhu_cable_car_promoter_share/,IPO/FPO
NepalStock,1jlkrah,How to load collateral from the sold shares?,imchillasff,,1,0,2025-03-28 02:26:56+00:00,https://reddit.com/r/NepalStock/comments/1jlkrah/how_to_load_collateral_from_the_sold_shares/,Trading/Settlement/Payment
NepalStock,1jle887,Make some money smart people.,CompetitiveDream1067,"I have been involved in sports betting since last 5/6 yrs. I believe I am not a problem gambler because I have never gambled more than i can afford to lose.

I have always been involved to find flaws in the system. I will be sharing a flaw here today because I want the nerd reddit guys to take full advantage of it.

1x is comparatively a new bookmaker who wants to dominate the Asian poor countries. It lists the local tournaments which you wont find on reputed sites like Bet365/Betfair. This is where it can be exploited . Some of the leagues that livestreams their matches on youtube and 1x is slow to block the event after it has already happened.

I used it on Legends league(cricket) that was recently completed. There is a option of wicket to fall under this much runs .. you have to watch the match live and place the bet immediately after the wicket falls.. sometimes it will be placed ..sometimes it might not due to our delays or lack of concentration.

Its called late betting . You can place the bet in that 5/6 seconds delay.

One league that is delayed going on right now is India Surat premiere league (cricket). The option of Wicket under the runs is not in this league but If you are smart you can exploit this delay in many ways.",1,0,2025-03-27 21:26:37+00:00,https://reddit.com/r/NepalStock/comments/1jle887/make_some_money_smart_people/,Market
NepalStock,1jkyan1,Nepse Index mutual fund,LegitimatePatient143,Is there any mutual fund which tracks nepse index?,1,0,2025-03-27 07:16:32+00:00,https://reddit.com/r/NepalStock/comments/1jkyan1/nepse_index_mutual_fund/,Mutual Funds
NepalStock,1jku2wo,"A beginner to this, so needed to ask a few questions.",Ruj123,"So  I want to get into the stock market ig. So I had a few questions   
Since I am a beginner What are the basic things   I need to know?

What sites are the best to use?   
What should I look in the charts?",1,0,2025-03-27 02:48:23+00:00,https://reddit.com/r/NepalStock/comments/1jku2wo/a_beginner_to_this_so_needed_to_ask_a_few/,Advice
NepalStock,1jks96f,"Market Weekend Discussion (Thursday Mar 27 - Saturday Mar 29, 2025)",AutoModerator,"Use this post to discuss what to buy/sell/trade/avoid/watch this weekend and in the coming days.

As always, the rules still apply.

**Have a TMS or Meroshare issue? Query about EDIS or collateral? Ask here instead of creating another thread. All queries regarding TMS, MeroShare, Broker Issues, EDIS, Settlement and Payments should be asked here.** DO NOT create another post.

BEGINNER? [**Go here first!**](https://www.reddit.com/r/NepalStock/wiki/beginners-guide)

DO NOT MAKE SEPARATE **INDIVIDUAL** POSTS ASKING:

* what to buy or sell,
* or what bank to buy,
* or what insurance to buy,
* yo share kati samma mathi jancha hola
* IPO ma pareko yo share kun din bechda ramro hola, ajhai 1-2 din parkhine ki nai etc.

will be deleted. Repeat violators will be banned.

Happy Investing!",1,0,2025-03-27 01:15:30+00:00,https://reddit.com/r/NepalStock/comments/1jks96f/market_weekend_discussion_thursday_mar_27/,Yo Kinda Kaso Hola
NepalStock,1jkd6i0,Portfolio Management Services (PMS),New_Mousse_9249,Exactly chai k ho yo??? Kosle gareko ho?? Your experience please and garda thik hola ki nai??? Garne ni kun ma Garda ramro???,1,0,2025-03-26 14:32:55+00:00,https://reddit.com/r/NepalStock/comments/1jkd6i0/portfolio_management_services_pms/,Advice
NepalStock,1jk9rja,When will Crest be added in nepse ?,orskisgdl,When will it be transferred and added in nepse ?,1,0,2025-03-26 11:43:14+00:00,https://reddit.com/r/NepalStock/comments/1jk9rja/when_will_crest_be_added_in_nepse/,IPO/FPO
NepalStock,1jk4nmu,Partially traded AKJCL 6KITTA,Hot-Conversation2318,"Koi kindine ho yo partially traded jasto jhyau kei vayena koi kindine ho? 
Tmr haru ko rate ma haldinxu",1,0,2025-03-26 05:31:46+00:00,https://reddit.com/r/NepalStock/comments/1jk4nmu/partially_traded_akjcl_6kitta/,Market
NepalStock,1jk3zzj,Pure stock trader here. What is on Friday? And why is it important.,Cultural_Roll_8411,"I don’t really follow economic news, only trading, what is the event on friday?",1,0,2025-03-26 04:48:47+00:00,https://reddit.com/r/NepalStock/comments/1jk3zzj/pure_stock_trader_here_what_is_on_friday_and_why/,Market
NepalStock,1jk00jq,"Daily Discussion Thread (Wednesday - Mar 26, 2025)",AutoModerator,"Use this post to discuss what to buy/sell/trade/avoid/watch today and in the coming days.

As always, the rules still apply.

**Have a TMS or Meroshare issue? Query about EDIS or collateral? Ask here instead of creating another thread. All queries regarding TMS, MeroShare, Broker issues, EDIS, Settlement and Payments should be asked here.** &gt;!DO NOT create another post.!&lt;

BEGINNER? [**Go here first!**](https://www.reddit.com/r/NepalStock/wiki/beginners-guide)

DO NOT MAKE SEPARATE **INDIVIDUAL** POSTS ASKING:

* what to buy or sell,
* or what bank to buy,
* or what insurance to buy,
* yo share kati samma mathi jancha hola
* IPO ma pareko yo share kun din bechda ramro hola, ajhai 1-2 din parkhine ki nai etc.

will be deleted. Repeat violators will be banned.

Happy Investing!",1,0,2025-03-26 01:15:30+00:00,https://reddit.com/r/NepalStock/comments/1jk00jq/daily_discussion_thread_wednesday_mar_26_2025/,Yo Kinda Kaso Hola
NepalStock,1jjfqit,Best Books &amp; Courses for Traders,[deleted],,1,4,2025-03-25 09:55:06+00:00,https://reddit.com/r/NepalStock/comments/1jjfqit/best_books_courses_for_traders/,Market
NepalStock,1jjfa7q,BUYYYYYYYYYYYYYYYY !!,After-Jelly-6886,Will it be the right time to accumulate stock according to the current situation ?,7,24,2025-03-25 09:20:10+00:00,https://reddit.com/r/NepalStock/comments/1jjfa7q/buyyyyyyyyyyyyyyyy/,Market
NepalStock,1jjbvos,Fundamentally Strong Companies,herobrine--,"Hi, 
I just need suggestions, as market is downish only I want to invest some money in fundamentally Strong Companies for abit long term so, kun kun lai herda thik?, 
I'm not asking direct a company to invest but some companies to look",1,0,2025-03-25 05:04:42+00:00,https://reddit.com/r/NepalStock/comments/1jjbvos/fundamentally_strong_companies/,Fundamental Analysis
NepalStock,1jjakei,What’s your strategy these days?,LegitimateApricot790,"What are you guys doing these days Market seems boring. Hijo halka green vayo but I feel market is still unstable with all these political things. What are your plans? I took chance on Ngpl auction. But Auction ma ni lobbing cha sab. 5% discount ma ni cutoff parya chaina. I am sitting on a some amount of cash. If anyone has any suggestions, please mention.",12,17,2025-03-25 03:46:02+00:00,https://reddit.com/r/NepalStock/comments/1jjakei/whats_your_strategy_these_days/,Market
NepalStock,1jj9lzq,"With balen, ghising, and rajabadi combo, is nepse fated to go downhill? K garne aba?",TheirTypo-MyBirth,The country's situation is volatile rn. Balen says 'gaddinxu'. People's fav Kulman is expelled from NEA. And monarchists are taking the streets. Is this the recipe for a disaster in the stock market for a very long time? Or at least for the coming few weeks? What do dada-didi think our plan on investment should be?,1,0,2025-03-25 02:53:47+00:00,https://reddit.com/r/NepalStock/comments/1jj9lzq/with_balen_ghising_and_rajabadi_combo_is_nepse/,Misc
NepalStock,1jj7o6w,"Daily Discussion Thread (Tuesday - Mar 25, 2025)",AutoModerator,"Use this post to discuss what to buy/sell/trade/avoid/watch today and in the coming days.

As always, the rules still apply.

**Have a TMS or Meroshare issue? Query about EDIS or collateral? Ask here instead of creating another thread. All queries regarding TMS, MeroShare, Broker issues, EDIS, Settlement and Payments should be asked here.** &gt;!DO NOT create another post.!&lt;

BEGINNER? [**Go here first!**](https://www.reddit.com/r/NepalStock/wiki/beginners-guide)

DO NOT MAKE SEPARATE **INDIVIDUAL** POSTS ASKING:

* what to buy or sell,
* or what bank to buy,
* or what insurance to buy,
* yo share kati samma mathi jancha hola
* IPO ma pareko yo share kun din bechda ramro hola, ajhai 1-2 din parkhine ki nai etc.

will be deleted. Repeat violators will be banned.

Happy Investing!",1,0,2025-03-25 01:15:17+00:00,https://reddit.com/r/NepalStock/comments/1jj7o6w/daily_discussion_thread_tuesday_mar_25_2025/,Yo Kinda Kaso Hola
NepalStock,1jisxt2,Why is guardian micro life insurance stock increasing significantly.,The-Office-9056,Ever since it has been listed in nepse the stock has circuited and is now trading at 2200. Why do you think this is? Like is it a pump and dump situation or what the hell is going on i am confused. I am a beginner and want to understand. Thank you.,1,0,2025-03-24 15:09:42+00:00,https://reddit.com/r/NepalStock/comments/1jisxt2/why_is_guardian_micro_life_insurance_stock/,Market
NepalStock,1jistnr,Why is guardian micro life insurance stock increasing significantly.,The-Office-9056,,1,2,2025-03-24 15:05:03+00:00,https://reddit.com/r/NepalStock/comments/1jistnr/why_is_guardian_micro_life_insurance_stock/,Market
NepalStock,1jingfd,NTC dividend. Is that automatically added or do we need to do anything?,reddit4rms,"I have had NTC share for many months now, but I have not seen any dividend being added to my account. Am I missing anything?",1,1,2025-03-24 10:25:46+00:00,https://reddit.com/r/NepalStock/comments/1jingfd/ntc_dividend_is_that_automatically_added_or_do_we/,Market
NepalStock,1jif5f9,"Daily Discussion Thread (Monday - Mar 24, 2025)",AutoModerator,"Use this post to discuss what to buy/sell/trade/avoid/watch today and in the coming days.

As always, the rules still apply.

**Have a TMS or Meroshare issue? Query about EDIS or collateral? Ask here instead of creating another thread. All queries regarding TMS, MeroShare, Broker issues, EDIS, Settlement and Payments should be asked here.** &gt;!DO NOT create another post.!&lt;

BEGINNER? [**Go here first!**](https://www.reddit.com/r/NepalStock/wiki/beginners-guide)

DO NOT MAKE SEPARATE **INDIVIDUAL** POSTS ASKING:

* what to buy or sell,
* or what bank to buy,
* or what insurance to buy,
* yo share kati samma mathi jancha hola
* IPO ma pareko yo share kun din bechda ramro hola, ajhai 1-2 din parkhine ki nai etc.

will be deleted. Repeat violators will be banned.

Happy Investing!",1,0,2025-03-24 01:15:28+00:00,https://reddit.com/r/NepalStock/comments/1jif5f9/daily_discussion_thread_monday_mar_24_2025/,Yo Kinda Kaso Hola
NepalStock,1jhzfs8,"SIP issue, No confirmation",herobrine--,"Hello Everyone, 
Aaja around 4 baje I registered for NMB SIP 
But after payment 

I didn't get a single confirmation, mail, sms or any screen like it buffered normally for 2 min i refreshed it and all all new page, buffer too in a new screen with blank form, 

What can I do now??",1,0,2025-03-23 13:37:20+00:00,https://reddit.com/r/NepalStock/comments/1jhzfs8/sip_issue_no_confirmation/,Broker
NepalStock,1jhv73m,How much time does it take for an IPO to come in the secondary market?,High_Match1404,Nepal Micro Insurance Company Ltd. (NMICL) kaile aaunxa hola secondary market ma?,1,0,2025-03-23 09:08:15+00:00,https://reddit.com/r/NepalStock/comments/1jhv73m/how_much_time_does_it_take_for_an_ipo_to_come_in/,IPO/FPO
NepalStock,1jhui7c,Investment suggestion,CoolStable5546,"Ahile nepse down nai xa I think, please give a few recommendation for investment with good return, preferably with strong fundamentals.",1,0,2025-03-23 08:17:11+00:00,https://reddit.com/r/NepalStock/comments/1jhui7c/investment_suggestion/,Market
NepalStock,1jhorzu,life insurance in nepal,Tough-Bit-6515,HLI and ILI i bought yesterday. what you guys thing about its fundamental strength for long tern??????,1,0,2025-03-23 02:05:19+00:00,https://reddit.com/r/NepalStock/comments/1jhorzu/life_insurance_in_nepal/,Market
NepalStock,1jhnumx,"Daily Discussion Thread (Sunday - Mar 23, 2025)",AutoModerator,"Use this post to discuss what to buy/sell/trade/avoid/watch today and in the coming days.

As always, the rules still apply.

**Have a TMS or Meroshare issue? Query about EDIS or collateral? Ask here instead of creating another thread. All queries regarding TMS, MeroShare, Broker issues, EDIS, Settlement and Payments should be asked here.** &gt;!DO NOT create another post.!&lt;

BEGINNER? [**Go here first!**](https://www.reddit.com/r/NepalStock/wiki/beginners-guide)

DO NOT MAKE SEPARATE **INDIVIDUAL** POSTS ASKING:

* what to buy or sell,
* or what bank to buy,
* or what insurance to buy,
* yo share kati samma mathi jancha hola
* IPO ma pareko yo share kun din bechda ramro hola, ajhai 1-2 din parkhine ki nai etc.

will be deleted. Repeat violators will be banned.

Happy Investing!",1,0,2025-03-23 01:15:53+00:00,https://reddit.com/r/NepalStock/comments/1jhnumx/daily_discussion_thread_sunday_mar_23_2025/,Yo Kinda Kaso Hola
NepalStock,1jha5io,Is SIP in Nepal a scam? Need help understanding!,pseudopockett,,1,0,2025-03-22 14:50:51+00:00,https://reddit.com/r/NepalStock/comments/1jha5io/is_sip_in_nepal_a_scam_need_help_understanding/,Mutual Funds
NepalStock,1jh7gos,day trading for Prop firms - Become profitable and earn good money trading for them,Key-Plane-4940,"Saathi haru ho, 

We are starting a forex education program, yo program aru jasto hoena. Hamile hamro aafnai trading platform build garero chau, where you can practice what we teach and also we monitor your trading performance. We teach specific day trading strategy which is highly effective. Nepal ko time zone pani perfect cha because you get to trade in asia, london and US open. 

They say 20% people pass prop firm challenges, with our training and trading software focused in risk management that number goes up to 40-50%. 

  
Imagine trading a 100k account and generating 3% a month, = 3ki a month, this is totally doable. Path is there. 

  
there is a Free webinar coming up which provides all the details on how this program will go. 

Pls connect and watch the video. 

Dnayabad. 

[https://youtube.com/shorts/0mrNvZwmRJM?feature=share](https://youtube.com/shorts/0mrNvZwmRJM?feature=share)",1,0,2025-03-22 12:35:38+00:00,https://reddit.com/r/NepalStock/comments/1jh7gos/day_trading_for_prop_firms_become_profitable_and/,Softwares
NepalStock,1jh1txw,"Best Stocks to Buy in NEPSE with Rs 10,000?",Scary-Round489,"I’m a student saved around Rs 10,000 saved and i wanted to invest it in shares but i have no idea about it so could you guys give me some suggestions ?",1,0,2025-03-22 05:55:52+00:00,https://reddit.com/r/NepalStock/comments/1jh1txw/best_stocks_to_buy_in_nepse_with_rs_10000/,Advice
NepalStock,1jgzpio,I am flying soon... Should I do SIP?,Low-Charge-9461,"So I am going to US for studies soon and I want to invest like 20$ or so every month  kind of like SIP... And my question is would it be a good idea or are there other better alternative?

In the case SIP is a good idea then which one would you suggest?

I'm going there for bachelorette so I will be there for like 7  years ani when I return I want to have a pretty good savings... 

Your experienced guidance will be highly appreciated :)",1,0,2025-03-22 03:43:55+00:00,https://reddit.com/r/NepalStock/comments/1jgzpio/i_am_flying_soon_should_i_do_sip/,Demat/MeroShare
NepalStock,1jgyc8r,Investing in multiple SIPs vs directly investing in share market as a newbie?,Keeper-Name_2271,What do you think could yield greater returns given my zero experience at share market?,1,0,2025-03-22 02:28:37+00:00,https://reddit.com/r/NepalStock/comments/1jgyc8r/investing_in_multiple_sips_vs_directly_investing/,Mutual Funds
NepalStock,1jgkapb,Discord server xa nepse ko ?,Exotic_Temporary1853,Can anybody share me doscord server link?,1,0,2025-03-21 16:02:20+00:00,https://reddit.com/r/NepalStock/comments/1jgkapb/discord_server_xa_nepse_ko/,Market
NepalStock,1jgfxpb,Leverage to buy in the dip,KM-2058_01_01,"Can I buy stock for 2 weeks using broker money, considering I will pay certain interest on that money that I have borrowed for 2 weeks.

PS: I have been very actively trading for last 1 year  around 1.5cr turnover in total. How should I apporch my broker, please do comment anyone who have been leverage buying....",1,0,2025-03-21 12:44:00+00:00,https://reddit.com/r/NepalStock/comments/1jgfxpb/leverage_to_buy_in_the_dip/,Market
NepalStock,1jgeb0x,Sharing is caring !!!,After-Jelly-6886,Any one with a portfolio over 1cr ? Lets connect and share what we know !!,1,0,2025-03-21 11:09:19+00:00,https://reddit.com/r/NepalStock/comments/1jgeb0x/sharing_is_caring/,Market
NepalStock,1jgcffn,CRIST micro life IPO .............................,No-Drummer8118,Malai yo ipo varkharai paryo ani maile 20k pugxa vanera 20k ko mobile kini sake k pugla t 20k for sure,1,0,2025-03-21 08:56:55+00:00,https://reddit.com/r/NepalStock/comments/1jgcffn/crist_micro_life_ipo/,IPO/FPO
NepalStock,1jgacsu,why do the moderators keeps on deleting the post ? any violation or whatt,After-Jelly-6886,tired,1,0,2025-03-21 06:18:42+00:00,https://reddit.com/r/NepalStock/comments/1jgacsu/why_do_the_moderators_keeps_on_deleting_the_post/,Advice
NepalStock,1jg9ajk,Collateral amount without loading tms ??,Helpful_Door_3370,,1,0,2025-03-21 05:05:35+00:00,https://reddit.com/r/NepalStock/comments/1jg9ajk/collateral_amount_without_loading_tms/,Broker
NepalStock,1jg95xl,Collateral amount without loading tms ??,Helpful_Door_3370,,1,0,2025-03-21 04:57:29+00:00,https://reddit.com/r/NepalStock/comments/1jg95xl/collateral_amount_without_loading_tms/,Online/TMS
NepalStock,1jg8sj2,Can I sell shares on my DEMAT using friend's broker account?,Spiritual_Cicada_834,"IPO haru parya thyo, wanna sell those shares, but don't have a broker account myself, can I use my friend's account? He has registered a broker account but never sold himself, so doesn't know if I can sell shares through his account. 

Couldn't find any information about this on the internet as well. Thanks in advance!",1,0,2025-03-21 04:33:53+00:00,https://reddit.com/r/NepalStock/comments/1jg8sj2/can_i_sell_shares_on_my_demat_using_friends/,Demat/MeroShare
NepalStock,1jfxs13,"Need Something from Amazon, Flipkart, or Myntra in Nepal? I’ve Got You Covered!",Maleficent-Ninja4359,"Hey everyone,

If you’ve ever struggled to get products from Amazon, Flipkart, Myntra, or other Indian stores delivered to Nepal, I can help! I run a logistics service specializing in imports from India to Nepal, making it easier for you to get what you need—fast, reliable, and hassle-free.

✅ What I Offer:

Delivery of products from Amazon, Flipkart, Myntra, and more.

Smooth handling of customs and logistics.

Competitive pricing and secure transactions.

Bulk orders available – if you need multiple items or wholesale products, I can arrange that too!


If you’re looking for something specific, whether it's a single item or bulk order, just drop me a message! Let’s make online shopping easier for Nepal.

Comment below or DM me if you’re interested!

Cheers!",1,0,2025-03-20 19:49:23+00:00,https://reddit.com/r/NepalStock/comments/1jfxs13/need_something_from_amazon_flipkart_or_myntra_in/,Online/TMS
NepalStock,1jfvras,How do i use AI to enhance my money making ability in Nepse.,Educational-Snow4555,you heard it How do i use AI to enhance my money making ability in Nepse &amp; is it even possible?,1,0,2025-03-20 18:25:40+00:00,https://reddit.com/r/NepalStock/comments/1jfvras/how_do_i_use_ai_to_enhance_my_money_making/,Fundamental Analysis
NepalStock,1jfrw54,Which company are you looking for,Solid_Winter_3529,Based on your research which company have you invested recently or going to invest (hydropower hola ni hai?),1,0,2025-03-20 15:44:38+00:00,https://reddit.com/r/NepalStock/comments/1jfrw54/which_company_are_you_looking_for/,Market
NepalStock,1jfoyxh,LONG TERM VALUE INVESTING,After-Jelly-6886,Best growth potential fundamentally best companies to buy which are at bottom prices ?,0,0,2025-03-20 13:31:37+00:00,https://reddit.com/r/NepalStock/comments/1jfoyxh/long_term_value_investing/,Market
NepalStock,1jfkull,if anyone has filthy rich money,[deleted],,0,7,2025-03-20 09:20:44+00:00,https://reddit.com/r/NepalStock/comments/1jfkull/if_anyone_has_filthy_rich_money/,Market
NepalStock,1jfk0rg,Will NTC gives us good profit,Exotic_Temporary1853,"Hey guys i’ve been following NTC stock for last few month and i have seen ups and down and till yesterday ntc stock was being sold and price was falling so down but now looks like it has finally came to support level and as we can see so many buyers with so many with such a huge quantity are looking to buy at 905 and price is havent fallen below this level makes me buy it at above this level and i feel like now the price of ntc will go up for some time as we can see not much of sellers are there with high volume and as ntc is also fundamentally good stock with very few floated stock like below 7,8% are only floated makes NTC my perfect and one and only coice for this time.

I have also looked at its historical data and i was amaized that ntc stock haven’t fallen below 800 and it is such a cheap price so it might not fall below 800 which is just like 10% below this price rate aad in bull market or lets say nepse goes to 3000 or 3200 plus the ntc stock might rose upto 30-40% so i thing this is a really good opportunity to buy a stock with a good fundamental at a discount price which is good for long term and also short term so I’m ALL IN.",1,0,2025-03-20 08:15:03+00:00,https://reddit.com/r/NepalStock/comments/1jfk0rg/will_ntc_gives_us_good_profit/,Market
NepalStock,1jfjtow,Nepse strategy ! Personal enperience,Exotic_Temporary1853,I think investor always have advantage for eg i can but NTC stock today at 900 and lets say i’m a lomg term investor and if it goes to 990 that is 10% return lets say it went in 1 month then i can sell but if it comes down i wont be able to sell so as i’m a ling term investor i’m going to hold it and maybe buy more and if the fundamentals are good i will be safe make miney in limg run,1,0,2025-03-20 07:59:19+00:00,https://reddit.com/r/NepalStock/comments/1jfjtow/nepse_strategy_personal_enperience/,Market
NepalStock,1jfgv22,query regarding new demat and broker account .,Any-Appearance4744,"so mero chai bank ma minor account thyo , ani maile chai tei account bata demat ani broker account khole aaile tyo minor account active chhaina , aaile chai mero aarkai bank ma primary account chha, aba demat ra broker lai aaile ko bank sanga kasari link garaune . ani tyo paila ko portfolio ko k hunchha ?",1,0,2025-03-20 04:26:08+00:00,https://reddit.com/r/NepalStock/comments/1jfgv22/query_regarding_new_demat_and_broker_account/,Broker
NepalStock,1jffzb9,Any news about commodity market?,DreamMaximum2594,Its been 2 years since the SC gave green signal but still no any progress.,1,0,2025-03-20 03:33:58+00:00,https://reddit.com/r/NepalStock/comments/1jffzb9/any_news_about_commodity_market/,Market
NepalStock,1jfdb51,"Market Weekend Discussion (Thursday Mar 20 - Saturday Mar 22, 2025)",AutoModerator,"Use this post to discuss what to buy/sell/trade/avoid/watch this weekend and in the coming days.

As always, the rules still apply.

**Have a TMS or Meroshare issue? Query about EDIS or collateral? Ask here instead of creating another thread. All queries regarding TMS, MeroShare, Broker Issues, EDIS, Settlement and Payments should be asked here.** DO NOT create another post.

BEGINNER? [**Go here first!**](https://www.reddit.com/r/NepalStock/wiki/beginners-guide)

DO NOT MAKE SEPARATE **INDIVIDUAL** POSTS ASKING:

* what to buy or sell,
* or what bank to buy,
* or what insurance to buy,
* yo share kati samma mathi jancha hola
* IPO ma pareko yo share kun din bechda ramro hola, ajhai 1-2 din parkhine ki nai etc.

will be deleted. Repeat violators will be banned.

Happy Investing!",0,2,2025-03-20 01:15:28+00:00,https://reddit.com/r/NepalStock/comments/1jfdb51/market_weekend_discussion_thursday_mar_20/,Yo Kinda Kaso Hola
NepalStock,1jeyzn7,"Global Geopolitical Situation Worsening, How will NEPSE React?",AcadBuddy,"The U.S. has launched airstrikes on the Houthis (an Iranian proxy), while Israel is engaged in conflict with Hamas (another Iranian proxy). Meanwhile, Russia continues its war against Ukraine, and China has its eyes on Taiwan. The world seems to be entering a period of uncertainty. US Stock market is tumbling. Indian stock market is also tumbling, and NEPSE also experiencing a correction. The key question is whether NEPSE can absorb the shock or if a significant downturn is inevitable. What’s your perspective on this situation?",1,0,2025-03-19 15:00:30+00:00,https://reddit.com/r/NepalStock/comments/1jeyzn7/global_geopolitical_situation_worsening_how_will/,Market
NepalStock,1jevqns,Seeking insights on my stock portfolio,After-Jelly-6886,,1,1,2025-03-19 12:24:34+00:00,https://reddit.com/r/NepalStock/comments/1jevqns/seeking_insights_on_my_stock_portfolio/,Advice
NepalStock,1jevmgu,Seeking insights on my stock portfolio,After-Jelly-6886,,1,1,2025-03-19 12:18:01+00:00,https://reddit.com/r/NepalStock/comments/1jevmgu/seeking_insights_on_my_stock_portfolio/,Advice
NepalStock,1jev00d,"""Seeking Insights on My Stock Portfolio""",After-Jelly-6886,"""I’ve invested in a few stocks, and I’m curious to hear your thoughts. Do you think these are solid picks, or would you suggest any adjustments?""",1,0,2025-03-19 11:41:45+00:00,https://reddit.com/r/NepalStock/comments/1jev00d/seeking_insights_on_my_stock_portfolio/,Advice
NepalStock,1jeuqr1,"""Seeking Insights on My Stock Portfolio""",After-Jelly-6886,,1,1,2025-03-19 11:26:13+00:00,https://reddit.com/r/NepalStock/comments/1jeuqr1/seeking_insights_on_my_stock_portfolio/,Advice
NepalStock,1jesfoz,GSY mutual fund so good🔥😊. Maila 4 dinaagi kinya theya aajai 3 lakhs ko around 40k units aaya kai xaina gsy. Aba 10 pugxa rey so maila 9.2 ko average ma kinya hjr le ne kinuhola aaila jhan 9.1 ma sell xa.,Exotic_Temporary1853,,1,0,2025-03-19 08:40:45+00:00,https://reddit.com/r/NepalStock/comments/1jesfoz/gsy_mutual_fund_so_good_maila_4_dinaagi_kinya/,Market
NepalStock,1jes44h,Gsy mutual fund so good,Exotic_Temporary1853,"Maila ta naya aaya ko mutual fund gsy vani kiney yar sathi heu
10 ko mutual fund 9.2 ma xa so i will also suggest you guys to buy below 9.2 aaja seller ne xa 9.2 ma.
Let the expert manage your fund and dividend ne dinxa plus i can sell capital gain ko lagi ne so really good d hai guys",1,0,2025-03-19 08:14:54+00:00,https://reddit.com/r/NepalStock/comments/1jes44h/gsy_mutual_fund_so_good/,Market
NepalStock,1jepyzj,How do you guys feel about this portfolio?,Redmi_Phone_Note12,,3,11,2025-03-19 05:31:36+00:00,https://reddit.com/r/NepalStock/comments/1jepyzj/how_do_you_guys_feel_about_this_portfolio/,Market
NepalStock,1jepufm,How do you guys see this portfolio.,Redmi_Phone_Note12,Should I add or remove the scrips?,1,0,2025-03-19 05:23:22+00:00,https://reddit.com/r/NepalStock/comments/1jepufm/how_do_you_guys_see_this_portfolio/,Market
NepalStock,1jem27z,we didn't know bro invested in SIP,captainright1,,1,0,2025-03-19 01:45:39+00:00,https://reddit.com/r/NepalStock/comments/1jem27z/we_didnt_know_bro_invested_in_sip/,Memes/Fun/Laughs
NepalStock,1jelgsv,"Daily Discussion Thread (Wednesday - Mar 19, 2025)",AutoModerator,"Use this post to discuss what to buy/sell/trade/avoid/watch today and in the coming days.

As always, the rules still apply.

**Have a TMS or Meroshare issue? Query about EDIS or collateral? Ask here instead of creating another thread. All queries regarding TMS, MeroShare, Broker issues, EDIS, Settlement and Payments should be asked here.** &gt;!DO NOT create another post.!&lt;

BEGINNER? [**Go here first!**](https://www.reddit.com/r/NepalStock/wiki/beginners-guide)

DO NOT MAKE SEPARATE **INDIVIDUAL** POSTS ASKING:

* what to buy or sell,
* or what bank to buy,
* or what insurance to buy,
* yo share kati samma mathi jancha hola
* IPO ma pareko yo share kun din bechda ramro hola, ajhai 1-2 din parkhine ki nai etc.

will be deleted. Repeat violators will be banned.

Happy Investing!",1,0,2025-03-19 01:15:31+00:00,https://reddit.com/r/NepalStock/comments/1jelgsv/daily_discussion_thread_wednesday_mar_19_2025/,Yo Kinda Kaso Hola
NepalStock,1je88eb,Broker reccs for complete online TMS acc opening that don't require BOID confirmation letter,-2025-,.,1,0,2025-03-18 15:53:58+00:00,https://reddit.com/r/NepalStock/comments/1je88eb/broker_reccs_for_complete_online_tms_acc_opening/,Broker
NepalStock,1je51b3,Broker with very good service..,Kshetri_anup,I haven't created my broker account yet. Which broker has good service? Which broker should I choose? Any suggestions.,1,0,2025-03-18 13:32:45+00:00,https://reddit.com/r/NepalStock/comments/1je51b3/broker_with_very_good_service/,Broker
NepalStock,1je3l5z,How do you guys see this portfolio ?,After-Jelly-6886,,1,0,2025-03-18 12:18:44+00:00,https://reddit.com/r/NepalStock/comments/1je3l5z/how_do_you_guys_see_this_portfolio/,Advice
NepalStock,1je2ctr,Kindly help to fill this survey for thesis,Abhi_sshek,,1,0,2025-03-18 11:03:55+00:00,https://reddit.com/r/NepalStock/comments/1je2ctr/kindly_help_to_fill_this_survey_for_thesis/,Misc
NepalStock,1je1o21,Bought my first stock,Solid_Winter_3529,Finally bought 60kitta of hrl in 1000.This is my first time buy I can wait for a month max my aim is to buy and sell within a month.What are chances of it to increase..,1,0,2025-03-18 10:18:35+00:00,https://reddit.com/r/NepalStock/comments/1je1o21/bought_my_first_stock/,Market
NepalStock,1je06k6,Dematerializing old share,United_Clerk_1058,"My mum has a few physical share certificates from Grameen Bikas Laghubitta and Gaurishankar Development Bank (merged into Prabhu Bank). She has not gone to collect any dividend or bonus shares. 

To get those dividends, apparently we need to visit the capital, but we have no clue which capital issued the IPO for these. Where do we find the capital?",1,0,2025-03-18 08:24:48+00:00,https://reddit.com/r/NepalStock/comments/1je06k6/dematerializing_old_share/,Advice
NepalStock,1jdysgo,Min Kittas to apply for right share,Resident-Spray7672,Yo right share ma chai minimum kati kitta apply garna paucha. Can we apply for less than 10 kittas if we are eligible for right share .,1,0,2025-03-18 06:32:59+00:00,https://reddit.com/r/NepalStock/comments/1jdysgo/min_kittas_to_apply_for_right_share/,Right Share
NepalStock,1jdtdor,"Daily Discussion Thread (Tuesday - Mar 18, 2025)",AutoModerator,"Use this post to discuss what to buy/sell/trade/avoid/watch today and in the coming days.

As always, the rules still apply.

**Have a TMS or Meroshare issue? Query about EDIS or collateral? Ask here instead of creating another thread. All queries regarding TMS, MeroShare, Broker issues, EDIS, Settlement and Payments should be asked here.** &gt;!DO NOT create another post.!&lt;

BEGINNER? [**Go here first!**](https://www.reddit.com/r/NepalStock/wiki/beginners-guide)

DO NOT MAKE SEPARATE **INDIVIDUAL** POSTS ASKING:

* what to buy or sell,
* or what bank to buy,
* or what insurance to buy,
* yo share kati samma mathi jancha hola
* IPO ma pareko yo share kun din bechda ramro hola, ajhai 1-2 din parkhine ki nai etc.

will be deleted. Repeat violators will be banned.

Happy Investing!",1,0,2025-03-18 01:15:29+00:00,https://reddit.com/r/NepalStock/comments/1jdtdor/daily_discussion_thread_tuesday_mar_18_2025/,Yo Kinda Kaso Hola
NepalStock,1jdlst4,"Need Something from Amazon, Flipkart, or Myntra in Nepal? I’ve Got You Covered!",Maleficent-Ninja4359,"Hey everyone,

If you’ve ever struggled to get products from Amazon, Flipkart, Myntra, or other Indian stores delivered to Nepal, I can help! I run a logistics service specializing in imports from India to Nepal, making it easier for you to get what you need—fast, reliable, and hassle-free.

✅ What I Offer:

Delivery of products from Amazon, Flipkart, Myntra, and more.

Smooth handling of customs and logistics.

Competitive pricing and secure transactions.

Bulk orders available – if you need multiple items or wholesale products, I can arrange that too!


If you’re looking for something specific, whether it's a single item or bulk order, just drop me a message! Let’s make online shopping easier for Nepal.

Comment below or DM me if you’re interested!

Cheers!",1,0,2025-03-17 19:44:34+00:00,https://reddit.com/r/NepalStock/comments/1jdlst4/need_something_from_amazon_flipkart_or_myntra_in/,Market
NepalStock,1jdirfu,Fractional Right Share Eligibility.,Flashy-Dig1183,"Let's say I own 37 units of XYZ company which issues 29.5% rights share. Now I am eligible for 10.9 right share. In this case Do I apply for 11 units or 10 units ? Also, I infact have few fractional shares, 37.38 to be precise. In this case, should i be eligible for 37.38 \* 29.5%  = 11 ?",1,0,2025-03-17 17:44:16+00:00,https://reddit.com/r/NepalStock/comments/1jdirfu/fractional_right_share_eligibility/,Right Share
NepalStock,1jdb1b3,Help...................,pseudo_listener45,,1,1,2025-03-17 12:05:35+00:00,https://reddit.com/r/NepalStock/comments/1jdb1b3/help/,Advice
NepalStock,1jdayxk,Broker lai paisa tiryana vana k hunxa,Exotic_Temporary1853,"Maila share kinya theya but mero sathi la paisa nai return gardeyana. Aaba k garni?
Share sell garna ne man xaina last gati ra xa 
Broker lai 2,3 hapta paxi dida hunxa hai",1,0,2025-03-17 12:02:02+00:00,https://reddit.com/r/NepalStock/comments/1jdayxk/broker_lai_paisa_tiryana_vana_k_hunxa/,Broker
NepalStock,1jd7bu5,Help! Beginner tms confusion,Professional_Emu_686,,1,0,2025-03-17 07:46:41+00:00,https://reddit.com/r/NepalStock/comments/1jd7bu5/help_beginner_tms_confusion/,Trading/Settlement/Payment
NepalStock,1jd66lv,How to restart sip after selling,[deleted],,1,1,2025-03-17 06:18:02+00:00,https://reddit.com/r/NepalStock/comments/1jd66lv/how_to_restart_sip_after_selling/,Mutual Funds
NepalStock,1jd60z5,Sanima bank ko share.worthy cha??,That-Vegetable5106,Currently I am doing buying  sanima bank ko share  in secondary market..every month ma hlka halka vaye ni ..I am doing this instead of doing sip.am I doing right?,1,0,2025-03-17 06:06:47+00:00,https://reddit.com/r/NepalStock/comments/1jd60z5/sanima_bank_ko_shareworthy_cha/,Trading/Settlement/Payment
NepalStock,1jd5g0q,Is there anywhere i'm lacking ?,Fair_Opening2954,"https://preview.redd.it/eucyqk9mp6pe1.png?width=704&amp;format=png&amp;auto=webp&amp;s=f3f3eef76d4a64ce6ff32551d59ba0b0522399b4

Hi everyone, i applied  for IPO on this company, and the share was not allotted, and the status of amount is released but i don't feel like the amount has been cr. on my account after release. After that i applied IPOs in **3 more companies** and result has not published yet , and in NIC Asia; they don't inform us by sending message or notification while dr or cr on amount during applying kitta.  bank shows only the 3k amount (**3 more companies**) is in freeze idk where is the 1k of Nepal Micro Insurance co.ltd.  
Is there anywhere i'm lacking ?",1,0,2025-03-17 05:25:54+00:00,https://reddit.com/r/NepalStock/comments/1jd5g0q/is_there_anywhere_im_lacking/,IPO/FPO
NepalStock,1jd4aoq,NMICL ko listing kaile ?,[deleted],,1,0,2025-03-17 04:12:02+00:00,https://reddit.com/r/NepalStock/comments/1jd4aoq/nmicl_ko_listing_kaile/,Market
NepalStock,1jd11vl,"Daily Discussion Thread (Monday - Mar 17, 2025)",AutoModerator,"Use this post to discuss what to buy/sell/trade/avoid/watch today and in the coming days.

As always, the rules still apply.

**Have a TMS or Meroshare issue? Query about EDIS or collateral? Ask here instead of creating another thread. All queries regarding TMS, MeroShare, Broker issues, EDIS, Settlement and Payments should be asked here.** &gt;!DO NOT create another post.!&lt;

BEGINNER? [**Go here first!**](https://www.reddit.com/r/NepalStock/wiki/beginners-guide)

DO NOT MAKE SEPARATE **INDIVIDUAL** POSTS ASKING:

* what to buy or sell,
* or what bank to buy,
* or what insurance to buy,
* yo share kati samma mathi jancha hola
* IPO ma pareko yo share kun din bechda ramro hola, ajhai 1-2 din parkhine ki nai etc.

will be deleted. Repeat violators will be banned.

Happy Investing!",1,0,2025-03-17 01:15:30+00:00,https://reddit.com/r/NepalStock/comments/1jd11vl/daily_discussion_thread_monday_mar_17_2025/,Yo Kinda Kaso Hola
NepalStock,1jcpunl,Is this portfolio safe enough?,TheirTypo-MyBirth,"I am new to stock market and have been passively investing for less than a year now. Have a look at my portfolio, it is just 2 lakhs rn. I don't intend to trade on a short term basis like in a few days or a week or so, if that's what trading means. I am kinda okay holding my money for a few months or even years for that matter.

What do you think about this kinda portfolio? Before investing in a company, lately, I have been trying to look at their fundamentals and try to understand as much as I can, not that I am a specialist... 

So, looking for advice from experienced folks. Thanks

https://preview.redd.it/xxgvpsv403pe1.png?width=2118&amp;format=png&amp;auto=webp&amp;s=73ef65e6f42e33eb4756609ffddb27d871eca8c6",1,0,2025-03-16 16:52:16+00:00,https://reddit.com/r/NepalStock/comments/1jcpunl/is_this_portfolio_safe_enough/,Advice
NepalStock,1jcnuqq,Broker kaa internship KO laagi kasari apply garne,Deep_Internal_4262,Ma bba 5 SEM maa padhei khassei clz maa padhei hunna ani broker maa internship garne sochdei xu kasari apply garne hola,1,0,2025-03-16 15:23:48+00:00,https://reddit.com/r/NepalStock/comments/1jcnuqq/broker_kaa_internship_ko_laagi_kasari_apply_garne/,Broker
NepalStock,1jckkv5,Nicasia bank le dimag khaisako,Tough-Bit-6515,Nic asia ma mero poisa freeze vaye jasari na nikalna milxa na paymnet garna milxa na transfer garna milxa.. branch ma contact gare vkyc garnu vanxa.. vkyc ko lagi email pathaye. Vkyc ko link diyo waiting ma baso 5 minute paxi bg vanxa. Yesari maile aja samma 30 choti try garisake.. maile nepal ma physically gayera account kholeko ho.. aile abroad ma xu.. malai ta nic asia bank le lastai dukha diyo hau.. redit ma ni diut choti yo problem share gari sake ajhai solve vaa xoina.. yo bank ma kina khata kholexu vairaxa… i am sick of this bank… nic asia is worst bank for me right now… wakkai vaisake ma.. any solution guys??????,1,1,2025-03-16 12:41:19+00:00,https://reddit.com/r/NepalStock/comments/1jckkv5/nicasia_bank_le_dimag_khaisako/,Market
NepalStock,1jcjb2f,Share transfer process,Working_Wheel_1603,"Mero chhori nabalak Huda USKO naam ma shares kineko the. Then she got married off in India ani USKO nagarikta ni aba xaina. USKO demat ni xaina online kehu NI xaina, pahile paper slip le bhareko thiye. 
Aba tyo share Lina k garnu parla. I think best would be mero naam ma garnu ho, but Tesko lagi USKO nagarikta haru kehu NI xaina ma sanga plus she lives in India",1,0,2025-03-16 11:20:39+00:00,https://reddit.com/r/NepalStock/comments/1jcjb2f/share_transfer_process/,Demat/MeroShare
NepalStock,1jcj9ik,Kasai sanga trading journal xa vane please share it ...,No-Drummer8118,"i wanna how you maintain journal i am planning to make trading journal, from today",1,0,2025-03-16 11:17:36+00:00,https://reddit.com/r/NepalStock/comments/1jcj9ik/kasai_sanga_trading_journal_xa_vane_please_share/,Market
NepalStock,1jcj7ue,Should I do a sip? (In the case of Nepal),Substantial-Toe2632,"Hello guys,

I am 21 years old right now. Theoretically calculating, up until my 40's if I continue my sip of particular amount, I will get the amount given by power of compounding. 
But are the banks offering these sip's are sure not to collapse or what if they give us a very low rate of return??

Can someone help me if I should start sip or not?
If not what might be other investing ideas in the scenario of Nepal??",1,0,2025-03-16 11:14:26+00:00,https://reddit.com/r/NepalStock/comments/1jcj7ue/should_i_do_a_sip_in_the_case_of_nepal/,Market
NepalStock,1jcj64u,Got crn number but still meroshare ma not registered,Working_Wheel_1603,Maile Prabhu bank ma gayera crn number lite Tara meroshare ma crn not registered bhanxa. K bhako hola.,1,0,2025-03-16 11:11:08+00:00,https://reddit.com/r/NepalStock/comments/1jcj64u/got_crn_number_but_still_meroshare_ma_not/,Demat/MeroShare
NepalStock,1jcighm,Nic sip redemption questions,noper54,"Maile ta yo nic asia ko sip cancel gareko redemption ko laagi ke ke liyera DP ra Nearest nic asia capital po jana bhanxa ta . Kasaile mazza le bujhaidiye hunthyo.
Thank you in advance",1,0,2025-03-16 10:20:07+00:00,https://reddit.com/r/NepalStock/comments/1jcighm/nic_sip_redemption_questions/,Trading/Settlement/Payment
NepalStock,1jchuhb,"Maile nepse automation ko video here the NEPSE TRADER PRO, link talaxa ani bro le google sheet nai change garnu vaye xa ani telegram ma ni vetena  kasai sanga xa vane plz provide me ...",No-Drummer8118,"[https://www.youtube.com/watch?v=cqs1wwrIkDo&amp;t=322s](https://www.youtube.com/watch?v=cqs1wwrIkDo&amp;t=322s)

video yei ho hai..",1,0,2025-03-16 09:35:17+00:00,https://reddit.com/r/NepalStock/comments/1jchuhb/maile_nepse_automation_ko_video_here_the_nepse/,Market
NepalStock,1jchsfq,Is sip investing my money in share market?,Keeper-Name_2271,Or where? Nimb wala,1,0,2025-03-16 09:31:02+00:00,https://reddit.com/r/NepalStock/comments/1jchsfq/is_sip_investing_my_money_in_share_market/,Economy
NepalStock,1jcdszr,Analysis of Nepal's Economic Situation and Recession Risks,AcadBuddy,[https://www.reddit.com/r/NepseHub/comments/1jcdoat/analysis\_of\_nepals\_economic\_situation\_and/?utm\_source=share&amp;utm\_medium=web3x&amp;utm\_name=web3xcss&amp;utm\_term=1&amp;utm\_content=share\_button](https://www.reddit.com/r/NepseHub/comments/1jcdoat/analysis_of_nepals_economic_situation_and/?utm_source=share&amp;utm_medium=web3x&amp;utm_name=web3xcss&amp;utm_term=1&amp;utm_content=share_button),1,0,2025-03-16 04:38:57+00:00,https://reddit.com/r/NepalStock/comments/1jcdszr/analysis_of_nepals_economic_situation_and/,Market
NepalStock,1jcdbf7,SIP in Nepal for student (19Y),herobrine--,"Hello everyone, 

Right now I get around 22k per month, 

Aani tya bata I can save upto 3-4k easily so is SIP best for me? 
As SIP calculator bata calculate garda after 20 years yahi rate ma ni majjale ramro return aaune raicha.

Is it really good ? Aani Nabil always seems a stable institution for me but yesma NIMB ko majjako return dekheko chu, can anyone guide me in this matter ?",1,0,2025-03-16 04:08:33+00:00,https://reddit.com/r/NepalStock/comments/1jcdbf7/sip_in_nepal_for_student_19y/,Mutual Funds
NepalStock,1jca7x3,"Daily Discussion Thread (Sunday - Mar 16, 2025)",AutoModerator,"Use this post to discuss what to buy/sell/trade/avoid/watch today and in the coming days.

As always, the rules still apply.

**Have a TMS or Meroshare issue? Query about EDIS or collateral? Ask here instead of creating another thread. All queries regarding TMS, MeroShare, Broker issues, EDIS, Settlement and Payments should be asked here.** &gt;!DO NOT create another post.!&lt;

BEGINNER? [**Go here first!**](https://www.reddit.com/r/NepalStock/wiki/beginners-guide)

DO NOT MAKE SEPARATE **INDIVIDUAL** POSTS ASKING:

* what to buy or sell,
* or what bank to buy,
* or what insurance to buy,
* yo share kati samma mathi jancha hola
* IPO ma pareko yo share kun din bechda ramro hola, ajhai 1-2 din parkhine ki nai etc.

will be deleted. Repeat violators will be banned.

Happy Investing!",1,0,2025-03-16 01:15:39+00:00,https://reddit.com/r/NepalStock/comments/1jca7x3/daily_discussion_thread_sunday_mar_16_2025/,Yo Kinda Kaso Hola
NepalStock,1jc21gk,Can I use same account ?,random_boy101,"I moved abroad recently.  Nepal ma huda ni share kinne bechne garthe. So, yeta bata maile afnk nepali bank ma paisa halera , puranai account haru bata ipo varne , kinne &amp; bechne sabai garna milxa??",1,0,2025-03-15 18:45:02+00:00,https://reddit.com/r/NepalStock/comments/1jc21gk/can_i_use_same_account/,Demat/MeroShare
NepalStock,1jbz56v,Create Broker Account,xixez,I want to open a broker account but don't know much. Which broker is good? And what are the things required to open an account?,1,0,2025-03-15 16:37:50+00:00,https://reddit.com/r/NepalStock/comments/1jbz56v/create_broker_account/,Broker
NepalStock,1jbwyao,Guys is having 4lakhs worth of portfolio too small?,Exotic_Temporary1853,Guys i’m a student and i only have 4lakhs worth of portfolio and i want to ask it is to low?,1,0,2025-03-15 14:59:03+00:00,https://reddit.com/r/NepalStock/comments/1jbwyao/guys_is_having_4lakhs_worth_of_portfolio_too_small/,Market
NepalStock,1jbqjvh,Mutual Fund has not appeared in Portfolio,theeartheyeguy,"NMB Hybrid Fund L-II ko 100 units apply gareko, paryo, aba meroshare maa dekhaauna ajhai kati time lagni ho? Ki kehi process garnu parni hunchha portfolio maa aauna?",1,0,2025-03-15 08:23:20+00:00,https://reddit.com/r/NepalStock/comments/1jbqjvh/mutual_fund_has_not_appeared_in_portfolio/,Mutual Funds
NepalStock,1jbn0ee,Recurring fixed account,chickenchilling,Maile jhukkera Kumari bank ma recurring account kholey. Aba bank le aafai paisa katxa ki maile halna parxa? Paisa halena bhane aafai account close hunxa ki penalty lagxa? Online account close garna mildaina?,1,0,2025-03-15 04:18:13+00:00,https://reddit.com/r/NepalStock/comments/1jbn0ee/recurring_fixed_account/,Trading/Settlement/Payment
NepalStock,1jbmns6,Share as a Collateral.,rabinkh,,1,0,2025-03-15 03:57:55+00:00,https://reddit.com/r/NepalStock/comments/1jbmns6/share_as_a_collateral/,Demat/MeroShare
NepalStock,1jbbwhv,Why is it that banks have stopped giving dividends?,Arockstar11,"Why is it that many commercial banks have stopped giving dividends to its shareholders? Banks like GBIME, NABIL issued dividends but other banks like HBL, PRVU stopped providing dividends since a couple of years. If so, will the banks give dividends this year?",1,0,2025-03-14 19:21:33+00:00,https://reddit.com/r/NepalStock/comments/1jbbwhv/why_is_it_that_banks_have_stopped_giving_dividends/,Bonus Share/Dividend
NepalStock,1jb8ne4,Sathi ho Share market vanekai yauta le kamaune yauta le gumaune thau raixa so big players are playing with your mind,No-Drummer8118,above,1,0,2025-03-14 16:56:51+00:00,https://reddit.com/r/NepalStock/comments/1jb8ne4/sathi_ho_share_market_vanekai_yauta_le_kamaune/,Market
NepalStock,1jb7s5g,In market there are lots of stategies of trading according to you and your trading experience which is the most profitable trading stategy with high accuracy,No-Drummer8118,,0,2,2025-03-14 16:19:40+00:00,https://reddit.com/r/NepalStock/comments/1jb7s5g/in_market_there_are_lots_of_stategies_of_trading/,Market
NepalStock,1jb2x6z,Frustrated...........,Medium_Chemist_5040,"Na ta hamro market ma intraday cha, na two way bazar cha, commodity exchange pani chaina, euta naya stock exchange le sabbai products lyaucha bhanda pani k k chalkhel huncha ta rokincha ani jati bela ni uptrend ma hunu parcha ramro kamai khana lai ani yo sab le dikka parera FOREX or crypto ma invest or trade garam bhanda NRB aaipugcha bato ma NO NO NO NO gardai. Ki ta Nepal ko Market ma products lyau ki hami lai bahira ni lagani garna deu. Kei ni garna didaina. Sab ustei",1,0,2025-03-14 12:38:31+00:00,https://reddit.com/r/NepalStock/comments/1jb2x6z/frustrated/,Market
NepalStock,1jaynvt,Find Undersubscription or Oversubscription,Delicious-Branch-159,Where can we find the subscription status of an IPO if it is undersubscribed or oversubscribed ?,2,6,2025-03-14 07:50:47+00:00,https://reddit.com/r/NepalStock/comments/1jaynvt/find_undersubscription_or_oversubscription/,IPO/FPO
NepalStock,1jay1o4,Share market courses?,Substantial-Toe2632,"Hello guys
I am a beginner interested to learn and enter the share market.

Are there any good courses in Nepal?
Would be helpful if anyone knows about this.",1,0,2025-03-14 07:05:24+00:00,https://reddit.com/r/NepalStock/comments/1jay1o4/share_market_courses/,Market
NepalStock,1javbvm,Stock alert app/website,sherlock_holmessss,Is there any app/website that give stock alert when price reached lower or greater than certain price? If there are any please help.,1,0,2025-03-14 04:01:49+00:00,https://reddit.com/r/NepalStock/comments/1javbvm/stock_alert_appwebsite/,Market
NepalStock,1jaeix5,Tomorrow’s prediction?,Spiritual-Ad4603,Green flags or Red Flags?,1,0,2025-03-13 15:24:05+00:00,https://reddit.com/r/NepalStock/comments/1jaeix5/tomorrows_prediction/,Market
NepalStock,1ja9snz,Holding unhpl from 340 for like 2 months now!,I0technology,"Waiting for a ATH of unhpl, nothing more!",0,0,2025-03-13 11:29:49+00:00,https://reddit.com/r/NepalStock/comments/1ja9snz/holding_unhpl_from_340_for_like_2_months_now/,Market
NepalStock,1ja668m,GMLI edis option not available still,Friendly-Hunt3770,hijo gmli bechethye ajhai samma edis garna milechaina aaja feri chutti phone gareko uthena broker ko aba fine ta lagdaina holani,1,0,2025-03-13 07:00:07+00:00,https://reddit.com/r/NepalStock/comments/1ja668m/gmli_edis_option_not_available_still/,Market
NepalStock,1ja62rn,"Investing in Index Funds, Real Estate and Commodity ETFs in Nepal?",serialchiller123,"Is there no way to invest in a basket of stocks collectively in Nepal? I want to invest in ETF of stocks, Real Estate, or Commodity like gold. 

I don't have the time or energy or risk tolerance to follow individual stocks. It seems like the only time-efficient strategy of investing with a high return-to-risk ratio is: IPO varyo basyo",1,0,2025-03-13 06:52:58+00:00,https://reddit.com/r/NepalStock/comments/1ja62rn/investing_in_index_funds_real_estate_and/,Market
NepalStock,1ja4tzh,SIP suggestions in Nepal for Beginner,Competitive_Fun_1851,"मैले दस हजार जति महिनामा save गर्छु।  नेपालमा Systematic Investment Plan को culture कस्तो छ? How does this work, is it risky? SIP हुने हरुले एसो idea दिनु न , उदाहरण सहित ।",1,0,2025-03-13 05:22:55+00:00,https://reddit.com/r/NepalStock/comments/1ja4tzh/sip_suggestions_in_nepal_for_beginner/,Advice
NepalStock,1ja3mdq,Secondary market Pokhara,New_Bus8699,So im thinking of investing. So which broker should i go with in Pokhara.,1,0,2025-03-13 04:06:43+00:00,https://reddit.com/r/NepalStock/comments/1ja3mdq/secondary_market_pokhara/,Broker
NepalStock,1ja33nl,Broker Holdings without manual seach,Manmaixautimi,"Is there any way to find the the most accumulated stock without manually searching for broker holding of individual stocks?
Your help is greatly appreciated",1,0,2025-03-13 03:37:06+00:00,https://reddit.com/r/NepalStock/comments/1ja33nl/broker_holdings_without_manual_seach/,Market
NepalStock,1ja0czr,"Market Weekend Discussion (Thursday Mar 13 - Saturday Mar 15, 2025)",AutoModerator,,1,0,2025-03-13 01:15:32+00:00,https://reddit.com/r/NepalStock/comments/1ja0czr/market_weekend_discussion_thursday_mar_13/,Yo Kinda Kaso Hola
NepalStock,1j9p745,No holding and EDIS option showing,pumkinn-eater69,,1,1,2025-03-12 17:13:31+00:00,https://reddit.com/r/NepalStock/comments/1j9p745/no_holding_and_edis_option_showing/,Demat/MeroShare
NepalStock,1j9kwrw,Yo SAMAJ Lai k vako xa?,LegDeep69,"Samaj Lai k garum, hold garu ki sell gardyu, 
3500 ma kineko thiye!",1,0,2025-03-12 14:08:02+00:00,https://reddit.com/r/NepalStock/comments/1j9kwrw/yo_samaj_lai_k_vako_xa/,Advice
NepalStock,1j9komb,Help No delivery Trade,ReadySeaworthiness96,,1,0,2025-03-12 13:57:55+00:00,https://reddit.com/r/NepalStock/comments/1j9komb/help_no_delivery_trade/,Demat/MeroShare
NepalStock,1j9kao6,DEMAT ACCOUNT AND CRN NUMBER,redchilly7,I am totally new person in stock market so I'm starting with filling IPOS. maile NIC ma demat account ko lagi form vareko thiye ra form varisake paxi 15 days vitra bank ma aafno citizenship card lera pugna vaneko thiyo ra maile aaja layera bujhaye ra tya form varna lagako thiyo tesma maile online aako demat number ra kei information haru fill up gare aba mero share ko username chahi mail mai aauxa ki feri bank nai janu parne ho ra tespaxi CRN number chahi k ma aauxa  tesbare kei vandinu paru experienced one le.,1,0,2025-03-12 13:39:23+00:00,https://reddit.com/r/NepalStock/comments/1j9kao6/demat_account_and_crn_number/,Demat/MeroShare
NepalStock,1j9harn,need broker suggestions,NoEditor6387,i am new to market and want to sell my ipo i am from kathmandu(baluwatar area). suggest me best brokers based on your experience,1,0,2025-03-12 10:51:05+00:00,https://reddit.com/r/NepalStock/comments/1j9harn/need_broker_suggestions/,Broker
NepalStock,1j9fpd0,Best broker to create tms account.,Kshetri_anup,I am trying to create a tms account. Any suggestions for good brokers?,1,0,2025-03-12 08:54:52+00:00,https://reddit.com/r/NepalStock/comments/1j9fpd0/best_broker_to_create_tms_account/,Broker
NepalStock,1j9flyf,New in share market here.,Kshetri_anup,IPO bhareko kati din ma thaha hunchha share paryo ki nai bhanera?,1,0,2025-03-12 08:47:06+00:00,https://reddit.com/r/NepalStock/comments/1j9flyf/new_in_share_market_here/,IPO/FPO
NepalStock,1j9el6z,Nic aisa dynamic debt fund sip,noper54,I recently canceled mero nic asia ko sip aba tyo mail ta aaxaina cancelation tara mail aayisake pachhi kasari bechne?,1,0,2025-03-12 07:33:23+00:00,https://reddit.com/r/NepalStock/comments/1j9el6z/nic_aisa_dynamic_debt_fund_sip/,Trading/Settlement/Payment
NepalStock,1j9dqrc,How to get into share market?,Kshetri_anup,I recently opened my demat and mero share.i have filled IPO of 3 companies. I have no further knowledge what to do. Any insights.,1,0,2025-03-12 06:48:35+00:00,https://reddit.com/r/NepalStock/comments/1j9dqrc/how_to_get_into_share_market/,Demat/MeroShare
NepalStock,1j9bskz,Demat account/ Mero share?,__idkman,,1,1,2025-03-12 05:09:04+00:00,https://reddit.com/r/NepalStock/comments/1j9bskz/demat_account_mero_share/,Demat/MeroShare
NepalStock,1j9bmcg,Share transfer procedure ?,sdgl24,Need to transfer shares of a person who recently passed away to his family(nominee). How and where should i go for the process??,0,0,2025-03-12 05:00:12+00:00,https://reddit.com/r/NepalStock/comments/1j9bmcg/share_transfer_procedure/,Advice
NepalStock,1j97ax2,"Daily Discussion Thread (Wednesday - Mar 12, 2025)",AutoModerator,"Use this post to discuss what to buy/sell/trade/avoid/watch today and in the coming days.

As always, the rules still apply.

**Have a TMS or Meroshare issue? Query about EDIS or collateral? Ask here instead of creating another thread. All queries regarding TMS, MeroShare, Broker issues, EDIS, Settlement and Payments should be asked here.** &gt;!DO NOT create another post.!&lt;

BEGINNER? [**Go here first!**](https://www.reddit.com/r/NepalStock/wiki/beginners-guide)

DO NOT MAKE SEPARATE **INDIVIDUAL** POSTS ASKING:

* what to buy or sell,
* or what bank to buy,
* or what insurance to buy,
* yo share kati samma mathi jancha hola
* IPO ma pareko yo share kun din bechda ramro hola, ajhai 1-2 din parkhine ki nai etc.

will be deleted. Repeat violators will be banned.

Happy Investing!",1,0,2025-03-12 01:15:29+00:00,https://reddit.com/r/NepalStock/comments/1j97ax2/daily_discussion_thread_wednesday_mar_12_2025/,Yo Kinda Kaso Hola
NepalStock,1j8vmcc,No edis for today bhancha ta,AtmosphereNo9559,,1,1,2025-03-11 17:00:04+00:00,https://reddit.com/r/NepalStock/comments/1j8vmcc/no_edis_for_today_bhancha_ta/,Trading/Settlement/Payment
NepalStock,1j8umaj,HELP!!! Issue with Share Transfer – Insufficient Balance,Signal-Locksmith9761,,1,0,2025-03-11 16:18:51+00:00,https://reddit.com/r/NepalStock/comments/1j8umaj/help_issue_with_share_transfer_insufficient/,Trading/Settlement/Payment
NepalStock,1j8spgw,I have heard i can transfer after 7pm but it is not solved yet please help.,WillWaste6364,,1,0,2025-03-11 14:58:15+00:00,https://reddit.com/r/NepalStock/comments/1j8spgw/i_have_heard_i_can_transfer_after_7pm_but_it_is/,IPO/FPO
NepalStock,1j8re53,I am not able to proceed,One-Resident3824,Aru kei pani bhanna milirako chaina all disabled kina hola ??,1,0,2025-03-11 13:59:06+00:00,https://reddit.com/r/NepalStock/comments/1j8re53/i_am_not_able_to_proceed/,Demat/MeroShare
NepalStock,1j8n1vh,Dematerializing my shares,pizzarollssssss,"I have shares which has to be dematerialized.  I opened my demat account and meroshare account. But the bank is saying I have to visit the capital of that share. 

I asked other people too and they said they didn't have to go to the capital, they just submitted the physical papers to the branch, not even the capital.

Is it true that in some bank we don't have to go to the capital and we can submit the papers in branch itself ?",1,0,2025-03-11 09:46:39+00:00,https://reddit.com/r/NepalStock/comments/1j8n1vh/dematerializing_my_shares/,Demat/MeroShare
NepalStock,1j8m6oa,"New to trading, why is 'My Holdings' not showing anything?",_venom8,,6,26,2025-03-11 08:39:25+00:00,https://reddit.com/r/NepalStock/comments/1j8m6oa/new_to_trading_why_is_my_holdings_not_showing/,Demat/MeroShare
NepalStock,1j8lmsf,GMLI chart showing it will go a little long,Organic_Contract_947,"Can anybody confirm me, whether GMLI will go above 2000/2100 ?
Any news that would make it go negative?",1,0,2025-03-11 07:55:07+00:00,https://reddit.com/r/NepalStock/comments/1j8lmsf/gmli_chart_showing_it_will_go_a_little_long/,Market
NepalStock,1j8lk2c,Book Closure for GMLI,Putrid-Whereas936,"I sold GMLI yesterday. Aaja ni Edis aayena. Broker lai sodhda, book closure vayera re. Can somebody explain about this?",3,5,2025-03-11 07:49:09+00:00,https://reddit.com/r/NepalStock/comments/1j8lk2c/book_closure_for_gmli/,Trading/Settlement/Payment
NepalStock,1j8kfhs,"I sold my shares yesterday, and now I can't transfer shares from my Mero Share account.",Annual-Problem-1405,"https://preview.redd.it/7gip5u5h70oe1.png?width=1623&amp;format=png&amp;auto=webp&amp;s=3bffdbfa2e8809bc328b2ef369fc07bb7216c304

Its my first and i am pretty confused.",1,0,2025-03-11 06:23:48+00:00,https://reddit.com/r/NepalStock/comments/1j8kfhs/i_sold_my_shares_yesterday_and_now_i_cant/,Demat/MeroShare
NepalStock,1j8jneq,Where should I invest it?,Cautious-Sort-1185,,1,1,2025-03-11 05:28:27+00:00,https://reddit.com/r/NepalStock/comments/1j8jneq/where_should_i_invest_it/,Market
NepalStock,1j8jbw0,Where to ask for my CRN number?,hoError---,I tried retrieving it but i couldnt. so shall i go to my bank or capital for it as they are from different banks?,1,0,2025-03-11 05:07:27+00:00,https://reddit.com/r/NepalStock/comments/1j8jbw0/where_to_ask_for_my_crn_number/,Advice
NepalStock,1j8iejo,Need honest and we'll researched suggestions?,rambadhur,"Genuinely speaking guys aele nepse ma actual multibagger scripts haru Kun huna saklata tapai haru ramro bujeko lagani karta hunuhuncha vane what do you think which company chai sachaiko long run ko ghoda hola ta ? 
Maile hijo Kun ma ho MKCl ko barema ramro suneko thee business perspective ra growth potential le yo kasto cha? 
Ani what others are there a?",1,0,2025-03-11 04:10:32+00:00,https://reddit.com/r/NepalStock/comments/1j8iejo/need_honest_and_well_researched_suggestions/,Market
NepalStock,1j8gs76,"Mr. Market NEPSE Now Available on Web, Windows, Mac, iPhone &amp; Android!",Effective-Quarter-95,"Hey everyone,

Mr. Market NEPSE is now available across multiple platforms. You can access it on:

🌐 **We**b: [Register Here](https://mrmarketnepse.avocado.com.np/)

📱 **iPhon**e: [App Store Link](https://apps.apple.com/np/app/mr-market-np/id6742788882)  
📱 **Androi**d: [Google Play Link](https://play.google.com/store/apps/details?id=com.mrmarketapp.staging&amp;hl=en)  
💻 **Ma**c: [Download Here](https://drive.google.com/file/d/1YfYOqeynOti4pazW36iC6oPJKh3UROTq/view?usp=sharing)  
🖥️ **Window**s: [Download Here](https://drive.google.com/file/d/1285SVV1lXCC2HBANrX8aNUTG-zOl-VT-/view?usp=sharing)

FYI:Web login is mandatory for desktop.( for user concern about security use desktop version which is fully on your device.)

Feel free to check it out on your preferred device! 🚀",1,0,2025-03-11 02:42:08+00:00,https://reddit.com/r/NepalStock/comments/1j8gs76/mr_market_nepse_now_available_on_web_windows_mac/,Softwares
NepalStock,1j8f1ob,"Daily Discussion Thread (Tuesday - Mar 11, 2025)",AutoModerator,"Use this post to discuss what to buy/sell/trade/avoid/watch today and in the coming days.

As always, the rules still apply.

**Have a TMS or Meroshare issue? Query about EDIS or collateral? Ask here instead of creating another thread. All queries regarding TMS, MeroShare, Broker issues, EDIS, Settlement and Payments should be asked here.** &gt;!DO NOT create another post.!&lt;

BEGINNER? [**Go here first!**](https://www.reddit.com/r/NepalStock/wiki/beginners-guide)

DO NOT MAKE SEPARATE **INDIVIDUAL** POSTS ASKING:

* what to buy or sell,
* or what bank to buy,
* or what insurance to buy,
* yo share kati samma mathi jancha hola
* IPO ma pareko yo share kun din bechda ramro hola, ajhai 1-2 din parkhine ki nai etc.

will be deleted. Repeat violators will be banned.

Happy Investing!",1,0,2025-03-11 01:15:28+00:00,https://reddit.com/r/NepalStock/comments/1j8f1ob/daily_discussion_thread_tuesday_mar_11_2025/,Yo Kinda Kaso Hola
NepalStock,1j7yald,Meaning of book closure Date,Popular-Shape5742,"I have a confusion on the concept of the book closure date . Let's say the book closure date is March 12 , can I buy a share in March 11 and be applicable for the profit the scrip holds  whose book closure date is on 12?",1,0,2025-03-10 13:13:23+00:00,https://reddit.com/r/NepalStock/comments/1j7yald/meaning_of_book_closure_date/,Trading/Settlement/Payment
NepalStock,1j7x09q,Cash Bonus of Surya Jyoti Life Insurance (SJLIC)?,nameisalreadytaken46,,2,2,2025-03-10 12:03:17+00:00,https://reddit.com/r/NepalStock/comments/1j7x09q/cash_bonus_of_surya_jyoti_life_insurance_sjlic/,Advice
NepalStock,1j7u39j,Can I Open a New Demat Account?,nomad_ismad,"I have a Demat account in NIMB Bank, which was opened when I was a minor. Now that I am 18+, my account status has been frozen because it needs to be converted to a major account. The issue is that my guardian and I live in different cities, and I need their help to complete the conversion process.

Since this process might take time, I was wondering:

1. Can I open a new Demat account in another bank as a major by visiting nearest branch?
2. Will my status automatically be recognized as a major in the new account?
3. If I open a new Demat account, will I be able to apply for IPOs without any issues?

If anyone has been through a similar situation or knows how this works, I'd appreciate your advice! Thanks in advance.",1,0,2025-03-10 08:38:35+00:00,https://reddit.com/r/NepalStock/comments/1j7u39j/can_i_open_a_new_demat_account/,Advice
NepalStock,1j7tefs,Understanding SEBON Regulations for Developing an Online Stock Brokerage App in Nepal,Particular_Way_1359,"I am currently developing an online stock brokerage app similar to Zerodha, and I would like to understand SEBON’s regulations regarding the development and operation of such an application in Nepal.",1,0,2025-03-10 07:44:51+00:00,https://reddit.com/r/NepalStock/comments/1j7tefs/understanding_sebon_regulations_for_developing_an/,Broker
NepalStock,1j7sex0,Beginner needs help with open ended mutual fund,Prestigious_Nature30,,1,0,2025-03-10 06:30:16+00:00,https://reddit.com/r/NepalStock/comments/1j7sex0/beginner_needs_help_with_open_ended_mutual_fund/,Market
NepalStock,1j7sdyo,Beginner needs help with open ended mutual fund,Prestigious_Nature30,,1,0,2025-03-10 06:28:22+00:00,https://reddit.com/r/NepalStock/comments/1j7sdyo/beginner_needs_help_with_open_ended_mutual_fund/,IPO/FPO
NepalStock,1j7o8l6,What's the deal with GMLI?,Kairic92,Manipulated growth or just fomo or other factors?,2,2,2025-03-10 02:18:01+00:00,https://reddit.com/r/NepalStock/comments/1j7o8l6/whats_the_deal_with_gmli/,Market
NepalStock,1j7n0rl,"Daily Discussion Thread (Monday - Mar 10, 2025)",AutoModerator,"Use this post to discuss what to buy/sell/trade/avoid/watch today and in the coming days.

As always, the rules still apply.

**Have a TMS or Meroshare issue? Query about EDIS or collateral? Ask here instead of creating another thread. All queries regarding TMS, MeroShare, Broker issues, EDIS, Settlement and Payments should be asked here.** &gt;!DO NOT create another post.!&lt;

BEGINNER? [**Go here first!**](https://www.reddit.com/r/NepalStock/wiki/beginners-guide)

DO NOT MAKE SEPARATE **INDIVIDUAL** POSTS ASKING:

* what to buy or sell,
* or what bank to buy,
* or what insurance to buy,
* yo share kati samma mathi jancha hola
* IPO ma pareko yo share kun din bechda ramro hola, ajhai 1-2 din parkhine ki nai etc.

will be deleted. Repeat violators will be banned.

Happy Investing!",1,0,2025-03-10 01:15:29+00:00,https://reddit.com/r/NepalStock/comments/1j7n0rl/daily_discussion_thread_monday_mar_10_2025/,Yo Kinda Kaso Hola
NepalStock,1j78hqu,How to enter share market ad beginner ?,Sufficient_Canary355,"Today i opened dmat and mero Share account..... But i have zero knowledge about share market i don't even know how to properly use mero share app 


I want to learn it from ground level where to start??

Please mention some YouTube channel or videos which are really helpful....

And also is there any book which will teach me all about share market from ground level 


Please mention all the resources you for beginners",1,0,2025-03-09 14:14:17+00:00,https://reddit.com/r/NepalStock/comments/1j78hqu/how_to_enter_share_market_ad_beginner/,Market
NepalStock,1j787y2,Guys yo fd interest haru ajjai ghatchha hola?,heyiamnobodybro,"Bank ko FDs haru a few months again samma 7-8% thyo aile around 3-5% chha. Do you have any idea if the interest rates will go up?

If interest nabadhne ho bhane k ma invest garda better hola for better returns?",1,0,2025-03-09 14:00:16+00:00,https://reddit.com/r/NepalStock/comments/1j787y2/guys_yo_fd_interest_haru_ajjai_ghatchha_hola/,Misc
NepalStock,1j75tbo,Making money is so easy,[deleted],,1,0,2025-03-09 11:37:05+00:00,https://reddit.com/r/NepalStock/comments/1j75tbo/making_money_is_so_easy/,Market
NepalStock,1j738ai,Failed attempt in trying to log in MeroShare,Anon13423,"Ma 3 years agadi share bazaar ma ghuseko thye ra investment pani gareko theye. Ma foreign aayesi ekkasi teta dhyan nai nagaera kei nai gareko thena ani aajan login garna khojda password ni milena ani reset garna khojda ni bhaera chaina. What options do i have left now?

Tldr Cant login and reset password in meroshare.",1,0,2025-03-09 08:26:14+00:00,https://reddit.com/r/NepalStock/comments/1j738ai/failed_attempt_in_trying_to_log_in_meroshare/,Demat/MeroShare
NepalStock,1j72i13,Help needed to choose a good broker,zephyrus56,,1,0,2025-03-09 07:33:04+00:00,https://reddit.com/r/NepalStock/comments/1j72i13/help_needed_to_choose_a_good_broker/,Broker
NepalStock,1j6xkn3,How do we attend AGM of a company?,TheirTypo-MyBirth,"AGM attend garna kunai document liera januarchha or can we just show up maybe with NID/citizenship? Haven't ever attended any AGM but recently got a notification for BBC's AGM. 
Thanks in advance.",1,0,2025-03-09 02:30:40+00:00,https://reddit.com/r/NepalStock/comments/1j6xkn3/how_do_we_attend_agm_of_a_company/,Misc
NepalStock,1j6w6ep,"Daily Discussion Thread (Sunday - Mar 09, 2025)",AutoModerator,"Use this post to discuss what to buy/sell/trade/avoid/watch today and in the coming days.

As always, the rules still apply.

**Have a TMS or Meroshare issue? Query about EDIS or collateral? Ask here instead of creating another thread. All queries regarding TMS, MeroShare, Broker issues, EDIS, Settlement and Payments should be asked here.** &gt;!DO NOT create another post.!&lt;

BEGINNER? [**Go here first!**](https://www.reddit.com/r/NepalStock/wiki/beginners-guide)

DO NOT MAKE SEPARATE **INDIVIDUAL** POSTS ASKING:

* what to buy or sell,
* or what bank to buy,
* or what insurance to buy,
* yo share kati samma mathi jancha hola
* IPO ma pareko yo share kun din bechda ramro hola, ajhai 1-2 din parkhine ki nai etc.

will be deleted. Repeat violators will be banned.

Happy Investing!",1,0,2025-03-09 01:15:29+00:00,https://reddit.com/r/NepalStock/comments/1j6w6ep/daily_discussion_thread_sunday_mar_09_2025/,Yo Kinda Kaso Hola
NepalStock,1j6w3ex,Need a little help regarding IPOs,nepalesejesus,,1,0,2025-03-09 01:11:00+00:00,https://reddit.com/r/NepalStock/comments/1j6w3ex/need_a_little_help_regarding_ipos/,IPO/FPO
NepalStock,1j6kfcw,Regarding the announcement issued yesterday by the Nepal Stock Exchange Board:,AmateurInvestorNepal,"● Investment companies listed on NEPSE will no longer be allowed to purchase shares from the secondary market.  
Also,  
● They will not be allowed to apply for shares issued through auction from unsold entitlement rights.

While the first measure has been implemented since fiscal year 2076 BS, companies will now be barred from applying in auctions—which they had been participating in until now. With this change, the trend of bulk allotment via auction will come to an end, and allotments will be dispersed through the market instead. This is not expected to have a significantly adverse effect on the market. However, due to our society’s inherent tendency to exaggerate minor issues rather than simply following the hype, the responsibility to safeguard one’s own assets ultimately lies with each individual!

The market’s reaction is essentially a wholesale manifestation of mass psychology. Let’s see how the market will react in the coming days.

\-copied  
**Investors and traders have adopted a more rational approach.**",1,0,2025-03-08 16:11:59+00:00,https://reddit.com/r/NepalStock/comments/1j6kfcw/regarding_the_announcement_issued_yesterday_by/,Auction
NepalStock,1j6itph,Do you have power over a company if you own certain percentage of promoter shares?,zedbonumalum,"Three different scenarios

Let's assume you have had the wonderful opportunity to get let's say 0.1% of the total supply of promoter shares of a company. Could you practically go into the company and ask about how things are going and ask about future of the company and bla bla. Get access to some reports or just observe the work force in general. 

  
Let's assume on second scenario you get 1%. Is this the dealbreaker? if 0.1% has no impact whatsoever, does 1% allow you to do those certain things.

  
Let's assume now you have 5-10% of the company's promoter shares. Is it safe to say you have some extent of power over that company?",1,0,2025-03-08 14:55:10+00:00,https://reddit.com/r/NepalStock/comments/1j6itph/do_you_have_power_over_a_company_if_you_own/,Auction
NepalStock,1j6hax8,I want sell promoter share of Mlbbl . What price will be good to sell it .,Imalendra_1,Suggest me the good price to sell promoter share of Mlbbl . It’s showing 1260 price . But I can’t sell in that price . I talk in Mlbbl office they saying to sell on 600-800 on price.,1,0,2025-03-08 13:36:35+00:00,https://reddit.com/r/NepalStock/comments/1j6hax8/i_want_sell_promoter_share_of_mlbbl_what_price/,Market
NepalStock,1j6grdr,Posting my current holding of one of my accounts cause why not.,zedbonumalum,"ILBS - 525 units

SAMAJ- 200 units

PFL - 13 units

NLIC - 1 unit

JBBL - 13 units

GUFL - 342 units

CKHL - 169 units",1,0,2025-03-08 13:06:03+00:00,https://reddit.com/r/NepalStock/comments/1j6grdr/posting_my_current_holding_of_one_of_my_accounts/,Advice
NepalStock,1j6gp52,Not the best microfinance but defs one of the best microfinance currently in my personal skillful unhumble opinion. This is my long-term position for Infinity Laghubittabitiiyabitattysyst Sanstha. Posting so that someone can be my hopeful liquidity.,zedbonumalum,,1,1,2025-03-08 13:02:26+00:00,https://reddit.com/r/NepalStock/comments/1j6gp52/not_the_best_microfinance_but_defs_one_of_the/,Technical Analysis
NepalStock,1j6gnx0,Sharing this analysis to get rid of my ILBS stocks.,zedbonumalum,Not the best microfinance but defs one of the best microfinance currently in my personal skillful unhumble opinion. This is my long-term position for Infinity Laghubittabitiiyabitattysyst Sanstha.,1,0,2025-03-08 13:00:39+00:00,https://reddit.com/r/NepalStock/comments/1j6gnx0/sharing_this_analysis_to_get_rid_of_my_ilbs_stocks/,Technical Analysis
NepalStock,1j6fu1d,Please give me suggestion: what to do with my stocks?,zedbonumalum,"I bought UPPER at 531.25 because i saw a Double Dingle Triple bingle A B C D pattern on the chart of Upper, do you think it will reach 1000 in this Mega Bull? ( TP set at 1000 because of the Double Dingle Triple bingle A B C D pattern )",1,0,2025-03-08 12:09:35+00:00,https://reddit.com/r/NepalStock/comments/1j6fu1d/please_give_me_suggestion_what_to_do_with_my/,Market
NepalStock,1j6d3i9,Remittance khata information,Anxious-Abalone-3210,"I am in UAE rn and want to open remittance ipo khata. I had a Demat, Mero share and tms linked to nic bank. Now I want to open remittance khata in other bank because nic is not cooperating with VKYC. So will there be a problem? Mero share Demat haru sab Naya banaunu parxa? Ya tesmai transfer garna milxa?",2,1,2025-03-08 08:49:40+00:00,https://reddit.com/r/NepalStock/comments/1j6d3i9/remittance_khata_information/,Demat/MeroShare
NepalStock,1j6bglt,Auction shares information,Commercial_Cry7310,"How long does auction shares takes to come into our demat account after the bidding cut-off price has been revealed? 

And how much time does it take them to refund our money if not allocated?

Since, I am really new to this your experience would really help me alot so, please aafno experience share garedinu hola",1,0,2025-03-08 06:51:51+00:00,https://reddit.com/r/NepalStock/comments/1j6bglt/auction_shares_information/,Market
NepalStock,1j69r9l,Betting on banking stocks and new NRB Governor,captainright1,"I've been following news lately. As you know, a new governor will soon replace Maha Prasad Adhikari. I'm a strong believer in the idea that political factors can influence the stock market.

This time, we're seeing candidates from private commercial banks, including CEOs from ADBL, Nabil, and Prabhu. I'm assuming the CEO from Nabil to be a likely candidate. He's backed by one of the biggest conglomerates in Nepal, is close to the Nepali Congress, and CG is also close to the Congress.

Considering the upcoming transition of the PM to the Congress, they want to be on the safe side and want their candidate to be in that position. Given the weightage of the position, private conglomerates want their candidate to be in that position. I assume most of these businessmen are backing their candidate, and he seems to check most of the points.

If my assumptions are correct and the next governor is from the private sector, we'll likely see less restriction in the banking sector. This could lead to refinancing and restructuring, and the current provision will loosen up. The banking sector, which is currently moving at a slow pace, may see an increase in dividend capacity.

However, mutual funds still play a crucial role. If they start selling, it will take time to recover. But once their supply is diluted, they'll be forced to buy back stocks at a higher price due to the criteria they're following.

Mutual fund investment is approximately 50 arba, with 21% invested in banks.

[https://www.sharesansar.com/newsdetail/overview-of-mutual-fund-trends-in-nepal-sector-wise-investments-top-stocks-and-nav-changes-in-chaitra-2024-04-28](https://www.sharesansar.com/newsdetail/overview-of-mutual-fund-trends-in-nepal-sector-wise-investments-top-stocks-and-nav-changes-in-chaitra-2024-04-28) 

Let me know your thought. 

  
[https://nepalkhabar.com/economy/bank-finance/228532-2025-3-2-16-21-49](https://nepalkhabar.com/economy/bank-finance/228532-2025-3-2-16-21-49)",1,0,2025-03-08 05:01:47+00:00,https://reddit.com/r/NepalStock/comments/1j69r9l/betting_on_banking_stocks_and_new_nrb_governor/,Economy
NepalStock,1j616mk,Auction shares money hold/promoter share,Omkazr18,"Hello everyone 
Can anyone inform me how long will the money be holded if the auction shares is not allowed. 
Similarly if we auction for promoter share do we receive bonus/dividend and how to sell promoter share. Thank you in advance.",1,0,2025-03-07 21:45:05+00:00,https://reddit.com/r/NepalStock/comments/1j616mk/auction_shares_money_holdpromoter_share/,Trading/Settlement/Payment
NepalStock,1j5to1r,crn number register huna kati din lagcha?,_anda_00,,1,0,2025-03-07 17:04:39+00:00,https://reddit.com/r/NepalStock/comments/1j5to1r/crn_number_register_huna_kati_din_lagcha/,Demat/MeroShare
NepalStock,1j5ppig,Gmliprediction please give best information,Solid_Winter_3529,Hello everyone ahile gmli 1672.2 pegeko cha Kati hold Garda thikhola kasaile 3000pugcha vanchankasaile 2200ta mero chineko le bechi ni sake what's your opinion??,1,0,2025-03-07 14:45:39+00:00,https://reddit.com/r/NepalStock/comments/1j5ppig/gmliprediction_please_give_best_information/,Market
NepalStock,1j5myvj,Long term investing for about 20-25 years,ChocolatePlastic457,"Hi there, I am 24 and i am really new to investing.
I am planning to invest for long term like 20-25 years. I recently have started to invest in Sip and some ipo.
I want to invest in secondary market too, Can any one help me on how i choose the right stock?",16,21,2025-03-07 12:58:55+00:00,https://reddit.com/r/NepalStock/comments/1j5myvj/long_term_investing_for_about_2025_years/,Market
NepalStock,1j5kv8m,Groups of Nepse trading,Ok_Entry_952,Guys lets share top telegram / discord groups to about active traders of NEPSE,1,0,2025-03-07 10:54:09+00:00,https://reddit.com/r/NepalStock/comments/1j5kv8m/groups_of_nepse_trading/,Market
NepalStock,1j5dnlp,Has anyone use the Ek sath 5 service of global IME ?,Disastrous_Pop_416,"Maile 2,3 din aagadi global ime ko ek sath 5 service antargat demat meroshare ani tms account apply gareko thiye rw already account bata paisa katisakyo tara mero application still on pending xa kei update aako xina  
Kati din lagxa hola anyone got idea? 
Ki maile aaru kei proces garnu parxa ?",1,0,2025-03-07 03:00:05+00:00,https://reddit.com/r/NepalStock/comments/1j5dnlp/has_anyone_use_the_ek_sath_5_service_of_global_ime/,Demat/MeroShare
NepalStock,1j5cd9m,❗❗​𝚃𝚎𝚌𝚑𝚗𝚒𝚌𝚊𝚕 𝙰𝚗𝚊𝚕𝚢𝚜𝚒𝚜 ❗❗,Sleep-Abject,"Just a genuine question for the pros of NEPSE, Does technical analysis actually applicable in Nepal, i mean hamle gareko study kunai company ko does it leans to the market outcome?",1,0,2025-03-07 01:52:49+00:00,https://reddit.com/r/NepalStock/comments/1j5cd9m/𝚃𝚎𝚌𝚑𝚗𝚒𝚌𝚊𝚕_𝙰𝚗𝚊𝚕𝚢𝚜𝚒𝚜/,Technical Analysis
NepalStock,1j4yt2i,Would this be useful? Nav value of Close ended mutual funds and blur portfolio for privacy.,summonshr,https://reddit.com/link/1j4yt2i/video/ul3b9nhce3ne1/player,1,0,2025-03-06 16:03:06+00:00,https://reddit.com/r/NepalStock/comments/1j4yt2i/would_this_be_useful_nav_value_of_close_ended/,Market
NepalStock,1j4wriw,What does this mean??,Healthy-Ad-1064,,1,1,2025-03-06 14:32:52+00:00,https://reddit.com/r/NepalStock/comments/1j4wriw/what_does_this_mean/,IPO/FPO
NepalStock,1j4wq7a,What does this mean??,leounknown09,,1,1,2025-03-06 14:31:09+00:00,https://reddit.com/r/NepalStock/comments/1j4wq7a/what_does_this_mean/,IPO/FPO
NepalStock,1j4wbjd,Ntc share kasto lagxa talai heu lai?,Exotic_Temporary1853,"!?

Maila ntc ko share kunya ko thulo amount ma hjr lai kasto lagxa ntc?",1,0,2025-03-06 14:12:14+00:00,https://reddit.com/r/NepalStock/comments/1j4wbjd/ntc_share_kasto_lagxa_talai_heu_lai/,Market
NepalStock,1j4th07,IPO reminder channel for telegram,Low_Performance1889,,2,2,2025-03-06 11:33:10+00:00,https://reddit.com/r/NepalStock/comments/1j4th07/ipo_reminder_channel_for_telegram/,IPO/FPO
NepalStock,1j4q0mi,Can i create two different demat accounts from different persons but link them to a same bank account?,withpeople,"Title

I want to create two different demat accounts with the data and credentials of different persons but link them to a same bank account.Is it possible.

Can it be done online?",1,0,2025-03-06 07:18:26+00:00,https://reddit.com/r/NepalStock/comments/1j4q0mi/can_i_create_two_different_demat_accounts_from/,Demat/MeroShare
NepalStock,1j4psts,Day trading_______________,SpecificDay592,,1,0,2025-03-06 07:03:06+00:00,https://reddit.com/r/NepalStock/comments/1j4psts/day_trading/,Technical Analysis
NepalStock,1j4m8f8,Any Value Investor Here,LegitimateApricot790,"Anyone who has set aside a certain percentage of capital for long-term value investing—what stocks would you suggest?

I’m looking for deeper industrial insights rather than just making decisions based on today’s reports.

I have access to some interest-free capital for a couple of years and want to invest in a solid passive stock. I have a few companies in mind, but if you know of a real hidden gem that could perform well over the next two years let’s share ideas here.",1,0,2025-03-06 03:25:37+00:00,https://reddit.com/r/NepalStock/comments/1j4m8f8/any_value_investor_here/,Market
NepalStock,1j4lk6y,Swarojgar Laghu Bitta FPO,theeartheyeguy,"Everyone was saying its a lotto and could be considered as a way to make quick cash. I read early this morning that the FPO has already been oversubscribed, is there any news to when the results of allotment will be published?",1,0,2025-03-06 02:50:56+00:00,https://reddit.com/r/NepalStock/comments/1j4lk6y/swarojgar_laghu_bitta_fpo/,IPO/FPO
NepalStock,1j4jn0b,"Market Weekend Discussion (Thursday Mar 06 - Saturday Mar 08, 2025)",AutoModerator,"Use this post to discuss what to buy/sell/trade/avoid/watch this weekend and in the coming days.

As always, the rules still apply.

**Have a TMS or Meroshare issue? Query about EDIS or collateral? Ask here instead of creating another thread. All queries regarding TMS, MeroShare, Broker Issues, EDIS, Settlement and Payments should be asked here.** DO NOT create another post.

BEGINNER? [**Go here first!**](https://www.reddit.com/r/NepalStock/wiki/beginners-guide)

DO NOT MAKE SEPARATE **INDIVIDUAL** POSTS ASKING:

* what to buy or sell,
* or what bank to buy,
* or what insurance to buy,
* yo share kati samma mathi jancha hola
* IPO ma pareko yo share kun din bechda ramro hola, ajhai 1-2 din parkhine ki nai etc.

will be deleted. Repeat violators will be banned.

Happy Investing!",1,0,2025-03-06 01:15:40+00:00,https://reddit.com/r/NepalStock/comments/1j4jn0b/market_weekend_discussion_thursday_mar_06/,Yo Kinda Kaso Hola
NepalStock,1j43dlv,"Please advice , maile edis garna 1 din dhilo vayo , aaba fine tirna office mai janu parxa ki mero payment aauda katera aauxa ?",kcdon2051,,1,0,2025-03-05 13:44:33+00:00,https://reddit.com/r/NepalStock/comments/1j43dlv/please_advice_maile_edis_garna_1_din_dhilo_vayo/,Trading/Settlement/Payment
NepalStock,1j43653,GMLI ko share k garda hunxa?,PublicTeaching4678,Aaja 1500 hit garyo share le. Voli bechda hunxa ki ajjai hold garda hunxa,3,3,2025-03-05 13:33:56+00:00,https://reddit.com/r/NepalStock/comments/1j43653/gmli_ko_share_k_garda_hunxa/,Market
NepalStock,1j40l73,is meroshare broken or what,PriorShift3600,"today i sold some stock and i sold some stocks first and tried to transfer them but after going to mypurchase source and selecting the script it does nothing it just shows the details of the stock is it just me or what?

https://preview.redd.it/hvmrbkiprume1.png?width=1634&amp;format=png&amp;auto=webp&amp;s=9d1588c546e49ccb164175436018e23cea1bed2e

when i go to my holding it says no obligation but checking my wacc shows perform remaining WACC calculation?? can anyone help me",1,0,2025-03-05 11:03:06+00:00,https://reddit.com/r/NepalStock/comments/1j40l73/is_meroshare_broken_or_what/,Broker
NepalStock,1j3xgtf,Demat p. k ho anyone ?,Upset-Piece7332,,1,1,2025-03-05 07:08:27+00:00,https://reddit.com/r/NepalStock/comments/1j3xgtf/demat_p_k_ho_anyone/,Trading/Settlement/Payment
NepalStock,1j3w7lk,How is this even possible,Complex-Carrot-8452,,1,1,2025-03-05 05:45:01+00:00,https://reddit.com/r/NepalStock/comments/1j3w7lk/how_is_this_even_possible/,IPO/FPO
NepalStock,1j3tlfp,"Frozen foe debit aauxa , update pani xa nnd minor pani haina , share hijo bechisakeko aanba edis garna mildaina , what to do guys ?",kcdon2051,mathi kai ho sappai,1,0,2025-03-05 03:16:18+00:00,https://reddit.com/r/NepalStock/comments/1j3tlfp/frozen_foe_debit_aauxa_update_pani_xa_nnd_minor/,Demat/MeroShare
NepalStock,1j3r6vq,"Daily Discussion Thread (Wednesday - Mar 05, 2025)",AutoModerator,"Use this post to discuss what to buy/sell/trade/avoid/watch today and in the coming days.

As always, the rules still apply.

**Have a TMS or Meroshare issue? Query about EDIS or collateral? Ask here instead of creating another thread. All queries regarding TMS, MeroShare, Broker issues, EDIS, Settlement and Payments should be asked here.** &gt;!DO NOT create another post.!&lt;

BEGINNER? [**Go here first!**](https://www.reddit.com/r/NepalStock/wiki/beginners-guide)

DO NOT MAKE SEPARATE **INDIVIDUAL** POSTS ASKING:

* what to buy or sell,
* or what bank to buy,
* or what insurance to buy,
* yo share kati samma mathi jancha hola
* IPO ma pareko yo share kun din bechda ramro hola, ajhai 1-2 din parkhine ki nai etc.

will be deleted. Repeat violators will be banned.

Happy Investing!",1,0,2025-03-05 01:15:30+00:00,https://reddit.com/r/NepalStock/comments/1j3r6vq/daily_discussion_thread_wednesday_mar_05_2025/,Yo Kinda Kaso Hola
NepalStock,1j3ch9y,"अन्तिम १५ मिनेटको औसत मूल्य कायम गर्न धितोपत्र बोर्डको स्वीकृति, कहिले देखि लागु होला ? यसो भन्छ नेप्से",Yikings-654points,,1,0,2025-03-04 14:51:29+00:00,https://reddit.com/r/NepalStock/comments/1j3ch9y/अनतम_१५_मनटक_औसत_मलय_कयम_गरन_धतपतर_बरडक_सवकत_कहल/,Online/TMS
NepalStock,1j3axgq,Newto the market suggest me,Solid_Winter_3529,Which share should I pick I have 1lakhs Kam totally new..,1,0,2025-03-04 13:37:24+00:00,https://reddit.com/r/NepalStock/comments/1j3axgq/newto_the_market_suggest_me/,Market
NepalStock,1j3at4o,How long does it take the allotted share to show up in mero share?,curiousjantu,"Few days ago (maybe more than a week ago) my IPO got allotted which was a close ended MF and money has also been deducted from my account which was just few days ago but the shares are still not showing in my mero share portfolio?

How long does it take?",1,0,2025-03-04 13:31:18+00:00,https://reddit.com/r/NepalStock/comments/1j3at4o/how_long_does_it_take_the_allotted_share_to_show/,IPO/FPO
NepalStock,1j385mn,"Hi Need Advice on My NEPSE Portfolio – Mostly IPOs, Should I Hold or Sell?",Tricky-Practice2770,"https://preview.redd.it/njg6p0kjknme1.png?width=872&amp;format=png&amp;auto=webp&amp;s=090ddae3317f0789d014c149f63c3e152dcdd3c7

https://preview.redd.it/oqzqpuu2lnme1.png?width=951&amp;format=png&amp;auto=webp&amp;s=10b44aaa7adc22a4548cd985d1df24455c92c91d

Hey everyone, I’ve been investing in NEPSE for a while, and most of my portfolio consists of IPOs that I haven’t sold yet. I’ve also bought some stocks along the way but haven’t actively traded much. Right now, I don’t urgently need the money, so I’m wondering whether I should continue holding or if there are stocks I should consider selling.

Would love to hear your thoughts on:

* **How do you decide whether to sell or hold?**
* **Should I diversify more or adjust my portfolio?**
* **How do you analyze a company’s long-term potential in NEPSE**",1,0,2025-03-04 10:52:17+00:00,https://reddit.com/r/NepalStock/comments/1j385mn/hi_need_advice_on_my_nepse_portfolio_mostly_ipos/,Market
NepalStock,1j35oaa,Why i couldn't sell my ipo???,[deleted],,4,8,2025-03-04 07:44:23+00:00,https://reddit.com/r/NepalStock/comments/1j35oaa/why_i_couldnt_sell_my_ipo/,IPO/FPO
NepalStock,1j34fva,Please help it's  urgent related to Share market,Most_Operation2339,,1,0,2025-03-04 06:16:34+00:00,https://reddit.com/r/NepalStock/comments/1j34fva/please_help_its_urgent_related_to_share_market/,Broker
NepalStock,1j30zfo,do you guys see SAMAJ bouncing back?,sup3rcalifragilistic,,3,11,2025-03-04 02:59:48+00:00,https://reddit.com/r/NepalStock/comments/1j30zfo/do_you_guys_see_samaj_bouncing_back/,Market
NepalStock,1j2yyyu,"Daily Discussion Thread (Tuesday - Mar 04, 2025)",AutoModerator,"Use this post to discuss what to buy/sell/trade/avoid/watch today and in the coming days.

As always, the rules still apply.

**Have a TMS or Meroshare issue? Query about EDIS or collateral? Ask here instead of creating another thread. All queries regarding TMS, MeroShare, Broker issues, EDIS, Settlement and Payments should be asked here.** &gt;!DO NOT create another post.!&lt;

BEGINNER? [**Go here first!**](https://www.reddit.com/r/NepalStock/wiki/beginners-guide)

DO NOT MAKE SEPARATE **INDIVIDUAL** POSTS ASKING:

* what to buy or sell,
* or what bank to buy,
* or what insurance to buy,
* yo share kati samma mathi jancha hola
* IPO ma pareko yo share kun din bechda ramro hola, ajhai 1-2 din parkhine ki nai etc.

will be deleted. Repeat violators will be banned.

Happy Investing!",1,0,2025-03-04 01:15:29+00:00,https://reddit.com/r/NepalStock/comments/1j2yyyu/daily_discussion_thread_tuesday_mar_04_2025/,Yo Kinda Kaso Hola
NepalStock,1j2rqst,Its seems broker Didn’t Settle My Funds Even After 1+ years,Just_Toe7363,"I recently checked my TMS after 1+ years and realized that my broker hasn’t settled my funds from a share sale. My account shows a **net receivable amount of NPR xxxxxx.** There’s no payable amount, and the funds are just sitting there. but I don't think I ever received it in my bank. I checked my emails from that broker and my respective banks dated back. 

I’m not sure if it's a glitch or if I missed an email of my payment. Has anyone else faced this issue? 

Would appreciate any advice!

Edit: It was a glitch. Thanks for the advice",4,5,2025-03-03 19:55:43+00:00,https://reddit.com/r/NepalStock/comments/1j2rqst/its_seems_broker_didnt_settle_my_funds_even_after/,Broker
NepalStock,1j2m175,Share market knowledge chaiyo,Mission_Moment_2923,I opened my demat account in 2023 aileyyta expire ni vaisakyo but I still Don't have any idea what to do further. Garxan chai k tesmaa    kk ho khuleyko ta dekhathyo but ailey expire vayexa awni hernu ni namildo raixa. dherai jana ley faida xaa ali ali invest garaa vanxa afulai keii aunna vanya.  helpppp,1,0,2025-03-03 16:03:53+00:00,https://reddit.com/r/NepalStock/comments/1j2m175/share_market_knowledge_chaiyo/,Trading/Settlement/Payment
NepalStock,1j2k3nt,Easy Nepse Calculator,FrostyRuin5249,"[https://play.google.com/store/apps/details?id=com.easynepsecalc.easy\_nepse\_calculator](https://play.google.com/store/apps/details?id=com.easynepsecalc.easy_nepse_calculator)

For iOS users we dont have the app yet but you can try the website: [https://easy-nepse-calculator.web.app/](https://easy-nepse-calculator.web.app/)

So I have released an app called Easy Nepse Calculator and wanted to share it with the community. Your feedback and suggestions would be really helpful.

Also I am not sure if this is against the community guideline and if it is I will happily remove the post.

The main confusion I am having right now is if people would understand the reverse buy and reverse sell feature within the app. And if you think it's confusing any suggestions to make it clearer would be highly appreciated.

Looking forward to your thoughts and thank you for your time!",1,0,2025-03-03 14:39:46+00:00,https://reddit.com/r/NepalStock/comments/1j2k3nt/easy_nepse_calculator/,Softwares
NepalStock,1j2e7om,How can I register online banking from foreign countries,Disastrous_Pop_416,"I recently opened few bank accounts online (ADBL, RBB) but I can’t access to the online banking cause I need a Nepali sim. 
Anyone got any idea how can I register my online banking or anyone knows which banks allows to register online banking through Foreign numbers or email??? 
Thank you so much for reading and all of your suggestions 💖🙏🙏",3,4,2025-03-03 08:36:22+00:00,https://reddit.com/r/NepalStock/comments/1j2e7om/how_can_i_register_online_banking_from_foreign/,Demat/MeroShare
NepalStock,1j2d9tw,When to sell GMLI share?,Ok_Establishment5171,,1,0,2025-03-03 07:26:40+00:00,https://reddit.com/r/NepalStock/comments/1j2d9tw/when_to_sell_gmli_share/,IPO/FPO
NepalStock,1j2c3a3,any good share for 3k?,PaintingHeavy1774,,0,4,2025-03-03 06:04:32+00:00,https://reddit.com/r/NepalStock/comments/1j2c3a3/any_good_share_for_3k/,Market
NepalStock,1j2bvyk,Is it okay to invest in SLBBL?,OrdinaryNepaliguy,"[removed]

[View Poll](https://www.reddit.com/poll/1j2bvyk)",0,2,2025-03-03 05:51:29+00:00,https://reddit.com/r/NepalStock/comments/1j2bvyk/is_it_okay_to_invest_in_slbbl/,IPO/FPO
NepalStock,1j2b40b,(beginner) Candle stick,Ok_Actuator3946,"Chart padhda, praya Kun Kun indicator use garna huncha?",1,0,2025-03-03 05:03:19+00:00,https://reddit.com/r/NepalStock/comments/1j2b40b/beginner_candle_stick/,Technical Analysis
NepalStock,1j29dpl,Has anyone invested in debenture!,Ok-Background9860,How can i invest in it and what's the best time to buy if it's there?,1,0,2025-03-03 03:25:11+00:00,https://reddit.com/r/NepalStock/comments/1j29dpl/has_anyone_invested_in_debenture/,Market
NepalStock,1j28dpi,[Beginner] Please explain FPO price per share.,Comfortable-Wall-465,"So I wanted to know, when applying for FPO does the buying price per share remain 100 per each or is it the current market value.

What I am trying to ask is that I am applying for the Swarojgar Laghubitta Bittiya Sanstha Ltd. (SLBBL) FPO.

So if I apply for 10 kitta and I am alloted the shares, does it cut money from my bank of Rs 1000 (Rs 100 per kitta) or does it cut Rs 10,250 (Rs 1025 per kitta which is the current market price).

I am asking cuz I don't wanna risk that much amount. Hope you guys understand my question, pardon me cuz I am a beginner in this : )",1,0,2025-03-03 02:31:19+00:00,https://reddit.com/r/NepalStock/comments/1j28dpi/beginner_please_explain_fpo_price_per_share/,IPO/FPO
NepalStock,1j26ww5,"Daily Discussion Thread (Monday - Mar 03, 2025)",AutoModerator,"Use this post to discuss what to buy/sell/trade/avoid/watch today and in the coming days.

As always, the rules still apply.

**Have a TMS or Meroshare issue? Query about EDIS or collateral? Ask here instead of creating another thread. All queries regarding TMS, MeroShare, Broker issues, EDIS, Settlement and Payments should be asked here.** &gt;!DO NOT create another post.!&lt;

BEGINNER? [**Go here first!**](https://www.reddit.com/r/NepalStock/wiki/beginners-guide)

DO NOT MAKE SEPARATE **INDIVIDUAL** POSTS ASKING:

* what to buy or sell,
* or what bank to buy,
* or what insurance to buy,
* yo share kati samma mathi jancha hola
* IPO ma pareko yo share kun din bechda ramro hola, ajhai 1-2 din parkhine ki nai etc.

will be deleted. Repeat violators will be banned.

Happy Investing!",1,0,2025-03-03 01:15:28+00:00,https://reddit.com/r/NepalStock/comments/1j26ww5/daily_discussion_thread_monday_mar_03_2025/,Yo Kinda Kaso Hola
NepalStock,1j24bgn,I am positive in Finance sector after yesterday 50MA break through :D Testing its last all time high?,OpeningGlass6367,https://preview.redd.it/qst01r8tycme1.png?width=880&amp;format=png&amp;auto=webp&amp;s=22c7e7ceee0f3b1cbb306893fc971c62970c592d,1,0,2025-03-02 23:09:58+00:00,https://reddit.com/r/NepalStock/comments/1j24bgn/i_am_positive_in_finance_sector_after_yesterday/,Market
NepalStock,1j1y2jv,Will commercial banks give cash dividend this year?,Arockstar11,Many commercial banks didn’t announce dividend for this fiscal year. Will the banks give cash dividend for the upcoming year?,1,0,2025-03-02 18:45:41+00:00,https://reddit.com/r/NepalStock/comments/1j1y2jv/will_commercial_banks_give_cash_dividend_this_year/,Bonus Share/Dividend
NepalStock,1j1urf2,Meroshare username(citizen bank),Cold_Writer6826,Can anyone share how Citizen Banks username is created for meroshare. I forgot my username and password,1,0,2025-03-02 16:29:35+00:00,https://reddit.com/r/NepalStock/comments/1j1urf2/meroshare_usernamecitizen_bank/,Demat/MeroShare
NepalStock,1j1u570,Isn't bonus share just an accounting adjustment?,Khasas,Why do nepali investors think getting bonus share is any good? Are they stupid?,1,0,2025-03-02 16:03:37+00:00,https://reddit.com/r/NepalStock/comments/1j1u570/isnt_bonus_share_just_an_accounting_adjustment/,Market
NepalStock,1j1tirq,Has Siddhartha Bank (SBL) Disbursed the 4% Cash Dividend Yet?,openpy,"Hello, did anyone hold shares of Siddhartha Bank Limited (SBL)? The book closure for the 4% cash dividend for FY 80/81 was a month ago, but I haven't received the dividend yet. Has SBL disbursed the payment? I hold a significant amount of SBL shares and would appreciate any updates.",1,0,2025-03-02 15:36:26+00:00,https://reddit.com/r/NepalStock/comments/1j1tirq/has_siddhartha_bank_sbl_disbursed_the_4_cash/,Bonus Share/Dividend
NepalStock,1j1t66k,"SHPC, SHIVM &amp; SHINE bonus shares credited on your Demat yet?",[deleted],,0,6,2025-03-02 15:20:41+00:00,https://reddit.com/r/NepalStock/comments/1j1t66k/shpc_shivm_shine_bonus_shares_credited_on_your/,Bonus Share/Dividend
NepalStock,1j1svok,Why do “overvalued companies” keep growing .,withpeople,"I am a beginner,but have some knowledge about the market.

The market has valued “so many overvalued companies “  so high.They just don’t have the fundamentals to justify their market price.They have negative eps,book value is shit, etc.

And in recent times,when the market started to shoe bullish movement ,i am just shocked,that such overpriced stocks keep on growing and even the brokers are buying and accumulating it.
I just don’t understand this peculiar scenario.",1,0,2025-03-02 15:07:48+00:00,https://reddit.com/r/NepalStock/comments/1j1svok/why_do_overvalued_companies_keep_growing/,Market
NepalStock,1j1svdi,Advisable to collect shares around ~250 in case this is a bull run?,[deleted],,1,0,2025-03-02 15:07:26+00:00,https://reddit.com/r/NepalStock/comments/1j1svdi/advisable_to_collect_shares_around_250_in_case/,Market
NepalStock,1j1rap8,citizen life insurance,broken_heart20,VoLI CLI Kinda thik hola ki nahola bonus ko lagi Voli kinyo vane kati din ma mero portfolio ma aauxa??,1,0,2025-03-02 13:51:53+00:00,https://reddit.com/r/NepalStock/comments/1j1rap8/citizen_life_insurance/,Market
NepalStock,1j1p953,First time share selling,DisastrousContext985,So Maile chai Aja first time share becheko .share sold vanera message pani aayo .aba tespaxi K garne ho ? WACC ra EIDS update garne trading time ma nai Ki jaile gare Ni hunxa Ki ? Ani video hereko  meroshare ma gayera purchase source pani update gareko raxa tyo garna parxa Ki Nai ? Ani scrip pani K pending ra all K K raxa ...  first time becheko so please guide me ...,1,0,2025-03-02 11:56:18+00:00,https://reddit.com/r/NepalStock/comments/1j1p953/first_time_share_selling/,Trading/Settlement/Payment
NepalStock,1j1nvtc,Cash Dividend of Nabil,CandidateAny5707,"I had few Nabil Bank shares in my account, as it mentioned to provide cash dividend since last year I didn't get any amount on my account like previous year. I even wrote an email last year but didn't get any response. Even this year I haven't get any amount till the date. Am I the only one ?",1,0,2025-03-02 10:23:17+00:00,https://reddit.com/r/NepalStock/comments/1j1nvtc/cash_dividend_of_nabil/,Bonus Share/Dividend
NepalStock,1j1n8c7,Gbime bonus share received?,That-Vegetable5106,Has anyone received gbime bonus shares?mero aile samma aako fhauna,1,0,2025-03-02 09:36:52+00:00,https://reddit.com/r/NepalStock/comments/1j1n8c7/gbime_bonus_share_received/,Market
NepalStock,1j1mqr5,will HDL rise again ?,PewPew0q,What do you all think about HDL. Will it ever reach where it was before.,1,0,2025-03-02 09:01:18+00:00,https://reddit.com/r/NepalStock/comments/1j1mqr5/will_hdl_rise_again/,Market
NepalStock,1j1mc5n,Himalayan Reinsurance Limited,beebek7,"Is it time to sell the IPO of HRL??  
Please suggest....",1,0,2025-03-02 08:32:01+00:00,https://reddit.com/r/NepalStock/comments/1j1mc5n/himalayan_reinsurance_limited/,IPO/FPO
NepalStock,1j1kt6k,ODD LOT FOR SALE SLBSL 8 KITTA@2300,Legitimate-You-3024,I NEED TO SELL THIS 8 KITTAS,1,0,2025-03-02 06:45:09+00:00,https://reddit.com/r/NepalStock/comments/1j1kt6k/odd_lot_for_sale_slbsl_8_kitta2300/,IPO/FPO
NepalStock,1j1jhol,Guardian Micro Life Insurance (GMLI) kati samma pugxa hola.,Big_Count9574,It's a first micro life insurance so estimate garnai difficult vo ?,1,0,2025-03-02 05:20:05+00:00,https://reddit.com/r/NepalStock/comments/1j1jhol/guardian_micro_life_insurance_gmli_kati_samma/,Market
NepalStock,1j1hyeb,new to stock market ani i have some questions.....,[deleted],,2,1,2025-03-02 03:50:22+00:00,https://reddit.com/r/NepalStock/comments/1j1hyeb/new_to_stock_market_ani_i_have_some_questions/,Demat/MeroShare
NepalStock,1j1f2sk,"Daily Discussion Thread (Sunday - Mar 02, 2025)",AutoModerator,"Use this post to discuss what to buy/sell/trade/avoid/watch today and in the coming days.

As always, the rules still apply.

**Have a TMS or Meroshare issue? Query about EDIS or collateral? Ask here instead of creating another thread. All queries regarding TMS, MeroShare, Broker issues, EDIS, Settlement and Payments should be asked here.** &gt;!DO NOT create another post.!&lt;

BEGINNER? [**Go here first!**](https://www.reddit.com/r/NepalStock/wiki/beginners-guide)

DO NOT MAKE SEPARATE **INDIVIDUAL** POSTS ASKING:

* what to buy or sell,
* or what bank to buy,
* or what insurance to buy,
* yo share kati samma mathi jancha hola
* IPO ma pareko yo share kun din bechda ramro hola, ajhai 1-2 din parkhine ki nai etc.

will be deleted. Repeat violators will be banned.

Happy Investing!",1,0,2025-03-02 01:15:28+00:00,https://reddit.com/r/NepalStock/comments/1j1f2sk/daily_discussion_thread_sunday_mar_02_2025/,Yo Kinda Kaso Hola
NepalStock,1j10wk0,Paid live trading service,Ok-Background9860,Has anyone taken Paid live trading service by share YouTube and what's your experience is it profitable or has anyone earned by purchasing such services?,1,0,2025-03-01 14:40:53+00:00,https://reddit.com/r/NepalStock/comments/1j10wk0/paid_live_trading_service/,Market
NepalStock,1j0xdrn,Suggest some undervalued stocks.,withpeople,That has high potential .,1,0,2025-03-01 11:22:47+00:00,https://reddit.com/r/NepalStock/comments/1j0xdrn/suggest_some_undervalued_stocks/,Advice
NepalStock,1j0vkyj,Finance sector has a chance for a long bull continuation and making an all time high. Technical chart attached.,Specialist-Mail9079,"[If finance makes a move from here, there is a chance for making an all-time high. The last time the impulsive rally began from the support where finance is at present. And if it makes a move from here then chance of making a 57&amp;#37; rally and making new an all-time high. Do you think this is possible?](https://preview.redd.it/e1v1915go1me1.png?width=1264&amp;format=png&amp;auto=webp&amp;s=88704c0adc6c7ede624d4ada451bc42de825e3ba)",1,0,2025-03-01 09:16:05+00:00,https://reddit.com/r/NepalStock/comments/1j0vkyj/finance_sector_has_a_chance_for_a_long_bull/,Market
NepalStock,1j0uarz,Will finance sector make another high?,Specialist-Mail9079,A lot of big players are betting on finance and big brokers accumulation being seen in volumes. Do you think finance will make another higher high?,1,0,2025-03-01 07:43:46+00:00,https://reddit.com/r/NepalStock/comments/1j0uarz/will_finance_sector_make_another_high/,Market
NepalStock,1j0s64f,SIP return over 18 months,SignificanceCheap970,"I've doing SIP past 18 months for 3K per month. Statistically I've paid Rs. 54,000. In meroshare, I've seen the amount has reached ~ Rs. 57,000. so apparently a profit of ~ 3000 is made over these months. For some reason, there is apparently no dividend provided for 2024 as illustrated in the attached screenshot. From a general perspective, is this any good given the time it took?",1,0,2025-03-01 05:23:02+00:00,https://reddit.com/r/NepalStock/comments/1j0s64f/sip_return_over_18_months/,Mutual Funds
NepalStock,1j0r6sw,Seeking guidance for secondary market,Appropriate-Row5009,I wanna enter into secondary market but I have seen my friend got depressed after reaching it I have heard about analysis stuff how can we learn analysis technical and then proceed help to,1,0,2025-03-01 04:25:07+00:00,https://reddit.com/r/NepalStock/comments/1j0r6sw/seeking_guidance_for_secondary_market/,Market
NepalStock,1j0efr2,How to invest 10 lakh for a year?,wanderlust_pk,I have 10 lakh in my account that I want to invest in stocks.I will not need this amount for a year. What would be a good stock to invest for a year?,1,0,2025-02-28 18:20:08+00:00,https://reddit.com/r/NepalStock/comments/1j0efr2/how_to_invest_10_lakh_for_a_year/,Market
NepalStock,1j06whg,Deputy Governor Talks about recent Monetary Policy Review.,AmateurInvestorNepal,[व्यक्तिगतको ‘क्याप’ लगानीकर्ताको मनोविज्ञान मात्र हो](https://www.youtube.com/watch?v=vqaYcsXONDo) interview with Deputy governor Bam Bahadur Mishra,1,0,2025-02-28 12:50:08+00:00,https://reddit.com/r/NepalStock/comments/1j06whg/deputy_governor_talks_about_recent_monetary/,Market
NepalStock,1j01gf2,Transaction after selling shares,Dense_Bathroom_9745,Hello there ma ekdam new ho share ma dmat acc chahin banako thiye tara broker acc chahin bhakhar dhilo banaye.... maile Sunday for the first time youtube tutorial herdai share bechna sikeko ani beche pani successfully transferred bhanyo...esso google garda 3-5 days ma paisa aaucha lekheko cha but aaja friday bhaisakyo ajai aaipugeko chaina any idea dhilo hune hoki naya bhako le ki public holiday le effect gareko ho?,1,0,2025-02-28 06:31:06+00:00,https://reddit.com/r/NepalStock/comments/1j01gf2/transaction_after_selling_shares/,Advice
NepalStock,1izyz9f,NLG Auction Share Allotment,Successful-Law-8817,"I've applied for NLG auction shares at a bid price of NPR 950 per share, but the cutoff price was set at NPR 951. As a result, I was not allotted any shares. However, I have noticed that only half of my application amount has been refunded. did i got partially alloted or it was bank mistake. should i wait until share shown in tms or contact bank. Dose NLG Auction Share listed on tms?",1,0,2025-02-28 03:59:51+00:00,https://reddit.com/r/NepalStock/comments/1izyz9f/nlg_auction_share_allotment/,Auction
NepalStock,1izkj56,I am New to share market and am really confused how mutual funds work. I'd be very thankfull if any one would clear my doubt.,Gamchalama,"# TL;DR :

* **Close-ended mutual funds:** After maturity, do I need to do anything to redeem my money, or is it automatically transferred to my linked bank account?
* **Open-ended mutual funds:**
   1. Can I invest in a lump sum, or is a fixed monthly/yearly investment (like SIP) required?
   2. After 5 years, how do I cash out—do I sell in the secondary market or redeem directly?
   3. If selling, do I keep the bonuses (dividends) I earned, or do they transfer to the buyer?
   4. Are there other ways to cash out besides selling?

  
Full context below 

# Context :

a. So, I am new to share market.   
b. I've invested around NRP 20 k in mutual funds (some open and some closed ended.)  


# CLOSE ENDED MUTUAL FUNDS:

a. What is the **process of redeeming my money after maturity** in close ended mutual fund ? *(do you have to do something or it will be just send to yr bank acc linked to DEMAT automatically)*

# OPEN ENDED MUTUAL FUND 

**My understanding limitation :**  Some people say it is ""SIP like"" and you need to invest *X* amount of money each month / year and some say *lump-sum* investment is OK.   
  
**Question**   
Lets say after *5 yr* I want to ""cash-out"".   
a. What is the process ? Do I sell it in secondary market?   
b. If yes then do I get the bonuses till 5 yr in my bank account or will it  transfer to the new share holder ?    
c. What are the other options to cash out? 

Explaining answer using examples would be hugely helpful. 

# 

#",1,0,2025-02-27 16:58:34+00:00,https://reddit.com/r/NepalStock/comments/1izkj56/i_am_new_to_share_market_and_am_really_confused/,Mutual Funds
NepalStock,1izgn4w,What are your watch list?,Hot-Conversation2318,Ah like aailea 15k jati xa theyo yeta uti garera udyo aailea i think haldim mero chai hidclp ghl glh xan kasto hola? Or anyother?,1,0,2025-02-27 14:10:25+00:00,https://reddit.com/r/NepalStock/comments/1izgn4w/what_are_your_watch_list/,Market
NepalStock,1izd75f,Reason behind circuit in last min,Im-Baked_Potato,,1,1,2025-02-27 11:00:47+00:00,https://reddit.com/r/NepalStock/comments/1izd75f/reason_behind_circuit_in_last_min/,Market
NepalStock,1izcx9e,Yo minor dmat account lai major banauni process k xa anyone?,Weiredpoet,??,1,0,2025-02-27 10:41:31+00:00,https://reddit.com/r/NepalStock/comments/1izcx9e/yo_minor_dmat_account_lai_major_banauni_process_k/,Demat/MeroShare
NepalStock,1izctyg,Sold shares but payment still not received,Pristine_Side_7744,,1,0,2025-02-27 10:34:46+00:00,https://reddit.com/r/NepalStock/comments/1izctyg/sold_shares_but_payment_still_not_received/,Trading/Settlement/Payment
NepalStock,1izck99,Sold some tara pani yesto dekhoudai xa k ho?,Hot-Conversation2318,Broker no 45,1,0,2025-02-27 10:16:10+00:00,https://reddit.com/r/NepalStock/comments/1izck99/sold_some_tara_pani_yesto_dekhoudai_xa_k_ho/,Broker
NepalStock,1izbcpj,"SNLI -2 kitta sell ,At lowest",withpeople,Title,1,0,2025-02-27 08:46:04+00:00,https://reddit.com/r/NepalStock/comments/1izbcpj/snli_2_kitta_sell_at_lowest/,Trading/Settlement/Payment
NepalStock,1iz9n8s,Kun broker ko account kholum ?,PalpitationDefiant19,"I am new to market ahiley samma ipo matra vareyko xu, i want to sell some of my ipo pareyko stocks.

Idk for sure but life ma 2ota matra broker account banauna milxa vanni suney jasto lathyo.

I want a broker jasko ma almost sab kaam online hos, ali fast pani hos transaction, ani transaction fees nominal hos. I am pokhara but currently living in Kathmandu for studies idk if this helps or not.

Can you guys suggest me a good broker ? + aru kehi advices haru dina xa vaney pani dinus na huss.

Thankyou.
Please upvote this post for more engagement.",1,0,2025-02-27 06:39:06+00:00,https://reddit.com/r/NepalStock/comments/1iz9n8s/kun_broker_ko_account_kholum/,Broker
NepalStock,1iz98c0,Ili odd lot @495.9 lowest ho,Hot-Conversation2318,.,1,0,2025-02-27 06:11:03+00:00,https://reddit.com/r/NepalStock/comments/1iz98c0/ili_odd_lot_4959_lowest_ho/,Market
NepalStock,1iz91mq,NAV value for date not defined - Open ended mutual fund,Medium-Emotion-8848,"Hi, In open ended Mutualfund dashboard for ""UNIT REDEMPTION REQUEST"", i keep getting this `NAV value for date not defined` error when i choose the current date and it do not accept the value for past date. Which is why i couldn't sell (redeem) the units. 

Has anyone experienced this? Whats the solution/workaround?",1,0,2025-02-27 05:59:23+00:00,https://reddit.com/r/NepalStock/comments/1iz91mq/nav_value_for_date_not_defined_open_ended_mutual/,Mutual Funds
NepalStock,1iz8uor,Nepse to the moon.////,Single-Function-9392,,1,1,2025-02-27 05:47:04+00:00,https://reddit.com/r/NepalStock/comments/1iz8uor/nepse_to_the_moon/,Market
NepalStock,1iz8tjv,EBL Odd lot - 2 Kitta sell on lowest price,NisalPoon,Odd lot sell,1,0,2025-02-27 05:45:04+00:00,https://reddit.com/r/NepalStock/comments/1iz8tjv/ebl_odd_lot_2_kitta_sell_on_lowest_price/,Trading/Settlement/Payment
NepalStock,1iz8i0y,Boom boom 💥 💥 💥 💥 💥 💥 💥 💥💥 💥 💥 💥,Special-Wallaby-9679,Big day today.. get screenshot of your before and after portfolio.,1,0,2025-02-27 05:25:20+00:00,https://reddit.com/r/NepalStock/comments/1iz8i0y/boom_boom/,Market
NepalStock,1iz8gjr,Recently HRL stock has increased a lot.,God-Of-Devil,Is it the best time to sell HRL stock ?  Any one know the reasons?,1,0,2025-02-27 05:22:42+00:00,https://reddit.com/r/NepalStock/comments/1iz8gjr/recently_hrl_stock_has_increased_a_lot/,Market
NepalStock,1iz8ea2,Tf happened? Did i missed anything,i-screamoften,"Was there anything ? Any news short of, whats happening",3,6,2025-02-27 05:18:52+00:00,https://reddit.com/r/NepalStock/comments/1iz8ea2/tf_happened_did_i_missed_anything/,Market
NepalStock,1iz3tw4,"Market Weekend Discussion (Thursday Feb 27 - Saturday Mar 01, 2025)",AutoModerator,"Use this post to discuss what to buy/sell/trade/avoid/watch this weekend and in the coming days.

As always, the rules still apply.

**Have a TMS or Meroshare issue? Query about EDIS or collateral? Ask here instead of creating another thread. All queries regarding TMS, MeroShare, Broker Issues, EDIS, Settlement and Payments should be asked here.** DO NOT create another post.

BEGINNER? [**Go here first!**](https://www.reddit.com/r/NepalStock/wiki/beginners-guide)

DO NOT MAKE SEPARATE **INDIVIDUAL** POSTS ASKING:

* what to buy or sell,
* or what bank to buy,
* or what insurance to buy,
* yo share kati samma mathi jancha hola
* IPO ma pareko yo share kun din bechda ramro hola, ajhai 1-2 din parkhine ki nai etc.

will be deleted. Repeat violators will be banned.

Happy Investing!",1,0,2025-02-27 01:15:32+00:00,https://reddit.com/r/NepalStock/comments/1iz3tw4/market_weekend_discussion_thursday_feb_27/,Yo Kinda Kaso Hola
NepalStock,1iypyf9,It's not just me right? Birthday email from capital.,GuleliMaDingleberry,,1,0,2025-02-26 15:22:27+00:00,https://reddit.com/r/NepalStock/comments/1iypyf9/its_not_just_me_right_birthday_email_from_capital/,Memes/Fun/Laughs
NepalStock,1iyozwx,NLIC ko cash dividend distribute bhaisakeko ho,Arockstar11,,2,2,2025-02-26 14:39:52+00:00,https://reddit.com/r/NepalStock/comments/1iyozwx/nlic_ko_cash_dividend_distribute_bhaisakeko_ho/,Bonus Share/Dividend
NepalStock,1iyncqf,need help on odd lot sell,Legitimate-You-3024,,1,0,2025-02-26 13:20:47+00:00,https://reddit.com/r/NepalStock/comments/1iyncqf/need_help_on_odd_lot_sell/,Advice
NepalStock,1iynbw4,need help on odd lot sell,Legitimate-You-3024,,1,0,2025-02-26 13:19:37+00:00,https://reddit.com/r/NepalStock/comments/1iynbw4/need_help_on_odd_lot_sell/,IPO/FPO
NepalStock,1iykyvi,Multiple SIPs in multiple banks or in same bank? Which is more profitable in the long run?,Keeper-Name_2271,"I've 3.5K/month SIP in NIMB and looking to invest another 2-3K per month in SIP. What'd be the best SIP to invest? Same bank? Or in a different bank? Btw, do I get yearly dividends on SIP?",1,0,2025-02-26 11:00:01+00:00,https://reddit.com/r/NepalStock/comments/1iykyvi/multiple_sips_in_multiple_banks_or_in_same_bank/,Mutual Funds
NepalStock,1iyj0v4,Wrong BOID in NIBLSF Sip. (Quick Response Pls),TheGoodlyBad,,0,4,2025-02-26 08:36:34+00:00,https://reddit.com/r/NepalStock/comments/1iyj0v4/wrong_boid_in_niblsf_sip_quick_response_pls/,Demat/MeroShare
NepalStock,1iybhcn,"Daily Discussion Thread (Wednesday - Feb 26, 2025)",AutoModerator,"Use this post to discuss what to buy/sell/trade/avoid/watch today and in the coming days.

As always, the rules still apply.

**Have a TMS or Meroshare issue? Query about EDIS or collateral? Ask here instead of creating another thread. All queries regarding TMS, MeroShare, Broker issues, EDIS, Settlement and Payments should be asked here.** &gt;!DO NOT create another post.!&lt;

BEGINNER? [**Go here first!**](https://www.reddit.com/r/NepalStock/wiki/beginners-guide)

DO NOT MAKE SEPARATE **INDIVIDUAL** POSTS ASKING:

* what to buy or sell,
* or what bank to buy,
* or what insurance to buy,
* yo share kati samma mathi jancha hola
* IPO ma pareko yo share kun din bechda ramro hola, ajhai 1-2 din parkhine ki nai etc.

will be deleted. Repeat violators will be banned.

Happy Investing!",1,0,2025-02-26 01:15:39+00:00,https://reddit.com/r/NepalStock/comments/1iybhcn/daily_discussion_thread_wednesday_feb_26_2025/,Yo Kinda Kaso Hola
NepalStock,1iyb9tk,Nic bank account problem,Tough-Bit-6515,"Maili nic Asia bank ko khata itahari branch bata banako
mobile banking pani.. tara aile abroad ma xu ani tyo
mobile app bata poisa transfer nai garna mildaina.. poisa
ta hale nikalnai mili ra xoina.. poisa freeze nai vaye jasto.
ani email bata sodyo vkyc ki link dinxa.. ani apply garo 5
minute wait line ma rakhxa ani busy vanxa ani same
busy….. fed up vai sake... anyone knows nic asia bank ko
agent so i can talk to them through whats app or
any????? Thank you for your repli",1,0,2025-02-26 01:05:22+00:00,https://reddit.com/r/NepalStock/comments/1iyb9tk/nic_bank_account_problem/,Market
NepalStock,1ixzrex,शिवताण्डवस्तोत्र | जय शम्भो,withZen,,1,1,2025-02-25 16:58:06+00:00,https://reddit.com/r/NepalStock/comments/1ixzrex/शवतणडवसततर_जय_शमभ/,Misc
NepalStock,1ixy99m,How to?? invest as a student and a beginner,Otherwise-Beat-118,I have around 1 lakh to invest in share and im a total beginning so.... How should i enter the market,1,0,2025-02-25 15:55:40+00:00,https://reddit.com/r/NepalStock/comments/1ixy99m/how_to_invest_as_a_student_and_a_beginner/,Market
NepalStock,1ixx4t2,"Fellowmen, What is your take on monetary policy review.",Limp_Inflation1247,"I went through the monetary policy review, malai chai thikai nai lagyo ... aba monetary policy review radical changes ta hudaina obviously. Yetti ko flexibility le market lai ramrai aid garna parne ho tetti babbalai push nagarene aaile market le face garirako resistance lai break garyo vane vainai halyo ... aba ghatne khasai aadhar ni xaina, so are we positive?",1,0,2025-02-25 15:07:26+00:00,https://reddit.com/r/NepalStock/comments/1ixx4t2/fellowmen_what_is_your_take_on_monetary_policy/,Economy
NepalStock,1ixvmz6,Need Advice regarding Investment,Significant-Set-906,"I don't know much about Share market as I just started applying for IPO/FPOs being a student. Out of 17, 3 allocated (VLUCL, SNLI, Mahuli). 

Now, I want to invest as I have 1 lakh from my own side hustle. Passive income ni his alikati knowledge ni his, aafno kharcha ni garna sakiyos bhanera. Don't know how to start. Do you have any suggestions for me? Each and every advice are appreciated. Thank you!",1,0,2025-02-25 14:00:15+00:00,https://reddit.com/r/NepalStock/comments/1ixvmz6/need_advice_regarding_investment/,Market
NepalStock,1ixs2ys,What percentage of profit is good??!,Dry_Refrigerator903,"So i am new to stock market and i learned technical analysis detailly and i have been in profit(Although i have not done profit of a very large margin) i bought pfl at 381 and it is still in profit but before it was on (25%) profit but i decided not to sell it and now it is at (17%) but the volume of it has dried up and finanxe generally is in support zone so i am still holding it .....how to decide generally when to take profit to maximize it???? 
Any suggestions would be appreciated!",1,0,2025-02-25 10:38:23+00:00,https://reddit.com/r/NepalStock/comments/1ixs2ys/what_percentage_of_profit_is_good/,Market
NepalStock,1ixlmpj,Sanjog Koirala’s Money Mitra,creepyblackguyy,Is Money Mitra’s premium subscription really worth it??,1,0,2025-02-25 03:37:21+00:00,https://reddit.com/r/NepalStock/comments/1ixlmpj/sanjog_koiralas_money_mitra/,Advice
NepalStock,1ixir0r,"Daily Discussion Thread (Tuesday - Feb 25, 2025)",AutoModerator,"Use this post to discuss what to buy/sell/trade/avoid/watch today and in the coming days.

As always, the rules still apply.

**Have a TMS or Meroshare issue? Query about EDIS or collateral? Ask here instead of creating another thread. All queries regarding TMS, MeroShare, Broker issues, EDIS, Settlement and Payments should be asked here.** &gt;!DO NOT create another post.!&lt;

BEGINNER? [**Go here first!**](https://www.reddit.com/r/NepalStock/wiki/beginners-guide)

DO NOT MAKE SEPARATE **INDIVIDUAL** POSTS ASKING:

* what to buy or sell,
* or what bank to buy,
* or what insurance to buy,
* yo share kati samma mathi jancha hola
* IPO ma pareko yo share kun din bechda ramro hola, ajhai 1-2 din parkhine ki nai etc.

will be deleted. Repeat violators will be banned.

Happy Investing!",1,0,2025-02-25 01:15:28+00:00,https://reddit.com/r/NepalStock/comments/1ixir0r/daily_discussion_thread_tuesday_feb_25_2025/,Yo Kinda Kaso Hola
NepalStock,1ix2wlb,AI/ML Trader Looking to Make a Group of Traders [ Read full before you judge ],Mobile-Coast2474,"Okay, before any of you keyboard warrior start firing your responses, please read the whole thing.

I'm a coder, investor, ML enthusiast and full time NEPSE trader since a long time and invest a good amount in the market ( usually 8-9 figures) and been profitably trading in the market.

I've developed quite a lot of ML and python algorithms in NEPSE and they have been working quite well &gt; 70% accuracy long term to the point that I am ready to make it public.

I wanted to build a website for this but because of the nature of these things, the moment i make it all public and too many people use it, the edge will be lost and i will get a lot of attention as well.

Therefore...

I'm looking to create a vip mastermind group where other very serious traders can join in, if any ML enthusiasts here they can join in too and trade stocks together.

Now, before you say I am doing a pump and dump scheme, afno kitta bechna lai vaneko bla bla.

Here's the reason why i want this group:

\- AI generates a lot of signals daily, its virtually impossible for me to trade on those signals alone. And tbh, even if all of this reddit bought my stocks, it won't be enough to liquidate my positions at a given time.

\- I am a full time trader and i want side income. So if some of you can profit from my signals while i trade and on the side pay me a fee, its a good side income for me too that i can use to do other stuff in life. 

\- This group is not going to be FREE. The moment you will make your first good trade, you will pay me monthly fee for using my bots. You can even use your money from your profit to do that, thats the whole point of the group. The membership will start somewhere around 30-50k a month. Yes, 50k a month, thats how confident I am about my system.

\- Each day/week AI will generate trades, there will be alerts to buy, and you can use them in your daily trading journey. Start with a very small amount, whatever risk you can handle.

  
The idea is to have an elite group of 100-200 traders only who are serious about making money in NEPSE using all the latest high-tech algorithms.  
  
**To everyone else who will ask for my credibility, proof etc:**

I really don't care about you guys. You'll believe any baba on youtube, tiktok who claim to be a trader and waste millions. Good for you. 

My value proposition is simple, you've listened to many people before, listen to me once and give this a try too. If it works for you stick around, if not, then don't.

Simple, like trading should always be.  
  
I'm planning to take in a group of people first, then filter them out by personally speaking to each one of them and seeing how serious they are.

We'll do this for a week and then have our final group.",1,0,2025-02-24 14:10:43+00:00,https://reddit.com/r/NepalStock/comments/1ix2wlb/aiml_trader_looking_to_make_a_group_of_traders/,Market
NepalStock,1ix09de,Regarding SHPC bonus shares,DeDumbDumbKiddo87,"Bonus shares have been listen into NEPSE on 14th Feb. Until now, I haven't received the bonus shares on my account. Am I missing something out or do I gotta wait more?",1,0,2025-02-24 11:51:19+00:00,https://reddit.com/r/NepalStock/comments/1ix09de/regarding_shpc_bonus_shares/,Bonus Share/Dividend
NepalStock,1ix02s3,SHPC bonus shares inquiry,DeDumbDumbKiddo87,Anyone knows when SHPC bonus shares will be deposited into meroshare? Or am I missing something ? It's been weeks since book closure date. I've checked sharesansar and there's no information regarding bonus shares.,1,0,2025-02-24 11:39:47+00:00,https://reddit.com/r/NepalStock/comments/1ix02s3/shpc_bonus_shares_inquiry/,Market
NepalStock,1iwype0,GoFundMe in Nepal ???,[deleted],,0,0,2025-02-24 10:07:00+00:00,https://reddit.com/r/NepalStock/comments/1iwype0/gofundme_in_nepal/,Misc
NepalStock,1iwyf13,How many of you trade memcoins??,StandardNo4973,Guys is trading memecoin also illegal in here i am new in here.Kanye west was saying he will launch his memecoin in this week so i just wanted to know if it's legal or what.,1,0,2025-02-24 09:47:21+00:00,https://reddit.com/r/NepalStock/comments/1iwyf13/how_many_of_you_trade_memcoins/,Market
NepalStock,1iwybcu,Union hydropower limited,Solid_Winter_3529,Unhpl kinda huncha hai everyone charts haru rest grne Manche haina Tara yo share chai mero chineko uncle le ho badaune screenshot garera rakha,1,0,2025-02-24 09:39:54+00:00,https://reddit.com/r/NepalStock/comments/1iwybcu/union_hydropower_limited/,Market
NepalStock,1iwvjeb,CLI worth keeping? Decision in dilema,Dazzling_Guidance61,25+ percent share diyexa bonus. is it worth to keep the share now? Maybe not? Almost all time high ho raixa aile. Keep or move to other old legends like asian or nepal?,1,0,2025-02-24 06:24:00+00:00,https://reddit.com/r/NepalStock/comments/1iwvjeb/cli_worth_keeping_decision_in_dilema/,Market
NepalStock,1iwupzf,GMLI- Guardian Micro Insurance. How much do you think it'll go in this run.,dark__knightt,"Personally i was about to sell it once selling pressure increases but we can see it's clearly backed by big player. Now i am thinking of holding for 1 more month or so. there was demand of 8 lakhs share until 8 minutes and it reached 24 lakhs within second. so if you have shares from IPO give it a thought, it has really few shares outstanding.",1,0,2025-02-24 05:31:33+00:00,https://reddit.com/r/NepalStock/comments/1iwupzf/gmli_guardian_micro_insurance_how_much_do_you/,IPO/FPO
NepalStock,1iwpziu,"Daily Discussion Thread (Monday - Feb 24, 2025)",AutoModerator,"Use this post to discuss what to buy/sell/trade/avoid/watch today and in the coming days.

As always, the rules still apply.

**Have a TMS or Meroshare issue? Query about EDIS or collateral? Ask here instead of creating another thread. All queries regarding TMS, MeroShare, Broker issues, EDIS, Settlement and Payments should be asked here.** &gt;!DO NOT create another post.!&lt;

BEGINNER? [**Go here first!**](https://www.reddit.com/r/NepalStock/wiki/beginners-guide)

DO NOT MAKE SEPARATE **INDIVIDUAL** POSTS ASKING:

* what to buy or sell,
* or what bank to buy,
* or what insurance to buy,
* yo share kati samma mathi jancha hola
* IPO ma pareko yo share kun din bechda ramro hola, ajhai 1-2 din parkhine ki nai etc.

will be deleted. Repeat violators will be banned.

Happy Investing!",1,0,2025-02-24 01:15:29+00:00,https://reddit.com/r/NepalStock/comments/1iwpziu/daily_discussion_thread_monday_feb_24_2025/,Yo Kinda Kaso Hola
NepalStock,1iwowih,Which broker does Dipendra Agarwal use?,Relative-Ideal-947,Kun broker hola.,1,0,2025-02-24 00:21:46+00:00,https://reddit.com/r/NepalStock/comments/1iwowih/which_broker_does_dipendra_agarwal_use/,Broker
NepalStock,1iwfnsv,Need help with stock exchanges,whatever9669,,1,0,2025-02-23 17:40:33+00:00,https://reddit.com/r/NepalStock/comments/1iwfnsv/need_help_with_stock_exchanges/,Advice
NepalStock,1iwe9oc,Atti confusion vayo k garam ma,Deep_Internal_4262,So as a student vachelor tyo ni day ko kunei source of income hunna tei ni ali lai jamma garera trade gartjiye hoina aaja ko market bhujera bihana broker sanga colletral mageko vroker le hamro maa non cash ko favility xaina vandiyo aba arko broker maa kholeko xu non cash paauna ali ali transcation garnu parxa vanxan aba k garne as ma sanga capital xaina aahile lai,1,0,2025-02-23 16:41:37+00:00,https://reddit.com/r/NepalStock/comments/1iwe9oc/atti_confusion_vayo_k_garam_ma/,Broker
NepalStock,1iwb8uq,Is selling share from foreign employment account and normal account same?,BitAromatic306,I just recently made my foreign remittance account from Nabil bank and have been allotted an ipo so now I want to sell that ipo and just want to know that if I sell it does the selling amount come to foreign employment account or not?,1,0,2025-02-23 14:24:44+00:00,https://reddit.com/r/NepalStock/comments/1iwb8uq/is_selling_share_from_foreign_employment_account/,IPO/FPO
NepalStock,1iw9qvb,BANKING SUB-INDEX RISK REWARD,AmateurInvestorNepal,"https://preview.redd.it/vpdjyrt31wke1.png?width=1810&amp;format=png&amp;auto=webp&amp;s=e196a6f68a4a8a5f4e0bacd8b311f6c4de2777a5

  
The Banking subindex is good for a long position because the **ABC correction appears complete**, and the price is **bouncing off strong trendline support** within a larger bullish channel, indicating a potential uptrend. Additionally, the **risk-reward ratio is favorable**, with limited downside and strong upside potential.  
**Disclaimer**: Educational purpose only.",1,0,2025-02-23 13:07:33+00:00,https://reddit.com/r/NepalStock/comments/1iw9qvb/banking_subindex_risk_reward/,Technical Analysis
NepalStock,1iw90d4,ILBS technical analysis,[deleted],,1,1,2025-02-23 12:24:55+00:00,https://reddit.com/r/NepalStock/comments/1iw90d4/ilbs_technical_analysis/,Market
NepalStock,1iw8zid,"Please give me recommendations on this chart analysis, am I doing something wrong?",Zedyyy09,,1,1,2025-02-23 12:23:28+00:00,https://reddit.com/r/NepalStock/comments/1iw8zid/please_give_me_recommendations_on_this_chart/,Technical Analysis
NepalStock,1iw6hlk,"HEI-5 kitta ,NBL-3 kitta, SBI-1kitta sell",withpeople,,1,0,2025-02-23 09:33:50+00:00,https://reddit.com/r/NepalStock/comments/1iw6hlk/hei5_kitta_nbl3_kitta_sbi1kitta_sell/,Memes/Fun/Laughs
NepalStock,1iw4gvf,How many of you are earning good from Nepali stock market and how.,Fair_Opening2954,"Need some honest experience so that i can also invest some.  
Thanks!!",1,0,2025-02-23 07:10:02+00:00,https://reddit.com/r/NepalStock/comments/1iw4gvf/how_many_of_you_are_earning_good_from_nepali/,Advice
NepalStock,1iw2p5x,Are we Expecting Massive Red Today ?,LegitimateApricot790,Yeah That’s the Question. I think we might see some selloff but later part of market will be Interesting.,1,0,2025-02-23 05:14:57+00:00,https://reddit.com/r/NepalStock/comments/1iw2p5x/are_we_expecting_massive_red_today/,Market
NepalStock,1iw2690,SOLD MY SHARES STILL NOT GOT FUND,CommunicationHot9904,had sold my first shares on tues or wed last week but still haven't got the fund.when and where will i get that fund. will it be loaded on collateral or bank account? should i contact broker??,1,0,2025-02-23 04:43:36+00:00,https://reddit.com/r/NepalStock/comments/1iw2690/sold_my_shares_still_not_got_fund/,Trading/Settlement/Payment
NepalStock,1ivyccq,"Daily Discussion Thread (Sunday - Feb 23, 2025)",AutoModerator,"Use this post to discuss what to buy/sell/trade/avoid/watch today and in the coming days.

As always, the rules still apply.

**Have a TMS or Meroshare issue? Query about EDIS or collateral? Ask here instead of creating another thread. All queries regarding TMS, MeroShare, Broker issues, EDIS, Settlement and Payments should be asked here.** &gt;!DO NOT create another post.!&lt;

BEGINNER? [**Go here first!**](https://www.reddit.com/r/NepalStock/wiki/beginners-guide)

DO NOT MAKE SEPARATE **INDIVIDUAL** POSTS ASKING:

* what to buy or sell,
* or what bank to buy,
* or what insurance to buy,
* yo share kati samma mathi jancha hola
* IPO ma pareko yo share kun din bechda ramro hola, ajhai 1-2 din parkhine ki nai etc.

will be deleted. Repeat violators will be banned.

Happy Investing!",1,0,2025-02-23 01:15:29+00:00,https://reddit.com/r/NepalStock/comments/1ivyccq/daily_discussion_thread_sunday_feb_23_2025/,Yo Kinda Kaso Hola
NepalStock,1ivet48,financial aid needed ..,xyxoxoxy,Hi..im desperately trying to buy the new Complete Solution book for CEE..i got 2k..1400 from the family and 600 i earned from doing menial jobs..im still 300 rs short as the book costs 2300…if anyone could PLEASE help me out via esewa 🙏🏻,1,0,2025-02-22 09:10:55+00:00,https://reddit.com/r/NepalStock/comments/1ivet48/financial_aid_needed/,Misc
NepalStock,1ivep03,financial help needed,xyxoxoxy,,1,0,2025-02-22 09:02:17+00:00,https://reddit.com/r/NepalStock/comments/1ivep03/financial_help_needed/,Misc
NepalStock,1iuulif,What is the Grey List? How Serious is it for Nepal? A Brief Overview,AmateurInvestorNepal,"# Nepal has been placed on the Grey List of the Financial Action Task Force (FATF). In a recent meeting held in Paris, FATF decided to keep Nepal on the Grey List for the next two years. Nepal had previously been on the Grey List from 2009 to 2014.

# What is the Grey List?

Being placed on the FATF Grey List means that a country's financial system has been identified as having weaknesses that make it difficult to combat financial crimes such as money laundering (the process of legitimizing illegally acquired money) and terrorist financing. The primary reason Nepal has been placed on the Grey List is the need for stricter legal measures to control money laundering, corruption, tax evasion, and other illegal financial activities.

# How Serious is it for Nepal?

Being on the Grey List is not entirely harmful, but it serves as a warning signal. It implies that Nepal must make its financial system more transparent and implement legal reforms in accordance with international standards. If Nepal fails to make the necessary improvements, there is a risk of being placed on the Black List in the future. This would lead international financial institutions and investors to view Nepal as a high-risk country.

Countries on the Grey List may face difficulties in attracting foreign direct investment (FDI). Foreign banks and financial institutions would also exercise extra caution when dealing with such countries, which could impact financial transactions.

# Steps Nepal Can Take to Exit the Grey List:

* Enacting stricter laws to control money laundering and terrorist financing
* Granting more authority to investigative bodies for financial crimes
* Enhancing transparency in legal procedures
* Strengthening the regulation of financial institutions and banks
* Improving systems for banks and financial institutions to report suspicious transactions
* Regulating and securing digital financial transactions
* Controlling corruption and tax evasion
* Increasing transparency in government institutions
* Taking strict action against those who evade taxes and accumulate illegal wealth
* Strengthening international cooperation and partnerships
* Working with FATF and other international bodies for necessary support and improvements
* Studying and implementing effective strategies adopted by other countries

# Examples of Countries That Successfully Exited the Grey List

Several countries have taken corrective measures to exit the FATF Grey List. Some examples include:

1. **Pakistan**
   * Pakistan was placed on the Grey List in 2018. By implementing a 30-point action plan under FATF's strict directives, including stricter monitoring of financial transactions, Pakistan successfully exited the Grey List in 2022.
2. **Botswana**
   * The African nation of Botswana was placed on the Grey List in 2018. The government improved financial regulations and established a new legal framework to combat corruption, enabling Botswana to exit the list in 2019.
3. **Singapore**
   * In the early 2000s, Singapore was found to be weak in controlling money laundering and financial crimes. However, the country adopted technological and legal reforms to enhance the transparency of its banking system. As a result, Singapore is now recognized as one of the world's safest financial hubs.
4. **Ethiopia**
   * Ethiopia was placed on the Grey List in 2017. The government strengthened its financial security system and imposed stricter regulations on banks and financial institutions. This helped Ethiopia meet international standards and exit the Grey List in 2019.

# Black List: The Most Dangerous Scenario

Being placed on the Black List indicates that a country has completely failed to control financial crimes. In such cases, international banks and investors hesitate to engage with those countries.

Currently, the major countries on FATF’s Black List include:

* **North Korea** – Due to money laundering and illegal financial activities.
* **Iran** – Due to terrorist financing and lack of financial transparency.

# An Opportunity for Nepal to Improve

Nepal’s inclusion in the Grey List is a signal that economic and diplomatic improvements are needed. If Nepal takes the necessary corrective steps, it can strengthen its position in the international financial system. By adopting the right strategies, Nepal can not only exit the Grey List but also enhance financial stability and attract foreign investments.",1,0,2025-02-21 16:14:13+00:00,https://reddit.com/r/NepalStock/comments/1iuulif/what_is_the_grey_list_how_serious_is_it_for_nepal/,Economy
NepalStock,1iumzdn,Nepal listed in FATF grey list for the second time,Uzumakinaruto470,What do you think will be the impact on nepse on Sunday??,1,0,2025-02-21 09:27:28+00:00,https://reddit.com/r/NepalStock/comments/1iumzdn/nepal_listed_in_fatf_grey_list_for_the_second_time/,Market
NepalStock,1iumi5j,Nabil averaging is this good time as prices are as low as of now,Ordinary-Junket8846,"Nabil was one of the golden pick in nepse bit lately things are looking beefy 
Should I average or exit once and for all 
I entered nabil in 2021",1,0,2025-02-21 08:52:46+00:00,https://reddit.com/r/NepalStock/comments/1iumi5j/nabil_averaging_is_this_good_time_as_prices_are/,Market
NepalStock,1ium3fg,NEPSE BPCL next big thing flying high cons/pros discussion,Ordinary-Junket8846,"Butwal power company ltd 
Any valuable insights for this valuable script",1,0,2025-02-21 08:22:29+00:00,https://reddit.com/r/NepalStock/comments/1ium3fg/nepse_bpcl_next_big_thing_flying_high_conspros/,Market
NepalStock,1iuipfu,"Pro traders, review this chart and give suggestions.",DaisyCharm_1,"Mero analysis herdinu na. I also have some questions: 
1. Support, resistance mark garda Small time frame lai manera gareko kattiko valid hunxa ? 
2. MACD ra RSI small time frame ko lagi valid hunxa ki day ko lagi matra ho? 
3. Refer to image 3, eha 627-611, 5 min ma 103k kitta karobar bhaxa, yo bhaneko sale volume ho?
4. Bholi k hunxa or few days ma k hunxa bhanera kasari predict garne?",1,0,2025-02-21 04:43:00+00:00,https://reddit.com/r/NepalStock/comments/1iuipfu/pro_traders_review_this_chart_and_give_suggestions/,Technical Analysis
NepalStock,1itz905,Khyasaa hunxa ki k ho,NoRecognition6491,"Hathy rakheko 1525 ma cancel garna birsexu 
Account ma ni aayexa ani stock price ni gatexa.",0,6,2025-02-20 14:06:41+00:00,https://reddit.com/r/NepalStock/comments/1itz905/khyasaa_hunxa_ki_k_ho/,Market
NepalStock,1ityljo,I want learn about share market,PhilosophyLast8497,Any suggestions?,1,0,2025-02-20 13:34:45+00:00,https://reddit.com/r/NepalStock/comments/1ityljo/i_want_learn_about_share_market/,Market
NepalStock,1ituuag,new to selling.buying,Additional-Gift8296,"yo maile tms bata share sell garna aateko bela ,buy or sell jata lagda pani tyo dashboard blur aauncha kina hola,3 baje pachi blur hune hora ki k ho ,maile 3:15 tira gareko thiye tara teha green light ta baleko thiyo ,yt tutorials herera gareko first time ipo sell garna aateko , please anyone alikati help gardinu",1,0,2025-02-20 09:42:54+00:00,https://reddit.com/r/NepalStock/comments/1ituuag/new_to_sellingbuying/,IPO/FPO
NepalStock,1itr9hf,Dmate ko user id tha poune time?,Hot-Conversation2318,Like sanima bank ma user id crn number haru birsyo tha pounu paryo vanera tya gayerai form vari sakyo still vako xaina houuuu normally kati days lagxa ? Ki tya alc banako vaye pani aaru bank bata hernu milxa? Ig 1week badhi vayo,1,0,2025-02-20 05:37:19+00:00,https://reddit.com/r/NepalStock/comments/1itr9hf/dmate_ko_user_id_tha_poune_time/,Demat/MeroShare
NepalStock,1itmbi9,"Market Weekend Discussion (Thursday Feb 20 - Saturday Feb 22, 2025)",AutoModerator,"Use this post to discuss what to buy/sell/trade/avoid/watch this weekend and in the coming days.

As always, the rules still apply.

**Have a TMS or Meroshare issue? Query about EDIS or collateral? Ask here instead of creating another thread. All queries regarding TMS, MeroShare, Broker Issues, EDIS, Settlement and Payments should be asked here.** DO NOT create another post.

BEGINNER? [**Go here first!**](https://www.reddit.com/r/NepalStock/wiki/beginners-guide)

DO NOT MAKE SEPARATE **INDIVIDUAL** POSTS ASKING:

* what to buy or sell,
* or what bank to buy,
* or what insurance to buy,
* yo share kati samma mathi jancha hola
* IPO ma pareko yo share kun din bechda ramro hola, ajhai 1-2 din parkhine ki nai etc.

will be deleted. Repeat violators will be banned.

Happy Investing!",2,1,2025-02-20 01:15:29+00:00,https://reddit.com/r/NepalStock/comments/1itmbi9/market_weekend_discussion_thursday_feb_20/,Yo Kinda Kaso Hola
NepalStock,1it6gf4,GB IME BONUS SHARE BAREMA,GPS-1625,"Yo gbime ko bonus lina maile total 27 rs jati tirna parne bhayexha.. aba tyo tirna bank ta janna hola tara online tirda 11 rs charge pani pay garna parne raxa k ho yesto ta, dukha pani kati deko ho manche lai bonus naliyos bhanerw ta holane... ki k ho bujham na koile malai process.",1,0,2025-02-19 14:15:23+00:00,https://reddit.com/r/NepalStock/comments/1it6gf4/gb_ime_bonus_share_barema/,Trading/Settlement/Payment
NepalStock,1it1ils,ANY SUGGESTIONS ON SIP SELECTION?,AdSlight7650,,0,1,2025-02-19 09:25:47+00:00,https://reddit.com/r/NepalStock/comments/1it1ils/any_suggestions_on_sip_selection/,IPO/FPO
NepalStock,1it0uy1,"A must read: ६४ कम्पनीको बुक भ्याल्यू १०० रुपैयाँभन्दा कम तर सेयर भाउ ३२ सय रुपैयाँसम्म, ३६ वटा घाटामै, के लगानीकर्ताले विवेक पुर्याएका छन् त ?",WhiteShariah,"६४ कम्पनीको बुक भ्याल्यू १०० रुपैयाँभन्दा कम तर सेयर भाउ ३२ सय रुपैयाँसम्म, ३६ वटा घाटामै, के लगानीकर्ताले विवेक पुर्याएका छन् त ?

https://www.nepalipaisa.com/news-detail/78874 


Do suggest a proper flair. I don’t see any suitable one so I picked the closest one.",0,13,2025-02-19 08:38:05+00:00,https://reddit.com/r/NepalStock/comments/1it0uy1/a_must_read_६४_कमपनक_बक_भयलय_१००_रपयभनद_कम_तर_सयर/,Fundamental Analysis
NepalStock,1iszl3z,To whomever it may concern,WhiteShariah,"Do not sell your stock on Thursday.  Let’s fuck with these short term “players”. 
Let us chase these cancer away from the market.",3,11,2025-02-19 07:06:54+00:00,https://reddit.com/r/NepalStock/comments/1iszl3z/to_whomever_it_may_concern/,Memes/Fun/Laughs
NepalStock,1ist2x2,Looking for trading friends,Your_very_own,"Hi! I’ve been looking for friends to trade with. I have been trading NEPSE and options market(in the US) since 7 years now. I had been trading alone for the majority of the period which i have been enjoying but it would be better if I had a group of people to discuss ideas with. That would add fun to the process and would refine the execution even more. So if anyone’s interested to trade in a group(in either of those markets), send me a text. Let’s trade together.",1,0,2025-02-19 01:17:30+00:00,https://reddit.com/r/NepalStock/comments/1ist2x2/looking_for_trading_friends/,Market
NepalStock,1ist1db,"Daily Discussion Thread (Wednesday - Feb 19, 2025)",AutoModerator,"Use this post to discuss what to buy/sell/trade/avoid/watch today and in the coming days.

As always, the rules still apply.

**Have a TMS or Meroshare issue? Query about EDIS or collateral? Ask here instead of creating another thread. All queries regarding TMS, MeroShare, Broker issues, EDIS, Settlement and Payments should be asked here.** &gt;!DO NOT create another post.!&lt;

BEGINNER? [**Go here first!**](https://www.reddit.com/r/NepalStock/wiki/beginners-guide)

DO NOT MAKE SEPARATE **INDIVIDUAL** POSTS ASKING:

* what to buy or sell,
* or what bank to buy,
* or what insurance to buy,
* yo share kati samma mathi jancha hola
* IPO ma pareko yo share kun din bechda ramro hola, ajhai 1-2 din parkhine ki nai etc.

will be deleted. Repeat violators will be banned.

Happy Investing!",1,0,2025-02-19 01:15:31+00:00,https://reddit.com/r/NepalStock/comments/1ist1db/daily_discussion_thread_wednesday_feb_19_2025/,Yo Kinda Kaso Hola
NepalStock,1isqu4f,WAKE UP MONSTERRRR.... Sleeping monster.,OpeningGlass6367,https://preview.redd.it/au9peb0xgzje1.png?width=1335&amp;format=png&amp;auto=webp&amp;s=43313db28cae02234d9a9b6e4db8ffdaeccc4a41,1,0,2025-02-18 23:37:46+00:00,https://reddit.com/r/NepalStock/comments/1isqu4f/wake_up_monsterrrr_sleeping_monster/,Market
NepalStock,1isqt1o,Upper is a sleeping monster ....This monster wakes up and runs long.,OpeningGlass6367,https://preview.redd.it/hsggivllgzje1.png?width=1335&amp;format=png&amp;auto=webp&amp;s=a9647d59cac5073b81cef56a6d40794375fae060,1,0,2025-02-18 23:36:29+00:00,https://reddit.com/r/NepalStock/comments/1isqt1o/upper_is_a_sleeping_monster_this_monster_wakes_up/,Market
NepalStock,1isdbnn,Sold All My Holdings Today,Objective-Region3079,"Many YouTubers, Telegram, and WhatsApp groups seem to be bullish, but I personally believe the market is showing signs of being bearish. With a volume of 10 Arba today, I feel selling rather than buying is the right holiday on wednesday  and thursday  seems to be more bearish rather other day as always so today is the right day for me as I believe . Although the Nepse closed with a green candle, I don’t see strength in the market.FATF news, coming this 9th or 10th falgun and hoping Governer speech this friday I believe Nepal is likely to be grey-listed, especially after the economic minister, governor, and PM openly discussed it. This could lead to intitutions and retailers  clearing their some of the holdings. I plan to stay away from the market next week, as I expect more volatility and bearish movement. With no updates in the monetary policy review, I think the market will continue bearish, though it may become bullish towards the end of the governor's term. 
 Your opinion  is appreciated and thanks me later ??
🤔🤔🤐🤐",1,0,2025-02-18 14:01:26+00:00,https://reddit.com/r/NepalStock/comments/1isdbnn/sold_all_my_holdings_today/,Market
NepalStock,1isb5dy,Lecture on Trading analysis,Then_File_602,Does anyone have recorded video of Trading analysis ?,1,0,2025-02-18 12:03:54+00:00,https://reddit.com/r/NepalStock/comments/1isb5dy/lecture_on_trading_analysis/,Economy
NepalStock,1is36pg,"Are Banks cooking the books? If just NRB strictness yields these results, asset quality review by IMF and international auditor will show fireworks.",Direct_Today8894,,1,0,2025-02-18 03:26:25+00:00,https://reddit.com/r/NepalStock/comments/1is36pg/are_banks_cooking_the_books_if_just_nrb/,Market
NepalStock,1is0kka,"Daily Discussion Thread (Tuesday - Feb 18, 2025)",AutoModerator,"Use this post to discuss what to buy/sell/trade/avoid/watch today and in the coming days.

As always, the rules still apply.

**Have a TMS or Meroshare issue? Query about EDIS or collateral? Ask here instead of creating another thread. All queries regarding TMS, MeroShare, Broker issues, EDIS, Settlement and Payments should be asked here.** &gt;!DO NOT create another post.!&lt;

BEGINNER? [**Go here first!**](https://www.reddit.com/r/NepalStock/wiki/beginners-guide)

DO NOT MAKE SEPARATE **INDIVIDUAL** POSTS ASKING:

* what to buy or sell,
* or what bank to buy,
* or what insurance to buy,
* yo share kati samma mathi jancha hola
* IPO ma pareko yo share kun din bechda ramro hola, ajhai 1-2 din parkhine ki nai etc.

will be deleted. Repeat violators will be banned.

Happy Investing!",1,0,2025-02-18 01:15:28+00:00,https://reddit.com/r/NepalStock/comments/1is0kka/daily_discussion_thread_tuesday_feb_18_2025/,Yo Kinda Kaso Hola
NepalStock,1is0il9,NepseAlpha's PE ratios are wrong,MellowKatha,Can anyone confirm whether Nepsealpha's fundamental listing has accurate info?,1,0,2025-02-18 01:12:49+00:00,https://reddit.com/r/NepalStock/comments/1is0il9/nepsealphas_pe_ratios_are_wrong/,Softwares
NepalStock,1iroqmm,Has NABIL bank provided the cash dividend or is it yet to come for FY 2080/2081,Arockstar11,Nabil bank had announced 10% cash dividend but it is yet to be credited in my bank account. If you do know please tell,1,0,2025-02-17 17:05:27+00:00,https://reddit.com/r/NepalStock/comments/1iroqmm/has_nabil_bank_provided_the_cash_dividend_or_is/,Bonus Share/Dividend
NepalStock,1iromkv,Want to know about stock market!,suntaro08,I need help from you guy to understand about stock market how does it works from the start so please provide me best blogs or YouTube videos that can help me to gain knowledge from the beginning....,1,0,2025-02-17 17:01:06+00:00,https://reddit.com/r/NepalStock/comments/1iromkv/want_to_know_about_stock_market/,Advice
NepalStock,1irnez2,"Analyse garna try gareko xu, herera feedback dinu hola🙏",DaisyCharm_1,"My prediction: bholi bata ghatxa, because we can see seller pressure at resistance.",1,1,2025-02-17 16:11:20+00:00,https://reddit.com/r/NepalStock/comments/1irnez2/analyse_garna_try_gareko_xu_herera_feedback_dinu/,Technical Analysis
NepalStock,1irji57,newbie stock exchange,kaloghoda-,"maile ipo matra  varney gareko xu, 2 barsa dekhi, 2 ota matra pareko xa....
ma bujna chahanxu stock ko barey, k k hunxa kasari hunxa vanera purai details ma ..yesko sabai terms haru Matlab Sabai....

maile ka bata sikna sakxu hola yi sabai kuraharu,
 kun kura bata suru garam , kramasa,... 
yaha rahanuvayeka diggaj buddhijubiharule vandinu paryo..
dhanyebad",1,0,2025-02-17 13:11:40+00:00,https://reddit.com/r/NepalStock/comments/1irji57/newbie_stock_exchange/,Advice
NepalStock,1ird7z7,Help post about share,Ok_Actuator3946,,1,0,2025-02-17 06:07:30+00:00,https://reddit.com/r/NepalStock/comments/1ird7z7/help_post_about_share/,Trading/Settlement/Payment
NepalStock,1ird34h,How to Pay GBIME Bonus Share  Tax ?,Dependent-Ranger4962,How to Pay GBIME Bonus Share Tax ?,1,0,2025-02-17 05:59:26+00:00,https://reddit.com/r/NepalStock/comments/1ird34h/how_to_pay_gbime_bonus_share_tax/,Bonus Share/Dividend
NepalStock,1irblh8,"Which stock shall i buy for approx.15k ,hold it for 10+ year",[deleted],,1,6,2025-02-17 04:30:05+00:00,https://reddit.com/r/NepalStock/comments/1irblh8/which_stock_shall_i_buy_for_approx15k_hold_it_for/,Market
NepalStock,1ir802y,"Daily Discussion Thread (Monday - Feb 17, 2025)",AutoModerator,"Use this post to discuss what to buy/sell/trade/avoid/watch today and in the coming days.

As always, the rules still apply.

**Have a TMS or Meroshare issue? Query about EDIS or collateral? Ask here instead of creating another thread. All queries regarding TMS, MeroShare, Broker issues, EDIS, Settlement and Payments should be asked here.** &gt;!DO NOT create another post.!&lt;

BEGINNER? [**Go here first!**](https://www.reddit.com/r/NepalStock/wiki/beginners-guide)

DO NOT MAKE SEPARATE **INDIVIDUAL** POSTS ASKING:

* what to buy or sell,
* or what bank to buy,
* or what insurance to buy,
* yo share kati samma mathi jancha hola
* IPO ma pareko yo share kun din bechda ramro hola, ajhai 1-2 din parkhine ki nai etc.

will be deleted. Repeat violators will be banned.

Happy Investing!",2,0,2025-02-17 01:15:28+00:00,https://reddit.com/r/NepalStock/comments/1ir802y/daily_discussion_thread_monday_feb_17_2025/,Yo Kinda Kaso Hola
NepalStock,1ir09nm,I thought this was a great and relevant post for this sub,locozhishi,,1,0,2025-02-16 19:28:05+00:00,https://reddit.com/r/NepalStock/comments/1ir09nm/i_thought_this_was_a_great_and_relevant_post_for/,Advice
NepalStock,1iqsihu,Mr. Market Nepse Desktop Application,Effective-Quarter-95,"Since the release of the web version of Mr. Market NEPSE, we have received a lot of concerns regarding password and security compliance. Although the web app is performing very well at the moment, some of our traders really want privacy like in the Stone Age. Worry no more—we are bringing you the desktop version of Mr. Market NEPSE. It is easy to use, faster than ever, and supports an end-to-end solution from the pre-open session to the regular market. It comes with Sell-High, Buy-High, Buy-Low, and fixed strategies. We've been testing it for a few weeks and are getting satisfactory results.

Currently, we only support Windows. Stay tuned for future updates

https://preview.redd.it/kabpmxai9ije1.png?width=1853&amp;format=png&amp;auto=webp&amp;s=d3b0dc595d66402b71ef993e703129c2686ce8b2",1,0,2025-02-16 13:45:47+00:00,https://reddit.com/r/NepalStock/comments/1iqsihu/mr_market_nepse_desktop_application/,Softwares
NepalStock,1iqowjw,Can brokers charge lower commission than sebon rate?,Safe-Leading9421,"Just curious, can nepse brokers set their commission lower than sebon rate, or is it fixed?",1,0,2025-02-16 09:47:38+00:00,https://reddit.com/r/NepalStock/comments/1iqowjw/can_brokers_charge_lower_commission_than_sebon/,Broker
NepalStock,1iqm384,GLBSL on sell-ODD LOT,[deleted],,2,3,2025-02-16 06:25:32+00:00,https://reddit.com/r/NepalStock/comments/1iqm384/glbsl_on_sellodd_lot/,Market
NepalStock,1iqgq89,"Daily Discussion Thread (Sunday - Feb 16, 2025)",AutoModerator,"Use this post to discuss what to buy/sell/trade/avoid/watch today and in the coming days.

As always, the rules still apply.

**Have a TMS or Meroshare issue? Query about EDIS or collateral? Ask here instead of creating another thread. All queries regarding TMS, MeroShare, Broker issues, EDIS, Settlement and Payments should be asked here.** &gt;!DO NOT create another post.!&lt;

BEGINNER? [**Go here first!**](https://www.reddit.com/r/NepalStock/wiki/beginners-guide)

DO NOT MAKE SEPARATE **INDIVIDUAL** POSTS ASKING:

* what to buy or sell,
* or what bank to buy,
* or what insurance to buy,
* yo share kati samma mathi jancha hola
* IPO ma pareko yo share kun din bechda ramro hola, ajhai 1-2 din parkhine ki nai etc.

will be deleted. Repeat violators will be banned.

Happy Investing!",1,0,2025-02-16 01:15:17+00:00,https://reddit.com/r/NepalStock/comments/1iqgq89/daily_discussion_thread_sunday_feb_16_2025/,Yo Kinda Kaso Hola
NepalStock,1iq5pkp,What do u guys do on weekends?,Alternative-Win-5857,Btc generally consolidates too much on weekends. Do u take trades on weekends anywhere or just simply avoid it and enjoy life once in a while.,1,0,2025-02-15 16:58:27+00:00,https://reddit.com/r/NepalStock/comments/1iq5pkp/what_do_u_guys_do_on_weekends/,Market
NepalStock,1ipzgx9,Ansu Invest Article - Anone willing to Share????????,Mission-Guarantee-31,,1,1,2025-02-15 11:30:25+00:00,https://reddit.com/r/NepalStock/comments/1ipzgx9/ansu_invest_article_anone_willing_to_share/,Misc
NepalStock,1ipz0kk,Account status frozen,scarletee,"Minor account bata individual resident ma transfer gareko ho ani renew garne time 2 years nai baki cha tara account status ACTIVE (frozen for debit) vanera dekhaucha 
Yesko matlab k ho",1,0,2025-02-15 10:57:22+00:00,https://reddit.com/r/NepalStock/comments/1ipz0kk/account_status_frozen/,Demat/MeroShare
NepalStock,1ipv2u9,Rs. 10 for your 5 minutes!,[deleted],,1,0,2025-02-15 06:01:40+00:00,https://reddit.com/r/NepalStock/comments/1ipv2u9/rs_10_for_your_5_minutes/,Misc
NepalStock,1ip9ll7,Hydro ki Bank aaile ?,IntelligentYak2617,Aaile ko situation ma 2-3 month ko lagi kinera xodne gari kun kinda thik hunxa?,1,0,2025-02-14 12:35:09+00:00,https://reddit.com/r/NepalStock/comments/1ip9ll7/hydro_ki_bank_aaile/,Trading/Settlement/Payment
NepalStock,1ip6res,Can we Invest in Cryptocurrency ?,Worldly_Respect9259,,1,0,2025-02-14 09:18:38+00:00,https://reddit.com/r/NepalStock/comments/1ip6res/can_we_invest_in_cryptocurrency/,Advice
NepalStock,1ip6fh2,Nepal lube oil (NLO ),scarletee,"Yesko shares kasaile becheko pani chaina ani dindinai buy order chai kati dherai aairako hunxa sell ma 0 ani stock price pani badeko chaina 
Why ? 
Give some insight",1,0,2025-02-14 08:54:34+00:00,https://reddit.com/r/NepalStock/comments/1ip6fh2/nepal_lube_oil_nlo/,Market
NepalStock,1ip5he1,First time buying share from secondary market,kenabki12,,1,0,2025-02-14 07:42:41+00:00,https://reddit.com/r/NepalStock/comments/1ip5he1/first_time_buying_share_from_secondary_market/,Advice
NepalStock,1ip4v4j,DEBENTURE &amp; ITS CALCULATION,Dry_Blackberry5424,"Hello, can anyone please explain how debenture scene works in Nepal  
Like for instance if I Happen to buy a debenture this Sunday then will my interest start from the buying day or same as stocks like i can get interest (all of it) if I buy just before book closing?

and tell me more about this all which you might think a beginner would not probably know.

Thanks in Advance.",1,0,2025-02-14 06:57:58+00:00,https://reddit.com/r/NepalStock/comments/1ip4v4j/debenture_its_calculation/,Debentures/Bonds
NepalStock,1ip401a,Which is the best bank for FD,wild_solti,Need a good return band with no risks . Or do anyone have better options than FD?,1,0,2025-02-14 05:59:51+00:00,https://reddit.com/r/NepalStock/comments/1ip401a/which_is_the_best_bank_for_fd/,Market
NepalStock,1iokdxz,Need Advice on Managing My Salary and Investing in Stocks,JelloKey4617,"Hey everyone, I’m 24 years old and earn 1 lakh roughly per month. This is a big shift from what I used to make, and I want to manage my finances wisely. I live with my parents, and since we own our house, I don’t have to worry about rent or food expenses. However, I’ve always been a bit careless with money, often spending extravagantly, and I know I need to get that under control.

For context: My job comes with solid benefits, including an investment trust, retirement fund, and medical fund, which helps with long-term security. I plan to retire in my early 50s or late 40s, so I want to build a strong financial base now. I have no major financial commitments, and my monthly personal expenses are around 30k. Right now, I invest 3k in an SIP but want to start a SIP on stocks (of 15k - 20k per month). However, I do not possess much knowledge about share market. From some research I have done so far, I am inclined towards long term investments with companies like Shivam, CIT, etc. in my mind.

I’d appreciate some guidance on:

1. How should I break down my salary? How much should go to savings, investments, and expenses?
2. What are some good stocks for SIP investments, excluding banks and finance companies?
3. How much should I aim to retire with? Given my situation, what’s a realistic retirement goal?

Else, you can suggest me alternatives to manage my finances in the best way possible. Thanks!",1,0,2025-02-13 14:35:58+00:00,https://reddit.com/r/NepalStock/comments/1iokdxz/need_advice_on_managing_my_salary_and_investing/,Advice
NepalStock,1ioh8p3,"everyone boasting about their winnings, let's talk about our losses",Zedyyy09,"my biggest loss is SMATA, invested around 6-7 lakhs and lost 1,3 lakhs. reason: bought a shit company at high price thinking ""bull ma correction aako share badhi haalcha ni.""",1,0,2025-02-13 11:43:23+00:00,https://reddit.com/r/NepalStock/comments/1ioh8p3/everyone_boasting_about_their_winnings_lets_talk/,Market
NepalStock,1ioa1ik,Will bank stock prices ever grow ?,sid0009,"I was checking my WACC on commercial banks like SANIMA, GBIME, NIMB, PRVU and all I have is either loss or very little gains, when I bought these back in 2022. 

Will these ever grow? Or did i chose the worst stocks to buy",1,0,2025-02-13 03:32:40+00:00,https://reddit.com/r/NepalStock/comments/1ioa1ik/will_bank_stock_prices_ever_grow/,Market
NepalStock,1io7cvm,"Market Weekend Discussion (Thursday Feb 13 - Saturday Feb 15, 2025)",AutoModerator,"Use this post to discuss what to buy/sell/trade/avoid/watch this weekend and in the coming days.

As always, the rules still apply.

**Have a TMS or Meroshare issue? Query about EDIS or collateral? Ask here instead of creating another thread. All queries regarding TMS, MeroShare, Broker Issues, EDIS, Settlement and Payments should be asked here.** DO NOT create another post.

BEGINNER? [**Go here first!**](https://www.reddit.com/r/NepalStock/wiki/beginners-guide)

DO NOT MAKE SEPARATE **INDIVIDUAL** POSTS ASKING:

* what to buy or sell,
* or what bank to buy,
* or what insurance to buy,
* yo share kati samma mathi jancha hola
* IPO ma pareko yo share kun din bechda ramro hola, ajhai 1-2 din parkhine ki nai etc.

will be deleted. Repeat violators will be banned.

Happy Investing!",1,0,2025-02-13 01:15:30+00:00,https://reddit.com/r/NepalStock/comments/1io7cvm/market_weekend_discussion_thursday_feb_13/,Yo Kinda Kaso Hola
NepalStock,1inw3xf,Is forex trading legal in nepal?,Tricky_Difference505,"Any one has idea, how to begin if legal?",1,0,2025-02-12 17:16:59+00:00,https://reddit.com/r/NepalStock/comments/1inw3xf/is_forex_trading_legal_in_nepal/,Market
NepalStock,1inlyph,Lock-in period. Need advice.,aayushkarki49,"This is about hydropower stock.

1) Suppose I have shares of a hydropower company, and the lock-in period expires on May 1. Does it mean, my shares automatically becomes tradable on Nepse on May 1?  
  
2) I understand the lockin period is 3 years. Lets say the expiration is on May 1, 2025. If I buy the promoter shares of this on April 1, 2025; the lockin period for still expires on May 1 for me, right?  
  
3) Once the lockin period expires, then ""promoter shares"" and ""project-affected area shares"" both become same as ordinary shares in terms of restrictions and ability to trade on NEPSE, right?",1,0,2025-02-12 07:54:44+00:00,https://reddit.com/r/NepalStock/comments/1inlyph/lockin_period_need_advice/,Advice
NepalStock,1inlua2,NRB's fit-and-proper test. Does anyone know about this?,aayushkarki49,We need to pass NRB's fit-and-proper test if we want to buy promoter shares of banks/BFIs. Anyone know what this test is? How to clear this test? What documents are needed?,1,0,2025-02-12 07:45:55+00:00,https://reddit.com/r/NepalStock/comments/1inlua2/nrbs_fitandproper_test_does_anyone_know_about_this/,Advice
NepalStock,1inltju,Odd lot (need help) i just have 3 Kitta of gmfbs can any one buy it i have placed order at lowest,Any-Replacement-618,,1,0,2025-02-12 07:44:30+00:00,https://reddit.com/r/NepalStock/comments/1inltju/odd_lot_need_help_i_just_have_3_kitta_of_gmfbs/,Trading/Settlement/Payment
NepalStock,1inkdxb,Arun hydropower company ko 2080-81 ko audit report xa?,sujit181989,"Maile arun hydro ko financials herirako thiye revenue from operation chai 11 crore ani other income chai 25 crores. Audited report kahi pani vetiyena. Sabai unaudited figures haru matrai xa. Tyo 25 crores k ko income ho, does anyone have full financial report?",1,0,2025-02-12 06:05:54+00:00,https://reddit.com/r/NepalStock/comments/1inkdxb/arun_hydropower_company_ko_208081_ko_audit_report/,Market
NepalStock,1inf2l5,"Daily Discussion Thread (Wednesday - Feb 12, 2025)",AutoModerator,"Use this post to discuss what to buy/sell/trade/avoid/watch today and in the coming days.

As always, the rules still apply.

**Have a TMS or Meroshare issue? Query about EDIS or collateral? Ask here instead of creating another thread. All queries regarding TMS, MeroShare, Broker issues, EDIS, Settlement and Payments should be asked here.** &gt;!DO NOT create another post.!&lt;

BEGINNER? [**Go here first!**](https://www.reddit.com/r/NepalStock/wiki/beginners-guide)

DO NOT MAKE SEPARATE **INDIVIDUAL** POSTS ASKING:

* what to buy or sell,
* or what bank to buy,
* or what insurance to buy,
* yo share kati samma mathi jancha hola
* IPO ma pareko yo share kun din bechda ramro hola, ajhai 1-2 din parkhine ki nai etc.

will be deleted. Repeat violators will be banned.

Happy Investing!",1,0,2025-02-12 01:15:29+00:00,https://reddit.com/r/NepalStock/comments/1inf2l5/daily_discussion_thread_wednesday_feb_12_2025/,Yo Kinda Kaso Hola
NepalStock,1in3hfn,"Say no to taking position while the market is consolidating? Nah, I'd take it.",Alternative-Win-5857,"Over the years after heavily trading so much so that there was a period where i couldn't think of anything else but now I've conquered my feelings over it now i trade little but perfect and that perfection comes when the market is consolidating in 15 or 30 mins timeframe. Damn, it gives soooo many hints reverse hammer bullish hammer and it works pretty much every time it's crazy otherwise nothing sort of works or works for me but very little. So yeah i recommend you to take trades when the market is consolidating in 15 or 30 mins time frame look for hints if the buyers r more or the sellers and go all in. I've gotten into more than 70% accurate trades this way. 
Thank you.
-Senpai",1,0,2025-02-11 17:05:23+00:00,https://reddit.com/r/NepalStock/comments/1in3hfn/say_no_to_taking_position_while_the_market_is/,Market
NepalStock,1imykw8,Regarding Nabil Share,nobody_4340,"What's wrong with NABIL? Will its price ever increase? It is the best bank in Nepal and almost everyone I know is holding NABIL share. So, what's wrong?",1,0,2025-02-11 13:29:35+00:00,https://reddit.com/r/NepalStock/comments/1imykw8/regarding_nabil_share/,Market
NepalStock,1imv4uy,First time buy from sec. Market,ugant,I bought 1 for 486 of NABIL  I have no prior experience or knowledge. Can you review my purchase?,1,0,2025-02-11 09:54:34+00:00,https://reddit.com/r/NepalStock/comments/1imv4uy/first_time_buy_from_sec_market/,Trading/Settlement/Payment
NepalStock,1imv0eq,Share bechda kati percentage jati fees/commission/tax ma janxa??,Chudure_Kami,"Maile SMHL kineko at 983 and sold at 1400 (100) kitta. 7.5% CGT ra aru fees haru kaatera mero ma approxiately Rs. 136800 aaunu parne jasto lagxa tara Rs.133800. Mero math wrong bhako ho ki aaunu parne kati ho?  
Please help, I'm new to this.",1,0,2025-02-11 09:44:54+00:00,https://reddit.com/r/NepalStock/comments/1imv0eq/share_bechda_kati_percentage_jati/,Broker
NepalStock,1imux3z,Advice needed for a newbie IPO seller,[deleted],,3,2,2025-02-11 09:37:42+00:00,https://reddit.com/r/NepalStock/comments/1imux3z/advice_needed_for_a_newbie_ipo_seller/,Advice
NepalStock,1imsiyf,When to sell ipo? ....,Hot-Conversation2318,Like for the first time ipo paryoo aani idk when to sell it aaru haru ley circuit circit k k vanyo tara didnt understand it can some one please explain ipo chai tei guardian micro life wala parya,1,0,2025-02-11 06:39:18+00:00,https://reddit.com/r/NepalStock/comments/1imsiyf/when_to_sell_ipo/,IPO/FPO
NepalStock,1imrn5j,Upper wacc 226 hold or sell?,NoJellyfish3699,"Should i sell upper i have loss of 42000 for 1800 kitta ?
Bechera aru ma halum ki hold??",1,0,2025-02-11 05:42:25+00:00,https://reddit.com/r/NepalStock/comments/1imrn5j/upper_wacc_226_hold_or_sell/,Online/TMS
NepalStock,1immpn2,"Daily Discussion Thread (Tuesday - Feb 11, 2025)",AutoModerator,"Use this post to discuss what to buy/sell/trade/avoid/watch today and in the coming days.

As always, the rules still apply.

**Have a TMS or Meroshare issue? Query about EDIS or collateral? Ask here instead of creating another thread. All queries regarding TMS, MeroShare, Broker issues, EDIS, Settlement and Payments should be asked here.** &gt;!DO NOT create another post.!&lt;

BEGINNER? [**Go here first!**](https://www.reddit.com/r/NepalStock/wiki/beginners-guide)

DO NOT MAKE SEPARATE **INDIVIDUAL** POSTS ASKING:

* what to buy or sell,
* or what bank to buy,
* or what insurance to buy,
* yo share kati samma mathi jancha hola
* IPO ma pareko yo share kun din bechda ramro hola, ajhai 1-2 din parkhine ki nai etc.

will be deleted. Repeat violators will be banned.

Happy Investing!",1,0,2025-02-11 01:15:30+00:00,https://reddit.com/r/NepalStock/comments/1immpn2/daily_discussion_thread_tuesday_feb_11_2025/,Yo Kinda Kaso Hola
NepalStock,1im9f3s,Which which Sip should i invest 5000 for in,Direct-Cheesecake-50,"I’m planning to invest in Sip 5000/month for 25 years .Where and how should i invest in such a way that it would be hugely profitable and not too risky as well . Ma 2k/3k garera 2 different ma invest garni ni sochiraxu but i don’t know kun ma chai garni ?! suru ma ta nabil and sidharth garni sochethey google , yeta uta online research garera but personally bhanji ho vanni i’m a very beginner and don’t have much of a knowledge.k kasto garda chai thik hola",1,0,2025-02-10 15:59:19+00:00,https://reddit.com/r/NepalStock/comments/1im9f3s/which_which_sip_should_i_invest_5000_for_in/,Trading/Settlement/Payment
NepalStock,1im6xvd,Regarding two demat accounts,[deleted],,1,2,2025-02-10 14:09:53+00:00,https://reddit.com/r/NepalStock/comments/1im6xvd/regarding_two_demat_accounts/,Demat/MeroShare
NepalStock,1im3j47,issue with broker company,This-Possibility5731,"Stock Sold: Feb 2nd

Payment not settled till 10 Feb.

I had requested for TMS account closure request on 10 AM, 9th February. No any response of payment and account closure till date.

Broker: Kalika securities.

Where can I complain?",3,2,2025-02-10 10:58:47+00:00,https://reddit.com/r/NepalStock/comments/1im3j47/issue_with_broker_company/,Broker
NepalStock,1im0810,Share kinda cancelled kasari hunxa?,Substantial-Run-7680,Bought GMLI share highest price tei ni cancelled hunxa k vako ho?,2,5,2025-02-10 06:55:17+00:00,https://reddit.com/r/NepalStock/comments/1im0810/share_kinda_cancelled_kasari_hunxa/,Trading/Settlement/Payment
NepalStock,1ilypa3,NEPSE Valuation &amp; Financial Metrics Charts,sockholder,,4,7,2025-02-10 05:17:37+00:00,https://reddit.com/r/NepalStock/comments/1ilypa3/nepse_valuation_financial_metrics_charts/,Market
NepalStock,1ilvxhw,What are you investing in for long term,PerformerScared4527,Any long term investment in share market or in anything else,1,17,2025-02-10 02:41:27+00:00,https://reddit.com/r/NepalStock/comments/1ilvxhw/what_are_you_investing_in_for_long_term/,Market
NepalStock,1ilvkob,Why are bank so low in prices,PerformerScared4527,Pahela ta nabil 1600+ nica 700+ thio but why ahela 500 haru maa Sab bank aaesaka ko xa in general . Why do you think ?,3,5,2025-02-10 02:21:31+00:00,https://reddit.com/r/NepalStock/comments/1ilvkob/why_are_bank_so_low_in_prices/,Market
NepalStock,1ilvhxj,Any thoughts in Mnbbl,PerformerScared4527,,1,2,2025-02-10 02:17:29+00:00,https://reddit.com/r/NepalStock/comments/1ilvhxj/any_thoughts_in_mnbbl/,Market
NepalStock,1ilugzk,"Daily Discussion Thread (Monday - Feb 10, 2025)",AutoModerator,"Use this post to discuss what to buy/sell/trade/avoid/watch today and in the coming days.

As always, the rules still apply.

**Have a TMS or Meroshare issue? Query about EDIS or collateral? Ask here instead of creating another thread. All queries regarding TMS, MeroShare, Broker issues, EDIS, Settlement and Payments should be asked here.** &gt;!DO NOT create another post.!&lt;

BEGINNER? [**Go here first!**](https://www.reddit.com/r/NepalStock/wiki/beginners-guide)

DO NOT MAKE SEPARATE **INDIVIDUAL** POSTS ASKING:

* what to buy or sell,
* or what bank to buy,
* or what insurance to buy,
* yo share kati samma mathi jancha hola
* IPO ma pareko yo share kun din bechda ramro hola, ajhai 1-2 din parkhine ki nai etc.

will be deleted. Repeat violators will be banned.

Happy Investing!",1,3,2025-02-10 01:15:18+00:00,https://reddit.com/r/NepalStock/comments/1ilugzk/daily_discussion_thread_monday_feb_10_2025/,Yo Kinda Kaso Hola
NepalStock,1ilugfd,IPO traded by automated trading.,Limp_Inflation1247,"Nepse hasn't provided API key for placing orders, as far as I know; correct me if I am wrong. Yesterday in GMLI IPO I have seen orders being place so rapidly, the time difference between price change of 2% up was less than second ... the websocket in tms refreshes at only 2s. So there must have been rapid polling to the NEPSE server to place the trades. But isn't it ILLEGAL? Hasn't Nepse released a notice against automation, polling NEPSE server. Yes NEPSE has and doing so is punishable too, but they don't care ... these are pure malpractices. My concern is fairness in the market, we can write few lines of code do some session hijacking and place orders by replicating the post requests. But we work with our ethics and laws, we are bounded by it. But the folks automating the trade should be punished. If there is no punishment to the wrong doers why there is restrictions on automation. I see Broker number 38 buying all the shares traded in the market.",0,5,2025-02-10 01:14:24+00:00,https://reddit.com/r/NepalStock/comments/1ilugfd/ipo_traded_by_automated_trading/,IPO/FPO
NepalStock,1iltqvt,NEPSE down fall with the change in government?,OpeningGlass6367,,1,1,2025-02-10 00:36:50+00:00,https://reddit.com/r/NepalStock/comments/1iltqvt/nepse_down_fall_with_the_change_in_government/,Market
NepalStock,1ilsulq,Need suggestion choosing internship.,[deleted],,1,0,2025-02-09 23:50:36+00:00,https://reddit.com/r/NepalStock/comments/1ilsulq/need_suggestion_choosing_internship/,Advice
NepalStock,1iljue8,Give review of your bank,Extreme-Position-157,What bank are you using and how are their services? Mobile banking ma kati problems? Ani loan payments haru dekhi share loan related loan problems and execution time kasto cha? Bank waiting times too.,1,0,2025-02-09 17:22:47+00:00,https://reddit.com/r/NepalStock/comments/1iljue8/give_review_of_your_bank/,Advice
NepalStock,1il6xgr,What shares are you holding and why ?,PerformerScared4527,What are some of the shares you are holding or planning to buy and why,1,0,2025-02-09 04:45:33+00:00,https://reddit.com/r/NepalStock/comments/1il6xgr/what_shares_are_you_holding_and_why/,Market
NepalStock,1il68rb,Broker 42 whatsapp/viber number,Ramsey-1,Anyone has WhatsApp or viber number of broker 42 ?,1,0,2025-02-09 04:05:49+00:00,https://reddit.com/r/NepalStock/comments/1il68rb/broker_42_whatsappviber_number/,Broker
NepalStock,1il31j5,"Daily Discussion Thread (Sunday - Feb 09, 2025)",AutoModerator,"Use this post to discuss what to buy/sell/trade/avoid/watch today and in the coming days.

As always, the rules still apply.

**Have a TMS or Meroshare issue? Query about EDIS or collateral? Ask here instead of creating another thread. All queries regarding TMS, MeroShare, Broker issues, EDIS, Settlement and Payments should be asked here.** &gt;!DO NOT create another post.!&lt;

BEGINNER? [**Go here first!**](https://www.reddit.com/r/NepalStock/wiki/beginners-guide)

DO NOT MAKE SEPARATE **INDIVIDUAL** POSTS ASKING:

* what to buy or sell,
* or what bank to buy,
* or what insurance to buy,
* yo share kati samma mathi jancha hola
* IPO ma pareko yo share kun din bechda ramro hola, ajhai 1-2 din parkhine ki nai etc.

will be deleted. Repeat violators will be banned.

Happy Investing!",1,0,2025-02-09 01:15:29+00:00,https://reddit.com/r/NepalStock/comments/1il31j5/daily_discussion_thread_sunday_feb_09_2025/,Yo Kinda Kaso Hola
NepalStock,1ikpacg,Can someone explain how I participate in the auction of shares?,Pristine_Side_7744,.,1,0,2025-02-08 15:08:09+00:00,https://reddit.com/r/NepalStock/comments/1ikpacg/can_someone_explain_how_i_participate_in_the/,Auction
NepalStock,1ik4q0j,Leaderboard for Nepse,futurecitizen2030,"I have always wanted to see what stocks are in other peoples portfolio and share my own. People always give advice but they never show their portfolio. To solve this problem, I have made a site www.nepseleader.com where a person can manage their portfolio and also participate in the portfolio leaderboard. This way we can view each others portfolio and see who is performing better. We will, of course only share allocation of the stocks in % and not actual values. 

Wanted to know from this group if this would be useful. please try it out. You can just play around with it for fun by adding some stock to your portfolio. I am planning to built more features like setting stop loss, community discussions etc. I am open to feedback and suggestions from this group. 

here’s the site link again: www.nepseleader.com

Thanks",1,0,2025-02-07 20:24:25+00:00,https://reddit.com/r/NepalStock/comments/1ik4q0j/leaderboard_for_nepse/,Online/TMS
NepalStock,1ijny6t,Could you please suggest some stocks to invest?,One_Nectarine_308,"Looking to invest on stocks, I have around 3-4 lakhs.  
Thank you for your help!!",1,0,2025-02-07 05:38:34+00:00,https://reddit.com/r/NepalStock/comments/1ijny6t/could_you_please_suggest_some_stocks_to_invest/,Market
NepalStock,1ij4tlh,Share pledge ma rakhera loan lina minimum kati huna parxa?,[deleted],,1,1,2025-02-06 15:14:58+00:00,https://reddit.com/r/NepalStock/comments/1ij4tlh/share_pledge_ma_rakhera_loan_lina_minimum_kati/,Advice
NepalStock,1ij2wcz,Nepse: About MUTUAL FUND INVESTMENT,Puzzled_Computer_504,,1,0,2025-02-06 13:46:48+00:00,https://reddit.com/r/NepalStock/comments/1ij2wcz/nepse_about_mutual_fund_investment/,IPO/FPO
NepalStock,1ij0m74,NMB HYBRID FUND L-II whats your thought on this IPO would you invest?,Slow_Elevator6480,Im newbie should i apply to this IPO or not?,2,1,2025-02-06 11:41:34+00:00,https://reddit.com/r/NepalStock/comments/1ij0m74/nmb_hybrid_fund_lii_whats_your_thought_on_this/,IPO/FPO
NepalStock,1ij00v1,i am going out of country soon so i need a broker who is best in online platform?,Necessary_Road_7322,hi i m about to go aborad soon and I want to know which is a the best broker to have for someone who is staying in abroad. jaslai online vanda satt nai kam hunxa since office nai jana paudena so . many replies and help appreciated,1,0,2025-02-06 11:02:23+00:00,https://reddit.com/r/NepalStock/comments/1ij00v1/i_am_going_out_of_country_soon_so_i_need_a_broker/,Broker
NepalStock,1iiznxt,"My mom wants to learn about NEPSE stock market and trading, where should she start?",Chris_SLM,,1,2,2025-02-06 10:37:34+00:00,https://reddit.com/r/NepalStock/comments/1iiznxt/my_mom_wants_to_learn_about_nepse_stock_market/,Market
NepalStock,1iixgt1,Dissatisfaction with Aryatara Broker no57,Realistic_Degree285,"I am recently in some need for money as my sister is getting a surgery and for that i sold some of my share to cover some expenses, i sold the share in monday and my sister is getting discharged in friday and i need to pay full amount there. But the broker is saying they cant do it untill sunday, I told them its an emergency but they stood firm on their decision. what am i supposed to do now? Who is going to cover my expenses now.",1,0,2025-02-06 07:55:05+00:00,https://reddit.com/r/NepalStock/comments/1iixgt1/dissatisfaction_with_aryatara_broker_no57/,Broker
NepalStock,1iiwiry,How to read intra day candle stick,qwerztyt123,"[Daily Chart](https://preview.redd.it/0l6i0tnktghe1.png?width=1675&amp;format=png&amp;auto=webp&amp;s=39591d1e7e168deadc5519b3219e2080d4c09a6d)

[Hourly Chart](https://preview.redd.it/2kduetnktghe1.png?width=1666&amp;format=png&amp;auto=webp&amp;s=bd8a7dd93e01f7e2ef56bbafc91448b3dce486aa)

i was just looking at the hourly and daily charts, and I noticed that the opening prices don’t match,can someone explain why this is happening?",1,0,2025-02-06 06:47:09+00:00,https://reddit.com/r/NepalStock/comments/1iiwiry/how_to_read_intra_day_candle_stick/,Market
NepalStock,1iivbd5,ULBSL 6 kitta @ 5940 ODD LOT,saila69,"ULBSL 6 kitta @ 5940 ma minimum price ma odd lot ma sell ma xa, you can buy if u need.",1,0,2025-02-06 05:28:20+00:00,https://reddit.com/r/NepalStock/comments/1iivbd5/ulbsl_6_kitta_5940_odd_lot/,Misc
NepalStock,1iiucow,Anyone Planning to open Broker Acc?,Plastic-Sea-5170,"I'm doing an **internship** there as part of my college requirements, and I’ve been assigned to bring in **100 customers.** Hoping some of you might be interested!

It's **Sajilo Broker (90),** located in Jhamsikhel.

* No fees.
* The process can be done entirely online; all you need is your **Nagarikta** and a screenshot of **Meroshare.**
* **T+3** settlement for sold shares and **T+2** settlement for purchased shares.
* Provides an initial margin of **1:1**, which can be increased up to **1:4**, requiring settlement within **2 days.**
* Offers non-cash collateral of up to **10 lakh.**",1,0,2025-02-06 04:32:58+00:00,https://reddit.com/r/NepalStock/comments/1iiucow/anyone_planning_to_open_broker_acc/,Broker
NepalStock,1iistgi,Anyone Intrested in Opening Broker Account?,Plastic-Sea-5170,"It's **Sajilo Broker (90),** located in Jhamsikhel.

* No fees.
* The process can be done entirely online; all you need is your **Nagarikta** and a screenshot of **Meroshare.**
* **T+3d** settlement for sold shares and **T+2d** settlement for purchased shares.
* Provides an initial margin of **1:1**, which can be increased up to **1:4**, requiring settlement within **2 days.**
* Offers non-cash collateral of up to **10 lakh.**

I'm doing an **internship** there as part of my college requirements, and I’ve been assigned to bring in **100 customers.** Hoping some of you might be interested!",1,0,2025-02-06 03:10:08+00:00,https://reddit.com/r/NepalStock/comments/1iistgi/anyone_intrested_in_opening_broker_account/,Broker
NepalStock,1iiqj1a,"Market Weekend Discussion (Thursday Feb 06 - Saturday Feb 08, 2025)",AutoModerator,"Use this post to discuss what to buy/sell/trade/avoid/watch this weekend and in the coming days.

As always, the rules still apply.

**Have a TMS or Meroshare issue? Query about EDIS or collateral? Ask here instead of creating another thread. All queries regarding TMS, MeroShare, Broker Issues, EDIS, Settlement and Payments should be asked here.** DO NOT create another post.

BEGINNER? [**Go here first!**](https://www.reddit.com/r/NepalStock/wiki/beginners-guide)

DO NOT MAKE SEPARATE **INDIVIDUAL** POSTS ASKING:

* what to buy or sell,
* or what bank to buy,
* or what insurance to buy,
* yo share kati samma mathi jancha hola
* IPO ma pareko yo share kun din bechda ramro hola, ajhai 1-2 din parkhine ki nai etc.

will be deleted. Repeat violators will be banned.

Happy Investing!",1,0,2025-02-06 01:15:29+00:00,https://reddit.com/r/NepalStock/comments/1iiqj1a/market_weekend_discussion_thursday_feb_06/,Yo Kinda Kaso Hola
NepalStock,1iigaw6,Nepse is such a complicated space without leads and inputs from people why is it like this i might just quit,Single-Function-9392,,1,1,2025-02-05 18:01:36+00:00,https://reddit.com/r/NepalStock/comments/1iigaw6/nepse_is_such_a_complicated_space_without_leads/,Market
NepalStock,1ii9n76,Igs i got a huge trouble?,[deleted],,1,0,2025-02-05 13:13:54+00:00,https://reddit.com/r/NepalStock/comments/1ii9n76/igs_i_got_a_huge_trouble/,Market
NepalStock,1ii9l86,I'm completely unaware whats happening. HELP!,Stereotype_1304,,1,0,2025-02-05 13:10:51+00:00,https://reddit.com/r/NepalStock/comments/1ii9l86/im_completely_unaware_whats_happening_help/,Trading/Settlement/Payment
NepalStock,1ii8h0q,Continuous green candle for long time ...,govs593,Anyone looking at MLBBL ? Looks something is cooking up.,0,3,2025-02-05 12:05:51+00:00,https://reddit.com/r/NepalStock/comments/1ii8h0q/continuous_green_candle_for_long_time/,Market
NepalStock,1ii67o4,Should I Do The Right Thing ?,[deleted],,1,3,2025-02-05 09:20:07+00:00,https://reddit.com/r/NepalStock/comments/1ii67o4/should_i_do_the_right_thing/,Broker
NepalStock,1ii1uw3,I Finished All My Ideas – What Do You Want in Advanced widgets for Meroshare Extension,[deleted],,0,0,2025-02-05 04:23:53+00:00,https://reddit.com/r/NepalStock/comments/1ii1uw3/i_finished_all_my_ideas_what_do_you_want_in/,Softwares
NepalStock,1ihy5fj,"Daily Discussion Thread (Wednesday - Feb 05, 2025)",AutoModerator,"Use this post to discuss what to buy/sell/trade/avoid/watch today and in the coming days.

As always, the rules still apply.

**Have a TMS or Meroshare issue? Query about EDIS or collateral? Ask here instead of creating another thread. All queries regarding TMS, MeroShare, Broker issues, EDIS, Settlement and Payments should be asked here.** &gt;!DO NOT create another post.!&lt;

BEGINNER? [**Go here first!**](https://www.reddit.com/r/NepalStock/wiki/beginners-guide)

DO NOT MAKE SEPARATE **INDIVIDUAL** POSTS ASKING:

* what to buy or sell,
* or what bank to buy,
* or what insurance to buy,
* yo share kati samma mathi jancha hola
* IPO ma pareko yo share kun din bechda ramro hola, ajhai 1-2 din parkhine ki nai etc.

will be deleted. Repeat violators will be banned.

Happy Investing!",1,0,2025-02-05 01:15:28+00:00,https://reddit.com/r/NepalStock/comments/1ihy5fj/daily_discussion_thread_wednesday_feb_05_2025/,Yo Kinda Kaso Hola
NepalStock,1ihjgpj,Madhya Bhotekoshi Jalavidyut company,Foreign_List485,"Planning to buy this stock what are your verdict on this LTP=400
Let me know",1,0,2025-02-04 14:55:31+00:00,https://reddit.com/r/NepalStock/comments/1ihjgpj/madhya_bhotekoshi_jalavidyut_company/,Technical Analysis
NepalStock,1ihgfcs,hitaadhikari byakti ko barema,pinkyponkymonkey,maile mero mommy ko broker account banauna lageko. Yo broker account kholda hitaadhikari byakti bhaneko k ho ? narakhe ni hunchha ra ki mero naam rakhne ho mommy ko broker account kholda...!?!,1,0,2025-02-04 12:22:42+00:00,https://reddit.com/r/NepalStock/comments/1ihgfcs/hitaadhikari_byakti_ko_barema/,Broker
NepalStock,1ihgd8b,hitaadhikari byakti vaneko k ho,pinkyponkymonkey,यो ब्रोकर अकाउन्ट खोल्दा हिताधिकरी व्यक्ति भनेको के हो? नराखे नी हुन्छ र कसैले भन्दिनु न। मैले mommy काे ब्रोकर अकाउन्ट बनाउन लागेको त्यसैले।,1,0,2025-02-04 12:19:12+00:00,https://reddit.com/r/NepalStock/comments/1ihgd8b/hitaadhikari_byakti_vaneko_k_ho/,Broker
NepalStock,1ihflb4,Seeking Investment advice on open ended equity mutual funds..,Soyemm,Looking to invest in open-ended equity mutual funds but can't decide which one to choose. Any recommendations or tips.,1,0,2025-02-04 11:30:09+00:00,https://reddit.com/r/NepalStock/comments/1ihflb4/seeking_investment_advice_on_open_ended_equity/,Mutual Funds
NepalStock,1ihbu2w,#What does it refer to..,Gald_here,What does the “Closing price” refer to here.. it’s not the price of opening date or closing date or bid opening date or LTP.. any idea 💡,1,0,2025-02-04 06:50:17+00:00,https://reddit.com/r/NepalStock/comments/1ihbu2w/what_does_it_refer_to/,Market
NepalStock,1ih8gkn,Nepse Do you think its a good time to invest market is at 2735 points,Single-Function-9392,"As the new government came and the market is growing rapidly 
Please give your opinion on is it the right time to enter and so you think hydro will do good now",1,0,2025-02-04 03:29:11+00:00,https://reddit.com/r/NepalStock/comments/1ih8gkn/nepse_do_you_think_its_a_good_time_to_invest/,Market
NepalStock,1ih5rld,"Daily Discussion Thread (Tuesday - Feb 04, 2025)",AutoModerator,"Use this post to discuss what to buy/sell/trade/avoid/watch today and in the coming days.

As always, the rules still apply.

**Have a TMS or Meroshare issue? Query about EDIS or collateral? Ask here instead of creating another thread. All queries regarding TMS, MeroShare, Broker issues, EDIS, Settlement and Payments should be asked here.** &gt;!DO NOT create another post.!&lt;

BEGINNER? [**Go here first!**](https://www.reddit.com/r/NepalStock/wiki/beginners-guide)

DO NOT MAKE SEPARATE **INDIVIDUAL** POSTS ASKING:

* what to buy or sell,
* or what bank to buy,
* or what insurance to buy,
* yo share kati samma mathi jancha hola
* IPO ma pareko yo share kun din bechda ramro hola, ajhai 1-2 din parkhine ki nai etc.

will be deleted. Repeat violators will be banned.

Happy Investing!",1,0,2025-02-04 01:15:31+00:00,https://reddit.com/r/NepalStock/comments/1ih5rld/daily_discussion_thread_tuesday_feb_04_2025/,Yo Kinda Kaso Hola
NepalStock,1ih5apn,My holding ma dekhayenata,Tough-Bit-6515,I sold share on sunday.. aja transfer garnu paro vaneko testo dekhauxa.. holding option ma kai dekhaudainata????? K vako hola????,1,0,2025-02-04 00:53:17+00:00,https://reddit.com/r/NepalStock/comments/1ih5apn/my_holding_ma_dekhayenata/,Broker
NepalStock,1igs0zs,Use of AI in Nepse Trading?,oldsoulnowrinkles,Can AI tool like Deepseek AI and ChatGPT be used for Nepse Technical Analysis and Trading Decisions? How accurate are these AI tools?,1,0,2025-02-03 15:45:34+00:00,https://reddit.com/r/NepalStock/comments/1igs0zs/use_of_ai_in_nepse_trading/,Technical Analysis
NepalStock,1igoxxf,Need suggestions for getting started......,Aggressive_Money6229,,1,1,2025-02-03 13:22:43+00:00,https://reddit.com/r/NepalStock/comments/1igoxxf/need_suggestions_for_getting_started/,Advice
NepalStock,1igmj5g,Finding Consistency After Months of Rule-Breaking and Losses,Fantastic-Bad7917,"Hi I am a Nepali student living in Sydney here and I'd like to share some insights on day trading and scalping.

January 2025 has been my most consistent month in terms of scalping options. Below, I’ve shared my P&amp;L for January (Dec 30 – Jan 31, spanning five weeks) along with the spreadsheet where I track statistical data.

https://preview.redd.it/v8eila21swge1.png?width=984&amp;format=png&amp;auto=webp&amp;s=0983fcbbfff5bd413dc9b12a4fd27c45c1a6e510

https://preview.redd.it/hhoo0ml2swge1.png?width=1542&amp;format=png&amp;auto=webp&amp;s=0e4a29f17f323b3114c7dbc9bfc674d8b31fce83

https://preview.redd.it/yjtz4y14swge1.png?width=1008&amp;format=png&amp;auto=webp&amp;s=a680ed9fdab7333d50c1c14ad565fd5444c6ead3

# Disclaimer

I am not claiming to be a consistently profitable trader based on just one month of data. I understand that true consistency requires months or even years of disciplined execution. My goal is to seek feedback from more experienced traders to maintain and improve this level of consistency.

# Performance Overview

* Total Trades: 20 scalps
* Winning Trades: 15
* Losing Trades: 5
* Win Rate: 75%
* Capital Invested: $12,805
* Total Returns: $13,541
* Net Profit: $736 (\~5-6%)
* Account Growth:
* Starting Balance (Jan 1): $3,190Ending Balance (Jan 31): $3,920

# Trading Setup &amp; Execution

* Platforms Used:
* *Charting:* ThinkorSwim*Execution:* Webull
* Timeframes:
* 1-hour chart for overall trend analysis5-minute chart for execution

# Trading Strategy

1. Identify a Strong Trend or Open.
2. Wait for Low-Volume Pullbacks to the 9 EMA or VWAP. Typically represents profit-taking by early entrants.
3. Use Volume &amp; Price Action for Confirmation. Preferably wait for candle wicks as a sign of rejection.
4. Enter at the Lowest Possible Risk Point. Aim to position near VWAP or the 9 EMA with a defined stop. If a trade turns against me, the loss remains minimal.

# Key Lessons from January

# 1. Less is More

Fewer trades, larger position sizing: I limited myself to one trade per day to preserve mental energy and avoid revenge trading. Sticking to one strategy instead of chasing multiple patterns has improved my ability to diagnose mistakes and make necessary adjustments.

# 2. Space &amp; Time for Stop Losses

Tighter stop losses were counterproductive. Many times, I was stopped out before the trade moved in my favor.I now set stops at points where the trade would be truly invalidated, rather than using arbitrary tight stops. This adjustment has significantly reduced unnecessary losses.

# 3. Trend is Your Friend

The market is a battle between buyers and sellers—I focus on which side has strength. If I see strong buyers and weak sellers, I take long positions. If strong sellers emerge, I exit immediately.

# 4. Journaling is a Game-Changer

I use YouTube as my trading journal, recording every trade and narrating my thought process live. This allows me to analyze emotions, decision-making, and execution mistakes in real time making it more effective.

# 5. Talking to Yourself Works

I record voice memos discussing trades, mistakes, and mental struggles. As stupid as this sounds, I literally open my voice memos and record myself talking to myself about the trades I took about the mistakes I made about how I can overcome it and how I will work on it. I used this to find solutions on my weaknesses, I overcame FOMO using this, I talked myself out of FOMO by simplifying how it affected me. Basically, for me FOMO happens when I start thinking I missed this trade I would’ve made xx amount if I had been on this trade, so my thought process was any trades that I miss is never my trade and so from the moment I started thinking of FOMO in that way I was less and less concerned about missing trades. I also overcame fear of losing money in the same way, even when the market gave my setup I used to be scared of putting money at risk and so I diagnosed it by self talk. 

# Seeking Suggestions On

# 1. Holding Runners

I take 70% of profits at 10% gains, then attempt to hold a runner with a trailing stop. However, I struggle to hold because my runner often represents a significant portion of my profits. How do I develop confidence in holding runners without feeling the urge to secure profits too early?

# 2. Increasing Position Sizing

Should I gradually increase size starting in February or continue with the same size to build stronger habits? Currently, I start with 1 contract and scale in if I get additional confirmations. Would increasing size too soon impact my psychology negatively?

Any suggestions from experienced trader would be a great help.

For traders still finding their footing—if I can be consistent for one month, I can be consistent for two, three, and beyond. The key is self-awareness, discipline, and continuous refinement.

Feel free to ask any related questions.",7,9,2025-02-03 10:58:07+00:00,https://reddit.com/r/NepalStock/comments/1igmj5g/finding_consistency_after_months_of_rulebreaking/,Market
NepalStock,1igl8x5,Advice for long term and how to identify blue chip stocks,New-Remove9229,"Hello Sathiharu i am new to the market and learning along the way. I thought of buying blue chips stocks which give divends and bonus so easily earn profit, my question what conditions of stock for long term investing.. like Kun sector ma kun parameter hernu, it may be different for (P/E) in Hydro than in MicroFinance so maile sectorwise kun kun parameter herne thesko varema vandiye help hune thiyo. In essence the question is  how to identiry blue chips stocks sectorwise for a long term investing.",1,0,2025-02-03 09:23:33+00:00,https://reddit.com/r/NepalStock/comments/1igl8x5/advice_for_long_term_and_how_to_identify_blue/,Advice
NepalStock,1igktxc,Made my first money from NEPSE,Unable_Tie_2515,"Hi all, I bought stocks at 1158 and sold it at 1230 today. Although I made only a small amount felt good to make some money out of it! 🥳🥳 Just want to share the news!",48,18,2025-02-03 08:51:27+00:00,https://reddit.com/r/NepalStock/comments/1igktxc/made_my_first_money_from_nepse/,Market
NepalStock,1igij92,AVYAN available 4 ODD lot below MP,Delicious-Branch-159,"Hello everyone, AVYAN ko 4 odd lot available xa haii below MP  . La uthaidim tw traders 4 kitta .",1,0,2025-02-03 06:04:57+00:00,https://reddit.com/r/NepalStock/comments/1igij92/avyan_available_4_odd_lot_below_mp/,Trading/Settlement/Payment
NepalStock,1igd767,"Daily Discussion Thread (Monday - Feb 03, 2025)",AutoModerator,"Use this post to discuss what to buy/sell/trade/avoid/watch today and in the coming days.

As always, the rules still apply.

**Have a TMS or Meroshare issue? Query about EDIS or collateral? Ask here instead of creating another thread. All queries regarding TMS, MeroShare, Broker issues, EDIS, Settlement and Payments should be asked here.** &gt;!DO NOT create another post.!&lt;

BEGINNER? [**Go here first!**](https://www.reddit.com/r/NepalStock/wiki/beginners-guide)

DO NOT MAKE SEPARATE **INDIVIDUAL** POSTS ASKING:

* what to buy or sell,
* or what bank to buy,
* or what insurance to buy,
* yo share kati samma mathi jancha hola
* IPO ma pareko yo share kun din bechda ramro hola, ajhai 1-2 din parkhine ki nai etc.

will be deleted. Repeat violators will be banned.

Happy Investing!",1,0,2025-02-03 01:15:27+00:00,https://reddit.com/r/NepalStock/comments/1igd767/daily_discussion_thread_monday_feb_03_2025/,Yo Kinda Kaso Hola
NepalStock,1ifz3kh,Changing bank account for Cash Dividend collection,Arockstar11,"When I change my bank account for cash dividend collection, does the bank ask for authentication or do they do it without?

Just wanted to know, please help.",1,0,2025-02-02 15:04:17+00:00,https://reddit.com/r/NepalStock/comments/1ifz3kh/changing_bank_account_for_cash_dividend_collection/,Demat/MeroShare
NepalStock,1ifvnwj,Query about Fund Settlement.,High_Match1404,I brought a share of xyz company (XYZ 13 @ 382.20) which is Rs 4968.6 but while making fund settlemwnt in TMS and msg I received in my mobile i have to pay Rs 5102.23. What happened to the extra Rs. 43.63 ? Does the broker company take that as charge ?,1,0,2025-02-02 11:52:58+00:00,https://reddit.com/r/NepalStock/comments/1ifvnwj/query_about_fund_settlement/,Trading/Settlement/Payment
NepalStock,1ifqzxx,LEC KO CUTT OF PRICE.,Sagar_kunwar764,Lec ko cut off price kailee aauxaa.?,1,0,2025-02-02 06:17:58+00:00,https://reddit.com/r/NepalStock/comments/1ifqzxx/lec_ko_cutt_of_price/,Market
NepalStock,1ifqfdx,About auction of right shares,NoEngineering9973,"Hi all, esto auction ma bechna lageko right share hajur Kati price ma kinyo bhane Parna sakcha, I mean 100rs mai apply garyo bhane parcha ta since it is auction?",1,0,2025-02-02 05:42:24+00:00,https://reddit.com/r/NepalStock/comments/1ifqfdx/about_auction_of_right_shares/,IPO/FPO
NepalStock,1ifq4pb,"The NEPSE market is like a wild west, chalkhel nagari sakkina jasto lagyo",captainright1,,3,0,2025-02-02 05:24:05+00:00,https://reddit.com/r/NepalStock/comments/1ifq4pb/the_nepse_market_is_like_a_wild_west_chalkhel/,Market
NepalStock,1iflo6k,"Daily Discussion Thread (Sunday - Feb 02, 2025)",AutoModerator,"Use this post to discuss what to buy/sell/trade/avoid/watch today and in the coming days.

As always, the rules still apply.

**Have a TMS or Meroshare issue? Query about EDIS or collateral? Ask here instead of creating another thread. All queries regarding TMS, MeroShare, Broker issues, EDIS, Settlement and Payments should be asked here.** &gt;!DO NOT create another post.!&lt;

BEGINNER? [**Go here first!**](https://www.reddit.com/r/NepalStock/wiki/beginners-guide)

DO NOT MAKE SEPARATE **INDIVIDUAL** POSTS ASKING:

* what to buy or sell,
* or what bank to buy,
* or what insurance to buy,
* yo share kati samma mathi jancha hola
* IPO ma pareko yo share kun din bechda ramro hola, ajhai 1-2 din parkhine ki nai etc.

will be deleted. Repeat violators will be banned.

Happy Investing!",1,0,2025-02-02 01:15:29+00:00,https://reddit.com/r/NepalStock/comments/1iflo6k/daily_discussion_thread_sunday_feb_02_2025/,Yo Kinda Kaso Hola
NepalStock,1ifgovw,Mero share and tms account opening,Apart-Permit-8718,I am in canada right now and I want to open mero share and tms account. Is it possible to open these accounts online or do I have to be physically present to open??,1,0,2025-02-01 21:19:56+00:00,https://reddit.com/r/NepalStock/comments/1ifgovw/mero_share_and_tms_account_opening/,Demat/MeroShare
NepalStock,1ifb5db,📱 Easy Accessibility via Ordinals Marketplace,Familiar_Holiday7658,,1,0,2025-02-01 17:18:35+00:00,https://reddit.com/r/NepalStock/comments/1ifb5db/easy_accessibility_via_ordinals_marketplace/,Market
NepalStock,1ieytv1,How do i obtain these????,Tough-Bit-6515,"ROE = net income / shareholders equity

How do i find exact net income and share holders equity??? 

Thank you for your reply",1,0,2025-02-01 04:53:16+00:00,https://reddit.com/r/NepalStock/comments/1ieytv1/how_do_i_obtain_these/,Market
NepalStock,1ienvw9,how much do you need to start investing,manzero0,"I have savings 50k jati which i dont need it rn
is there anything where i can invest without risk 
kei thachaina just wanted to get advice",1,0,2025-01-31 20:04:45+00:00,https://reddit.com/r/NepalStock/comments/1ienvw9/how_much_do_you_need_to_start_investing/,Advice
NepalStock,1iebx1q,I want to Cancel SIP | NIMB,bjmagar,"Hi, everyone. 

I have subscribed to NIMB SIP, and now I want to cancel it. However, I have installments left for 4-5 months. Can I cancel it without paying for it or what can I do?

Plz, provide me some guidance, I am new.",1,0,2025-01-31 10:32:54+00:00,https://reddit.com/r/NepalStock/comments/1iebx1q/i_want_to_cancel_sip_nimb/,Mutual Funds
NepalStock,1idlaqz,Beginner who wants to be a inverstor or a trader needs a guidance,Afraid-Passage-3707,"Hey everyone, I hope everyone in this group would be a great investor or trader in near future. I am a 21 years old student studying in Nepal and nowadays the words like trading and investing has pulled me. I have few knowledge about the share market but cannot make the move without anyone who can help me through all these analysis terms. If any one of you is interested to teach me, please tell.",1,0,2025-01-30 11:54:12+00:00,https://reddit.com/r/NepalStock/comments/1idlaqz/beginner_who_wants_to_be_a_inverstor_or_a_trader/,Market
NepalStock,1idjawv,🚀 Stay Ahead with NEPSE AI!,aakritsubedi,"At [**nepse.ai**](https://www.instagram.com/nepse.ai/), we’re dedicated to keeping investors informed with timely and data-driven market updates. 📊

✅ **11:00 AM (Daily)** – A quick snapshot of *yesterday’s market* and *today’s stock calendar* to start your day right.  
✅ **3:00 PM (Daily)** – A *detailed market summary* featuring **top gainers, losers, and index movements**.  
✅ **Friday** – A *weekly wrap-up*, comparing trends with the previous week and highlighting key insights.  
✅ **Saturday** – A *deep-dive newsletter* with **weekly insights, a market summary, and tips to plan for the upcoming week**.

We do the heavy lifting so you can focus on making informed decisions. Follow [nepse.ai](https://www.instagram.com/nepse.ai/) for **clear, concise daily and weekly insights** on the **Nepali stock market**! 📈🔥

4o",1,0,2025-01-30 09:29:12+00:00,https://reddit.com/r/NepalStock/comments/1idjawv/stay_ahead_with_nepse_ai/,Softwares
NepalStock,1idacty,"Market Weekend Discussion (Thursday Jan 30 - Saturday Feb 01, 2025)",AutoModerator,"Use this post to discuss what to buy/sell/trade/avoid/watch this weekend and in the coming days.

As always, the rules still apply.

**Have a TMS or Meroshare issue? Query about EDIS or collateral? Ask here instead of creating another thread. All queries regarding TMS, MeroShare, Broker Issues, EDIS, Settlement and Payments should be asked here.** DO NOT create another post.

BEGINNER? [**Go here first!**](https://www.reddit.com/r/NepalStock/wiki/beginners-guide)

DO NOT MAKE SEPARATE **INDIVIDUAL** POSTS ASKING:

* what to buy or sell,
* or what bank to buy,
* or what insurance to buy,
* yo share kati samma mathi jancha hola
* IPO ma pareko yo share kun din bechda ramro hola, ajhai 1-2 din parkhine ki nai etc.

will be deleted. Repeat violators will be banned.

Happy Investing!",1,0,2025-01-30 01:15:29+00:00,https://reddit.com/r/NepalStock/comments/1idacty/market_weekend_discussion_thursday_jan_30/,Yo Kinda Kaso Hola
NepalStock,1iczn10,🔥 ULIT X INVESTMENT SERIES – TURN YOUR INVESTMENTS INTO FORTUNE! 🔥,Familiar_Holiday7658,,1,0,2025-01-29 17:43:09+00:00,https://reddit.com/r/NepalStock/comments/1iczn10/ulit_x_investment_series_turn_your_investments/,Market
NepalStock,1icxs53,ANYONE NEED TO OPEN BROKER ACC?,Plastic-Sea-5170,"Hello everyone I'm currently doing an internship at Sajilo Broker 90, Jhamsikhel. My task is to bring in new customers and achieve a target of 100 customers so far, I have only managed to get 7 (including my own1 id ) If anyone is planning to open a broker account we can discuss it :) please

(NOTE: totally online hunxa, document nagrikta euta chai xa)",1,0,2025-01-29 16:28:26+00:00,https://reddit.com/r/NepalStock/comments/1icxs53/anyone_need_to_open_broker_acc/,Broker
NepalStock,1icruat,Ipo aauna lagda ya ipo aaunu aagadi nai 30-40 lakh invest garna milxa ke nai ke sab le 10 kitta matrai ho paune,HistoricalParking675,Kei,1,0,2025-01-29 11:38:18+00:00,https://reddit.com/r/NepalStock/comments/1icruat/ipo_aauna_lagda_ya_ipo_aaunu_aagadi_nai_3040_lakh/,IPO/FPO
NepalStock,1icn9n2,Enlighten me for the investment,[deleted],,1,8,2025-01-29 06:02:00+00:00,https://reddit.com/r/NepalStock/comments/1icn9n2/enlighten_me_for_the_investment/,Market
NepalStock,1ichzs1,"Daily Discussion Thread (Wednesday - Jan 29, 2025)",AutoModerator,"Use this post to discuss what to buy/sell/trade/avoid/watch today and in the coming days.

As always, the rules still apply.

**Have a TMS or Meroshare issue? Query about EDIS or collateral? Ask here instead of creating another thread. All queries regarding TMS, MeroShare, Broker issues, EDIS, Settlement and Payments should be asked here.** &gt;!DO NOT create another post.!&lt;

BEGINNER? [**Go here first!**](https://www.reddit.com/r/NepalStock/wiki/beginners-guide)

DO NOT MAKE SEPARATE **INDIVIDUAL** POSTS ASKING:

* what to buy or sell,
* or what bank to buy,
* or what insurance to buy,
* yo share kati samma mathi jancha hola
* IPO ma pareko yo share kun din bechda ramro hola, ajhai 1-2 din parkhine ki nai etc.

will be deleted. Repeat violators will be banned.

Happy Investing!",1,0,2025-01-29 01:15:29+00:00,https://reddit.com/r/NepalStock/comments/1ichzs1/daily_discussion_thread_wednesday_jan_29_2025/,Yo Kinda Kaso Hola
NepalStock,1ic4pcm,ANYONE NEED TO OPEN BROKER ACC?,Plastic-Sea-5170,"Hello everyone I'm currently doing an internship at Sajilo Broker 90, Jhamsikhel. My task is to bring in new customers and achieve a target of 100 customers so far, I have only managed to get 7 (including my own1 id )  If anyone is planning to open a broker account we can discuss it :) please",1,0,2025-01-28 15:55:45+00:00,https://reddit.com/r/NepalStock/comments/1ic4pcm/anyone_need_to_open_broker_acc/,Broker
NepalStock,1ic1kva,Can I make 2 broker account?,Tero-Bau-69,"I have my broker account, and there is no problem. My mom also has Demat and Meroshare accounts of her own, but she doesn't have her broker account, so I want to trade her share.

So the question is maile aafno used bako contact ra email le broker Account banauna milxa ki nai ? BOID different ta xa. Suggest as per sani secuirities policies",2,1,2025-01-28 13:30:15+00:00,https://reddit.com/r/NepalStock/comments/1ic1kva/can_i_make_2_broker_account/,Broker
NepalStock,1ibvsba,Stocks to invest on monthly basis.,HYDRUSH,"What are some of the best stocks that I can invest on monthly basis. I currently plan on investing around 30k a month and want some suggestions for the good return giving stocks.
I have some stock in mind, and currently own some of them but I doubt it's doing good in the market currently. They are HDL, GBIME, NICA, NABIL",1,0,2025-01-28 06:50:42+00:00,https://reddit.com/r/NepalStock/comments/1ibvsba/stocks_to_invest_on_monthly_basis/,Market
NepalStock,1ibuyog,How to sell 9 kitta of HATHY…..?,NoJellyfish3699,How to sell 9 kitta of HATHY…,1,0,2025-01-28 05:54:55+00:00,https://reddit.com/r/NepalStock/comments/1ibuyog/how_to_sell_9_kitta_of_hathy/,Online/TMS
NepalStock,1ibpt0z,"Daily Discussion Thread (Tuesday - Jan 28, 2025)",AutoModerator,"Use this post to discuss what to buy/sell/trade/avoid/watch today and in the coming days.

As always, the rules still apply.

**Have a TMS or Meroshare issue? Query about EDIS or collateral? Ask here instead of creating another thread. All queries regarding TMS, MeroShare, Broker issues, EDIS, Settlement and Payments should be asked here.** &gt;!DO NOT create another post.!&lt;

BEGINNER? [**Go here first!**](https://www.reddit.com/r/NepalStock/wiki/beginners-guide)

DO NOT MAKE SEPARATE **INDIVIDUAL** POSTS ASKING:

* what to buy or sell,
* or what bank to buy,
* or what insurance to buy,
* yo share kati samma mathi jancha hola
* IPO ma pareko yo share kun din bechda ramro hola, ajhai 1-2 din parkhine ki nai etc.

will be deleted. Repeat violators will be banned.

Happy Investing!",1,0,2025-01-28 01:15:29+00:00,https://reddit.com/r/NepalStock/comments/1ibpt0z/daily_discussion_thread_tuesday_jan_28_2025/,Yo Kinda Kaso Hola
NepalStock,1ibbt7u,Auction share questions,ka_bata_kachuwa,"Anyone here has experience filling auction shares? How low can I bid? Or high should I go? Do I have to fill it manually? 

Thanks for your help.",1,0,2025-01-27 15:31:54+00:00,https://reddit.com/r/NepalStock/comments/1ibbt7u/auction_share_questions/,Auction
NepalStock,1ib9szs,share market.........,[deleted],,1,3,2025-01-27 14:04:15+00:00,https://reddit.com/r/NepalStock/comments/1ib9szs/share_market/,Demat/MeroShare
NepalStock,1ib98d7,HOW TO COPY FLOORSHEET INTO EXCEL?,Plastic-Sea-5170,"i was told to copy the daily floorsheet into excel, but I can't find a way to do it other than manually. I tried using the importhtml command, but it only copied one page. so anyone please ?",1,0,2025-01-27 13:37:21+00:00,https://reddit.com/r/NepalStock/comments/1ib98d7/how_to_copy_floorsheet_into_excel/,Misc
NepalStock,1ib8h57,As a 27 years old how should I plan my investment journey?,Unable_Tie_2515,"Hi all, I am a 27 years old male who is currently making 2L per month. My expenses right now is about 10K per month + 25K which I give to my parents each month I do not have to pay rent as I live with my parents and also mostly work from home. 

I have few lakh rupees in saving right now and want to start investing my money. I am too lazy to buy stocks and follow the market so I want to invest in Mutual Funds that can give me a good return in future. I am looking to make long term investment of 25-30 years. Here are the things I have invested so far: 

1. Share Market (NABIL, CIT, NTC, GLOBAL IME).   
2. SIP Siddhartha (15K per month). 

I plan to invest at least 30/40K NRS each month and hopefully can increase the amount till 1L or more in future. 

I have family living the US and have possibility of moving there as well that is another reason I want to learn more about mutual funds and mutual funds worth spending. However, I do want to come back to Nepal as I have my parents living here and I desire to have an early retirement and move back to Nepal by the age of 55. 

Here are the things I would like your advice in - 

1. Which Mutual Funds should I invest in?   
2. As an NRN can I still invest through Mutual Funds?  
3. Other Areas I can invest in?",1,0,2025-01-27 13:04:59+00:00,https://reddit.com/r/NepalStock/comments/1ib8h57/as_a_27_years_old_how_should_i_plan_my_investment/,Advice
NepalStock,1ib8bnu,NEPSE discussions help neded ??,No-Drummer8118,,1,0,2025-01-27 12:58:38+00:00,https://reddit.com/r/NepalStock/comments/1ib8bnu/nepse_discussions_help_neded/,Market
NepalStock,1ib8ap0,NEPSE Stoploss help needed if possible ...,No-Drummer8118,,1,0,2025-01-27 12:57:21+00:00,https://reddit.com/r/NepalStock/comments/1ib8ap0/nepse_stoploss_help_needed_if_possible/,Market
NepalStock,1ib6dq8,Shares parepachi meroshare ma kati din pachi show hunxa,im_vengeance_21,,1,0,2025-01-27 11:22:07+00:00,https://reddit.com/r/NepalStock/comments/1ib6dq8/shares_parepachi_meroshare_ma_kati_din_pachi_show/,IPO/FPO
NepalStock,1ib4rl9,Naya IPO aaune bittikai kasari tha paune? Like aba maile check garirakhna na paros.,chiya_coffee,Title,1,0,2025-01-27 09:51:31+00:00,https://reddit.com/r/NepalStock/comments/1ib4rl9/naya_ipo_aaune_bittikai_kasari_tha_paune_like_aba/,IPO/FPO
NepalStock,1iaxg2l,How does cash dividend work?,Chudure_Kami,Maile HDL ko cash divident paaye 5% tara only Rs.400 While I have 100 shares. Kina yeti thorai??,1,0,2025-01-27 02:29:06+00:00,https://reddit.com/r/NepalStock/comments/1iaxg2l/how_does_cash_dividend_work/,Market
NepalStock,1iawikk,Kina ho yo problem vako,T_x_TM,"So maile first time trade gardai ho , ani hijo share becheko thiye tara yo edis ra wacc garni option nai aauna hai mero ma kina hola. Aadi aauxa yesto. Hijo dekhi try gardaixu. Kahile samma garnu parxa yo. Plz help if anyone has faced similar problem.",1,0,2025-01-27 01:41:15+00:00,https://reddit.com/r/NepalStock/comments/1iawikk/kina_ho_yo_problem_vako/,Trading/Settlement/Payment
NepalStock,1iaw054,"Daily Discussion Thread (Monday - Jan 27, 2025)",AutoModerator,"Use this post to discuss what to buy/sell/trade/avoid/watch today and in the coming days.

As always, the rules still apply.

**Have a TMS or Meroshare issue? Query about EDIS or collateral? Ask here instead of creating another thread. All queries regarding TMS, MeroShare, Broker issues, EDIS, Settlement and Payments should be asked here.** &gt;!DO NOT create another post.!&lt;

BEGINNER? [**Go here first!**](https://www.reddit.com/r/NepalStock/wiki/beginners-guide)

DO NOT MAKE SEPARATE **INDIVIDUAL** POSTS ASKING:

* what to buy or sell,
* or what bank to buy,
* or what insurance to buy,
* yo share kati samma mathi jancha hola
* IPO ma pareko yo share kun din bechda ramro hola, ajhai 1-2 din parkhine ki nai etc.

will be deleted. Repeat violators will be banned.

Happy Investing!",1,0,2025-01-27 01:15:29+00:00,https://reddit.com/r/NepalStock/comments/1iaw054/daily_discussion_thread_monday_jan_27_2025/,Yo Kinda Kaso Hola
NepalStock,1iau01j,What would you pay for HDL,i-screamoften,I was just reading some reports and i calculated hdl's intrinsic value(randomly). I later realized its 220. I didn't dig into it why and who but felt like sharing.,1,0,2025-01-26 23:39:31+00:00,https://reddit.com/r/NepalStock/comments/1iau01j/what_would_you_pay_for_hdl/,Market
NepalStock,1ial3ti,Bond comparison between Nepal and India,sabaithikcha,Can any one shed light on how do i do comparison of bond between India and Nepal? Where can I get the monthly yield data ?,1,0,2025-01-26 17:51:46+00:00,https://reddit.com/r/NepalStock/comments/1ial3ti/bond_comparison_between_nepal_and_india/,Debentures/Bonds
NepalStock,1iagvgd,What do you think about strategies of Siddharth Bhanushali?,nameisalreadytaken46,Is it even applicable in NEPSE?,1,0,2025-01-26 15:10:24+00:00,https://reddit.com/r/NepalStock/comments/1iagvgd/what_do_you_think_about_strategies_of_siddharth/,Market
NepalStock,1ia7qsn,People who work on NRB cant invest?,Fresh_Helicopter_670,"Recently heard about this rule and wanted more clarification on it, Heard people who work in nrb or some government jobs cant invest because they get information about companies way early before its available to public, but cant they just invest through a family member??
And what about those who work in a publicly traded companies, can they invest in their own company?",1,1,2025-01-26 06:26:26+00:00,https://reddit.com/r/NepalStock/comments/1ia7qsn/people_who_work_on_nrb_cant_invest/,Market
NepalStock,1ia58yq,Help me with suggestions...,JealousAnywhere5549,,1,0,2025-01-26 03:53:02+00:00,https://reddit.com/r/NepalStock/comments/1ia58yq/help_me_with_suggestions/,Bonus Share/Dividend
NepalStock,1ia3z65,Commercial banks and their immediate future in Nepse.,rastalifex9,If you have to choose one bank which would you choose ?,1,0,2025-01-26 02:42:07+00:00,https://reddit.com/r/NepalStock/comments/1ia3z65/commercial_banks_and_their_immediate_future_in/,Market
NepalStock,1ia2c7m,"Daily Discussion Thread (Sunday - Jan 26, 2025)",AutoModerator,"Use this post to discuss what to buy/sell/trade/avoid/watch today and in the coming days.

As always, the rules still apply.

**Have a TMS or Meroshare issue? Query about EDIS or collateral? Ask here instead of creating another thread. All queries regarding TMS, MeroShare, Broker issues, EDIS, Settlement and Payments should be asked here.** &gt;!DO NOT create another post.!&lt;

BEGINNER? [**Go here first!**](https://www.reddit.com/r/NepalStock/wiki/beginners-guide)

DO NOT MAKE SEPARATE **INDIVIDUAL** POSTS ASKING:

* what to buy or sell,
* or what bank to buy,
* or what insurance to buy,
* yo share kati samma mathi jancha hola
* IPO ma pareko yo share kun din bechda ramro hola, ajhai 1-2 din parkhine ki nai etc.

will be deleted. Repeat violators will be banned.

Happy Investing!",1,0,2025-01-26 01:15:30+00:00,https://reddit.com/r/NepalStock/comments/1ia2c7m/daily_discussion_thread_sunday_jan_26_2025/,Yo Kinda Kaso Hola
NepalStock,1i9rcrq,Hell on investing on ipo,Healthy_Program_7795,"So, My mom is in Kuwait for work. She doesn't know anything much English and information regarding banking services and ipo. Is it possible to use her bank account and invest in foreign employee's ipos that our country has divided 10%. And how to do that I have no idea about that so, can you guys please help me and provide some guidance.",1,0,2025-01-25 16:58:34+00:00,https://reddit.com/r/NepalStock/comments/1i9rcrq/hell_on_investing_on_ipo/,IPO/FPO
NepalStock,1i9pmlm,Prop Firms Trading in Nepal,Comprehensive-Loss23,"As Nepalese are restricted from directly investing in forex market. Is investing in forex market through prop firm restricted ?

I understand  that there is no clear regulations regarding it.

Will the withdrawals of payouts from the prop firm in Nepalese bank account have any issues?  
please suggest

Additionally, what will happen if you trade crypto from the prop firm?",1,0,2025-01-25 15:42:50+00:00,https://reddit.com/r/NepalStock/comments/1i9pmlm/prop_firms_trading_in_nepal/,Advice
NepalStock,1i9oudb,CBBL Versus SKBBL Stock,Abishek79,They Both Are Quite Same Which to Pick.?,1,0,2025-01-25 15:06:04+00:00,https://reddit.com/r/NepalStock/comments/1i9oudb/cbbl_versus_skbbl_stock/,Market
NepalStock,1i9kr7d,Buying debenture through private placement,aayushkarki49,"It's about buying debentures through ""private placement"".

1) Is an individual allowed to buy debentures through private placement. If yes, what is the process?

2) Is there a minimum? If yes, how much.

3) Will there be extra restrictions placed on the sale, as opposed to if it were brought through Meroshare?",1,0,2025-01-25 11:09:04+00:00,https://reddit.com/r/NepalStock/comments/1i9kr7d/buying_debenture_through_private_placement/,Debentures/Bonds
NepalStock,1i9hi61,Cany who has faced this problem before,Weiredpoet,If someone had how to fix it,1,0,2025-01-25 07:06:38+00:00,https://reddit.com/r/NepalStock/comments/1i9hi61/cany_who_has_faced_this_problem_before/,Online/TMS
NepalStock,1i902ja,ULIT Coin: An Overview,Familiar_Holiday7658,,1,0,2025-01-24 16:57:40+00:00,https://reddit.com/r/NepalStock/comments/1i902ja/ulit_coin_an_overview/,Market
NepalStock,1i8y0es,Investors WhatsApp Community!,Analyst-Thoery-3,"Hey young investors or trader I am glad to say that we are creating a community of people with similar mindset and trying to learn or expert in the field of Nepal stock exchange..You can join today and discuss about the market and teach or learn the terms you know or don't know.. 
https://chat.whatsapp.com/BpWvFbDgagO7PJ98aphwkq",1,0,2025-01-24 15:30:27+00:00,https://reddit.com/r/NepalStock/comments/1i8y0es/investors_whatsapp_community/,Market
NepalStock,1i8xker,Nepse tms ko default time,LegitimatePatient143,Is it just the broker I use or for everyone that tms dashboard time is 15 mins faster,1,0,2025-01-24 15:11:19+00:00,https://reddit.com/r/NepalStock/comments/1i8xker/nepse_tms_ko_default_time/,Broker
NepalStock,1i8v1kn,A Guy Called Telling If I Wanted To Buy Promoter shares of Hydro .What Should I Do ?,Many-Marzipan-9804,How much dividend can I expect and if the company comes in ipo what happens to my shares? Is promoter share a good investment?,1,0,2025-01-24 13:11:28+00:00,https://reddit.com/r/NepalStock/comments/1i8v1kn/a_guy_called_telling_if_i_wanted_to_buy_promoter/,Market
NepalStock,1i8rq03,"HEI -5 kitta ,NBL-3 kitta ,HATHY -2 kitta ,SNLI -2 kitta sell",withpeople,,1,0,2025-01-24 09:33:58+00:00,https://reddit.com/r/NepalStock/comments/1i8rq03/hei_5_kitta_nbl3_kitta_hathy_2_kitta_snli_2_kitta/,Memes/Fun/Laughs
NepalStock,1i8ocsj,Top 5 Stocks To Do SIP On Stocks,Abishek79,"Hello Dai Didi hru
I am planning to Save money for my 20s
So,Can You suggest me Some good Stocks to do Sip On stocks.
Whose price is around 1000 npr , Can beat Inflation and give good dividend as well (For 5 to 8 years period) I have gathered information from different sources about this but I want to Know yours Opinion Too..",1,0,2025-01-24 05:30:10+00:00,https://reddit.com/r/NepalStock/comments/1i8ocsj/top_5_stocks_to_do_sip_on_stocks/,Market
NepalStock,1i8ndps,Curious about Stock prices,Emotional-Orange-1,"I guys, 
Don't know if this is a silly question but here it goes:
I was trying to sell dolti yesterday so was watching it's price all day. Price was around 850-880 all day. 
I checked the price starting 2:57pm and Last trading price was still going around 879-880.
It was still the same till 2:59:59 
Thyakka 3 ma it closed at 995. 
Kasari huncha esto? Am I missing something?",1,0,2025-01-24 04:33:16+00:00,https://reddit.com/r/NepalStock/comments/1i8ndps/curious_about_stock_prices/,Market
NepalStock,1i8fws5,Crypto Buy and save for future,Puzzled_Computer_504,,1,0,2025-01-23 22:25:18+00:00,https://reddit.com/r/NepalStock/comments/1i8fws5/crypto_buy_and_save_for_future/,Market
NepalStock,1i89rw0,time in nepse tms....,LegitimatePatient143,Is it just the broker I use or for everyone that tms dashboard time is 15 mins faster,1,0,2025-01-23 18:10:32+00:00,https://reddit.com/r/NepalStock/comments/1i89rw0/time_in_nepse_tms/,Broker
NepalStock,1i84477,Nepal Exchange in affordable rate,Kindly_Relative7897,If anyone wants genuine usdt exchange and cashapp dollar exchange in Nepal do dm me . Best rate Ld backup cashapp available.,1,0,2025-01-23 14:06:49+00:00,https://reddit.com/r/NepalStock/comments/1i84477/nepal_exchange_in_affordable_rate/,Trading/Settlement/Payment
NepalStock,1i7yw0k,Does Nabil bank pays quarterly dividends or yearly ?,Uniqloo21,"What percentage did Nabil bank pay in dividends year 80/81 ? And when , thanks .",4,14,2025-01-23 08:28:30+00:00,https://reddit.com/r/NepalStock/comments/1i7yw0k/does_nabil_bank_pays_quarterly_dividends_or_yearly/,Market
NepalStock,1i7rmjk,"Market Weekend Discussion (Thursday Jan 23 - Saturday Jan 25, 2025)",AutoModerator,"Use this post to discuss what to buy/sell/trade/avoid/watch this weekend and in the coming days.

As always, the rules still apply.

**Have a TMS or Meroshare issue? Query about EDIS or collateral? Ask here instead of creating another thread. All queries regarding TMS, MeroShare, Broker Issues, EDIS, Settlement and Payments should be asked here.** DO NOT create another post.

BEGINNER? [**Go here first!**](https://www.reddit.com/r/NepalStock/wiki/beginners-guide)

DO NOT MAKE SEPARATE **INDIVIDUAL** POSTS ASKING:

* what to buy or sell,
* or what bank to buy,
* or what insurance to buy,
* yo share kati samma mathi jancha hola
* IPO ma pareko yo share kun din bechda ramro hola, ajhai 1-2 din parkhine ki nai etc.

will be deleted. Repeat violators will be banned.

Happy Investing!",1,0,2025-01-23 01:15:31+00:00,https://reddit.com/r/NepalStock/comments/1i7rmjk/market_weekend_discussion_thursday_jan_23/,Yo Kinda Kaso Hola
NepalStock,1i77xut,Mod deleted my post..,LegitimatePatient143,Pls see comments,1,8,2025-01-22 10:11:39+00:00,https://reddit.com/r/NepalStock/comments/1i77xut/mod_deleted_my_post/,Broker
NepalStock,1i773ti,Post getting  deleted,LegitimatePatient143,,1,1,2025-01-22 09:07:26+00:00,https://reddit.com/r/NepalStock/comments/1i773ti/post_getting_deleted/,Broker
NepalStock,1i76vqv,"Hey guys I'm new , can you give some advice",Slow_Elevator6480,,1,1,2025-01-22 08:50:39+00:00,https://reddit.com/r/NepalStock/comments/1i76vqv/hey_guys_im_new_can_you_give_some_advice/,Advice
NepalStock,1i76una,SRLI online tax payment for bonus share 18.38%,Sandbox_01,,1,0,2025-01-22 08:48:23+00:00,https://reddit.com/r/NepalStock/comments/1i76una/srli_online_tax_payment_for_bonus_share_1838/,Bonus Share/Dividend
NepalStock,1i76s6l,SRLI online tax payment for bonus share 18.38%,Sandbox_01,,1,0,2025-01-22 08:43:07+00:00,https://reddit.com/r/NepalStock/comments/1i76s6l/srli_online_tax_payment_for_bonus_share_1838/,Misc
NepalStock,1i73vlq,Collateral  add garda,LegitimatePatient143,,1,0,2025-01-22 05:19:43+00:00,https://reddit.com/r/NepalStock/comments/1i73vlq/collateral_add_garda/,Broker
NepalStock,1i72ev5,Kasari suru garne????,suckondeezzzz,"Nepali share market ma 20k bata start gareko chu.
AKPL ko 20 kitta liye 237.20 ma ani NFS ko 20 kitta liye 766 ma. Guys any suggestions if i have a good start?
5k baki cha aja kun lida huncha? I don't know technical/ fundamental analysis. Ekduita whatsapp group ma herera suru gareko. Please guide me!
@",1,0,2025-01-22 03:57:42+00:00,https://reddit.com/r/NepalStock/comments/1i72ev5/kasari_suru_garne/,Market
NepalStock,1i72cby,Help me get started!!,suckondeezzzz,,1,0,2025-01-22 03:54:17+00:00,https://reddit.com/r/NepalStock/comments/1i72cby/help_me_get_started/,Market
NepalStock,1i6yzu3,"Daily Discussion Thread (Wednesday - Jan 22, 2025)",AutoModerator,"Use this post to discuss what to buy/sell/trade/avoid/watch today and in the coming days.

As always, the rules still apply.

**Have a TMS or Meroshare issue? Query about EDIS or collateral? Ask here instead of creating another thread. All queries regarding TMS, MeroShare, Broker issues, EDIS, Settlement and Payments should be asked here.** &gt;!DO NOT create another post.!&lt;

BEGINNER? [**Go here first!**](https://www.reddit.com/r/NepalStock/wiki/beginners-guide)

DO NOT MAKE SEPARATE **INDIVIDUAL** POSTS ASKING:

* what to buy or sell,
* or what bank to buy,
* or what insurance to buy,
* yo share kati samma mathi jancha hola
* IPO ma pareko yo share kun din bechda ramro hola, ajhai 1-2 din parkhine ki nai etc.

will be deleted. Repeat violators will be banned.

Happy Investing!",4,3,2025-01-22 01:15:28+00:00,https://reddit.com/r/NepalStock/comments/1i6yzu3/daily_discussion_thread_wednesday_jan_22_2025/,Yo Kinda Kaso Hola
NepalStock,1i6wxtw,Advice on how to sell promoter share,No_Reaction_2585,"Hi, I am new to this. I have some Muktinath Insurance promoter share. I am living abroad right now. Does anyone know if I can sell now? What is the process like? Your suggestion is highly appreciated. Thank you.",1,0,2025-01-21 23:40:19+00:00,https://reddit.com/r/NepalStock/comments/1i6wxtw/advice_on_how_to_sell_promoter_share/,Advice
NepalStock,1i6ha55,When will I see Garima Sambriddhi Yojana (GSYMF) in my Meroshare?,reddit4rms,It's been many weeks and I have not seen GSYMF in my Meroshare. Why is it taking a long time for this to show up?,1,0,2025-01-21 12:16:18+00:00,https://reddit.com/r/NepalStock/comments/1i6ha55/when_will_i_see_garima_sambriddhi_yojana_gsymf_in/,IPO/FPO
NepalStock,1i6eek8,Will I get the Bonus share for SHL ,One_Homework_5352,"Hello guys, So I hold halka SHL stock. Maile 28th nov (book close date) bhanda dherai aagadi dekhi nei kinera rakhya thiye. 10% bonus share ra 26.5% cash dividend bhaya thiyo. i did recive 26.5% ko cash amount tara Receivable Bonus Quantity aakai chaina meroshare ma? 

  
I am very new to this ani have not so good knowledge, any anyone help me if maile paunu parne ho ki nai?",1,0,2025-01-21 08:50:32+00:00,https://reddit.com/r/NepalStock/comments/1i6eek8/will_i_get_the_bonus_share_for_shl/,Demat/MeroShare
NepalStock,1i6diek,want to close TMS account,Aggravating-Fee-9059,"Want to close TMS account via online but they are saying it is not possible via online. I have to present at their office physically.  Account open grda chai katai jana parena but close grda chai hudaina aree online bta.... worst broker Aryatara securities. broker 57

Is there a way to close tms account via online?",1,0,2025-01-21 07:42:12+00:00,https://reddit.com/r/NepalStock/comments/1i6diek/want_to_close_tms_account/,Broker
NepalStock,1i68u7q,Share auction ko laggii need some tip,Sagar_kunwar764,"Yoo share ko auction ko apply gardaa.
Payment chaiii capital maiii gaeyyyrww garnee hoo kii . First maii Ghar Bata payment ko voucher leeeyy rw janee hoo.

 First time try garnuu laa ko Yo LEC  maa.
Soo please help me .. 
Aaja last day raiii xaa",1,0,2025-01-21 02:58:19+00:00,https://reddit.com/r/NepalStock/comments/1i68u7q/share_auction_ko_laggii_need_some_tip/,Trading/Settlement/Payment
NepalStock,1i66shq,"Daily Discussion Thread (Tuesday - Jan 21, 2025)",AutoModerator,"Use this post to discuss what to buy/sell/trade/avoid/watch today and in the coming days.

As always, the rules still apply.

**Have a TMS or Meroshare issue? Query about EDIS or collateral? Ask here instead of creating another thread. All queries regarding TMS, MeroShare, Broker issues, EDIS, Settlement and Payments should be asked here.** &gt;!DO NOT create another post.!&lt;

BEGINNER? [**Go here first!**](https://www.reddit.com/r/NepalStock/wiki/beginners-guide)

DO NOT MAKE SEPARATE **INDIVIDUAL** POSTS ASKING:

* what to buy or sell,
* or what bank to buy,
* or what insurance to buy,
* yo share kati samma mathi jancha hola
* IPO ma pareko yo share kun din bechda ramro hola, ajhai 1-2 din parkhine ki nai etc.

will be deleted. Repeat violators will be banned.

Happy Investing!",1,0,2025-01-21 01:15:29+00:00,https://reddit.com/r/NepalStock/comments/1i66shq/daily_discussion_thread_tuesday_jan_21_2025/,Yo Kinda Kaso Hola
NepalStock,1i5rkz3,Nepal Crypto Discord community [just built],Training-Kitchen-575,,1,0,2025-01-20 14:39:49+00:00,https://reddit.com/r/NepalStock/comments/1i5rkz3/nepal_crypto_discord_community_just_built/,Market
NepalStock,1i5q1gx,Need help as to secondary market.,Substantial-Roll9810,,1,0,2025-01-20 13:23:13+00:00,https://reddit.com/r/NepalStock/comments/1i5q1gx/need_help_as_to_secondary_market/,Advice
NepalStock,1i5jpg0,(18M) Stock Averaging,Worth_Height_8565,I have joined in stock market just recently like 4 months ago. I don’t have much information about Technical and Fundamentals. Suru ma ta I gained profit nai then after I had purchased stock of KBL and NICA in comparatively higher prices as I heard banking sector was safer in comparison to other sectors. Then after purchasing those stock in higher prices the price decreased which I know is absolutely normal in stock market as market fluctuates . So to gain profit quicker what I did was I purchased when those stock were alik lower so I can gain more profit when price increases but again the prices of stock are decreasing significantly. So what should I do now ? Should I keep on Averaging the purchase price ? I have spent more than a lakh now ? I even have read various books about stock market and most of those books say “Be Greedy when other people are Afraid” so what I did was keep on buying when price are decreasing as long run ma stock market increases nai hunxa which in reality. But I still doubt what I should be doing ?,1,0,2025-01-20 06:06:27+00:00,https://reddit.com/r/NepalStock/comments/1i5jpg0/18m_stock_averaging/,Market
NepalStock,1i5j98v,Yo ngpl ko right share bharnu kina na mileko ho?,Mindless_Dig_2268,Help,1,0,2025-01-20 05:37:56+00:00,https://reddit.com/r/NepalStock/comments/1i5j98v/yo_ngpl_ko_right_share_bharnu_kina_na_mileko_ho/,Market
NepalStock,1i5ejc8,"Daily Discussion Thread (Monday - Jan 20, 2025)",AutoModerator,"Use this post to discuss what to buy/sell/trade/avoid/watch today and in the coming days.

As always, the rules still apply.

**Have a TMS or Meroshare issue? Query about EDIS or collateral? Ask here instead of creating another thread. All queries regarding TMS, MeroShare, Broker issues, EDIS, Settlement and Payments should be asked here.** &gt;!DO NOT create another post.!&lt;

BEGINNER? [**Go here first!**](https://www.reddit.com/r/NepalStock/wiki/beginners-guide)

DO NOT MAKE SEPARATE **INDIVIDUAL** POSTS ASKING:

* what to buy or sell,
* or what bank to buy,
* or what insurance to buy,
* yo share kati samma mathi jancha hola
* IPO ma pareko yo share kun din bechda ramro hola, ajhai 1-2 din parkhine ki nai etc.

will be deleted. Repeat violators will be banned.

Happy Investing!",1,0,2025-01-20 01:15:28+00:00,https://reddit.com/r/NepalStock/comments/1i5ejc8/daily_discussion_thread_monday_jan_20_2025/,Yo Kinda Kaso Hola
NepalStock,1i4ukfj,Dp not showing in ATRAD (secured securities),Himano_Kurosake,I just opened my broker account. Jst been a few days like Wednesday kholeko but neither can i buy or sell shares and my holdings also arent there meroshare ma bhako. What is the prblm can anybody help me?,1,0,2025-01-19 09:09:13+00:00,https://reddit.com/r/NepalStock/comments/1i4ukfj/dp_not_showing_in_atrad_secured_securities/,Online/TMS
NepalStock,1i4rdm3,Secondary market ma first investment kun ma gaarda thik hola aaile ?,[deleted],,5,2,2025-01-19 05:29:35+00:00,https://reddit.com/r/NepalStock/comments/1i4rdm3/secondary_market_ma_first_investment_kun_ma/,Market
NepalStock,1i4r28a,"Is ipo not for me? ahilesamma 47 ota vareko jamma 2 ota pareko xa, that too paila pailako",[deleted],,11,21,2025-01-19 05:10:59+00:00,https://reddit.com/r/NepalStock/comments/1i4r28a/is_ipo_not_for_me_ahilesamma_47_ota_vareko_jamma/,IPO/FPO
NepalStock,1i4r1lz,And there is buzz with UPPER in tea stalls....................................,soontobebillionare7,UPPER ⚠️,1,0,2025-01-19 05:10:02+00:00,https://reddit.com/r/NepalStock/comments/1i4r1lz/and_there_is_buzz_with_upper_in_tea_stalls/,Market
NepalStock,1i4mlfs,"Daily Discussion Thread (Sunday - Jan 19, 2025)",AutoModerator,"Use this post to discuss what to buy/sell/trade/avoid/watch today and in the coming days.

As always, the rules still apply.

**Have a TMS or Meroshare issue? Query about EDIS or collateral? Ask here instead of creating another thread. All queries regarding TMS, MeroShare, Broker issues, EDIS, Settlement and Payments should be asked here.** &gt;!DO NOT create another post.!&lt;

BEGINNER? [**Go here first!**](https://www.reddit.com/r/NepalStock/wiki/beginners-guide)

DO NOT MAKE SEPARATE **INDIVIDUAL** POSTS ASKING:

* what to buy or sell,
* or what bank to buy,
* or what insurance to buy,
* yo share kati samma mathi jancha hola
* IPO ma pareko yo share kun din bechda ramro hola, ajhai 1-2 din parkhine ki nai etc.

will be deleted. Repeat violators will be banned.

Happy Investing!",1,0,2025-01-19 01:15:29+00:00,https://reddit.com/r/NepalStock/comments/1i4mlfs/daily_discussion_thread_sunday_jan_19_2025/,Yo Kinda Kaso Hola
NepalStock,1i44vzn,How much has your returns been on nepse,Fresh_Helicopter_670,"As the title says, what has been your yearly returns and is it better or worse than u had hoped for?",1,0,2025-01-18 10:36:06+00:00,https://reddit.com/r/NepalStock/comments/1i44vzn/how_much_has_your_returns_been_on_nepse/,Market
NepalStock,1i42zlh,Can we secure dividend is we purchased particular stock on book closed date ? ,Deep_Date_8139,I bought ntc on 2nd Jan which was book closed day itself and didn't received cash bonus .,1,0,2025-01-18 08:14:06+00:00,https://reddit.com/r/NepalStock/comments/1i42zlh/can_we_secure_dividend_is_we_purchased_particular/,Trading/Settlement/Payment
NepalStock,1i42yxd,Why nabil is not same anymore or it doesn't hold the previous charm !? ,Deep_Date_8139,"-it is only 15% above the all time high 
-it is the regular most profit earning commercial bank in Nepal 
-NPL is also not that high compared to other institutions being a largest company in this sector.
- PB about 2.13
Is it because of its LTP or sth else ?",1,0,2025-01-18 08:12:35+00:00,https://reddit.com/r/NepalStock/comments/1i42yxd/why_nabil_is_not_same_anymore_or_it_doesnt_hold/,Market
NepalStock,1i3dqx2,Is anyone here investing in foreign stock exchanges while living in Nepal?,Fresh_Helicopter_670,"If so, how are u doing it? 🤔 Through a relative?",1,0,2025-01-17 10:50:22+00:00,https://reddit.com/r/NepalStock/comments/1i3dqx2/is_anyone_here_investing_in_foreign_stock/,Market
NepalStock,1i3az9a,"How do you guys indulge in  trade in the market outside Nepal, crypto , forex, ",withpeople,,1,0,2025-01-17 07:17:57+00:00,https://reddit.com/r/NepalStock/comments/1i3az9a/how_do_you_guys_indulge_in_trade_in_the_market/,Memes/Fun/Laughs
NepalStock,1i3axu5,"How do you guys trade in the market outside Nepal, crypto?",withpeople,,1,0,2025-01-17 07:14:55+00:00,https://reddit.com/r/NepalStock/comments/1i3axu5/how_do_you_guys_trade_in_the_market_outside_nepal/,Memes/Fun/Laughs
NepalStock,1i35jc1,Sana Kisan Bikas Laghubitta Bittiyasanstha Ltd. (SKBBL),[deleted],,1,5,2025-01-17 01:55:00+00:00,https://reddit.com/r/NepalStock/comments/1i35jc1/sana_kisan_bikas_laghubitta_bittiyasanstha_ltd/,Market
NepalStock,1i2sbhz,is holdings only shown when the market is active in nepse mero share?,awJeezWubbaLubbadub,I calculated my WACC before i sold my shares way too before and now that i got the message of doing EDIS i cant see anything in my holdings and i cant see the settlement in transfer shares in mero share.,1,0,2025-01-16 16:08:06+00:00,https://reddit.com/r/NepalStock/comments/1i2sbhz/is_holdings_only_shown_when_the_market_is_active/,Trading/Settlement/Payment
NepalStock,1i2rp5y,Transfer Share ko settlement ma kei pani aayena helpp,awJeezWubbaLubbadub,"Ma naya ho yo market ma need help  
Paila 2 ta IPO pareko thiyo ani maile WACC calculate gardeko thiye holdings ma aayeko pani update gare tara tms account thiyena   
ahile chha ra sell pani gare   
ani WACC already calculated bhancha   
tara Transfer shares ma tyo settlement wala audaina what to do??",1,0,2025-01-16 15:41:00+00:00,https://reddit.com/r/NepalStock/comments/1i2rp5y/transfer_share_ko_settlement_ma_kei_pani_aayena/,Demat/MeroShare
NepalStock,1i2p8sn,Beginners guide didn't helped,Additional-Gift8296,"Malai ipo pareko thiyo ,Ani teslai bechna maile broker id khole ,aaba teha maile bechnu paryo vane teha mero share ma jati dekhako Cha tehi aaspas mero khata ma paisa aaune ho ki kasaile kine pachi aaune ho",1,0,2025-01-16 13:46:00+00:00,https://reddit.com/r/NepalStock/comments/1i2p8sn/beginners_guide_didnt_helped/,Trading/Settlement/Payment
NepalStock,1i2owxm,Global ime bank financial statement for the last quarter,No-Desk4150,Don't see it in their website.  Anyone know where it is?,1,0,2025-01-16 13:29:34+00:00,https://reddit.com/r/NepalStock/comments/1i2owxm/global_ime_bank_financial_statement_for_the_last/,Market
NepalStock,1i2d86u,"Market Weekend Discussion (Thursday Jan 16 - Saturday Jan 18, 2025)",AutoModerator,"Use this post to discuss what to buy/sell/trade/avoid/watch this weekend and in the coming days.

As always, the rules still apply.

**Have a TMS or Meroshare issue? Query about EDIS or collateral? Ask here instead of creating another thread. All queries regarding TMS, MeroShare, Broker Issues, EDIS, Settlement and Payments should be asked here.** DO NOT create another post.

BEGINNER? [**Go here first!**](https://www.reddit.com/r/NepalStock/wiki/beginners-guide)

DO NOT MAKE SEPARATE **INDIVIDUAL** POSTS ASKING:

* what to buy or sell,
* or what bank to buy,
* or what insurance to buy,
* yo share kati samma mathi jancha hola
* IPO ma pareko yo share kun din bechda ramro hola, ajhai 1-2 din parkhine ki nai etc.

will be deleted. Repeat violators will be banned.

Happy Investing!",1,0,2025-01-16 01:15:30+00:00,https://reddit.com/r/NepalStock/comments/1i2d86u/market_weekend_discussion_thursday_jan_16/,Yo Kinda Kaso Hola
NepalStock,1i22jgg,FINANCE NFS and JFL are they over?,[deleted],,2,2,2025-01-15 17:22:13+00:00,https://reddit.com/r/NepalStock/comments/1i22jgg/finance_nfs_and_jfl_are_they_over/,Market
NepalStock,1i1wo7i,Ngpl ko right share ko lagi apply garya reject matrai vanxa k vako ho?,Hot-Conversation2318,.,1,4,2025-01-15 12:50:29+00:00,https://reddit.com/r/NepalStock/comments/1i1wo7i/ngpl_ko_right_share_ko_lagi_apply_garya_reject/,Market
NepalStock,1i1vdny,Maile broker id ta banaye tara mero bank ma balance 0 Cha ,[deleted],,1,2,2025-01-15 11:27:28+00:00,https://reddit.com/r/NepalStock/comments/1i1vdny/maile_broker_id_ta_banaye_tara_mero_bank_ma/,Broker
NepalStock,1i1vdf9,Yo afai kindai afai bechnu ko reason k hola?,mrduck788,,1,0,2025-01-15 11:26:59+00:00,https://reddit.com/r/NepalStock/comments/1i1vdf9/yo_afai_kindai_afai_bechnu_ko_reason_k_hola/,Market
NepalStock,1i1v9cd,When will lock in period of ntc end?,Fresh_Helicopter_670,Yo lock in period sakera kaile promoter shares ordinary shares ma convert huda raicha ntc ko chai? Cant find it nepse alphas promoter shares list,1,0,2025-01-15 11:19:12+00:00,https://reddit.com/r/NepalStock/comments/1i1v9cd/when_will_lock_in_period_of_ntc_end/,Market
NepalStock,1i1uwcf,"What happened to the Bhutanese Ngultrum from 11 January, 2025 to today?",Ok-Round-7606,"What is the sudden spike from Jan 11 about? 

https://preview.redd.it/1hyxkegy05de1.png?width=1342&amp;format=png&amp;auto=webp&amp;s=cec0f12c0fd996454e725409913409833b58043d

https://preview.redd.it/cxq3sq1i15de1.png?width=1362&amp;format=png&amp;auto=webp&amp;s=05a689c47f6cf8c925ef09dc1bd40fc2b32667a2",0,2,2025-01-15 10:53:59+00:00,https://reddit.com/r/NepalStock/comments/1i1uwcf/what_happened_to_the_bhutanese_ngultrum_from_11/,Economy
NepalStock,1i1tq19,Green life hydro and Union hydro seems promising,KM-2058_01_01,"https://preview.redd.it/vhevzk43l4de1.png?width=795&amp;format=png&amp;auto=webp&amp;s=00331862c46b394179910c409e54a2ae10dd57f9

Union hydro has been triming it debt like a Pro, 89MW project pending to get construction lisence.......................",1,0,2025-01-15 09:23:50+00:00,https://reddit.com/r/NepalStock/comments/1i1tq19/green_life_hydro_and_union_hydro_seems_promising/,Market
NepalStock,1i1s0bs,How is CBBL as a company ? ,pyuraa,"cosistently dividend ra bonus ni dirako recha, i had bought some years ago and wanted to average now",1,0,2025-01-15 07:09:03+00:00,https://reddit.com/r/NepalStock/comments/1i1s0bs/how_is_cbbl_as_a_company/,Market
NepalStock,1i1rlad,Anyone 4 kitta of NICA,[deleted],,1,3,2025-01-15 06:38:45+00:00,https://reddit.com/r/NepalStock/comments/1i1rlad/anyone_4_kitta_of_nica/,Market
NepalStock,1i1rgcq,Loading ma adkirako xa,Motor-Ostrich3483,"Tms open garna khojda loading matra vnxa, khuldaina 1 ghanta vaisako. K grne hola?",1,0,2025-01-15 06:29:12+00:00,https://reddit.com/r/NepalStock/comments/1i1rgcq/loading_ma_adkirako_xa/,Online/TMS
NepalStock,1i1qzoi,"What does this mean, how is there no buyers?",bladerunner049,https://preview.redd.it/qctugrlsk3de1.png?width=1481&amp;format=png&amp;auto=webp&amp;s=7bd2621f121dc0542f37bb4e1c3ecc4d718d633f,1,0,2025-01-15 05:58:01+00:00,https://reddit.com/r/NepalStock/comments/1i1qzoi/what_does_this_mean_how_is_there_no_buyers/,Market
NepalStock,1i1lxpx,"Daily Discussion Thread (Wednesday - Jan 15, 2025)",AutoModerator,"Use this post to discuss what to buy/sell/trade/avoid/watch today and in the coming days.

As always, the rules still apply.

**Have a TMS or Meroshare issue? Query about EDIS or collateral? Ask here instead of creating another thread. All queries regarding TMS, MeroShare, Broker issues, EDIS, Settlement and Payments should be asked here.** &gt;!DO NOT create another post.!&lt;

BEGINNER? [**Go here first!**](https://www.reddit.com/r/NepalStock/wiki/beginners-guide)

DO NOT MAKE SEPARATE **INDIVIDUAL** POSTS ASKING:

* what to buy or sell,
* or what bank to buy,
* or what insurance to buy,
* yo share kati samma mathi jancha hola
* IPO ma pareko yo share kun din bechda ramro hola, ajhai 1-2 din parkhine ki nai etc.

will be deleted. Repeat violators will be banned.

Happy Investing!",1,0,2025-01-15 01:15:39+00:00,https://reddit.com/r/NepalStock/comments/1i1lxpx/daily_discussion_thread_wednesday_jan_15_2025/,Yo Kinda Kaso Hola
NepalStock,1i1bfzx,200k k ma invest grda thik hola,associativelyfucked,Ma saga 200k jati cash xa. Aeley nepse ma kasto sector ma stock ma invest grda thik hola plz give me sugeestion guys. I can hols for upto 1 month also.,1,0,2025-01-14 17:31:37+00:00,https://reddit.com/r/NepalStock/comments/1i1bfzx/200k_k_ma_invest_grda_thik_hola/,Market
NepalStock,1i16jbf,Nic Asia Dynamic Debt Fund Kasari Sell garne?,Bibek44,Guys haru mero nic asia dynamic debt fund ko unit haru bechnu parne xa . Maile youtube tira here anusar sip cancellation form ra arko debit instruction slip capital ko chahido raixa . Yo cancellation form ta online paiyo yo arko form chai ka bata nikalne . HELP gardim na koi lai idea xa vane.,1,0,2025-01-14 13:53:48+00:00,https://reddit.com/r/NepalStock/comments/1i16jbf/nic_asia_dynamic_debt_fund_kasari_sell_garne/,Debentures/Bonds
NepalStock,1i0wpfl,Help regarding buying shares or promoter share.,Lazarus_JB,,1,0,2025-01-14 03:17:43+00:00,https://reddit.com/r/NepalStock/comments/1i0wpfl/help_regarding_buying_shares_or_promoter_share/,Market
NepalStock,1i0u9bk,"Daily Discussion Thread (Tuesday - Jan 14, 2025)",AutoModerator,"Use this post to discuss what to buy/sell/trade/avoid/watch today and in the coming days.

As always, the rules still apply.

**Have a TMS or Meroshare issue? Query about EDIS or collateral? Ask here instead of creating another thread. All queries regarding TMS, MeroShare, Broker issues, EDIS, Settlement and Payments should be asked here.** &gt;!DO NOT create another post.!&lt;

BEGINNER? [**Go here first!**](https://www.reddit.com/r/NepalStock/wiki/beginners-guide)

DO NOT MAKE SEPARATE **INDIVIDUAL** POSTS ASKING:

* what to buy or sell,
* or what bank to buy,
* or what insurance to buy,
* yo share kati samma mathi jancha hola
* IPO ma pareko yo share kun din bechda ramro hola, ajhai 1-2 din parkhine ki nai etc.

will be deleted. Repeat violators will be banned.

Happy Investing!",1,0,2025-01-14 01:15:31+00:00,https://reddit.com/r/NepalStock/comments/1i0u9bk/daily_discussion_thread_tuesday_jan_14_2025/,Yo Kinda Kaso Hola
NepalStock,1i0tegu,HOW DO I START IN SHARE MARKET?,highflyer0322,"I have been applying IPOs for a while now and have accumulated a small portfolio too. Now I want to start investing in the secondary market and trading some of the stocks I have. I have all the necessary subscriptions like TMS and all.    
Could anybody suggest me some videos, books on how I should approach the share market as a beginner?  
It is not that I haven't searched for it myself, but I haven't found what I've been looking for. I am looking for videos /books that will help me learn about the markers of the share market in Nepal and help me decide on the value of the stocks rather than being dependent upon analysis of others.  


Thank you in advance!",1,0,2025-01-14 00:34:58+00:00,https://reddit.com/r/NepalStock/comments/1i0tegu/how_do_i_start_in_share_market/,Advice
NepalStock,1i0jsj6,ANY IDEA ABOUT DEBENTURES ,Temporary-Buy6482,"Any idea about how to invest in debuntures. Does it give fixed returns like 10% annually. Any one who has done it?
What about government bonds are they safe too?",1,0,2025-01-13 17:48:04+00:00,https://reddit.com/r/NepalStock/comments/1i0jsj6/any_idea_about_debentures/,Debentures/Bonds
NepalStock,1i0fmv4,User Name Mis-Matched,Abishek79,"I had opened a DEMAT account of my mom through Nic Asia by online method i accidentally wrote wrong Name in the details which was not matching with my mother's Citizen ship 
It wrote Laxmi but it was Bhawani in Her citizenship.But Nic asia opened Her Demat account with the name laxmi Nyaupane but When i go to the branch to get the crn and MeroShare they stated this problem so me and my mom went to global ime bank and fill a agreement to change the name and bring it to the nic asia bank then after some days i got the mero share and crn details by email but in mero share it states the name Laxmi till now
And i want to open a trading account now will i face any problem and why is the the name not changed even after doing all the work if you have any knowledge please provide.",1,0,2025-01-13 14:50:59+00:00,https://reddit.com/r/NepalStock/comments/1i0fmv4/user_name_mismatched/,Demat/MeroShare
NepalStock,1i0f90q,How to check SIP balance?,Toxicann,"Probably a noob question, but can someone tell me how do I check my SIP balance? I looked online but couldn't find anything regarding this.

NMB Saral bachat fund is what I am investing in.

Thanks in advance 😊",1,0,2025-01-13 14:32:51+00:00,https://reddit.com/r/NepalStock/comments/1i0f90q/how_to_check_sip_balance/,Mutual Funds
NepalStock,1i0d5z8,Nicasia agm is still no declared ,Tough-Bit-6515,Whats wrong with nica.. still no agm??? Or something else going on???,1,0,2025-01-13 12:47:29+00:00,https://reddit.com/r/NepalStock/comments/1i0d5z8/nicasia_agm_is_still_no_declared/,Market
NepalStock,1i0a0u6,What's going on... kasari,not-me-none,"Yo kasari .79 rakhya?? (Decimal paxi tw only 1 digit permitted hi tw software mai then...)
Kaisa?",1,0,2025-01-13 09:07:18+00:00,https://reddit.com/r/NepalStock/comments/1i0a0u6/whats_going_on_kasari/,Market
NepalStock,1i09rqb,NICA 4 kitta ODD LOT...,[deleted],,1,4,2025-01-13 08:47:20+00:00,https://reddit.com/r/NepalStock/comments/1i09rqb/nica_4_kitta_odd_lot/,Market
NepalStock,1i07rc7,share not listed in tms dashboard,ExtensionNew1980,"jiwwan kai first share hijo maile  kine, paxi payment setlement ni gare 5 baje tira,, kine ko share tms dashboard ma xaina ,, settlement garna dhilo vayo ki? collateral ko balance kattisakeko x,, k galti vo?",1,0,2025-01-13 06:18:15+00:00,https://reddit.com/r/NepalStock/comments/1i07rc7/share_not_listed_in_tms_dashboard/,Market
NepalStock,1i072fa,Odd lot alert!! NYADI 7 kitta @ lowest possible price,Top_Nectarine_146,if interested leave a comment I will set price as you want,1,0,2025-01-13 05:32:35+00:00,https://reddit.com/r/NepalStock/comments/1i072fa/odd_lot_alert_nyadi_7_kitta_lowest_possible_price/,Market
NepalStock,1i02ee3,"Daily Discussion Thread (Monday - Jan 13, 2025)",AutoModerator,"Use this post to discuss what to buy/sell/trade/avoid/watch today and in the coming days.

As always, the rules still apply.

**Have a TMS or Meroshare issue? Query about EDIS or collateral? Ask here instead of creating another thread. All queries regarding TMS, MeroShare, Broker issues, EDIS, Settlement and Payments should be asked here.** &gt;!DO NOT create another post.!&lt;

BEGINNER? [**Go here first!**](https://www.reddit.com/r/NepalStock/wiki/beginners-guide)

DO NOT MAKE SEPARATE **INDIVIDUAL** POSTS ASKING:

* what to buy or sell,
* or what bank to buy,
* or what insurance to buy,
* yo share kati samma mathi jancha hola
* IPO ma pareko yo share kun din bechda ramro hola, ajhai 1-2 din parkhine ki nai etc.

will be deleted. Repeat violators will be banned.

Happy Investing!",1,0,2025-01-13 01:15:30+00:00,https://reddit.com/r/NepalStock/comments/1i02ee3/daily_discussion_thread_monday_jan_13_2025/,Yo Kinda Kaso Hola
NepalStock,1hzop26,DP Holdings load vayena tms account ma,pinkyponkymonkey,Mero new tms account kholeko aja... meroshare ma vako share kittaharu tmsko dp holdings ma dekhayena kina hola ..?,1,0,2025-01-12 15:11:08+00:00,https://reddit.com/r/NepalStock/comments/1hzop26/dp_holdings_load_vayena_tms_account_ma/,Online/TMS
NepalStock,1hzkpta,Market aba chai badhnu parne ho,not-me-none,"Finally ( the longest hold STOCK, I ever did.. ~1.4 months), I sold it today at the very last secs... with 10% LOSS... badhxa badhxa vanda vandai, uhile SL garnu parne thyo did aile matra...!!

So technically fundamentally j hos... aba chai badhnu parxa.... especially NICA(which I just exited haha)
(May be vayena vane.. ajhai 4 kitta sell varainxa so that effect... anyway, lmk if you're interested...)

*ma chai like with low(very low: ~ &lt;=100/2k cap vako wala ho... hhh)!!",1,0,2025-01-12 11:25:04+00:00,https://reddit.com/r/NepalStock/comments/1hzkpta/market_aba_chai_badhnu_parne_ho/,Market
NepalStock,1hzjinf,Cryptocurrency buy/sale,Puzzled_Computer_504,,1,0,2025-01-12 09:56:53+00:00,https://reddit.com/r/NepalStock/comments/1hzjinf/cryptocurrency_buysale/,Misc
NepalStock,1hzjdyy,"PI Coin , those whoever have it, i will pay you for it ",[deleted],,1,4,2025-01-12 09:47:07+00:00,https://reddit.com/r/NepalStock/comments/1hzjdyy/pi_coin_those_whoever_have_it_i_will_pay_you_for/,Economy
NepalStock,1hzj8mu,"HEI SELL 5 kitta ,NBL SELL 3 kitta",withpeople,At cheapest rate.,1,0,2025-01-12 09:35:59+00:00,https://reddit.com/r/NepalStock/comments/1hzj8mu/hei_sell_5_kitta_nbl_sell_3_kitta/,Trading/Settlement/Payment
NepalStock,1hzj4ls,NICA ko 4 kittaaaaaaaaa,not-me-none,"Anyone interested...
Kasto mistake gare... sold but got left with 4 kitta...
Anyone willingly to get..?",1,0,2025-01-12 09:27:35+00:00,https://reddit.com/r/NepalStock/comments/1hzj4ls/nica_ko_4_kittaaaaaaaaa/,Trading/Settlement/Payment
NepalStock,1hzh94b,Is tms down for u all too?,Fresh_Helicopter_670,Internal server error bancha login garna khojda,1,0,2025-01-12 07:09:07+00:00,https://reddit.com/r/NepalStock/comments/1hzh94b/is_tms_down_for_u_all_too/,Trading/Settlement/Payment
NepalStock,1hzet70,Changing demat's default bank,Material-Aspect8617,I already have a demat account in NICA and I don't like that bank. Can I change to different bank for that demat number? or any other possible solution?,1,0,2025-01-12 04:31:53+00:00,https://reddit.com/r/NepalStock/comments/1hzet70/changing_demats_default_bank/,Market
NepalStock,1hzbu4b,Joining close memeber group really worth it?,NoRecognition6491,Around 2k fees for a month.are those class really helps to maximise portfolio or should i do it myself?,0,1,2025-01-12 01:47:30+00:00,https://reddit.com/r/NepalStock/comments/1hzbu4b/joining_close_memeber_group_really_worth_it/,Market
NepalStock,1hzb7wh,"Daily Discussion Thread (Sunday - Jan 12, 2025)",AutoModerator,"Use this post to discuss what to buy/sell/trade/avoid/watch today and in the coming days.

As always, the rules still apply.

**Have a TMS or Meroshare issue? Query about EDIS or collateral? Ask here instead of creating another thread. All queries regarding TMS, MeroShare, Broker issues, EDIS, Settlement and Payments should be asked here.** &gt;!DO NOT create another post.!&lt;

BEGINNER? [**Go here first!**](https://www.reddit.com/r/NepalStock/wiki/beginners-guide)

DO NOT MAKE SEPARATE **INDIVIDUAL** POSTS ASKING:

* what to buy or sell,
* or what bank to buy,
* or what insurance to buy,
* yo share kati samma mathi jancha hola
* IPO ma pareko yo share kun din bechda ramro hola, ajhai 1-2 din parkhine ki nai etc.

will be deleted. Repeat violators will be banned.

Happy Investing!",1,1,2025-01-12 01:15:28+00:00,https://reddit.com/r/NepalStock/comments/1hzb7wh/daily_discussion_thread_sunday_jan_12_2025/,Yo Kinda Kaso Hola
NepalStock,1hyulpm,I'm looking for someone to collect data for me. Willing to pay accordingly.,Hovercraft7318,Hi please DM me if interested.,1,0,2025-01-11 12:11:36+00:00,https://reddit.com/r/NepalStock/comments/1hyulpm/im_looking_for_someone_to_collect_data_for_me/,Market
NepalStock,1hyrem6,Prabhu cable car shares,[deleted],,1,3,2025-01-11 08:14:52+00:00,https://reddit.com/r/NepalStock/comments/1hyrem6/prabhu_cable_car_shares/,IPO/FPO
NepalStock,1hycsz2,What stocks  should I purchase for mid term hold,raymonnray,,2,2,2025-01-10 19:34:56+00:00,https://reddit.com/r/NepalStock/comments/1hycsz2/what_stocks_should_i_purchase_for_mid_term_hold/,Advice
NepalStock,1hy1c1z,Regarding CRN Number from NIC ASIA,ZestycloseSyrup159,"I made a demat and meroshare account from a broker.I registered for CRN number in NIC Asia. Now i have the CRN but they have linked it with demat from their bank.So, in my MEROSHARE profile it shows CRN number not registered.What should I do now?",1,0,2025-01-10 10:15:06+00:00,https://reddit.com/r/NepalStock/comments/1hy1c1z/regarding_crn_number_from_nic_asia/,Demat/MeroShare
NepalStock,1hxxzwd,Can we hold forever in nepse? ,imchillasff,Loss bhayo vaney auto stop loss hit huney hunxa ta?,1,0,2025-01-10 06:08:22+00:00,https://reddit.com/r/NepalStock/comments/1hxxzwd/can_we_hold_forever_in_nepse/,Market
NepalStock,1hxxn0t,NEPSE not opening in friday(2025)?,Winter_Building7129,"It's currently 11:30 AM on Friday, and I heard that NEPSE opens from 11:00 AM to 1:00 PM on Fridays. However, when I visit the site, it says it's closed. What am I doing wrong?",1,0,2025-01-10 05:46:33+00:00,https://reddit.com/r/NepalStock/comments/1hxxn0t/nepse_not_opening_in_friday2025/,Market
NepalStock,1hxrut8,Does anyone know Basanta Pandey from Bajarko Chirfar who gives his views on NEPSE? ,LearnKiran,"I’ve come across Basanta Pandey, known for sharing his thoughts on NEPSE, especially through Bajarko Chirfar. His opinions seem quite engaging, but I’m curious to know what others think about him.

-Have you followed his views on the stock market?
-Do you find his analysis accurate or insightful?
-How credible is he as a source of stock market information?

Would love to hear your thoughts and experiences if you’re familiar with his work!",1,0,2025-01-10 00:32:17+00:00,https://reddit.com/r/NepalStock/comments/1hxrut8/does_anyone_know_basanta_pandey_from_bajarko/,Advice
NepalStock,1hxfoqx,Is It Wise to Invest in a Low-Liquidity Stock Like NLO?,Winter_Building7129,"I recently discovered that NLO is a highly undervalued company with great potential. It's growing rapidly and currently ranks 4th in the manufacturing sector on NEPSE. However, nearly 100% of its shares are held by investors, leading to low liquidity.

When I checked how many are bought/sold there are around 50-70 shares bought/sold each month.

I plan to buy around 10 shares of NLO, but I'm concerned about liquidity. If I decide to sell later, will there be enough buyers interested in purchasing my 10 shares?

There isn’t much data available about the stock because it’s traded so infrequently, which makes it difficult to compare. Would love to hear your thoughts!",1,0,2025-01-09 15:47:18+00:00,https://reddit.com/r/NepalStock/comments/1hxfoqx/is_it_wise_to_invest_in_a_lowliquidity_stock_like/,Advice
NepalStock,1hxbofc,stock market guff gaaf anyone?,that_brutalMAN,,1,1,2025-01-09 12:26:36+00:00,https://reddit.com/r/NepalStock/comments/1hxbofc/stock_market_guff_gaaf_anyone/,Market
NepalStock,1hx9wdn,CDSC CKYC (Global Capital) ,Ok_Pirate4244,I just got a new Demat Account from Global IME Capital and the mail had a disclaimer to fill CDSC CKYC. I didn't need to do this during the other Demat accounts. Is it compulsory to fill it ? Will I not get my Meroshare ID password until then ?,2,1,2025-01-09 10:26:51+00:00,https://reddit.com/r/NepalStock/comments/1hx9wdn/cdsc_ckyc_global_capital/,Broker
NepalStock,1hx8nkh,FPO not allotted ko paisa return kailee hunxa ?,Sagar_kunwar764,,1,11,2025-01-09 08:51:31+00:00,https://reddit.com/r/NepalStock/comments/1hx8nkh/fpo_not_allotted_ko_paisa_return_kailee_hunxa/,IPO/FPO
NepalStock,1hx8104,Garima Sambriddhi fund not showing in my Meroshare yet!,reddit4rms,,0,0,2025-01-09 08:03:04+00:00,https://reddit.com/r/NepalStock/comments/1hx8104/garima_sambriddhi_fund_not_showing_in_my/,Market
NepalStock,1hx8091,"Why have regulatory bodies taken no action despite clear signs of manipulation? Is this practice prevalent in stock exchanges globally, or is it unique to NEPSE?",Top_Nectarine_146,,9,6,2025-01-09 08:01:38+00:00,https://reddit.com/r/NepalStock/comments/1hx8091/why_have_regulatory_bodies_taken_no_action/,Market
NepalStock,1hx3o0f,Subscription based services ,Ok-Background9860,"Has any one here taken subscription on ansu invest, money mitra or others is it worth it and has anyone  earned any money based on their advice and research yet please let me know i was in doubt if i should purchase it.",1,0,2025-01-09 03:33:02+00:00,https://reddit.com/r/NepalStock/comments/1hx3o0f/subscription_based_services/,Market
NepalStock,1hx0qwg,"Market Weekend Discussion (Thursday Jan 09 - Saturday Jan 11, 2025)",AutoModerator,"Use this post to discuss what to buy/sell/trade/avoid/watch this weekend and in the coming days.

As always, the rules still apply.

**Have a TMS or Meroshare issue? Query about EDIS or collateral? Ask here instead of creating another thread. All queries regarding TMS, MeroShare, Broker Issues, EDIS, Settlement and Payments should be asked here.** DO NOT create another post.

BEGINNER? [**Go here first!**](https://www.reddit.com/r/NepalStock/wiki/beginners-guide)

DO NOT MAKE SEPARATE **INDIVIDUAL** POSTS ASKING:

* what to buy or sell,
* or what bank to buy,
* or what insurance to buy,
* yo share kati samma mathi jancha hola
* IPO ma pareko yo share kun din bechda ramro hola, ajhai 1-2 din parkhine ki nai etc.

will be deleted. Repeat violators will be banned.

Happy Investing!",1,0,2025-01-09 01:15:30+00:00,https://reddit.com/r/NepalStock/comments/1hx0qwg/market_weekend_discussion_thursday_jan_09/,Yo Kinda Kaso Hola
NepalStock,1hwnbii,Share bought but not shown in meroshare,SignificantShallot58,After how days will my shares will update in meroshare account. Please tell me what to do?,1,0,2025-01-08 15:53:29+00:00,https://reddit.com/r/NepalStock/comments/1hwnbii/share_bought_but_not_shown_in_meroshare/,Trading/Settlement/Payment
NepalStock,1hwfu9h,NICA sold or hold huh,[deleted],,1,5,2025-01-08 09:05:16+00:00,https://reddit.com/r/NepalStock/comments/1hwfu9h/nica_sold_or_hold_huh/,Market
NepalStock,1hweucf,Sanima bankkkkkkkkkkkk,That-Vegetable5106,Is it wise to buy sanima ko shares in the current price and scenario?,1,0,2025-01-08 07:58:29+00:00,https://reddit.com/r/NepalStock/comments/1hweucf/sanima_bankkkkkkkkkkkk/,Market
NepalStock,1hwauxf,About River Falls Power Limited (RFPL),Small_Letter_5428,Do you have any idea how RFPL stock. It is Increasing daily. What can be the reason behind this? any news in the market?,1,0,2025-01-08 03:58:07+00:00,https://reddit.com/r/NepalStock/comments/1hwauxf/about_river_falls_power_limited_rfpl/,Market
NepalStock,1hw8jce,Hydro ko price ko barema ,FigureProper5303,The news of kulman ghising about government trying to remove him...will this effect in the share prices of hydros?,1,0,2025-01-08 01:59:50+00:00,https://reddit.com/r/NepalStock/comments/1hw8jce/hydro_ko_price_ko_barema/,Market
NepalStock,1hw7n1f,"Daily Discussion Thread (Wednesday - Jan 08, 2025)",AutoModerator,"Use this post to discuss what to buy/sell/trade/avoid/watch today and in the coming days.

As always, the rules still apply.

**Have a TMS or Meroshare issue? Query about EDIS or collateral? Ask here instead of creating another thread. All queries regarding TMS, MeroShare, Broker issues, EDIS, Settlement and Payments should be asked here.** &gt;!DO NOT create another post.!&lt;

BEGINNER? [**Go here first!**](https://www.reddit.com/r/NepalStock/wiki/beginners-guide)

DO NOT MAKE SEPARATE **INDIVIDUAL** POSTS ASKING:

* what to buy or sell,
* or what bank to buy,
* or what insurance to buy,
* yo share kati samma mathi jancha hola
* IPO ma pareko yo share kun din bechda ramro hola, ajhai 1-2 din parkhine ki nai etc.

will be deleted. Repeat violators will be banned.

Happy Investing!",1,0,2025-01-08 01:15:29+00:00,https://reddit.com/r/NepalStock/comments/1hw7n1f/daily_discussion_thread_wednesday_jan_08_2025/,Yo Kinda Kaso Hola
NepalStock,1hvtqy2,can we cancel the IPO application after successful application?,Laxman_12,"my friend mistakenly applied 100 units for the IPO instead of 10 units  
I know we can edit the IPO application before it is verified by the bank  
but can we cancel the IPO application once it is verified  
can we do it by contacting the bank or any other method   
or will the fund be blocked as usual up to the IPO Result  
has anyone faced this issue and found a solution regarding this issue?",1,0,2025-01-07 15:21:43+00:00,https://reddit.com/r/NepalStock/comments/1hvtqy2/can_we_cancel_the_ipo_application_after/,IPO/FPO
NepalStock,1hvpkzq,When will the turn for banks increase come?,Negative_Gur_4737,"4 years vayo aba next badne bank nai ho vanne suneko, aajai ne tye nai kura hunxa “aba ta bank nai badne ho”. Baru hydro and finance sector le kamaye.

Fundamental analysis ra basic principles kam nai xaina Nepse ma. World ko 90% financial market ma investment will win over trading. But there is no place for long term investment in nepse.",1,0,2025-01-07 11:41:13+00:00,https://reddit.com/r/NepalStock/comments/1hvpkzq/when_will_the_turn_for_banks_increase_come/,Market
NepalStock,1hvpe7u,anyone here using chukul for automatic portfolio system,Jazzlike-Cat-3714,"I came across one of chukul video that they are claiming they have automatic portfolio system. they are saying that we need to register tms for it.
anyone using it?? if so do you have to provide ur credential to them?",1,0,2025-01-07 11:28:42+00:00,https://reddit.com/r/NepalStock/comments/1hvpe7u/anyone_here_using_chukul_for_automatic_portfolio/,Softwares
NepalStock,1hvpccc,anyone here use chukul for automatic trading ,Effective-Quarter-95,,1,1,2025-01-07 11:25:15+00:00,https://reddit.com/r/NepalStock/comments/1hvpccc/anyone_here_use_chukul_for_automatic_trading/,Softwares
NepalStock,1hvn5fk,How prevelant do u think circle trading is in nepse? Does the government have any specific rules against it,Fresh_Helicopter_670,"Circle trading banale manche haru afu afanta sathi haru bich mei kin bech garera price badaune  raicha, yesko against ma niyam kei cha ta nepal ma?",1,0,2025-01-07 08:40:50+00:00,https://reddit.com/r/NepalStock/comments/1hvn5fk/how_prevelant_do_u_think_circle_trading_is_in/,Market
NepalStock,1hvj2by,kineko share khaata ma aayena ,Entire-Bookkeeper856,,1,1,2025-01-07 04:12:10+00:00,https://reddit.com/r/NepalStock/comments/1hvj2by/kineko_share_khaata_ma_aayena/,Market
NepalStock,1hvizpw,RFPL SHARE SOLD gareko Paisa kati paunu parxa??? Please Help,Key_Advance4080,,1,0,2025-01-07 04:08:11+00:00,https://reddit.com/r/NepalStock/comments/1hvizpw/rfpl_share_sold_gareko_paisa_kati_paunu_parxa/,Trading/Settlement/Payment
NepalStock,1hviwks,Payment NOT yet received after 15 days of selling,Unique-North9929,,1,1,2025-01-07 04:03:25+00:00,https://reddit.com/r/NepalStock/comments/1hviwks/payment_not_yet_received_after_15_days_of_selling/,Broker
NepalStock,1hvfkdr,"Daily Discussion Thread (Tuesday - Jan 07, 2025)",AutoModerator,"Use this post to discuss what to buy/sell/trade/avoid/watch today and in the coming days.

As always, the rules still apply.

**Have a TMS or Meroshare issue? Query about EDIS or collateral? Ask here instead of creating another thread. All queries regarding TMS, MeroShare, Broker issues, EDIS, Settlement and Payments should be asked here.** &gt;!DO NOT create another post.!&lt;

BEGINNER? [**Go here first!**](https://www.reddit.com/r/NepalStock/wiki/beginners-guide)

DO NOT MAKE SEPARATE **INDIVIDUAL** POSTS ASKING:

* what to buy or sell,
* or what bank to buy,
* or what insurance to buy,
* yo share kati samma mathi jancha hola
* IPO ma pareko yo share kun din bechda ramro hola, ajhai 1-2 din parkhine ki nai etc.

will be deleted. Repeat violators will be banned.

Happy Investing!",1,0,2025-01-07 01:15:08+00:00,https://reddit.com/r/NepalStock/comments/1hvfkdr/daily_discussion_thread_tuesday_jan_07_2025/,Yo Kinda Kaso Hola
NepalStock,1hv90rc,Anyone knows how to invest in India??,Dreammind6016,"Know it's a group for Nepal stuff but..

Just finished bachelors in India ani maybe will work here for experience. Don't know the rules here for investing as a foreigner. Google ko bhar chaina.  Je ni lekhdinchha. Haven't made reliable connections to learn about indian market. 

Kasailai process thha chha bhane help me out pls.",1,0,2025-01-06 20:32:11+00:00,https://reddit.com/r/NepalStock/comments/1hv90rc/anyone_knows_how_to_invest_in_india/,Market
NepalStock,1hv2kco,SIP bhaneko chai k ho ?,Ok_Assignment7951,Yo SIP garne bhanera bhaneko sun chu tara k ho nai bujhina. SIP garnu ramro ho ra ? Yo SIP bhanne kura how does it work ?,1,0,2025-01-06 16:10:32+00:00,https://reddit.com/r/NepalStock/comments/1hv2kco/sip_bhaneko_chai_k_ho/,Economy
NepalStock,1hv296i,Where do I invest currently?,Ok_Assignment7951,So I was planning to do some investment ani kata garne kata garne bhayo ? Share ma invest garam bhaneko aba trading garam ki invest? Ra kun ma garam ?,1,0,2025-01-06 15:57:37+00:00,https://reddit.com/r/NepalStock/comments/1hv296i/where_do_i_invest_currently/,Market
NepalStock,1huys3i,Software or AI tools for stock prediction,Front_Intention4392,"Are there any good software or AI-driven tools that are avalable to facilitate informed decisions regarding stock transactions (buy, sell, or hold)?  What level of effectiveness can be reasonably expected from such tools?",1,0,2025-01-06 13:18:14+00:00,https://reddit.com/r/NepalStock/comments/1huys3i/software_or_ai_tools_for_stock_prediction/,Market
NepalStock,1hutlg4,How does the cheque collateral work in TMS in NEPSE?,ceezaay,,1,0,2025-01-06 07:23:30+00:00,https://reddit.com/r/NepalStock/comments/1hutlg4/how_does_the_cheque_collateral_work_in_tms_in/,Broker
NepalStock,1hut1dw,Can someone explain me how the cheque collateral works in TMS?,ceezaay,,1,0,2025-01-06 06:44:09+00:00,https://reddit.com/r/NepalStock/comments/1hut1dw/can_someone_explain_me_how_the_cheque_collateral/,Trading/Settlement/Payment
NepalStock,1humz0w,"Daily Discussion Thread (Monday - Jan 06, 2025)",AutoModerator,"Use this post to discuss what to buy/sell/trade/avoid/watch today and in the coming days.

As always, the rules still apply.

**Have a TMS or Meroshare issue? Query about EDIS or collateral? Ask here instead of creating another thread. All queries regarding TMS, MeroShare, Broker issues, EDIS, Settlement and Payments should be asked here.** &gt;!DO NOT create another post.!&lt;

BEGINNER? [**Go here first!**](https://www.reddit.com/r/NepalStock/wiki/beginners-guide)

DO NOT MAKE SEPARATE **INDIVIDUAL** POSTS ASKING:

* what to buy or sell,
* or what bank to buy,
* or what insurance to buy,
* yo share kati samma mathi jancha hola
* IPO ma pareko yo share kun din bechda ramro hola, ajhai 1-2 din parkhine ki nai etc.

will be deleted. Repeat violators will be banned.

Happy Investing!",1,0,2025-01-06 01:15:08+00:00,https://reddit.com/r/NepalStock/comments/1humz0w/daily_discussion_thread_monday_jan_06_2025/,Yo Kinda Kaso Hola
NepalStock,1huag05,GrowMore Technical Analysis Course,CommunicationHot9904,What do u say regarding this ongoing technical analysis course of growmore/nepalipaisa.its a 30day long course of 2hr class.class miss bhayeni u get the class recorded everyday.they are also providing a dummy tms balance of 10lakh to practice trade.fee chai 10k rahecha 50%prepayment class sakesi other 50% ni tirna milcha re. should i join as a begineer to the market?,1,0,2025-01-05 16:14:54+00:00,https://reddit.com/r/NepalStock/comments/1huag05/growmore_technical_analysis_course/,Advice
NepalStock,1hu7nhd,Call for Members: Let's Learn Trading and Investment Together!,StunningEast5,"Hi all. I’ve been dabbling in trading with limited knowledge, and honestly, my profits and losses feel more like a coin toss. That’s why I’ve decided to take this seriously by learning more about trading strategies and long-term investment. And here’s where you come in—I’m looking for like-minded beginners who want to join me on this journey of learning and growth.

The goal is to build a supportive group where we can:

1. **Create a Learning Roadmap**: We’ll outline detailed topics to master the basics of trading and investment, especially focusing on **NEPSE (Nepal Stock Exchange)**.
2. **Seek Expert Guidance**: We’ll reach out to experienced traders and investors to see if they can share their insights and guide us along the way.
3. **Document and Share Resources**: As we learn, we’ll document everything and compile it into a resource that can help other beginners too.
4. **Regular Virtual Meetups**: We’ll meet once every two days (or daily, based on availability) to share findings, brainstorm ideas, and discuss what we’ve learned. I’ll make sure the sessions are structured to keep things focused and productive.

If this sounds interesting to you, drop me a DM or share your email, and let’s discuss how we can move forward. Whether you’re completely new or have some experience, all are welcome! Let’s learn, grow, and succeed together.

Note: For time commitment, apart from your self-learning, we could have a virtual call for up to maximum of 1 hour.",1,0,2025-01-05 14:01:10+00:00,https://reddit.com/r/NepalStock/comments/1hu7nhd/call_for_members_lets_learn_trading_and/,Advice
NepalStock,1hu7lhl,Can I buy mutual funds that were issued few years back? ,justwatchin__04,"Hi all, new to investing here. I want to invest in close ended mutual funds. Yesma invest Garda Kati capital needed cha? Ani can I buy the ones that are doing well or have to pick one that will be issued soon? Also where can I buy them from? Mero Share mai dekaucha ho?",1,0,2025-01-05 13:58:17+00:00,https://reddit.com/r/NepalStock/comments/1hu7lhl/can_i_buy_mutual_funds_that_were_issued_few_years/,Mutual Funds
NepalStock,1hu3h2d,Which is the Best Broker for Share Trading?,Ordinary-Concern-405,"Hello, I am trying to invest in a secondary share market. Not much but trying to invest steadily. Something like 5k every month. And I know nothing about Brokers in Nepal. So can you suggest to me which is the best broker account? Also, can I open these accounts online?",1,0,2025-01-05 09:56:33+00:00,https://reddit.com/r/NepalStock/comments/1hu3h2d/which_is_the_best_broker_for_share_trading/,Broker
NepalStock,1hu1dzr,Mutual Fund After Maturity Period.,LegitimateApricot790,How long does it take for a mutual fund to credit the money after its maturity period? I bought SAEF and it had its maturity on Dec 23 and still has not distributed the capital. Will there be any differences in distribution of capital in regards to NAV? Its NAV was 11.68 or something similar.,2,3,2025-01-05 08:07:42+00:00,https://reddit.com/r/NepalStock/comments/1hu1dzr/mutual_fund_after_maturity_period/,Market
NepalStock,1htzovu,Need to sell odd 5 kitta of TSHL.,LearnKiran,Anyone who is buying here? I will be selling it on minimum prize.,1,0,2025-01-05 06:36:00+00:00,https://reddit.com/r/NepalStock/comments/1htzovu/need_to_sell_odd_5_kitta_of_tshl/,Bonus Share/Dividend
NepalStock,1htzhjt,Is it good to sell mutual fund now,Unlikely_Ad_1776,I am a beginner and I didn't have any idea about the close ended mutual fund whether to fill it or not . So I have two mutual fund . After it shows up in portfolio. Will be I able to sell it or not . If yes will it be a loss.,1,0,2025-01-05 06:22:35+00:00,https://reddit.com/r/NepalStock/comments/1htzhjt/is_it_good_to_sell_mutual_fund_now/,IPO/FPO
NepalStock,1htz60f,Need to sell odd kitta ,[deleted],,0,3,2025-01-05 06:01:47+00:00,https://reddit.com/r/NepalStock/comments/1htz60f/need_to_sell_odd_kitta/,Bonus Share/Dividend
NepalStock,1htxmxi,ULBSL 6 KITTA ON SALE,Foreign_List485,Anyone there to buy UPAKAR LAGHUBITTA let me know willing to sell,1,0,2025-01-05 04:32:55+00:00,https://reddit.com/r/NepalStock/comments/1htxmxi/ulbsl_6_kitta_on_sale/,Bonus Share/Dividend
NepalStock,1httur0,"Daily Discussion Thread (Sunday - Jan 05, 2025)",AutoModerator,"Use this post to discuss what to buy/sell/trade/avoid/watch today and in the coming days.

As always, the rules still apply.

**Have a TMS or Meroshare issue? Query about EDIS or collateral? Ask here instead of creating another thread. All queries regarding TMS, MeroShare, Broker issues, EDIS, Settlement and Payments should be asked here.** &gt;!DO NOT create another post.!&lt;

BEGINNER? [**Go here first!**](https://www.reddit.com/r/NepalStock/wiki/beginners-guide)

DO NOT MAKE SEPARATE **INDIVIDUAL** POSTS ASKING:

* what to buy or sell,
* or what bank to buy,
* or what insurance to buy,
* yo share kati samma mathi jancha hola
* IPO ma pareko yo share kun din bechda ramro hola, ajhai 1-2 din parkhine ki nai etc.

will be deleted. Repeat violators will be banned.

Happy Investing!",1,0,2025-01-05 01:15:07+00:00,https://reddit.com/r/NepalStock/comments/1httur0/daily_discussion_thread_sunday_jan_05_2025/,Yo Kinda Kaso Hola
NepalStock,1htkaqu,Keeps getting deleted,LegitimatePatient143,My post keeps getting deleted. Pls see the commt for post. Thank.,1,0,2025-01-04 18:06:56+00:00,https://reddit.com/r/NepalStock/comments/1htkaqu/keeps_getting_deleted/,Broker
NepalStock,1htk3f3,help me guys to understand,Life_Reason_1532,,1,1,2025-01-04 17:58:28+00:00,https://reddit.com/r/NepalStock/comments/1htk3f3/help_me_guys_to_understand/,Broker
NepalStock,1htjw00,"help gara guys to understand, is my money gone?",LegitimatePatient143,,1,0,2025-01-04 17:49:20+00:00,https://reddit.com/r/NepalStock/comments/1htjw00/help_gara_guys_to_understand_is_my_money_gone/,Broker
NepalStock,1htj7gp,"Is my money gone, pls help me ",LegitimatePatient143,,1,0,2025-01-04 17:19:06+00:00,https://reddit.com/r/NepalStock/comments/1htj7gp/is_my_money_gone_pls_help_me/,Broker
NepalStock,1htj128,Help me understand the process ,LegitimatePatient143,,1,0,2025-01-04 17:11:20+00:00,https://reddit.com/r/NepalStock/comments/1htj128/help_me_understand_the_process/,Broker
NepalStock,1hthnxo,Collateral in tms cash and non cash ,LegitimatePatient143,,1,0,2025-01-04 16:11:20+00:00,https://reddit.com/r/NepalStock/comments/1hthnxo/collateral_in_tms_cash_and_non_cash/,Broker
NepalStock,1hthmh0,Type of collateral in broker,LegitimatePatient143,,1,0,2025-01-04 16:09:33+00:00,https://reddit.com/r/NepalStock/comments/1hthmh0/type_of_collateral_in_broker/,Broker
NepalStock,1hthl48,difference between cash and non cash collateral.,LegitimatePatient143,,1,0,2025-01-04 16:07:53+00:00,https://reddit.com/r/NepalStock/comments/1hthl48/difference_between_cash_and_non_cash_collateral/,Broker
NepalStock,1hthjrq,difference between cash and non cash collateral.,LegitimatePatient143,,1,0,2025-01-04 16:06:04+00:00,https://reddit.com/r/NepalStock/comments/1hthjrq/difference_between_cash_and_non_cash_collateral/,Market
NepalStock,1hthhy5,Difference between cash and non cash collateral ,LegitimatePatient143,,1,0,2025-01-04 16:03:46+00:00,https://reddit.com/r/NepalStock/comments/1hthhy5/difference_between_cash_and_non_cash_collateral/,Broker
NepalStock,1htfjvf,Is it good time to buy lec ? ,[deleted],,1,2,2025-01-04 14:31:46+00:00,https://reddit.com/r/NepalStock/comments/1htfjvf/is_it_good_time_to_buy_lec/,Market
NepalStock,1htd2tf,Sold shares Thursday but EDIS and transfer share still not showing in mero share. What should I do?,Top_Nectarine_146,20% penalty lagxa ra? I sold two scrips thrusday but euta ko matrai edis gareko xu maile. What can be done now?,1,0,2025-01-04 12:07:36+00:00,https://reddit.com/r/NepalStock/comments/1htd2tf/sold_shares_thursday_but_edis_and_transfer_share/,Demat/MeroShare
NepalStock,1htch7h,Logic behind broker analysis,Front_Intention4392,"Do you know if tracking broker accumulation helps? If yes, which broker in Nepal should I follow or watch? Can someone help me understand the logic behind tracking brokers (in layman's terms)?",1,0,2025-01-04 11:25:22+00:00,https://reddit.com/r/NepalStock/comments/1htch7h/logic_behind_broker_analysis/,Broker
NepalStock,1htazc0,MEN ko bonus share na ahko ho meroshare ma?,themonk134,As,1,0,2025-01-04 09:36:28+00:00,https://reddit.com/r/NepalStock/comments/1htazc0/men_ko_bonus_share_na_ahko_ho_meroshare_ma/,Demat/MeroShare
NepalStock,1htacgx,"Best free reliable app for IPO, FPO alerts?",FishMedical222,"Hey everyone,



I’m looking for reliable apps that provide notifications and alerts **for free** about IPOs, FPOs, and Right Share openings. I’ve tried a couple in the past, but either the alerts were not reliable, late or incomplete.

  
Do you know any app that’s good at this?



Thanks in advance! Dhanyabad!",1,0,2025-01-04 08:49:21+00:00,https://reddit.com/r/NepalStock/comments/1htacgx/best_free_reliable_app_for_ipo_fpo_alerts/,IPO/FPO
NepalStock,1ht743n,Share Pledge And Hold,After-Jelly-6886,i think i will benefiet more if i buy equities worth crores of banks and pledge them for liquidation to invest on my other business. i'm basically thinking about to gain profit in a year time period rather than short time. what do you guys think about it and how do you see things happening ?,1,0,2025-01-04 05:10:43+00:00,https://reddit.com/r/NepalStock/comments/1ht743n/share_pledge_and_hold/,Market
NepalStock,1ht5sdl,"I am 20 year old and i need some investing, saving ideas ",density044,"Hii everyone and good morning. I am 20 years old i do invest ali ali paisa.. i have stock like nabil,hdl,hrl dhereii ta haina all total like 70k jatii ko. Ani I don't know aailay ko situation ma kun company are safer kun company are not. Karnali bank, ani vakhar citizen bank ko pani paisa gayab vako kura sunya xu.
Ani sip pani garxu mailay ko 1k 
I need some new investment ways k k xa nepal ma ani help ma out.. k garnayy vanayy ra",1,0,2025-01-04 03:56:43+00:00,https://reddit.com/r/NepalStock/comments/1ht5sdl/i_am_20_year_old_and_i_need_some_investing_saving/,Advice
NepalStock,1ht5eb9,"Ready to invest 50K from foreign, but how?",GorkhaYeti,,1,1,2025-01-04 03:35:44+00:00,https://reddit.com/r/NepalStock/comments/1ht5eb9/ready_to_invest_50k_from_foreign_but_how/,Broker
NepalStock,1hsjlwh,Mahuli Laghubhitta Bittiya  Limite,[deleted],,1,6,2025-01-03 10:32:43+00:00,https://reddit.com/r/NepalStock/comments/1hsjlwh/mahuli_laghubhitta_bittiya_limite/,IPO/FPO
NepalStock,1hsh6n1,What sector is best for a long term investment,Fresh_Helicopter_670,Just wanna know your guys opinion on what u think the best sector or a company might be good for a long term holding in the current market and why so,1,0,2025-01-03 07:39:58+00:00,https://reddit.com/r/NepalStock/comments/1hsh6n1/what_sector_is_best_for_a_long_term_investment/,Market
NepalStock,1hrzukc,I am new to stock help me,Additional-Gift8296,,1,0,2025-01-02 17:59:20+00:00,https://reddit.com/r/NepalStock/comments/1hrzukc/i_am_new_to_stock_help_me/,Market
NepalStock,1hrx1jx,Garima Samriddhi Yojana ipo alloted what now?,jpthawa,So bought 100 kitta shares of the yojana wala and it was alloted ani my friends are saying tesma ghata matrai huncha ? Chito bechdeko ramro ? What to do? K k nai share pare vanera makkha parethe yar 😭,1,0,2025-01-02 16:03:56+00:00,https://reddit.com/r/NepalStock/comments/1hrx1jx/garima_samriddhi_yojana_ipo_alloted_what_now/,IPO/FPO
NepalStock,1hrvtrc,Should i create a acc for secondary trading/broker acc,bruhitzzzme,Ma sanga ahile chai dmat acc matra xa ani aba 2-3 mahina ma bidesh jadai xu should i create broker acc ani bidesh bata investment buy and sell garna milxa? And is it applicable to do it myself?,1,0,2025-01-02 15:10:41+00:00,https://reddit.com/r/NepalStock/comments/1hrvtrc/should_i_create_a_acc_for_secondary_tradingbroker/,Broker
NepalStock,1hrvl8e,I'm Buying 30 Kitta of Nabil every Month,flatchaiyo,"Dherai Paisa Sakaye, Now from this year, I'll be investing a certain amount each month.

Amount is Close to \~15k, Nabil ko Shares Kinchu. Why? Cause I love Nabil ko App lmao",25,36,2025-01-02 15:00:28+00:00,https://reddit.com/r/NepalStock/comments/1hrvl8e/im_buying_30_kitta_of_nabil_every_month/,Market
NepalStock,1hrsh8m,NIC dyanamic debt fund,Tough-Bit-6515,Redemption garnai mildainata… k vako yesto???,1,0,2025-01-02 12:20:34+00:00,https://reddit.com/r/NepalStock/comments/1hrsh8m/nic_dyanamic_debt_fund/,Market
NepalStock,1hrrqn5,Some queries about promoter share,Fresh_Helicopter_670,"New to share market,  watched some videos about what promoter shares are but now im curious, yo promoter share chai kasari kinbech huncha? Can it only be sold once the lock in period ends and its converted to ordinary shares?
Also yo company haru ko lockin period kaile end huncha ka bata herne?",1,0,2025-01-02 11:31:50+00:00,https://reddit.com/r/NepalStock/comments/1hrrqn5/some_queries_about_promoter_share/,Market
NepalStock,1hrrijd,Mutual Funds (Query..!),not-me-none,"Anyone, euta query regarding Mutual funds...

What's the major difference between purchasing it in sec market at lower price AND IPO batw varda...?

Ani, charges tw same as stock nai hola ni hai sec market??

Ani, if I'm missing anything, plss let me know...!!",1,0,2025-01-02 11:17:14+00:00,https://reddit.com/r/NepalStock/comments/1hrrijd/mutual_funds_query/,Mutual Funds
NepalStock,1hrp993,First IPO vareko mutual fund raixa.,Sensitive_Theory9360,"Hello everyone, As my title says this is my first time in IPO. I know I am late. Asti duita apply garna milney raixa garima samriddhi yojana and mahuli lagubitta. Mailey duitai ma haleko aaja message aayo garima ma chai alloted vanera. Can anyone explain why this differs from IPO? Malai IPO ko ni dherai knowledge chai xaina tei pani was garima a bad investment?",1,0,2025-01-02 08:30:19+00:00,https://reddit.com/r/NepalStock/comments/1hrp993/first_ipo_vareko_mutual_fund_raixa/,IPO/FPO
NepalStock,1hrmg2l,How do I know which broker is mapped with my DMAT account? ,Unable_Tie_2515,,1,1,2025-01-02 05:17:43+00:00,https://reddit.com/r/NepalStock/comments/1hrmg2l/how_do_i_know_which_broker_is_mapped_with_my_dmat/,Broker
NepalStock,1hrhwhc,"Market Weekend Discussion (Thursday Jan 02 - Saturday Jan 04, 2025)",AutoModerator,"Use this post to discuss what to buy/sell/trade/avoid/watch this weekend and in the coming days.

As always, the rules still apply.

**Have a TMS or Meroshare issue? Query about EDIS or collateral? Ask here instead of creating another thread. All queries regarding TMS, MeroShare, Broker Issues, EDIS, Settlement and Payments should be asked here.** DO NOT create another post.

BEGINNER? [**Go here first!**](https://www.reddit.com/r/NepalStock/wiki/beginners-guide)

DO NOT MAKE SEPARATE **INDIVIDUAL** POSTS ASKING:

* what to buy or sell,
* or what bank to buy,
* or what insurance to buy,
* yo share kati samma mathi jancha hola
* IPO ma pareko yo share kun din bechda ramro hola, ajhai 1-2 din parkhine ki nai etc.

will be deleted. Repeat violators will be banned.

Happy Investing!",1,0,2025-01-02 01:15:40+00:00,https://reddit.com/r/NepalStock/comments/1hrhwhc/market_weekend_discussion_thursday_jan_02/,Yo Kinda Kaso Hola
NepalStock,1hr9ts4,How to start SIP ? Have Zero,jungabahadurraya,"New to this, just want to start doing SIP and have zero knowledge. Aba ma sanga mero share ko khata NIC ko xa sabai tei bata garirako hunxu , and how to start doing sip ( meroshare kun ma xa matter garxa ? ) and which is the best one to invest ? Suru garda kheri ahile nai yeti barsa samma garxu vanera tokera garna parne hunxa ki pardaina jati garey pani huney ho jaile samma garepani huney ho. Need to do SIP to make habit on savings.",1,0,2025-01-01 19:05:54+00:00,https://reddit.com/r/NepalStock/comments/1hr9ts4/how_to_start_sip_have_zero/,Market
NepalStock,1hr7u3u,Current market scenario,Material-Aspect8617,What do you think of the current market guys? Kasto sentiment develop vairako xa vanincha ni sabai retailers panic bhayepachi matra market mathi jancha,1,0,2025-01-01 17:39:17+00:00,https://reddit.com/r/NepalStock/comments/1hr7u3u/current_market_scenario/,Market
NepalStock,1hr4tbs,Buying Pi Network coins,Stele21,,1,0,2025-01-01 15:15:29+00:00,https://reddit.com/r/NepalStock/comments/1hr4tbs/buying_pi_network_coins/,Trading/Settlement/Payment
NepalStock,1hr4pqv,Settlements problem vayo😭,Puzzled_Factor_7679,Maila bank Bata broker settlements payment gareko bank ko statement ma successful vayera paisa katisakyo...Tara TMS ma aajai settlements vako chaina..k garne hola? Bank Lai vaneko tapaiko successful vaisakyo hamle Kai garna mildaina vancha...Asto kasari vayoo? Help plz🙏,1,0,2025-01-01 15:10:08+00:00,https://reddit.com/r/NepalStock/comments/1hr4pqv/settlements_problem_vayo/,Trading/Settlement/Payment
NepalStock,1hr2uvp,Anybody based in the US on here?,6BIGGY9,,1,1,2025-01-01 13:23:56+00:00,https://reddit.com/r/NepalStock/comments/1hr2uvp/anybody_based_in_the_us_on_here/,Market
NepalStock,1hr2r95,Information about ipo allotment ,Over_Chemistry_1011,Yo muktinath mutual fund ipo ma parya raixa  .Mero share ma Pani aai sakyo .Aaba  secondary Market ma karobar garna Kaile milxa. Aaba yo paxi KO k k xa process,1,0,2025-01-01 13:17:16+00:00,https://reddit.com/r/NepalStock/comments/1hr2r95/information_about_ipo_allotment/,IPO/FPO
NepalStock,1hqzgw3,can anyone in this group help me understand SIP.,aseemax,,1,0,2025-01-01 09:11:46+00:00,https://reddit.com/r/NepalStock/comments/1hqzgw3/can_anyone_in_this_group_help_me_understand_sip/,Advice
NepalStock,1hqymxh,Anyone has taken technical analysis paid course by Nepse Kundali ?,scoobydoo090,"He's providing the while syllable for 3k including some live classes, which sounds like a good deal. Are paid courses like this actually worth it?",1,0,2025-01-01 08:06:43+00:00,https://reddit.com/r/NepalStock/comments/1hqymxh/anyone_has_taken_technical_analysis_paid_course/,Technical Analysis
NepalStock,1hqwlfr,Chart of NEPSE shares,LegitimatePatient143,Is there any website to see the live charts of NEPSE shares,1,0,2025-01-01 05:36:17+00:00,https://reddit.com/r/NepalStock/comments/1hqwlfr/chart_of_nepse_shares/,Market
NepalStock,1hquh0i,Does anyone know about this ?,KOH007,"So, the point is one of my very close relative has a ### amount of money invested into a sahakari(Savings). She is from an old generation so doesn't understand much terminologies. She has a paper/certificate that shows the amount of shares she has. 

I once stumbled upon a tiktok video about turning a physical share to meroshare kind of thing but didn't get to know more about it at the time. Is something like this possible? If so how ?",1,0,2025-01-01 03:13:12+00:00,https://reddit.com/r/NepalStock/comments/1hquh0i/does_anyone_know_about_this/,Demat/MeroShare
NepalStock,1hqskbm,"Daily Discussion Thread (Wednesday - Jan 01, 2025)",AutoModerator,"Use this post to discuss what to buy/sell/trade/avoid/watch today and in the coming days.

As always, the rules still apply.

**Have a TMS or Meroshare issue? Query about EDIS or collateral? Ask here instead of creating another thread. All queries regarding TMS, MeroShare, Broker issues, EDIS, Settlement and Payments should be asked here.** &gt;!DO NOT create another post.!&lt;

BEGINNER? [**Go here first!**](https://www.reddit.com/r/NepalStock/wiki/beginners-guide)

DO NOT MAKE SEPARATE **INDIVIDUAL** POSTS ASKING:

* what to buy or sell,
* or what bank to buy,
* or what insurance to buy,
* yo share kati samma mathi jancha hola
* IPO ma pareko yo share kun din bechda ramro hola, ajhai 1-2 din parkhine ki nai etc.

will be deleted. Repeat violators will be banned.

Happy Investing!",1,0,2025-01-01 01:15:08+00:00,https://reddit.com/r/NepalStock/comments/1hqskbm/daily_discussion_thread_wednesday_jan_01_2025/,Yo Kinda Kaso Hola
NepalStock,1hqk6n0,Just want some information and knowledge and some help too ,KOH007,,1,0,2024-12-31 17:59:09+00:00,https://reddit.com/r/NepalStock/comments/1hqk6n0/just_want_some_information_and_knowledge_and_some/,Trading/Settlement/Payment
NepalStock,1hqflpj,Is 5000 enough? Confused,Public-Preference132,"Hi, I have 5k on my collateral and I'm confused where to invest it. Suggest me some shares. 

Someone told me 5k wouldn't be enough. But I only want to learn and understand the market for now.",1,0,2024-12-31 14:19:23+00:00,https://reddit.com/r/NepalStock/comments/1hqflpj/is_5000_enough_confused/,Market
NepalStock,1hqcimu,A lesson for beginners!!,withpeople,"So, I am a beginner ,have been studying Fundamental analysis recently, and been doing really good.

So to start my way through , I placed an order to buy shares of Nabil  around 20 kitta,
It was my first time, so with the change in the Price table , I also cancelled my initial order ( i thought i did so,) it showed like partially cancelled. I didn’t think much.

I’m so I went and purchased 20 Kitta .

And guess guess,

I got message from my broker  , to settle my payment for 35 kitta .I’m like shocked and perplexed.so, I called the broker and explained all the situation, and they responded that “ its your mistake, there is nothing to be done”


To conclude:: learning the UI and how exactly the trading software and algorithm works is as important as learning to trade. I learned it the hard way.",1,0,2024-12-31 11:03:39+00:00,https://reddit.com/r/NepalStock/comments/1hqcimu/a_lesson_for_beginners/,Trading/Settlement/Payment
NepalStock,1hqa5sm,Question related to Fixed deposit ,MirrorFree767,Is there any chances that Central Bank will order to increase the interest rates on FD anytime soon?,1,0,2024-12-31 08:05:19+00:00,https://reddit.com/r/NepalStock/comments/1hqa5sm/question_related_to_fixed_deposit/,Economy
NepalStock,1hq659m,Whom do you look upon as a mentor?,CommunicationHot9904,"a question as begineer.Whom did you or whom do you look up the most and learn about the market?Any good youtubers,mentors or finance teacher you followed the most on your journey?

I mostly watch share durbar(shakti koirala),purabdarda.I think most of yall know them.How good are they?as i know and heard sanjog koirala is bad and always trolled",1,0,2024-12-31 03:55:44+00:00,https://reddit.com/r/NepalStock/comments/1hq659m/whom_do_you_look_upon_as_a_mentor/,Market
NepalStock,1hq52xi,Will there be daytrading in nepse anytime soon?,Fresh_Helicopter_670,"We all know know it takes t+2 days for shares to show up in your account so tei din ma kinchu ani tei shares bechu ta possible nai chaina, unless u already have shares of that company, why is there a t+2 settlement rule anyway and why it cant be instant?",1,0,2024-12-31 02:59:34+00:00,https://reddit.com/r/NepalStock/comments/1hq52xi/will_there_be_daytrading_in_nepse_anytime_soon/,Trading/Settlement/Payment
NepalStock,1hq310x,"Daily Discussion Thread (Tuesday - Dec 31, 2024)",AutoModerator,"Use this post to discuss what to buy/sell/trade/avoid/watch today and in the coming days.

As always, the rules still apply.

**Have a TMS or Meroshare issue? Query about EDIS or collateral? Ask here instead of creating another thread. All queries regarding TMS, MeroShare, Broker issues, EDIS, Settlement and Payments should be asked here.** &gt;!DO NOT create another post.!&lt;

BEGINNER? [**Go here first!**](https://www.reddit.com/r/NepalStock/wiki/beginners-guide)

DO NOT MAKE SEPARATE **INDIVIDUAL** POSTS ASKING:

* what to buy or sell,
* or what bank to buy,
* or what insurance to buy,
* yo share kati samma mathi jancha hola
* IPO ma pareko yo share kun din bechda ramro hola, ajhai 1-2 din parkhine ki nai etc.

will be deleted. Repeat violators will be banned.

Happy Investing!",1,0,2024-12-31 01:15:09+00:00,https://reddit.com/r/NepalStock/comments/1hq310x/daily_discussion_thread_tuesday_dec_31_2024/,Yo Kinda Kaso Hola
NepalStock,1hpmkcm,Brothers/sisters please help me out,derpnation4,,1,0,2024-12-30 12:50:35+00:00,https://reddit.com/r/NepalStock/comments/1hpmkcm/brotherssisters_please_help_me_out/,Advice
NepalStock,1hpky4c,WallStreetBets Spotlight: $PDYN Palladyne Stock Soars Thanks to Influential Trader Grandmaster-Obi,Major_Access2321,,1,0,2024-12-30 11:05:03+00:00,https://reddit.com/r/NepalStock/comments/1hpky4c/wallstreetbets_spotlight_pdyn_palladyne_stock/,Market
NepalStock,1hpk8cf,Narayan Ki Sagar Kahani | Underwater Myth and Magical Turtle | Hindi Story | नारायण और सागर | कहानी,Current_Finding528,,1,0,2024-12-30 10:14:28+00:00,https://reddit.com/r/NepalStock/comments/1hpk8cf/narayan_ki_sagar_kahani_underwater_myth_and/,Market
NepalStock,1hph685,Property Wizard-No.67,After-Jelly-6886,,1,1,2024-12-30 06:37:56+00:00,https://reddit.com/r/NepalStock/comments/1hph685/property_wizardno67/,Broker
NepalStock,1hpg6vv,Why nepse closed today,Deep_Internal_4262,Aaja kina nepse closed,1,0,2024-12-30 05:36:08+00:00,https://reddit.com/r/NepalStock/comments/1hpg6vv/why_nepse_closed_today/,Market
NepalStock,1hpei6p,SIP in NIMB is confusing me,bipinbam22,"ok so I'm new to all this. NIMB ko SIP gareko aaba 4 months huna lagyo (maybe next 2-3 days ma 4th installment pay garchu). NIMB Ace capital ma login garera herda chai Unit holdings haru dekhaucha, lock unit vanera dekhaucha tara feri meroshare ma chai tyo kei dekhaudaina. Yesko barema internet ma khojda ni vetina kei so here i am. Monthly pay garera choddinchu ma. Is there anything further that i need to do? Unit Purchase Request vanera ni k k raicha (found out while exploring the every component of the website trying to get the hint about what's going on). What is wrong that I'm doing?",1,0,2024-12-30 04:01:29+00:00,https://reddit.com/r/NepalStock/comments/1hpei6p/sip_in_nimb_is_confusing_me/,Mutual Funds
NepalStock,1hpb9lp,"Daily Discussion Thread (Monday - Dec 30, 2024)",AutoModerator,"Use this post to discuss what to buy/sell/trade/avoid/watch today and in the coming days.

As always, the rules still apply.

**Have a TMS or Meroshare issue? Query about EDIS or collateral? Ask here instead of creating another thread. All queries regarding TMS, MeroShare, Broker issues, EDIS, Settlement and Payments should be asked here.** &gt;!DO NOT create another post.!&lt;

BEGINNER? [**Go here first!**](https://www.reddit.com/r/NepalStock/wiki/beginners-guide)

DO NOT MAKE SEPARATE **INDIVIDUAL** POSTS ASKING:

* what to buy or sell,
* or what bank to buy,
* or what insurance to buy,
* yo share kati samma mathi jancha hola
* IPO ma pareko yo share kun din bechda ramro hola, ajhai 1-2 din parkhine ki nai etc.

will be deleted. Repeat violators will be banned.

Happy Investing!",1,0,2024-12-30 01:15:08+00:00,https://reddit.com/r/NepalStock/comments/1hpb9lp/daily_discussion_thread_monday_dec_30_2024/,Yo Kinda Kaso Hola
NepalStock,1hox4q9,Rights share issue related to BHL,IisMEdoYOUdoHOW,"Hi, I am not being able to apply for BHL's RS; though I have 10 shares from IPO. Is anyone having the same problem?",1,0,2024-12-29 14:31:12+00:00,https://reddit.com/r/NepalStock/comments/1hox4q9/rights_share_issue_related_to_bhl/,Demat/MeroShare
NepalStock,1how4ky,Can anyone tell me about IPOs and SIP,The_Lazy_Godd,I am new to this and don't have any information about it.,1,0,2024-12-29 13:35:20+00:00,https://reddit.com/r/NepalStock/comments/1how4ky/can_anyone_tell_me_about_ipos_and_sip/,IPO/FPO
NepalStock,1hovg5h,How much do a broker earn and what are the qualifications to become one?,National-Error96,"I believe the staffs in the brokerage firm is called broker as well.  
  
1.What are there salaries and is there any hierarchy / level ?  
2.What qualification does one need to get that role ?",1,0,2024-12-29 12:54:10+00:00,https://reddit.com/r/NepalStock/comments/1hovg5h/how_much_do_a_broker_earn_and_what_are_the/,Broker
NepalStock,1houpu3,PRABHU STEELS AND HYDROPOWER INVESTMENT COMPANY LTD.,Decent-Garage5999,What’s the scoop on this company? I heard they’re issuing promoter shares—any thoughts on whether that’s a positive or negative move? I’d love to gather some insights on this!,1,0,2024-12-29 12:05:12+00:00,https://reddit.com/r/NepalStock/comments/1houpu3/prabhu_steels_and_hydropower_investment_company/,Market
NepalStock,1horp78,Nabil SIP cancellation ,pramodnpl,"I have submitted SIP online cancellation form online through Nabil bank sip portal, but it's been 2 week, I didn't received any confirmation. I have mailed to there department official mail but I didn't got any mails. I have tried to contact through calls but the automated response keep waiting and at end it cut my call. Any idea what to do now?",1,0,2024-12-29 08:23:30+00:00,https://reddit.com/r/NepalStock/comments/1horp78/nabil_sip_cancellation/,Mutual Funds
NepalStock,1hopibz,How to increase sip amount in NIBLSF?,Lazy-Set2711,J,1,0,2024-12-29 05:53:43+00:00,https://reddit.com/r/NepalStock/comments/1hopibz/how_to_increase_sip_amount_in_niblsf/,Mutual Funds
NepalStock,1hokina,"Daily Discussion Thread (Sunday - Dec 29, 2024)",AutoModerator,"Use this post to discuss what to buy/sell/trade/avoid/watch today and in the coming days.

As always, the rules still apply.

**Have a TMS or Meroshare issue? Query about EDIS or collateral? Ask here instead of creating another thread. All queries regarding TMS, MeroShare, Broker issues, EDIS, Settlement and Payments should be asked here.** &gt;!DO NOT create another post.!&lt;

BEGINNER? [**Go here first!**](https://www.reddit.com/r/NepalStock/wiki/beginners-guide)

DO NOT MAKE SEPARATE **INDIVIDUAL** POSTS ASKING:

* what to buy or sell,
* or what bank to buy,
* or what insurance to buy,
* yo share kati samma mathi jancha hola
* IPO ma pareko yo share kun din bechda ramro hola, ajhai 1-2 din parkhine ki nai etc.

will be deleted. Repeat violators will be banned.

Happy Investing!",1,0,2024-12-29 01:15:08+00:00,https://reddit.com/r/NepalStock/comments/1hokina/daily_discussion_thread_sunday_dec_29_2024/,Yo Kinda Kaso Hola
NepalStock,1ho463l,Update on LSL Interpretation,[deleted],,1,0,2024-12-28 11:50:59+00:00,https://reddit.com/r/NepalStock/comments/1ho463l/update_on_lsl_interpretation/,Fundamental Analysis
NepalStock,1ho3ck8,Guide on selecting an appropriate broker in Butwal ,GarageFit131,"Hey guys,

I am beginning to start my investment journey but struggling to find a good broker in Butwal. 

If you have any suggestions regarding this, please let me know.....",1,0,2024-12-28 10:50:02+00:00,https://reddit.com/r/NepalStock/comments/1ho3ck8/guide_on_selecting_an_appropriate_broker_in_butwal/,Broker
NepalStock,1ho1ks9,Need Some Financial Advice,Suitable_Weekend6756,"Hey guys, I’m 21M, and what if I told you that I save a bit more than 20 lakhs a year? What should I do with my money as a Nepali citizen? I’m new to managing finances and would really appreciate some advice. Are there any books, podcasts, courses, or other resources you’d recommend?",2,1,2024-12-28 08:35:07+00:00,https://reddit.com/r/NepalStock/comments/1ho1ks9/need_some_financial_advice/,Advice
NepalStock,1hnyw76,About portfolio management services,Ok-Background9860,"Has anyone  here, tried doing portfolio management service, is it any good or anyone has better alternatives!?,",1,0,2024-12-28 05:30:19+00:00,https://reddit.com/r/NepalStock/comments/1hnyw76/about_portfolio_management_services/,Market
NepalStock,1hny504,SWP vs Fixed Deposit ,Admirable-Self6350,"Its been about a year, father retired from gov job and had received lumpsum amount of abt 30L. It had been kept in FD for this whole time. But with the decrease in interest rate, it is really making us think a lot. Will SWP be better? Not really need like a monthly withdrawal amount since father receives monthly pension amount as well. How does SWP compare to FD. Might not be able to tranfer whole funds from FD to SWP, but thinking to start the transition. If SWP is better, which SWP would be the best suited in terms of fund growth?

Thank you.",1,0,2024-12-28 04:46:42+00:00,https://reddit.com/r/NepalStock/comments/1hny504/swp_vs_fixed_deposit/,Mutual Funds
NepalStock,1hnv0h3,Guide to get started in market ,Ok-Background9860,"Hello everyone, I'm 24 years old i have worked on multiple job from 18 in Nepal and saved up 10lakhs i don't have a bachelor's degree I'm even confused if i should pursue it in fully loat lost in life i don't have any support from parents as they aren't together but from 2025 i am planning to go full time on trading and investing. Any of your experiences suggestion might help me . Thank you everyone.",1,0,2024-12-28 01:53:48+00:00,https://reddit.com/r/NepalStock/comments/1hnv0h3/guide_to_get_started_in_market/,Market
NepalStock,1hnhq7i, Does anyone know who is operating PHCL stock? Has anyone seen the shareholding list or knows the names behind it?,Excellent-Ad-5156,"Namaste😊

has anyone seen the latest shareholding list or has any insight into the key players behind this stock? If anyone knows the name of the person or entity managing or influencing this stock, I’d really appreciate it if you could share",1,0,2024-12-27 15:49:21+00:00,https://reddit.com/r/NepalStock/comments/1hnhq7i/does_anyone_know_who_is_operating_phcl_stock_has/,Market
NepalStock,1hnga0p,Can anyone explain me how can price drop from 3922 to 3622 by only 10 kitta ,Notify1221,,1,1,2024-12-27 14:41:35+00:00,https://reddit.com/r/NepalStock/comments/1hnga0p/can_anyone_explain_me_how_can_price_drop_from/,Market
NepalStock,1hnd5qd,few questions about NEPSE system,make1e10,"If we buy shares from NEPSE, how much time does it take to appear it in portfolio?

How do you guys manage targets or stop-losses? Like if you reach your target or stop-loss before shares appear in your portfolio, how do you deal with it?

Can we trade those shares whose order and other process is completed but are not in portfolio?

  
PS: My broker uses ATrad instead of NEPSE TMS, so anyone has experience on this? I am only selling IPOs till now and planning to enter secondary market soon. Thank you!",1,0,2024-12-27 11:42:09+00:00,https://reddit.com/r/NepalStock/comments/1hnd5qd/few_questions_about_nepse_system/,Trading/Settlement/Payment
nepse,152qjia,Nepse Secondary Market TMS Account,ikiranshrestha,"A friend of mine had once initiated to create a TMS account online through some broker which she is unknown about now. Also, not sure whether she has completed the process of TMS account creation. She has already deleted her email history, so there is no hope of getting any hint from the email, and no SMSes either.

So is there any way to find out if she has created a TMS account? And if an account exists in her name, how do we find out from which broker she created it so that we can recover it and resume the secondary journey?",1,0,2023-07-18 06:35:41+00:00,https://reddit.com/r/nepse/comments/152qjia/nepse_secondary_market_tms_account/,
nepse,wy372s,When can I trade??,[deleted],,1,0,2022-08-26 08:03:14+00:00,https://reddit.com/r/nepse/comments/wy372s/when_can_i_trade/,
nepse,on71t2,Holding days calculation,Asianlonewalker,,1,1,2021-07-19 04:45:29+00:00,https://reddit.com/r/nepse/comments/on71t2/holding_days_calculation/,
nepse,o17qae,Is this subreddit alive?,BibekPanthee,I'm thinking about creating a subreddit where we could discuss about the Nepali share market. If there is any other active Reddit page please let me know,1,1,2021-06-16 15:37:27+00:00,https://reddit.com/r/nepse/comments/o17qae/is_this_subreddit_alive/,
nepse,6m11cx,What the hell no any post still user what they are doing,kiru0,,1,0,2017-07-08 13:44:41+00:00,https://reddit.com/r/nepse/comments/6m11cx/what_the_hell_no_any_post_still_user_what_they/,
