subreddit,id,title,author,selftext,score,num_comments,created_utc,permalink,flair
NepalStock,1kiar35,reliable samriddhi yojana?,babupushpaaa,malai teti dherai stocks ra ipo bare tha chhaina. tara malai rsy ko ipo parya cha 100 quantity. kati jati profit hunchha yes bata ??,1,0,2025-05-09 05:16:01+00:00,https://reddit.com/r/NepalStock/comments/1kiar35/reliable_samriddhi_yojana/,IPO/FPO
NepalStock,1ki8rbk,Protfolio Tracker NEPSE,Fit-Let-6268,Are there any protfolio trackers(free or paid) where i  can just import from mero share and tms? Sharehub used to work but has not been working lately.,1,0,2025-05-09 03:16:37+00:00,https://reddit.com/r/NepalStock/comments/1ki8rbk/protfolio_tracker_nepse/,Market
NepalStock,1khxaig,KO aauni Vaya governor,nepalstockshiksha,KO hunu Vaya nrb governor,1,0,2025-05-08 18:23:49+00:00,https://reddit.com/r/NepalStock/comments/1khxaig/ko_aauni_vaya_governor/,Economy
NepalStock,1khu74a,Confusion clear gardina paro.,Ok_Actuator3946,"Mero collateral amount Rs.12893 theyo,
Maile euta Stock sale gareko theye jasko lagi maile Rs.37867.25 paunu parne theyo.
Broker le dhilo payment garira bhayera maile call garera mero account ma hali dinu bhane but broker le as a collateral load gari diyo
So mero ma collateral 50k dekhayo.

Ani maile tei din Aru stock haru kine, last ma payment chai Rs.71k ko garna parne theyo, so maile extra 30k collateral deposit gare.

But payment ko bela mero ma collateral amount 30k matra dekhayo, broker le haleko 50k chai dekhayena(total 80k hunu parne.)

Broker lai call gare, usle 50k chai non cash collateral load gardeko ho re, tei mero due amount (37867) ma 20k add gardera Deko ho re.

But still mero TMS ma sell stock ko payment due nai dekhayera cha.

K ho k, scam ta bhako Haina?",1,0,2025-05-08 16:19:51+00:00,https://reddit.com/r/NepalStock/comments/1khu74a/confusion_clear_gardina_paro/,Trading/Settlement/Payment
NepalStock,1khtj1j,Should I go all in on NTC?,99_December,"I have saved approximately 1 lakh and I am thinking of going all in on NTC and just to let you guys know I am thinking of holding it for as long as I could, so what do you guys think? Any advice would be appreciated.",1,0,2025-05-08 15:52:58+00:00,https://reddit.com/r/NepalStock/comments/1khtj1j/should_i_go_all_in_on_ntc/,Advice
NepalStock,1khr00q,How do you guys execute stoploss ?,Internal_Channel_273,aile badxa bhane aas lai kasari hatauxau. D.Low ra D.High ma 20 ko difference thyo ra mero stop loss pani tei bhitra paryo bharkhar kineko stock ko. Sell garnai sakena.,1,0,2025-05-08 14:07:37+00:00,https://reddit.com/r/NepalStock/comments/1khr00q/how_do_you_guys_execute_stoploss/,Advice
NepalStock,1kho9kb,Beginner queriessssssss,EndSubstantial563,"I just started investing recently. So far, I’ve bought stocks like NGPL, RIDI, UPCL, HHL, and HDHPC. I purchased NGPL about a week ago, bought RIDI yesterday, and today I added UPCL, HHL, and HDHPC to my portfolio. 

Was that a great move????  Or it was pretty bad.....i bought it based on market depth..since buyer were 2x more  than seller. i would be greatfull if yall give me suggestionnn about  WHICH STOCK TO BUY or maybe things i should look before ????( I wanted to buy RADHI, BUT  SINCE IT WAS AT PEAK, I KINDA THOUGHT IT WOULD GO BEARISH AT ANY MOMENT) 

ive got some queries

1. Why does it take long time to get the shares i bought in my MERO SHARE PORTFOLIO??

2. can we buy and sell shares within instantly??? What i mean iss ..if i buy at 11 am...will i be able to selll the same shares around 1 pm???

3. while adding collateral should i add from mobile banking or connect ips?? Does it even matter??? I mean commison rate??

4. What we unload collateral amout???

5. How userfriendly is NEW TMS INTERFACE FROM BROKER 36. LOOKS LIKE IT IS NEW AND COMPLETELY DIFFERENT FROM TRADITIONAL TMS. I see less  video about this on youtube compare to the old one.


Thank you so much, i hope yall had a gread day.",1,0,2025-05-08 11:58:05+00:00,https://reddit.com/r/NepalStock/comments/1kho9kb/beginner_queriessssssss/,Market
NepalStock,1kho81m,How to do fund settlement?,Weird-Importance-257,"Today I  bought some shares through the broker Secured Securities Ltd. and I need to settle the payment using my collateral.

The last time I bought shares was about 8 months ago using the regular NEPSE TMS, which had a clear fund settlement option. Now SSL uses their own Atrade platform, and I can’t find any option to settle funds from collateral—there’s no options like Fund Management or anything like that. 

Does anyone here trade through this broker and use this platform? Please help me understand how to settle funds from collateral.

And can't we refund our collateral to bank account directly from this web app/mobile app. Do we need to call them and ask them to do it manually every time?",1,0,2025-05-08 11:55:44+00:00,https://reddit.com/r/NepalStock/comments/1kho81m/how_to_do_fund_settlement/,Trading/Settlement/Payment
NepalStock,1kho6zl,How to do fund settlement?,Weird-Importance-257,"Today I  bought some shares through the broker Secured Securities Ltd. and I need to settle the payment using my collateral.

The last time I bought shares was about 8 months ago using the regular NEPSE TMS, which had a clear fund settlement option. Now SSL uses their own Atrade platform, and I can’t find any option to settle funds from collateral—there’s no options like Fund Management or anything like that. 

Does anyone here trade through this broker and use this platform? Please help me understand how to settle funds from collateral.

And can't we refund our collateral to bank account directly from this web app/mobile app. Do we need to call them and ask them to do it manually every time?",1,0,2025-05-08 11:54:13+00:00,https://reddit.com/r/NepalStock/comments/1kho6zl/how_to_do_fund_settlement/,Trading/Settlement/Payment
NepalStock,1khnj8h,Spdl kati sama jala spdl,SusHant7o7,Spdl kati sama jala,1,0,2025-05-08 11:16:57+00:00,https://reddit.com/r/NepalStock/comments/1khnj8h/spdl_kati_sama_jala_spdl/,Advice
NepalStock,1khio9b,UNHPL is worth waiting or not..,Late_Use_6243,I have bought some unhpl during the last high and its just now met my wacc. Should i sell it or wait patiently? Is there any fixed process or understanding abt this that i need to know,1,0,2025-05-08 05:39:57+00:00,https://reddit.com/r/NepalStock/comments/1khio9b/unhpl_is_worth_waiting_or_not/,Trading/Settlement/Payment
NepalStock,1khiikc,Pakistan and India war begin or not.,nepalstockshiksha,It is possible or not,1,0,2025-05-08 05:29:34+00:00,https://reddit.com/r/NepalStock/comments/1khiikc/pakistan_and_india_war_begin_or_not/,Economy
NepalStock,1khhg4u,Fastest SEBON chairman crash out with CIAA investigation? The previous ones were just as corrupt but were not prosecuted.,Weird_Region2687,"No way all the party heads were not getting kickbacks from IPO commission. What's happening here? Feels like half story. IPPAN not exactly innocent either. Fake financial reporting to get above 90 net worth for IPO issuance, right share etc. 

Who remembers SEBON chairman cement stock insider trading case before hamal? Samsum paryo sakyo. This santosh narayan guy bit off more than he can chew?",1,0,2025-05-08 04:21:37+00:00,https://reddit.com/r/NepalStock/comments/1khhg4u/fastest_sebon_chairman_crash_out_with_ciaa/,IPO/FPO
NepalStock,1khdzd6,"Market Weekend Discussion (Thursday May 08 - Saturday May 10, 2025)",AutoModerator,"Use this post to discuss what to buy/sell/trade/avoid/watch this weekend and in the coming days.

As always, the rules still apply.

**Have a TMS or Meroshare issue? Query about EDIS or collateral? Ask here instead of creating another thread. All queries regarding TMS, MeroShare, Broker Issues, EDIS, Settlement and Payments should be asked here.** DO NOT create another post.

BEGINNER? [**Go here first!**](https://www.reddit.com/r/NepalStock/wiki/beginners-guide)

DO NOT MAKE SEPARATE **INDIVIDUAL** POSTS ASKING:

* what to buy or sell,
* or what bank to buy,
* or what insurance to buy,
* yo share kati samma mathi jancha hola
* IPO ma pareko yo share kun din bechda ramro hola, ajhai 1-2 din parkhine ki nai etc.

will be deleted. Repeat violators will be banned.

Happy Investing!",1,0,2025-05-08 01:15:28+00:00,https://reddit.com/r/NepalStock/comments/1khdzd6/market_weekend_discussion_thursday_may_08/,Yo Kinda Kaso Hola
NepalStock,1kgwi0c,Sell or Hold IPO pareko stock?,Republic_Mediocre,Kunai pani IPO pareko stock peakma pugera jharnu thaalyo vane bechdine ki future ko laagi rakhera hold garne?,1,0,2025-05-07 12:47:47+00:00,https://reddit.com/r/NepalStock/comments/1kgwi0c/sell_or_hold_ipo_pareko_stock/,IPO/FPO
NepalStock,1kgv80h,UPCL!!!!!!!!!!!!!!!!!!!!,WhoIsAnonymousxd,Upcl kati sama pugla?,1,0,2025-05-07 11:41:57+00:00,https://reddit.com/r/NepalStock/comments/1kgv80h/upcl/,Market
NepalStock,1kgso7k,I am new at this market and recently I bought bpcl,Humble-Pianist5640,Bpcl ko market herda kati samma ma sell Garda thik hola?? Can you guys please help me with that,1,0,2025-05-07 08:56:35+00:00,https://reddit.com/r/NepalStock/comments/1kgso7k/i_am_new_at_this_market_and_recently_i_bought_bpcl/,Market
NepalStock,1kgslw0,Bholi kun kun kinda risk free jasto dekhiyo aaja ko market herda?,Dr_boy123,Bholi kun kun kinda risk free jasto dekhiyo aaja ko market herda?,1,0,2025-05-07 08:51:56+00:00,https://reddit.com/r/NepalStock/comments/1kgslw0/bholi_kun_kun_kinda_risk_free_jasto_dekhiyo_aaja/,Market
NepalStock,1kgqqdx,Hulas Iron Promoter Share - What do you guys think about this?,samrat6192,,1,0,2025-05-07 06:35:23+00:00,https://reddit.com/r/NepalStock/comments/1kgqqdx/hulas_iron_promoter_share_what_do_you_guys_think/,Advice
NepalStock,1kgqpcm,Hulas Iron Promoter Share,samrat6192,,1,0,2025-05-07 06:33:27+00:00,https://reddit.com/r/NepalStock/comments/1kgqpcm/hulas_iron_promoter_share/,Advice
NepalStock,1kgpra5,Begineer in Secondary Share Market,Dr_boy123,"Ma chai naya ho secondary market ma. Bujna khojiraxu 1-2 week dekhi. Malai chai share kinda kheri tei price history herera kinne jssto lagthyo tara technical, fundamental analysis ko kura aauda raicha jun bujhna malai garo bhairacha. Yo maile kasari sikna sakxu? Ani stock selection ma pani kasari herne kura malai bhanidinu na",1,0,2025-05-07 05:29:48+00:00,https://reddit.com/r/NepalStock/comments/1kgpra5/begineer_in_secondary_share_market/,Market
NepalStock,1kgozyc,will india-pak tension have any effect or nepse dgaf about geopolitics?,Weird_Region2687,Euta governer change tyo pani intra party politics ko karan market down bhancha tara global affairs does not affect Nepse bhanna milcha? NIFTY and SENSEX slight crash early market. PSX website nai down cha ta.,1,0,2025-05-07 04:42:23+00:00,https://reddit.com/r/NepalStock/comments/1kgozyc/will_indiapak_tension_have_any_effect_or_nepse/,Misc
NepalStock,1kglf5u,Do you guys invest in mutual funds?,Fit-Let-6268,And are there other ways we can earn from mutual finds besides price action and dividends?,1,0,2025-05-07 01:27:42+00:00,https://reddit.com/r/NepalStock/comments/1kglf5u/do_you_guys_invest_in_mutual_funds/,Market
NepalStock,1kglc2z,Chill to trade in Hydro sector,nepalstockshiksha,"Chill to trade lec, NGPL, ridi, nhpc",2,1,2025-05-07 01:23:14+00:00,https://reddit.com/r/NepalStock/comments/1kglc2z/chill_to_trade_in_hydro_sector/,Market
NepalStock,1kgl72v,Hydropower sector strong bullish,nepalstockshiksha,,1,1,2025-05-07 01:16:08+00:00,https://reddit.com/r/NepalStock/comments/1kgl72v/hydropower_sector_strong_bullish/,Market
NepalStock,1kgl6na,"Daily Discussion Thread (Wednesday - May 07, 2025)",AutoModerator,"Use this post to discuss what to buy/sell/trade/avoid/watch today and in the coming days.

As always, the rules still apply.

**Have a TMS or Meroshare issue? Query about EDIS or collateral? Ask here instead of creating another thread. All queries regarding TMS, MeroShare, Broker issues, EDIS, Settlement and Payments should be asked here.** &gt;!DO NOT create another post.!&lt;

BEGINNER? [**Go here first!**](https://www.reddit.com/r/NepalStock/wiki/beginners-guide)

DO NOT MAKE SEPARATE **INDIVIDUAL** POSTS ASKING:

* what to buy or sell,
* or what bank to buy,
* or what insurance to buy,
* yo share kati samma mathi jancha hola
* IPO ma pareko yo share kun din bechda ramro hola, ajhai 1-2 din parkhine ki nai etc.

will be deleted. Repeat violators will be banned.

Happy Investing!",1,0,2025-05-07 01:15:29+00:00,https://reddit.com/r/NepalStock/comments/1kgl6na/daily_discussion_thread_wednesday_may_07_2025/,Yo Kinda Kaso Hola
NepalStock,1kg3qiv,Hydro BOOOM in NEPSE.,dark__knightt,"I think it's time for HYDROPOWER sector in Market. UPCL, RADHI, RIDI and SAHAS are doing really good. What do you guys think about this, Anything that we need to know. please leave a comment so that we can understand what everyone thinks about the Market at this time.",1,0,2025-05-06 12:54:18+00:00,https://reddit.com/r/NepalStock/comments/1kg3qiv/hydro_booom_in_nepse/,Market
NepalStock,1kg2wm0,Fully automated share price checker that alerts you via telegram.,ant33m,"Hey everyone!

Recently completed a small project: a **Telegram bot** that checks the **NAV of NIBL Sahabhagita Fund** from the [NIMB Ace Capital website](https://www.nimbacecapital.com/mutual-fund/nav-nibl-sahabhagita-fund/) and sends an alert if it drops below a certain value . It is meant for general domestic use.

🔧 **What it doe**s:

* Scrapes the NAV value daily using `BeautifulSoup`
* Sends Telegram alerts via a bot to multiple or single private chat IDs
* Hosted on GitHub Actions to run every morning via cron.

**how it differs?**

* can be run locally
* free of cost
* lightweight

Modify and use it to your own advantage

repo : [https://github.com/ant33m/checking-nav](https://github.com/ant33m/checking-nav)",1,0,2025-05-06 12:12:22+00:00,https://reddit.com/r/NepalStock/comments/1kg2wm0/fully_automated_share_price_checker_that_alerts/,Softwares
NepalStock,1kg2u21,NEA case ho anyone with expertise?,Deep_Date_8139,"Kasari loss ekdam badyoo ,k yo existing loss nai theeyo but kulman leh auditing modification garerw profit dkhako hoo .if so then how . Is the current chairman really as bad as we think or we're misguided.",1,0,2025-05-06 12:08:47+00:00,https://reddit.com/r/NepalStock/comments/1kg2u21/nea_case_ho_anyone_with_expertise/,Market
NepalStock,1kg24c2,Can IPO’s be sold per kitta?,Slow-Ad1553,"On allotted IPO with 10 kitta, can I sell 1 kitta or maybe 2-3 kitta and sell it gradually as the stock finds it’s price discovery? 

Are the broker charge, captial gain charges applied to individual kitta at the sold amount or in total? Also the DP charge would apply to each sold kitta I think?",1,0,2025-05-06 11:30:29+00:00,https://reddit.com/r/NepalStock/comments/1kg24c2/can_ipos_be_sold_per_kitta/,Advice
NepalStock,1kfwvvf,How is a mutual funds maximum distributable dividend calculated?,aayushkarki49,"If NAV of a MF is say Rs 12.5, we may think the maximum distributable divident is 25% (Rs 2.5 per unit), but that's not the case. Anyone knows how to calculate it based on their monthly financial statement?

NepseAlpha shows such values, but no clue how those are calculated. Don't even know if these are correct numbers.

[https://nepsealpha.com/mutual-fund-navs#](https://nepsealpha.com/mutual-fund-navs#)",1,0,2025-05-06 05:25:53+00:00,https://reddit.com/r/NepalStock/comments/1kfwvvf/how_is_a_mutual_funds_maximum_distributable/,Mutual Funds
NepalStock,1kfsf1z,"Daily Discussion Thread (Tuesday - May 06, 2025)",AutoModerator,"Use this post to discuss what to buy/sell/trade/avoid/watch today and in the coming days.

As always, the rules still apply.

**Have a TMS or Meroshare issue? Query about EDIS or collateral? Ask here instead of creating another thread. All queries regarding TMS, MeroShare, Broker issues, EDIS, Settlement and Payments should be asked here.** &gt;!DO NOT create another post.!&lt;

BEGINNER? [**Go here first!**](https://www.reddit.com/r/NepalStock/wiki/beginners-guide)

DO NOT MAKE SEPARATE **INDIVIDUAL** POSTS ASKING:

* what to buy or sell,
* or what bank to buy,
* or what insurance to buy,
* yo share kati samma mathi jancha hola
* IPO ma pareko yo share kun din bechda ramro hola, ajhai 1-2 din parkhine ki nai etc.

will be deleted. Repeat violators will be banned.

Happy Investing!",1,0,2025-05-06 01:15:43+00:00,https://reddit.com/r/NepalStock/comments/1kfsf1z/daily_discussion_thread_tuesday_may_06_2025/,Yo Kinda Kaso Hola
NepalStock,1kfaxvx,edis garda Bonus Share ko purchase price or aru kehi change garnu parxa ki pardaina?,xixez,,1,1,2025-05-05 12:56:47+00:00,https://reddit.com/r/NepalStock/comments/1kfaxvx/edis_garda_bonus_share_ko_purchase_price_or_aru/,Trading/Settlement/Payment
NepalStock,1kfarkz,edis garda Bonus Share ko purchase price or aru kehi change garnu parxa ki pardaina?,xixez,"first time bonus share vako wala stock bechna lageko so, bonus share ko purchase price or aru kehi change garnu parxa ki pardaina?

https://preview.redd.it/8n3t8c8fpyye1.jpg?width=1726&amp;format=pjpg&amp;auto=webp&amp;s=99a7cab77d8b1d4bb14b53c1e07decc7d627b6ed",1,0,2025-05-05 12:48:01+00:00,https://reddit.com/r/NepalStock/comments/1kfarkz/edis_garda_bonus_share_ko_purchase_price_or_aru/,Trading/Settlement/Payment
NepalStock,1kfajsj,Bonus share ko edis garda purchase price change garnu parxa or not?,xixez,,1,1,2025-05-05 12:36:59+00:00,https://reddit.com/r/NepalStock/comments/1kfajsj/bonus_share_ko_edis_garda_purchase_price_change/,Online/TMS
NepalStock,1kf6mzc,RADHI just as NFS/Jfl?,[deleted],,0,5,2025-05-05 08:35:38+00:00,https://reddit.com/r/NepalStock/comments/1kf6mzc/radhi_just_as_nfsjfl/,Market
NepalStock,1kf5ko2,UPPER. Why is it so bad?,DeDumbDumbKiddo87,Why is UPPER always losing money? Is there something going on ?,1,6,2025-05-05 07:16:32+00:00,https://reddit.com/r/NepalStock/comments/1kf5ko2/upper_why_is_it_so_bad/,Market
NepalStock,1kf56wf,"newbie to secondary, yo order number chai k ho",Internal_Channel_273,"**order number chai k ho, broker number ho ki k ho**

https://preview.redd.it/ii54svgouwye1.png?width=536&amp;format=png&amp;auto=webp&amp;s=20e003825ba20dd336575ed15db544eded2be065",2,1,2025-05-05 06:49:22+00:00,https://reddit.com/r/NepalStock/comments/1kf56wf/newbie_to_secondary_yo_order_number_chai_k_ho/,Misc
NepalStock,1kf4i7m,Any one know about capital gain tax,nepalstockshiksha,Can anyone,0,5,2025-05-05 06:00:47+00:00,https://reddit.com/r/NepalStock/comments/1kf4i7m/any_one_know_about_capital_gain_tax/,Market
NepalStock,1kf3p49,How to sell my mutual fund share,Individual-Look3457,,1,3,2025-05-05 05:06:27+00:00,https://reddit.com/r/NepalStock/comments/1kf3p49/how_to_sell_my_mutual_fund_share/,Mutual Funds
NepalStock,1kf2uea,What do you think is the fundamentally strongest company in NEPSE?,nameisalreadytaken46,"Other then API, what other company has the strongest fundamentals according to you? I think OM Shree Pharmaceuticals has some probability.",4,19,2025-05-05 04:12:37+00:00,https://reddit.com/r/NepalStock/comments/1kf2uea/what_do_you_think_is_the_fundamentally_strongest/,Fundamental Analysis
NepalStock,1kezn6u,"Daily Discussion Thread (Monday - May 05, 2025)",AutoModerator,"Use this post to discuss what to buy/sell/trade/avoid/watch today and in the coming days.

As always, the rules still apply.

**Have a TMS or Meroshare issue? Query about EDIS or collateral? Ask here instead of creating another thread. All queries regarding TMS, MeroShare, Broker issues, EDIS, Settlement and Payments should be asked here.** &gt;!DO NOT create another post.!&lt;

BEGINNER? [**Go here first!**](https://www.reddit.com/r/NepalStock/wiki/beginners-guide)

DO NOT MAKE SEPARATE **INDIVIDUAL** POSTS ASKING:

* what to buy or sell,
* or what bank to buy,
* or what insurance to buy,
* yo share kati samma mathi jancha hola
* IPO ma pareko yo share kun din bechda ramro hola, ajhai 1-2 din parkhine ki nai etc.

will be deleted. Repeat violators will be banned.

Happy Investing!",1,0,2025-05-05 01:15:28+00:00,https://reddit.com/r/NepalStock/comments/1kezn6u/daily_discussion_thread_monday_may_05_2025/,Yo Kinda Kaso Hola
NepalStock,1kemd33,I’ve been trading for 10 years and here’s what I’d tell my younger self,TurbulentKings,"If I could sit down with my younger self, the version of me that stayed up until 3AM watching candlesticks dance, I’d tell him three things.

First, **the market isn’t your enemy, but your ego is**. The sooner you stop trying to be right and start trying to **survive**, the faster you’ll grow. It's not about catching tops or bottoms. It’s about building systems and staying emotionally neutral.

Second, **you don't need to trade everything**. In my first few years, I chased every earnings pump, every breakout. It wasn’t until I started saying *no* to 90% of setups that I found consistency. Patience isn’t just a virtue in trading. It’s the edge.

Third, and maybe most importantly: tools don’t make the trader. I wasted so much money on fancy apps and indicators I didn’t even understand. You don't need 17 oscillators and a $120 per month subscription to succeed. For the past year, I’ve been using free TradingView Premium from the [r/BestTrades](https://www.reddit.com/r/BestTrades/comments/1kcc51e/sharing_free_reverseengineered_tradingview/) subreddit. Clean. Fast. No BS. Seriously, do yourself a favor.

Ten years in, I’ve realized this game is mostly about psychology, risk, and knowing when *not* to trade. If you're just starting out, breathe. It’s not a sprint. It’s a career.",1,0,2025-05-04 15:23:27+00:00,https://reddit.com/r/NepalStock/comments/1kemd33/ive_been_trading_for_10_years_and_heres_what_id/,Trading/Settlement/Payment
NepalStock,1kel0vy,Colaterallllllllllllll,imchillasff,"Yo broker lai becheko share ko paisa collateral ma load gardinu vaneko tara 2k jati thorai haldyo ani baki paisa settlement vayesi haldinxa re, sabaiko yestai ho?",1,0,2025-05-04 14:24:53+00:00,https://reddit.com/r/NepalStock/comments/1kel0vy/colaterallllllllllllll/,Broker
NepalStock,1kekbac,Received less collateral,imchillasff,,1,0,2025-05-04 13:52:38+00:00,https://reddit.com/r/NepalStock/comments/1kekbac/received_less_collateral/,Broker
NepalStock,1kek6xy,Cash collateralllllllll,imchillasff,"Today I sold some shares and asked the broker to load the amount into my collateral, which they did but the collateral amount was a 2k less than the actual amount so I asked the broker about this and they told me that the collateral will be updated after the settlement. Now is this normal or is it just my broker",1,0,2025-05-04 13:46:47+00:00,https://reddit.com/r/NepalStock/comments/1kek6xy/cash_collateralllllllll/,Trading/Settlement/Payment
NepalStock,1kej2nj,Regarding cash collateral,imchillasff,,1,0,2025-05-04 12:51:10+00:00,https://reddit.com/r/NepalStock/comments/1kej2nj/regarding_cash_collateral/,Broker
NepalStock,1keid6k,gmli ko share hold ki sell ?,NoEditor6387,ghatna thalyo ta aaile so hold garda better ki sell?,1,0,2025-05-04 12:11:59+00:00,https://reddit.com/r/NepalStock/comments/1keid6k/gmli_ko_share_hold_ki_sell/,IPO/FPO
NepalStock,1kei934,Is this the best time to buy gold at it lowest ?,BrotherUpbeat3880,"Gold prices in Nepal have surged sharply. Hallmark gold rose from **NPR 106,500** per tola in Oct 2023 to **NPR 197,000** by Apr 2025. This nearly **85%** jump. also if i want to buy gold where do i buy pure gold like in from of coin or biscuits. also is there a difference in appreciation  of  ***24k jewelry gold*** vs ***24k gold coin***,",1,0,2025-05-04 12:05:34+00:00,https://reddit.com/r/NepalStock/comments/1kei934/is_this_the_best_time_to_buy_gold_at_it_lowest/,Market
NepalStock,1kee1ld,CHDC - Hold or Sell? Suggestion needed,Single_You_7905,"CHDC hold garne ki sell.  
I've been holding it for many years, but it latest growth is incomprehensible to me. Can you please explain the possible reasons behind its growth?  
I am a beginner so I don't know much about Funda and TA analysis.",1,0,2025-05-04 07:20:22+00:00,https://reddit.com/r/NepalStock/comments/1kee1ld/chdc_hold_or_sell_suggestion_needed/,Advice
NepalStock,1kecydd,NEPSE TMPS Expires ???,[deleted],,1,1,2025-05-04 06:04:52+00:00,https://reddit.com/r/NepalStock/comments/1kecydd/nepse_tmps_expires/,Online/TMS
NepalStock,1kecx3i,kati samma janchha hola? 30k?,[deleted],,1,1,2025-05-04 06:02:23+00:00,https://reddit.com/r/NepalStock/comments/1kecx3i/kati_samma_janchha_hola_30k/,IPO/FPO
NepalStock,1kebu0q,Odd Lot Shares Buy/Sell,JackThorne30,Use this post to buy/sell odd lot shares. Creating separate posts = permanent ban.,1,0,2025-05-04 04:50:18+00:00,https://reddit.com/r/NepalStock/comments/1kebu0q/odd_lot_shares_buysell/,Odd Lot
NepalStock,1keal4f,Short-term Invest k maa garnu ?,piscesbby_,"1-2 months lai 20k jati k maa invest garnu ? 
Aba teti paisa party gara, malai deu, kei nagara navanidinu hola please.",1,0,2025-05-04 03:34:25+00:00,https://reddit.com/r/NepalStock/comments/1keal4f/shortterm_invest_k_maa_garnu/,Advice
NepalStock,1ke85ow,"Daily Discussion Thread (Sunday - May 04, 2025)",AutoModerator,"Use this post to discuss what to buy/sell/trade/avoid/watch today and in the coming days.

As always, the rules still apply.

**Have a TMS or Meroshare issue? Query about EDIS or collateral? Ask here instead of creating another thread. All queries regarding TMS, MeroShare, Broker issues, EDIS, Settlement and Payments should be asked here.** &gt;!DO NOT create another post.!&lt;

BEGINNER? [**Go here first!**](https://www.reddit.com/r/NepalStock/wiki/beginners-guide)

DO NOT MAKE SEPARATE **INDIVIDUAL** POSTS ASKING:

* what to buy or sell,
* or what bank to buy,
* or what insurance to buy,
* yo share kati samma mathi jancha hola
* IPO ma pareko yo share kun din bechda ramro hola, ajhai 1-2 din parkhine ki nai etc.

will be deleted. Repeat violators will be banned.

Happy Investing!",1,0,2025-05-04 01:15:30+00:00,https://reddit.com/r/NepalStock/comments/1ke85ow/daily_discussion_thread_sunday_may_04_2025/,Yo Kinda Kaso Hola
NepalStock,1kdw5i8,Share pareko kati din ma aauchha?,Kshetri_anup,,1,0,2025-05-03 15:53:59+00:00,https://reddit.com/r/NepalStock/comments/1kdw5i8/share_pareko_kati_din_ma_aauchha/,IPO/FPO
NepalStock,1kdw4m5,Any updates on prabhu cable car?,Just_Assumption6537,They went silent after they collected money in name of right and auction. Anyone knows about when they are going to apply for ipo?,1,0,2025-05-03 15:52:50+00:00,https://reddit.com/r/NepalStock/comments/1kdw4m5/any_updates_on_prabhu_cable_car/,Advice
NepalStock,1kd5b50,siddhartha bank demat account,worstfrombad,"maile siddhartha bank bata demat acc kholne process gare, online kyc pani vayo. but aile samma paisa(rs 150) tireko xaina,kati time lagxa hola demat account banna lai and CRN number ko chai k kam ho? ani meroshare ko login info ne siddhartha bank le nai dene ho?",1,0,2025-05-02 16:30:19+00:00,https://reddit.com/r/NepalStock/comments/1kd5b50/siddhartha_bank_demat_account/,Demat/MeroShare
NepalStock,1kd1ijr,What's going on with NEPSE-30?,99_December,"Why is NEPSE-30 no longer discussed? Everyone was buzzing about NEPSE-30 when it first made the news. claiming that it will transform the stock market in Nepal. How it will greatly simplify trading. We're discussing the possibility of trading futures and options as well. Now the news died down, a year has passed and we don't have any updates.",1,0,2025-05-02 13:53:28+00:00,https://reddit.com/r/NepalStock/comments/1kd1ijr/whats_going_on_with_nepse30/,Market
NepalStock,1kcfcuw,Mentor for learning the ropes,deadlydude25,"Where can I find a good mentor for this?
Starting out and lost some, won some but loss in average.",1,0,2025-05-01 18:04:53+00:00,https://reddit.com/r/NepalStock/comments/1kcfcuw/mentor_for_learning_the_ropes/,Market
NepalStock,1kcdrz8,Automatic trading using technical indicator buy and sell signal,Effective-Quarter-95,"Hello Traders, I want to showcase a way we can achieve systematic trading in NEPSE—so yeah, no more FOMO.

The first part is always the identification of the stock. I think this is a crucial step before we start trading.  
In the world of social media, there’s a lot of noise around “shiny” stocks. For me, good networking with Mr. Market traders helps me shortlist 2-3 stocks.

After that, I apply strategy backtesting. I personally **follow Bollinger Breakout and Supertrend**. My rule is simple: I apply the same strategy indicators to NEPSE and its sub-indices.

For this post, I’ll pick **Radhi**, one of the stocks I’m currently testing for automatic trading—backed by strategy backtest buy/sell rules.  
I just click **Automatic Trading** on the view page of the strategy backtest for **BBreakout**.



https://preview.redd.it/pg7l2gzu97ye1.png?width=583&amp;format=png&amp;auto=webp&amp;s=d4f29c41bf10d837705c30e0088363acd5434083

It will ask me which **TMS Detail** to trade from, the **quantity of the trade**, and whether to **start from Buy**.  
""Start from Buy"" means it will initiate the first trade when a **Buy signal** is triggered.  
If unchecked, it will start from a **Sell** signal instead.



https://preview.redd.it/xppmtw6la7ye1.png?width=1456&amp;format=png&amp;auto=webp&amp;s=01dec07e2a38c7e033c1b36538fa80e1727cd9c5

 I have placed 500 quantity quantity for radhi as you can see auto trade without need of opening tms

https://preview.redd.it/m3fd4o3wa7ye1.png?width=788&amp;format=png&amp;auto=webp&amp;s=6ce700fb1d67f9e4ea2d37d3ebe949fc731f876a

We are giving one strategy back test free on [https://mrmarketnepse.avocado.com.np/](https://mrmarketnepse.avocado.com.np/) For automatic trading , It is not public yet, You have to request me for this feature.",1,0,2025-05-01 17:00:28+00:00,https://reddit.com/r/NepalStock/comments/1kcdrz8/automatic_trading_using_technical_indicator_buy/,Softwares
NepalStock,1kc9jg0,why am i getting this problem,ChipmunkOnly8201,maile 3 4 din agadi demat account ko id password pako the ani ipo bharna jada yo here. why is this happening and what can I do to fix this,1,0,2025-05-01 14:04:21+00:00,https://reddit.com/r/NepalStock/comments/1kc9jg0/why_am_i_getting_this_problem/,Demat/MeroShare
NepalStock,1kc0iht,Foreign employment account,Noobie020,How to open demat account for foreign employment?,1,0,2025-05-01 04:43:23+00:00,https://reddit.com/r/NepalStock/comments/1kc0iht/foreign_employment_account/,Demat/MeroShare
NepalStock,1kbwr1j,"Market Weekend Discussion (Thursday May 01 - Saturday May 03, 2025)",AutoModerator,"Use this post to discuss what to buy/sell/trade/avoid/watch this weekend and in the coming days.

As always, the rules still apply.

**Have a TMS or Meroshare issue? Query about EDIS or collateral? Ask here instead of creating another thread. All queries regarding TMS, MeroShare, Broker Issues, EDIS, Settlement and Payments should be asked here.** DO NOT create another post.

BEGINNER? [**Go here first!**](https://www.reddit.com/r/NepalStock/wiki/beginners-guide)

DO NOT MAKE SEPARATE **INDIVIDUAL** POSTS ASKING:

* what to buy or sell,
* or what bank to buy,
* or what insurance to buy,
* yo share kati samma mathi jancha hola
* IPO ma pareko yo share kun din bechda ramro hola, ajhai 1-2 din parkhine ki nai etc.

will be deleted. Repeat violators will be banned.

Happy Investing!",1,0,2025-05-01 01:15:29+00:00,https://reddit.com/r/NepalStock/comments/1kbwr1j/market_weekend_discussion_thursday_may_01/,Yo Kinda Kaso Hola
NepalStock,1kbklmz,How can I invest in open-ended mutual fund without starting SIP?,99_December,"Hello newbie here, so I have just started my investment journey, IPO chai bhari Rakh thyo Tara aba secondary market ma ni dabble garne bhane ko and I have heard a lot from others ki secondary market ma entry Garda mutual fund Bata nai garda ramro hunx and I was thinking if I can invest in open or close ended mf without starting SIP?",1,0,2025-04-30 16:21:54+00:00,https://reddit.com/r/NepalStock/comments/1kbklmz/how_can_i_invest_in_openended_mutual_fund_without/,Mutual Funds
NepalStock,1kbj1te,Fund settlement manually garnuparcha?,smag0_5,Namaste noobie here. Do I need to pay the net payable amount from My Information&gt;Fund Settlement or not? Will this make my bought shares appear faster in my portfolio? I have been told that it is automatic if you have load collateral which I have done from online WEB method.,1,0,2025-04-30 15:17:20+00:00,https://reddit.com/r/NepalStock/comments/1kbj1te/fund_settlement_manually_garnuparcha/,Trading/Settlement/Payment
NepalStock,1kbg9jh,Bholi ko Nepse open huncha ki nai,KingMsd1,Bholi market open huncha ki nak,1,0,2025-04-30 13:17:49+00:00,https://reddit.com/r/NepalStock/comments/1kbg9jh/bholi_ko_nepse_open_huncha_ki_nai/,Market
NepalStock,1kbfrwt,Is this app legit??? Can you buy and sell shares from this App ??? Kinda feels fake.,[deleted],,0,7,2025-04-30 12:55:13+00:00,https://reddit.com/r/NepalStock/comments/1kbfrwt/is_this_app_legit_can_you_buy_and_sell_shares/,Broker
NepalStock,1kbceot,Bank/Demat Without Branch Visit,FlowerFantastic530,"Hi everyone, I want to open a new bank account and Demat account for my parents. Is there any bank that allows opening both accounts online without visiting the branch? If anyone has experience or knows the process, please help. Thank you!",1,0,2025-04-30 09:39:15+00:00,https://reddit.com/r/NepalStock/comments/1kbceot/bankdemat_without_branch_visit/,Demat/MeroShare
NepalStock,1kbaf6t,order cancelled due to order attribute,EndSubstantial563,"Im tryna buy stocks. But it keeps saying  ""ORDER CANCELLED DUE TO ORDERATTRIBUTE"" why is it happening???

Broker no 36, ATRAD.


Ps: i am new to secondary market. 
Basically its my first day, lmfao. 

Some help and suggestion  would be  great.

Thank you.",1,4,2025-04-30 07:09:32+00:00,https://reddit.com/r/NepalStock/comments/1kbaf6t/order_cancelled_due_to_order_attribute/,Online/TMS
NepalStock,1kb4e5f,"Daily Discussion Thread (Wednesday - Apr 30, 2025)",AutoModerator,"Use this post to discuss what to buy/sell/trade/avoid/watch today and in the coming days.

As always, the rules still apply.

**Have a TMS or Meroshare issue? Query about EDIS or collateral? Ask here instead of creating another thread. All queries regarding TMS, MeroShare, Broker issues, EDIS, Settlement and Payments should be asked here.** &gt;!DO NOT create another post.!&lt;

BEGINNER? [**Go here first!**](https://www.reddit.com/r/NepalStock/wiki/beginners-guide)

DO NOT MAKE SEPARATE **INDIVIDUAL** POSTS ASKING:

* what to buy or sell,
* or what bank to buy,
* or what insurance to buy,
* yo share kati samma mathi jancha hola
* IPO ma pareko yo share kun din bechda ramro hola, ajhai 1-2 din parkhine ki nai etc.

will be deleted. Repeat violators will be banned.

Happy Investing!",1,0,2025-04-30 01:15:48+00:00,https://reddit.com/r/NepalStock/comments/1kb4e5f/daily_discussion_thread_wednesday_apr_30_2025/,Yo Kinda Kaso Hola
NepalStock,1kanwf8,"share market yastai ghtcha ki recover vayer up jancha, loss vayer barbad vo , any stock suggestions sathi haru",Affectionate-Bat1554,"share market yastai ghtcha ki recover vayer up jancha, loss vayer barbad vo , any stock suggestions sathi haru",1,0,2025-04-29 13:26:30+00:00,https://reddit.com/r/NepalStock/comments/1kanwf8/share_market_yastai_ghtcha_ki_recover_vayer_up/,Market
NepalStock,1kank84,Hydro promoter unlocking causes huge supply and immediate price crash so how promoters exit easily?,Weird_Region2687,"When people say promoter unlock means they will all sell and exit. But tetro exit garna buyer ni hunu paryo. Price will tumble to below 100 if all promoters exit and exert huge supply.

Balephi ma kasari k bhathyo?",1,0,2025-04-29 13:10:30+00:00,https://reddit.com/r/NepalStock/comments/1kank84/hydro_promoter_unlocking_causes_huge_supply_and/,Misc
NepalStock,1kaln6q,Hey Bhagwan K bhairako xa yeta feri? Next kaanda loading or what?,ToughTruth69,Your opinion on this?,1,0,2025-04-29 11:31:19+00:00,https://reddit.com/r/NepalStock/comments/1kaln6q/hey_bhagwan_k_bhairako_xa_yeta_feri_next_kaanda/,Market
NepalStock,1kajyfz,Can we have two mero share account?? help (newbie),yaxis69,,1,0,2025-04-29 09:42:00+00:00,https://reddit.com/r/NepalStock/comments/1kajyfz/can_we_have_two_mero_share_account_help_newbie/,Demat/MeroShare
NepalStock,1kaids8,How to buy/sell Citizens Saving Bond?,aayushkarki49,"Is Citizens Saving Bond (Nagarik Bachapatra) not tradable on Nepse? It's practically a government debenture issued by NRB. If not tradable, then those who bought this bond during the initial issue, do they have to hold onto it till maturity?",1,0,2025-04-29 07:43:41+00:00,https://reddit.com/r/NepalStock/comments/1kaids8/how_to_buysell_citizens_saving_bond/,Debentures/Bonds
NepalStock,1kahvvy,Suggest me so that I can earn .,Majestic_Lynx9183,"I have around  15 - 20K  rupees ,  I don't know  anything about Stock market , Can you  guide me Which stock  I can buy  with this amount .",1,0,2025-04-29 07:07:34+00:00,https://reddit.com/r/NepalStock/comments/1kahvvy/suggest_me_so_that_i_can_earn/,Right Share
NepalStock,1kageju,How to apply for Treasury-Bills?,aayushkarki49,"After signing up on [https://investor.doms.gov.np/](https://investor.doms.gov.np/), how do we apply for treasury bills? After signing up, is there a second approval step? I signed up and I didn't see anything under Active Auction, while I know that there was T-Bills auction going on at that time.

https://preview.redd.it/6s0dy6emlpxe1.png?width=1119&amp;format=png&amp;auto=webp&amp;s=e0bc95964b30b76b1ea046cf32e70a0a542257c9",1,0,2025-04-29 05:25:28+00:00,https://reddit.com/r/NepalStock/comments/1kageju/how_to_apply_for_treasurybills/,Advice
NepalStock,1kacm2u,How to cash out meroshare,Brilliant-Builder452,"Hello guys 
Does anyone know the quickest way to cash out the meroshare? I have few share owned by my deceased father. I need to cash it out asap. Would be grateful if someone guide me tgrough the process. Thanks",1,0,2025-04-29 01:49:02+00:00,https://reddit.com/r/NepalStock/comments/1kacm2u/how_to_cash_out_meroshare/,Demat/MeroShare
NepalStock,1kabyho,"Daily Discussion Thread (Tuesday - Apr 29, 2025)",AutoModerator,"Use this post to discuss what to buy/sell/trade/avoid/watch today and in the coming days.

As always, the rules still apply.

**Have a TMS or Meroshare issue? Query about EDIS or collateral? Ask here instead of creating another thread. All queries regarding TMS, MeroShare, Broker issues, EDIS, Settlement and Payments should be asked here.** &gt;!DO NOT create another post.!&lt;

BEGINNER? [**Go here first!**](https://www.reddit.com/r/NepalStock/wiki/beginners-guide)

DO NOT MAKE SEPARATE **INDIVIDUAL** POSTS ASKING:

* what to buy or sell,
* or what bank to buy,
* or what insurance to buy,
* yo share kati samma mathi jancha hola
* IPO ma pareko yo share kun din bechda ramro hola, ajhai 1-2 din parkhine ki nai etc.

will be deleted. Repeat violators will be banned.

Happy Investing!",1,0,2025-04-29 01:15:11+00:00,https://reddit.com/r/NepalStock/comments/1kabyho/daily_discussion_thread_tuesday_apr_29_2025/,Yo Kinda Kaso Hola
NepalStock,1k9waew,What does settlement date mean?,xixez,,1,1,2025-04-28 14:01:56+00:00,https://reddit.com/r/NepalStock/comments/1k9waew/what_does_settlement_date_mean/,Trading/Settlement/Payment
NepalStock,1k9uvcs,What does settlement date mean?,xixez,,1,1,2025-04-28 12:56:08+00:00,https://reddit.com/r/NepalStock/comments/1k9uvcs/what_does_settlement_date_mean/,Trading/Settlement/Payment
NepalStock,1k9uo8d,What does settlement date mean?,xixez,,1,1,2025-04-28 12:46:15+00:00,https://reddit.com/r/NepalStock/comments/1k9uo8d/what_does_settlement_date_mean/,Trading/Settlement/Payment
NepalStock,1k9umrx,Starting my journey in secondary market please suggest me how to start,MyDarkestHalf,"Hi all,

Well i have been thinking of starting trading.. and i don't have any experience of that. Like i have sold some ipos that's it.. Now for a complete noob like me where to start can anyone give me step by step guideline for investing..

I have 50 k in my account and I am thinking of doing 1 to 3 month ko holding gareraw bachne.. But the primary problem is i never know what stocks to look into.... I did looked in YouTube tara i could find a series of videos which start from noob level and goes to pro.... So yesto kunai video haru wa course haru xa vane please recommend 

Also i will be glad if you guys share your experience how you got into trading which starters mistakes I can and should avoid and what starters opportunities i should look into...

Thanks in advance for all the replies..",1,0,2025-04-28 12:44:15+00:00,https://reddit.com/r/NepalStock/comments/1k9umrx/starting_my_journey_in_secondary_market_please/,Advice
NepalStock,1k9tuoz,What's the deal with BHL?,[deleted],,1,2,2025-04-28 12:03:48+00:00,https://reddit.com/r/NepalStock/comments/1k9tuoz/whats_the_deal_with_bhl/,Market
NepalStock,1k9sr5s,Can one person transfer shares from one meroshare to another person's meroshare without putting order in TMS?,soosheel,above question,1,0,2025-04-28 11:01:18+00:00,https://reddit.com/r/NepalStock/comments/1k9sr5s/can_one_person_transfer_shares_from_one_meroshare/,Demat/MeroShare
NepalStock,1k9oj3l,"Why are Crest, NMIC, and GMLI shares surging?",Fabulous_Court9102,"Crest, NMIC, and GMLI are seeing rapid price increases and heavy demand. What’s driving this surge?",1,0,2025-04-28 05:58:40+00:00,https://reddit.com/r/NepalStock/comments/1k9oj3l/why_are_crest_nmic_and_gmli_shares_surging/,Market
NepalStock,1k9jnq7,"Daily Discussion Thread (Monday - Apr 28, 2025)",AutoModerator,"Use this post to discuss what to buy/sell/trade/avoid/watch today and in the coming days.

As always, the rules still apply.

**Have a TMS or Meroshare issue? Query about EDIS or collateral? Ask here instead of creating another thread. All queries regarding TMS, MeroShare, Broker issues, EDIS, Settlement and Payments should be asked here.** &gt;!DO NOT create another post.!&lt;

BEGINNER? [**Go here first!**](https://www.reddit.com/r/NepalStock/wiki/beginners-guide)

DO NOT MAKE SEPARATE **INDIVIDUAL** POSTS ASKING:

* what to buy or sell,
* or what bank to buy,
* or what insurance to buy,
* yo share kati samma mathi jancha hola
* IPO ma pareko yo share kun din bechda ramro hola, ajhai 1-2 din parkhine ki nai etc.

will be deleted. Repeat violators will be banned.

Happy Investing!",1,0,2025-04-28 01:15:29+00:00,https://reddit.com/r/NepalStock/comments/1k9jnq7/daily_discussion_thread_monday_apr_28_2025/,Yo Kinda Kaso Hola
NepalStock,1k97rbo,How 'Kheladis' choose a stock to inflate?,Anontzn,"As we can see, these days many stocks are being inflated without a reason that is visible by a retail investor. Of course many would argue it touched my EMA or Bollinger band and all but I was wondering how the mind of the makers work and how they choose a stock so to finally sell them at inflated price to the public!?",1,12,2025-04-27 16:18:19+00:00,https://reddit.com/r/NepalStock/comments/1k97rbo/how_kheladis_choose_a_stock_to_inflate/,Market
NepalStock,1k8w0ic,Odd Lot Shares Buy/Sell,JackThorne30,Use this post to buy/sell odd lot shares. Creating separate posts = permanent ban.,1,0,2025-04-27 04:50:32+00:00,https://reddit.com/r/NepalStock/comments/1k8w0ic/odd_lot_shares_buysell/,Odd Lot
NepalStock,1k8u2jt,Current holding of stocks.,[deleted],,1,10,2025-04-27 02:54:59+00:00,https://reddit.com/r/NepalStock/comments/1k8u2jt/current_holding_of_stocks/,Market
NepalStock,1k8s9le,"Daily Discussion Thread (Sunday - Apr 27, 2025)",AutoModerator,"Use this post to discuss what to buy/sell/trade/avoid/watch today and in the coming days.

As always, the rules still apply.

**Have a TMS or Meroshare issue? Query about EDIS or collateral? Ask here instead of creating another thread. All queries regarding TMS, MeroShare, Broker issues, EDIS, Settlement and Payments should be asked here.** &gt;!DO NOT create another post.!&lt;

BEGINNER? [**Go here first!**](https://www.reddit.com/r/NepalStock/wiki/beginners-guide)

DO NOT MAKE SEPARATE **INDIVIDUAL** POSTS ASKING:

* what to buy or sell,
* or what bank to buy,
* or what insurance to buy,
* yo share kati samma mathi jancha hola
* IPO ma pareko yo share kun din bechda ramro hola, ajhai 1-2 din parkhine ki nai etc.

will be deleted. Repeat violators will be banned.

Happy Investing!",1,0,2025-04-27 01:15:45+00:00,https://reddit.com/r/NepalStock/comments/1k8s9le/daily_discussion_thread_sunday_apr_27_2025/,Yo Kinda Kaso Hola
NepalStock,1k8bna1,NEPSE (Secondary Market) — Need Advice!,Useful_Gold_8056,"I have just started today in NEPSE secondary market. I am a total beginner and would love to learn how to do it correctly.  
  
Can someone please advise me on:  
  
Where do I begin learning?  
  
What are the fundamentals I need to know?  
  
How do you decide which shares to buy and sell at what time?  
  
Any tips or study materials for beginners you would suggest specifically for NEPSE?  
  
What are some common mistakes to watch out for?  
  
I'm excited but also a little overwhelmed. Would love any advice, tips, or even small pointers you can provide.",1,0,2025-04-26 12:19:17+00:00,https://reddit.com/r/NepalStock/comments/1k8bna1/nepse_secondary_market_need_advice/,Online/TMS
NepalStock,1k86nrk,Yo meroshare I'd password aauna kati day lagcha Gmail ma aaja 9 days vaesakyo Yo meroshare I'd password aauna kati day lagcha Gmail ma aaja 9 days vaesakyo Demat account number ta aacha plus ajkal tyo ckyc vaani message pani aaudo raicha but Mero share I'd password aako chaina,SusHant7o7,,1,2,2025-04-26 06:40:05+00:00,https://reddit.com/r/NepalStock/comments/1k86nrk/yo_meroshare_id_password_aauna_kati_day_lagcha/,Demat/MeroShare
NepalStock,1k868lt,Anyone Created a NEPSE Stock Trading GPT? 🤖,SamundraP,"Hey everyone! 👋



I’m curious if anyone has already created or experimented with a **ChatGPT agent** tailored for stock trading in Nepal, specifically for **NEPSE (Nepal Stock Exchange)**.



I’m looking to build a system where GPT can:



* Track real-time stock prices from **NEPSE**.
* Analyze price movements, trends, and indicators like **RSI**, **SMA**, **MACD** for daily trading insights.
* Suggest trades or notify me about significant price movements.
* Possibly even automate the trading process with an integrated API.





If anyone has worked on a **NEPSE GPT** or has experience with creating custom agents for **stock trading**, I’d love to hear about your experience, tips, or how you set it up!



Let’s share some knowledge! 💡📈",0,1,2025-04-26 06:12:21+00:00,https://reddit.com/r/NepalStock/comments/1k868lt/anyone_created_a_nepse_stock_trading_gpt/,Technical Analysis
NepalStock,1k7tham,"No ""apply"" button to apply for IPO in MeroShare app (both web and mobile)",Virtual_Play_4717,,1,1,2025-04-25 19:23:31+00:00,https://reddit.com/r/NepalStock/comments/1k7tham/no_apply_button_to_apply_for_ipo_in_meroshare_app/,IPO/FPO
NepalStock,1k7teev,No Apply Option in Mero Share,Virtual_Play_4717,,1,1,2025-04-25 19:20:08+00:00,https://reddit.com/r/NepalStock/comments/1k7teev/no_apply_option_in_mero_share/,IPO/FPO
NepalStock,1k7mhcj,Confirmations before choosing a stock!,Anontzn,[View Poll](https://www.reddit.com/poll/1k7mhcj),0,7,2025-04-25 14:34:58+00:00,https://reddit.com/r/NepalStock/comments/1k7mhcj/confirmations_before_choosing_a_stock/,Market
NepalStock,1k7j7a8,Market chart analysis,[deleted],,1,0,2025-04-25 12:02:17+00:00,https://reddit.com/r/NepalStock/comments/1k7j7a8/market_chart_analysis/,Technical Analysis
NepalStock,1k7j36q,Information incorrect,[deleted],,1,1,2025-04-25 11:56:15+00:00,https://reddit.com/r/NepalStock/comments/1k7j36q/information_incorrect/,Technical Analysis
NepalStock,1k7j22j,information for chart,Playful-Rub854,,1,0,2025-04-25 11:54:28+00:00,https://reddit.com/r/NepalStock/comments/1k7j22j/information_for_chart/,Market
NepalStock,1k7fcnd,Mutual fund haru ka gayo?,smag0_5,,0,1,2025-04-25 07:48:18+00:00,https://reddit.com/r/NepalStock/comments/1k7fcnd/mutual_fund_haru_ka_gayo/,Mutual Funds
NepalStock,1k78gql,Facebook Market Analysts since the 3000 downfall.,tpragik,https://preview.redd.it/41k73jexqvwe1.png?width=1446&amp;format=png&amp;auto=webp&amp;s=6bba27e49bb10d1296c45fc5ba64ed24118ec9cc,6,11,2025-04-25 01:01:04+00:00,https://reddit.com/r/NepalStock/comments/1k78gql/facebook_market_analysts_since_the_3000_downfall/,Memes/Fun/Laughs
NepalStock,1k6rree,dividend not received for FY 80/81,nothing-works23,I hold shares of many companies that have given cash dividend this year but i haven't received single penny. 2 years back i used to receive them. What could i do to get cash dividend?,1,4,2025-04-24 13:07:34+00:00,https://reddit.com/r/NepalStock/comments/1k6rree/dividend_not_received_for_fy_8081/,Bonus Share/Dividend
NepalStock,1k6mbh4,Bhl ko barema k bhannu xa hold garney ke sell garney?,True_Statistician_17,,0,2,2025-04-24 07:26:37+00:00,https://reddit.com/r/NepalStock/comments/1k6mbh4/bhl_ko_barema_k_bhannu_xa_hold_garney_ke_sell/,Market
NepalStock,1k6m9ow,Invest in Digital Gold from Nepal,Tall_Researcher_4504,"For someone staying in Nepal, is there any platform to invest in digital gold? And if there's, what could be the payment method from here? Does dollar card work? 

I found one as Mypay Gold which seems to be a Nepali company but as NRB has no any regulations for investing in digital gold, it seems risky to invest through this company.

Any foreign company to invest from Nepal?",1,6,2025-04-24 07:23:07+00:00,https://reddit.com/r/NepalStock/comments/1k6m9ow/invest_in_digital_gold_from_nepal/,Advice
NepalStock,1k6lqs8,BO modification address change form,Learner08_07,"Yo bo modification form yaniki demata account ma kei wrong info xa vaney sachyauna sakne form....... So mero chai demat account / Mero share ma my details ma herda mero nagarpalika ko ward no change raixa vannale 5 hunu parne Thau ma 8 raixa.... So yo form ma fill up Garda k lekhney...... 



Let's say I'm from Dharan-5 mero share ma Dharan - 8 dekhai rakheko so yo sachaunu parney Thau ma k lekhney Dharan -8 matrai lekhney ????",4,5,2025-04-24 06:47:06+00:00,https://reddit.com/r/NepalStock/comments/1k6lqs8/bo_modification_address_change_form/,Demat/MeroShare
NepalStock,1k6jafb,What are best stock options to buy?,[deleted],,2,2,2025-04-24 04:10:56+00:00,https://reddit.com/r/NepalStock/comments/1k6jafb/what_are_best_stock_options_to_buy/,Market
NepalStock,1k6fuso,"Market Weekend Discussion (Thursday Apr 24 - Saturday Apr 26, 2025)",AutoModerator,"Use this post to discuss what to buy/sell/trade/avoid/watch this weekend and in the coming days.

As always, the rules still apply.

**Have a TMS or Meroshare issue? Query about EDIS or collateral? Ask here instead of creating another thread. All queries regarding TMS, MeroShare, Broker Issues, EDIS, Settlement and Payments should be asked here.** DO NOT create another post.

BEGINNER? [**Go here first!**](https://www.reddit.com/r/NepalStock/wiki/beginners-guide)

DO NOT MAKE SEPARATE **INDIVIDUAL** POSTS ASKING:

* what to buy or sell,
* or what bank to buy,
* or what insurance to buy,
* yo share kati samma mathi jancha hola
* IPO ma pareko yo share kun din bechda ramro hola, ajhai 1-2 din parkhine ki nai etc.

will be deleted. Repeat violators will be banned.

Happy Investing!",1,0,2025-04-24 01:15:29+00:00,https://reddit.com/r/NepalStock/comments/1k6fuso/market_weekend_discussion_thursday_apr_24/,Yo Kinda Kaso Hola
NepalStock,1k60kjo,Nabil and  NICA for couple of years.,dark__knightt,What do you think about this. I wanna know your opinion. Bith of the stocks have low prices on market right now. Since NICA has been able to generate some profit recently and Nabil being Nabil. Would you buy these stocks hoping they would reach almost same as covid time in few years?,1,0,2025-04-23 14:28:59+00:00,https://reddit.com/r/NepalStock/comments/1k60kjo/nabil_and_nica_for_couple_of_years/,Market
NepalStock,1k5wrap,Mutual fund ma profit hunxa ki nai?,Individual-Look3457,"recently yo share market ma aako ma so khuleko sab ma apply garey. Ani malae mutual wala paryo 2ota ani both are in loss. My friend said tyo mutual wala ma profit kahile ni hunna so I wanna sell aaba. 
Aaba broker account banayehra sell garni bichar gareko xu.

So is it true ki yo mutual fund wala ma profit kahile ni hunna? Ani aaba sell garyo vani kati jati katxa ani kati pauxa maile?

Ani euta profit wala ni xa, ani tyo lae kati samma hold garni? 2-3 yrs? Ki loss ma jani bitikai sell garni tyo ni?

Please help",1,0,2025-04-23 11:27:13+00:00,https://reddit.com/r/NepalStock/comments/1k5wrap/mutual_fund_ma_profit_hunxa_ki_nai/,Mutual Funds
NepalStock,1k5s7rw,"I have 6 GBIME shares left, and I need to sell it. After placing an order, the tms portal says order is open but it isn't selling, can someone tell me how do I sell it?",bitminer_626,"I have 6 GBIME shares left, and I need to sell it. After placing an order, the tms portal says order is open but it isn't selling, can someone tell me how do I sell it?",1,0,2025-04-23 06:13:40+00:00,https://reddit.com/r/NepalStock/comments/1k5s7rw/i_have_6_gbime_shares_left_and_i_need_to_sell_it/,Online/TMS
NepalStock,1k5qhzi,Information about the tax?,True_Statistician_17,Mailey euta share 250 ma kiney ani 1 month hold garera tyo share le profit dinna jasto lago bhaney 250 mai sell gardai tax n charge aru katxa ra?,1,0,2025-04-23 04:23:21+00:00,https://reddit.com/r/NepalStock/comments/1k5qhzi/information_about_the_tax/,Trading/Settlement/Payment
NepalStock,1k5p1p1,"Upcoming global recession, remittance will dry up and neighbor geopolitical tensions. Economy blackpill?",Weird_Region2687,"Global recession will hit Nepal hard unlike the relatively mild impact of 2008. Demand for foreign workers will fall and drying  remittance will bring economy to its knees. I see mass deportations on the horizon.

Add new India pakistan geopolitical tensions. How will this all play out?",1,0,2025-04-23 03:02:00+00:00,https://reddit.com/r/NepalStock/comments/1k5p1p1/upcoming_global_recession_remittance_will_dry_up/,Economy
NepalStock,1k5mzg9,"Daily Discussion Thread (Wednesday - Apr 23, 2025)",AutoModerator,"Use this post to discuss what to buy/sell/trade/avoid/watch today and in the coming days.

As always, the rules still apply.

**Have a TMS or Meroshare issue? Query about EDIS or collateral? Ask here instead of creating another thread. All queries regarding TMS, MeroShare, Broker issues, EDIS, Settlement and Payments should be asked here.** &gt;!DO NOT create another post.!&lt;

BEGINNER? [**Go here first!**](https://www.reddit.com/r/NepalStock/wiki/beginners-guide)

DO NOT MAKE SEPARATE **INDIVIDUAL** POSTS ASKING:

* what to buy or sell,
* or what bank to buy,
* or what insurance to buy,
* yo share kati samma mathi jancha hola
* IPO ma pareko yo share kun din bechda ramro hola, ajhai 1-2 din parkhine ki nai etc.

will be deleted. Repeat violators will be banned.

Happy Investing!",1,0,2025-04-23 01:15:30+00:00,https://reddit.com/r/NepalStock/comments/1k5mzg9/daily_discussion_thread_wednesday_apr_23_2025/,Yo Kinda Kaso Hola
NepalStock,1k5d8ff,Bankers Need Free Hardcopy Calendar Please,Hey_Bannana,,1,0,2025-04-22 18:11:42+00:00,https://reddit.com/r/NepalStock/comments/1k5d8ff/bankers_need_free_hardcopy_calendar_please/,Misc
NepalStock,1k52xjv,Auction share and good for payment cheque,abhissh123,,1,0,2025-04-22 10:26:04+00:00,https://reddit.com/r/NepalStock/comments/1k52xjv/auction_share_and_good_for_payment_cheque/,Market
NepalStock,1k4wfdy,Where to sell gold without bill in Kathmandu?,PrimarySite,Also is standard gold exchange legit? Do they give cash instantly and don't need bills?,1,0,2025-04-22 03:13:36+00:00,https://reddit.com/r/NepalStock/comments/1k4wfdy/where_to_sell_gold_without_bill_in_kathmandu/,Misc
NepalStock,1k4u538,"Daily Discussion Thread (Tuesday - Apr 22, 2025)",AutoModerator,"Use this post to discuss what to buy/sell/trade/avoid/watch today and in the coming days.

As always, the rules still apply.

**Have a TMS or Meroshare issue? Query about EDIS or collateral? Ask here instead of creating another thread. All queries regarding TMS, MeroShare, Broker issues, EDIS, Settlement and Payments should be asked here.** &gt;!DO NOT create another post.!&lt;

BEGINNER? [**Go here first!**](https://www.reddit.com/r/NepalStock/wiki/beginners-guide)

DO NOT MAKE SEPARATE **INDIVIDUAL** POSTS ASKING:

* what to buy or sell,
* or what bank to buy,
* or what insurance to buy,
* yo share kati samma mathi jancha hola
* IPO ma pareko yo share kun din bechda ramro hola, ajhai 1-2 din parkhine ki nai etc.

will be deleted. Repeat violators will be banned.

Happy Investing!",1,0,2025-04-22 01:15:47+00:00,https://reddit.com/r/NepalStock/comments/1k4u538/daily_discussion_thread_tuesday_apr_22_2025/,Yo Kinda Kaso Hola
NepalStock,1k4ifa1,What's the scenario of BHL ....,OkPlatypus3131,planning to buy bhl tomorrow. What's your take guys ?,1,0,2025-04-21 16:58:11+00:00,https://reddit.com/r/NepalStock/comments/1k4ifa1/whats_the_scenario_of_bhl/,Trading/Settlement/Payment
NepalStock,1k4fnrb,What maximum we can expect,Majestic_Lynx9183,"i don't Know much more about  IPO and Shares tara recently malie euta IPO pareko cha (CREST) ,  how much i can expect  from This IPO , ?",1,0,2025-04-21 15:00:35+00:00,https://reddit.com/r/NepalStock/comments/1k4fnrb/what_maximum_we_can_expect/,IPO/FPO
NepalStock,1k4cod6,Which broker gives instant collateral after selling the shares.,Opening-Pace-3595,,1,0,2025-04-21 12:48:24+00:00,https://reddit.com/r/NepalStock/comments/1k4cod6/which_broker_gives_instant_collateral_after/,Trading/Settlement/Payment
NepalStock,1k4a2is,Yo pharmaceutical company ko ipo kaile list garxa?,devilangel34,Do any one know?,1,0,2025-04-21 10:16:46+00:00,https://reddit.com/r/NepalStock/comments/1k4a2is/yo_pharmaceutical_company_ko_ipo_kaile_list_garxa/,IPO/FPO
NepalStock,1k49y1c,Return regarding ipos,xman000011,"I need a suggestion from you 
i have many IPOs and keeping them gives me less return  what i feel ;should i sell alll ipos and invest in 2/3 stocks only for more return ???

Please suggest me",1,0,2025-04-21 10:08:15+00:00,https://reddit.com/r/NepalStock/comments/1k49y1c/return_regarding_ipos/,IPO/FPO
NepalStock,1k492j0,Capital Gain Tax After Selling,helloworld_47,"Capital Gain Tax Nagarik App ma kati din ma dekhinchha share becheko?

My broker is telling me that it should be shown right away.However, after almost 45 days, it doesnot show anything.",1,0,2025-04-21 09:06:45+00:00,https://reddit.com/r/NepalStock/comments/1k492j0/capital_gain_tax_after_selling/,Market
NepalStock,1k41kmv,"Daily Discussion Thread (Monday - Apr 21, 2025)",AutoModerator,"Use this post to discuss what to buy/sell/trade/avoid/watch today and in the coming days.

As always, the rules still apply.

**Have a TMS or Meroshare issue? Query about EDIS or collateral? Ask here instead of creating another thread. All queries regarding TMS, MeroShare, Broker issues, EDIS, Settlement and Payments should be asked here.** &gt;!DO NOT create another post.!&lt;

BEGINNER? [**Go here first!**](https://www.reddit.com/r/NepalStock/wiki/beginners-guide)

DO NOT MAKE SEPARATE **INDIVIDUAL** POSTS ASKING:

* what to buy or sell,
* or what bank to buy,
* or what insurance to buy,
* yo share kati samma mathi jancha hola
* IPO ma pareko yo share kun din bechda ramro hola, ajhai 1-2 din parkhine ki nai etc.

will be deleted. Repeat violators will be banned.

Happy Investing!",1,0,2025-04-21 01:15:31+00:00,https://reddit.com/r/NepalStock/comments/1k41kmv/daily_discussion_thread_monday_apr_21_2025/,Yo Kinda Kaso Hola
NepalStock,1k3peha,Thoughts on development Bank Q3 2024/25 Financial Report?,Signal-Locksmith9761,"[](https://www.youtube.com/watch?v=HpGn9opqHto&amp;t=1s)

What is your thoughts on this quarter development Bank' report.  
Dont forget to see the report: [Development Bank Q3 2024/25](https://www.youtube.com/watch?v=HpGn9opqHto&amp;t=1s)",1,0,2025-04-20 15:43:26+00:00,https://reddit.com/r/NepalStock/comments/1k3peha/thoughts_on_development_bank_q3_202425_financial/,Fundamental Analysis
NepalStock,1k3l2sg,Android app for nepalstock.com,basic_bgnr,"Hi everyone, many moons ago I posted here about unofficial API access to [nepalstock.com.np](http://nepalstock.com.np) through [github.com/basic-bgnr/NepseUnofficialApi](http://github.com/basic-bgnr/NepseUnofficialApi) . I've now ported the python code to kotlin/android  and here's a proof of concept android app, [https://github.com/basic-bgnr/HyperNepseReleaser](https://github.com/basic-bgnr/HyperNepseReleaser) .",1,0,2025-04-20 12:05:46+00:00,https://reddit.com/r/NepalStock/comments/1k3l2sg/android_app_for_nepalstockcom/,Softwares
NepalStock,1k3kny4,"Gold, stocks or both?",Western_External_670,"With around 7L, and 50k regular monthly income, what might be my best ratio between gold and stocks? 
I can hold for 1 year minimum.",1,0,2025-04-20 11:40:38+00:00,https://reddit.com/r/NepalStock/comments/1k3kny4/gold_stocks_or_both/,Advice
NepalStock,1k3k502,Mention your favorite indicator and how you used them.,Cultural_Roll_8411,"I barely do any technical analysis but my favorite indicator would be Oscillators, use them mostly for slight help in entries. What indicators does your analysis not work without?",1,0,2025-04-20 11:05:21+00:00,https://reddit.com/r/NepalStock/comments/1k3k502/mention_your_favorite_indicator_and_how_you_used/,Market
NepalStock,1k3j29c,Nabil is not the nabil bank we used to see,Deep_Date_8139,"Why nabil bank is not nabil bank anymore . It's the bank earning the most in every quarter, performance wise good but why no momentum",1,0,2025-04-20 09:46:59+00:00,https://reddit.com/r/NepalStock/comments/1k3j29c/nabil_is_not_the_nabil_bank_we_used_to_see/,Market
NepalStock,1k3izs9,IPO varda 10 kitta Rs.1000 ko halda badi chance hunxa ki 50 kitta Rs.5000 ko halda ?,Ok_Construction_4840,"50 kitta varda, 10 kitta matra parne case hunxa ki hudaina ?

10 kitta matra pare pani vayo.",1,0,2025-04-20 09:41:49+00:00,https://reddit.com/r/NepalStock/comments/1k3izs9/ipo_varda_10_kitta_rs1000_ko_halda_badi_chance/,IPO/FPO
NepalStock,1k3iokl,Sold my share 4days ago! But still hadn't paid out yet😭 Total due amount rs15829 ! Yo dinnu baki wala pasia ho rw? (Newbie don't know anything ) 😭 help me pls,iam_ACE_,,1,0,2025-04-20 09:17:34+00:00,https://reddit.com/r/NepalStock/comments/1k3iokl/sold_my_share_4days_ago_but_still_hadnt_paid_out/,Broker
NepalStock,1k3h9dn,Yo debenture vako ipo KO meaning?,leounknown09,Can somebody explain this kind of ipo? And should one apply for it if he/she is new to the share market,1,0,2025-04-20 07:31:31+00:00,https://reddit.com/r/NepalStock/comments/1k3h9dn/yo_debenture_vako_ipo_ko_meaning/,IPO/FPO
NepalStock,1k3grqf,Q3 REPORT Commercial Bank,Signal-Locksmith9761,"[https://www.youtube.com/watch?v=biT0bVhIP8s](https://www.youtube.com/watch?v=biT0bVhIP8s)  
GIve your thoughts",1,0,2025-04-20 06:57:39+00:00,https://reddit.com/r/NepalStock/comments/1k3grqf/q3_report_commercial_bank/,Fundamental Analysis
NepalStock,1k3grds,Q3 REPORT Commercial Bank,Signal-Locksmith9761,"[https://www.youtube.com/watch?v=biT0bVhIP8s](https://www.youtube.com/watch?v=biT0bVhIP8s)  
GIve your thoughts",1,0,2025-04-20 06:57:02+00:00,https://reddit.com/r/NepalStock/comments/1k3grds/q3_report_commercial_bank/,Fundamental Analysis
NepalStock,1k3b9q3,"Daily Discussion Thread (Sunday - Apr 20, 2025)",AutoModerator,"Use this post to discuss what to buy/sell/trade/avoid/watch today and in the coming days.

As always, the rules still apply.

**Have a TMS or Meroshare issue? Query about EDIS or collateral? Ask here instead of creating another thread. All queries regarding TMS, MeroShare, Broker issues, EDIS, Settlement and Payments should be asked here.** &gt;!DO NOT create another post.!&lt;

BEGINNER? [**Go here first!**](https://www.reddit.com/r/NepalStock/wiki/beginners-guide)

DO NOT MAKE SEPARATE **INDIVIDUAL** POSTS ASKING:

* what to buy or sell,
* or what bank to buy,
* or what insurance to buy,
* yo share kati samma mathi jancha hola
* IPO ma pareko yo share kun din bechda ramro hola, ajhai 1-2 din parkhine ki nai etc.

will be deleted. Repeat violators will be banned.

Happy Investing!",1,0,2025-04-20 01:15:30+00:00,https://reddit.com/r/NepalStock/comments/1k3b9q3/daily_discussion_thread_sunday_apr_20_2025/,Yo Kinda Kaso Hola
NepalStock,1k306s7,This doesn’t make sense. Where is the asking recommendation on a stock?,Cultural_Roll_8411,,1,0,2025-04-19 16:27:58+00:00,https://reddit.com/r/NepalStock/comments/1k306s7/this_doesnt_make_sense_where_is_the_asking/,Market
NepalStock,1k2xtgg,Can someone explain Circular trading in friday’s context.,Cultural_Roll_8411,"Naasa and friend’s HPPL. Wtf is going on here? Circular trading yes, tara almost all the stocks are being traded to themselves. Sabai exact buys and sells. Nothing has happened, not even a slight price increase. Volume increase bhaya tara that’s about it.  Like dipendra agarwal’s pump and dump makes sense and it works. Tara yo HPPL ko chai k ho? Has anyone done this or knows someone that do this? I wanna do this too tara i got no clue whats happening other than volume increase.",1,0,2025-04-19 14:43:09+00:00,https://reddit.com/r/NepalStock/comments/1k2xtgg/can_someone_explain_circular_trading_in_fridays/,Advice
NepalStock,1k2oa6q,Pms acoount opening related suggestion.,Key-Big3299,I need suggestion kun bank ma sip or pms account kholda huncha? I am planing to open account nabil bank ma ani tei account ma sip garera pms garne ni plan gareko chu.. pls i need suggestion,1,0,2025-04-19 04:38:05+00:00,https://reddit.com/r/NepalStock/comments/1k2oa6q/pms_acoount_opening_related_suggestion/,Economy
NepalStock,1k29f0o,Help Needed: fill the form,justus0127,,1,0,2025-04-18 16:41:21+00:00,https://reddit.com/r/NepalStock/comments/1k29f0o/help_needed_fill_the_form/,Softwares
NepalStock,1k27x9p,How to Transfer Shares from one Dmat to another?,Nepsetime,I want to transfer all of the shares in my Dmat account to my wife's Dmat account as her birthday gift? Is it possible to do so in Nepal?,1,0,2025-04-18 15:38:30+00:00,https://reddit.com/r/NepalStock/comments/1k27x9p/how_to_transfer_shares_from_one_dmat_to_another/,Demat/MeroShare
NepalStock,1k251nz,Selling ids crunchy roll prime video steam,HighlightComplete235,"All price up only 10-50rs

Dm or dm on message Rohan66559 or comment your media",1,0,2025-04-18 13:33:12+00:00,https://reddit.com/r/NepalStock/comments/1k251nz/selling_ids_crunchy_roll_prime_video_steam/,Market
NepalStock,1k225zv,Cash dividend with reinvestment Vs bonus dividend,Deep_Date_8139,"bonus dividend ra cash dividend ma yedi cash reinvestment garyoo vaney cash dividend leh ramro return dinxa haina rah ,okay lets take the scenarios two companies same ltp one distributed 10% cash another 10% , and after certain time both comapny hiked 50% , so in cash dividens scenarios i get investment + cash dividend+50% profit but in bonus dividend i get investment +50% profit.Ani yo long run ma bonus dividend gives vanney idea ta cash with reinvestment leh change garyoo Nita . Maila nabujheko ho ki k hoo",1,0,2025-04-18 11:00:23+00:00,https://reddit.com/r/NepalStock/comments/1k225zv/cash_dividend_with_reinvestment_vs_bonus_dividend/,Market
NepalStock,1k1yl8k,Digitally investing in gold,Aalu_Pidalu,Has anyone heard about [Mypay gold](https://mypaygold.com/) I wanted to invest in gold and came across it. Is it viable to invest in gold through this? Also why are the gold and silver prices lower in this site?,1,0,2025-04-18 06:48:59+00:00,https://reddit.com/r/NepalStock/comments/1k1yl8k/digitally_investing_in_gold/,Advice
NepalStock,1k1vud8,Help us reach 48 more responses MILESTONE for this Finance Research.,Calm_Card1162,,1,0,2025-04-18 03:54:01+00:00,https://reddit.com/r/NepalStock/comments/1k1vud8/help_us_reach_48_more_responses_milestone_for/,Market
NepalStock,1k1vt67,Help us reach 48 more responses MILESTONE for this Finance Research. Let's make NEPSE data backed,Calm_Card1162,,1,0,2025-04-18 03:52:03+00:00,https://reddit.com/r/NepalStock/comments/1k1vt67/help_us_reach_48_more_responses_milestone_for/,Fundamental Analysis
NepalStock,1k1lihw,Can we open two demat with one bank account in Nepal?,ComfortableSpeech364,Can we open two demat account with one bank account in Nepal I know we can open up too two demat but can it be with 1 bank account I want to know that,1,0,2025-04-17 19:31:56+00:00,https://reddit.com/r/NepalStock/comments/1k1lihw/can_we_open_two_demat_with_one_bank_account_in/,Demat/MeroShare
NepalStock,1k1il8s,For those who think I’m bluffing about my investment story,Talk_to_me9175,,1,1,2025-04-17 17:30:58+00:00,https://reddit.com/r/NepalStock/comments/1k1il8s/for_those_who_think_im_bluffing_about_my/,IPO/FPO
NepalStock,1k1idw7,For those who think I am bluffing,Talk_to_me9175,,1,1,2025-04-17 17:22:33+00:00,https://reddit.com/r/NepalStock/comments/1k1idw7/for_those_who_think_i_am_bluffing/,IPO/FPO
NepalStock,1k1frlu,What should I do to get that account,Impressive_Ad958,"Mero account uncle chalaunu hunthyo 
Ipo ko 
Now malai chalaunu cha acc 
Ma ahile uncle sang boldaina 
So how can I get my account 
Tesko barema kei thacaina malai 
Just account cha vanera. Matra thacha 
What to do abaa",1,0,2025-04-17 15:35:19+00:00,https://reddit.com/r/NepalStock/comments/1k1frlu/what_should_i_do_to_get_that_account/,Demat/MeroShare
NepalStock,1k1dvju,My Investment Story except buy iPhone 15 Pro in age 21,Talk_to_me9175,"From an iPhone Dream to a Portfolio Worth Rs. 7.65 Lakhs

I once asked my father for Rs. 1,76,000 not for college, not for a business, just to buy an iPhone 15 Pro.

But instead of buying the phone, I made a decision that changed everything 
I invested the entire amount in the share market.

That was the only money I ever put in. The rest? All from profit.

From that initial investment, I made my first profit of Rs. 2,66,000. I didn’t stop. I kept reinvesting every bit of the profit, learning along the way, staying patient, and believing in the process.

Today, my portfolio has grown to Rs. 7,65,000 and it all started with the money meant for a phone.

This journey taught me something priceless:
You don’t need a huge amount to start just the right mindset.

What could’ve been a phone I’d probably be upgrading in a year… became the seed of a growing asset.

Discipline beats desire.
Patience builds progress.
And small decisions can create big futures.",1,0,2025-04-17 14:15:31+00:00,https://reddit.com/r/NepalStock/comments/1k1dvju/my_investment_story_except_buy_iphone_15_pro_in/,IPO/FPO
NepalStock,1k10t1l,"Market Weekend Discussion (Thursday Apr 17 - Saturday Apr 19, 2025)",AutoModerator,"Use this post to discuss what to buy/sell/trade/avoid/watch this weekend and in the coming days.

As always, the rules still apply.

**Have a TMS or Meroshare issue? Query about EDIS or collateral? Ask here instead of creating another thread. All queries regarding TMS, MeroShare, Broker Issues, EDIS, Settlement and Payments should be asked here.** DO NOT create another post.

BEGINNER? [**Go here first!**](https://www.reddit.com/r/NepalStock/wiki/beginners-guide)

DO NOT MAKE SEPARATE **INDIVIDUAL** POSTS ASKING:

* what to buy or sell,
* or what bank to buy,
* or what insurance to buy,
* yo share kati samma mathi jancha hola
* IPO ma pareko yo share kun din bechda ramro hola, ajhai 1-2 din parkhine ki nai etc.

will be deleted. Repeat violators will be banned.

Happy Investing!",1,0,2025-04-17 01:15:30+00:00,https://reddit.com/r/NepalStock/comments/1k10t1l/market_weekend_discussion_thursday_apr_17/,Yo Kinda Kaso Hola
NepalStock,1k0z8ux,"which company provides the clean interface and organised portfolio service provider, based on your experience??",goodday_best,Thank you,1,0,2025-04-16 23:57:05+00:00,https://reddit.com/r/NepalStock/comments/1k0z8ux/which_company_provides_the_clean_interface_and/,Softwares
NepalStock,1k0jfel,Announcing Watchlist LIVE—A New Chrome Extension for TMS,therealpac,"Hello r/NepalStock,



I’ve just released a Chrome extension \*\*Watchlist LIVE\*\* that might be useful for those of you actively trading on NEPSE via TMS.



The extension auto-updates your TMS watchlist (under Market Data ► Watch List) with near real-time prices and volumes (you no longer need to refresh your browser \_every\_ time). The refresh interval is configurable to match your trading style. 



This way, you can stay focused on the scripts that you're interested in.



🎥 Promo video: Watch \[here\](https://www.youtube.com/watch?v=wP1-62Jum4c)



\*\*How to use it:\*\*



1. Install the extension from Chrome Web Store on your browser (Google Chrome or Brave).

2. Log in to your TMS account.

3. Navigate to Market Data ► Watch List. (If you came here from another page, you’ll be prompted to refresh—please do so for it to work properly.)

4. Once on the Watch List page, open the extension from the browser toolbar and click Go LIVE.



\---



Get the extension: \[Chrome Web Store\](https://chromewebstore.google.com/detail/watchlist-live/oiedfplafmjcdoeoabjhmfgpimonkhfl)



Firefox version coming soon!

\---

I made this extension to scratch my own itch. It is not associated with NEPSE or TMS. It does not collect or transmit any of the TMS data and simply uses what is provided by the TMS. All the processing is done locally on your machine.



Try it out tomorrow when the market opens and let me know what you think or if you have any feedback!",1,0,2025-04-16 12:40:42+00:00,https://reddit.com/r/NepalStock/comments/1k0jfel/announcing_watchlist_livea_new_chrome_extension/,Softwares
NepalStock,1k0gook,Any idea when shares of Om Megashree Pharmaceuticals Limited will be tradable?,[deleted],,0,4,2025-04-16 10:00:19+00:00,https://reddit.com/r/NepalStock/comments/1k0gook/any_idea_when_shares_of_om_megashree/,IPO/FPO
NepalStock,1k0g68p,Kati din wait garnu parxa share bichna lai?,True_Statistician_17,,1,0,2025-04-16 09:23:48+00:00,https://reddit.com/r/NepalStock/comments/1k0g68p/kati_din_wait_garnu_parxa_share_bichna_lai/,Market
NepalStock,1k0fx86,Selling stocks at this time,kaloghoda-,"maile vareko duita ipo pareko cha aaile samma, ani eauta sabai bechni vaneko, aba kasari bechxan kei thaxaina,.
how do i sell, ma snga vako mero share matrai ho, tesbata milcha ki mildaina, vandinu paryo bigye harule",0,1,2025-04-16 09:05:24+00:00,https://reddit.com/r/NepalStock/comments/1k0fx86/selling_stocks_at_this_time/,Market
NepalStock,1k0e7wv,Edis time chai kati sama ho ?,Iamtiredfromlyf,"Guys I am worried.. 
Maile hijo sell gare share hai .. Tara Mero guuu dimag le hijo rati edis garna birsexa Tara agghi 12 baje yaad Aayera gardihale . K aaba Malai 20% fine lagxa ????",0,1,2025-04-16 06:59:36+00:00,https://reddit.com/r/NepalStock/comments/1k0e7wv/edis_time_chai_kati_sama_ho/,Trading/Settlement/Payment
NepalStock,1k0al8s,Paper Trading in NEPSE,writer_g,"Just found this cool app that allows you to paper trade in Nepse. It's ""Nepse Paper Trading"". 

[This shows you how to use and what features are available.](https://youtu.be/KGlJcIzItuE?si=rMkUoLBYFgjfcalz)",1,0,2025-04-16 03:10:29+00:00,https://reddit.com/r/NepalStock/comments/1k0al8s/paper_trading_in_nepse/,Trading/Settlement/Payment
NepalStock,1k08ehy,"Daily Discussion Thread (Wednesday - Apr 16, 2025)",AutoModerator,"Use this post to discuss what to buy/sell/trade/avoid/watch today and in the coming days.

As always, the rules still apply.

**Have a TMS or Meroshare issue? Query about EDIS or collateral? Ask here instead of creating another thread. All queries regarding TMS, MeroShare, Broker issues, EDIS, Settlement and Payments should be asked here.** &gt;!DO NOT create another post.!&lt;

BEGINNER? [**Go here first!**](https://www.reddit.com/r/NepalStock/wiki/beginners-guide)

DO NOT MAKE SEPARATE **INDIVIDUAL** POSTS ASKING:

* what to buy or sell,
* or what bank to buy,
* or what insurance to buy,
* yo share kati samma mathi jancha hola
* IPO ma pareko yo share kun din bechda ramro hola, ajhai 1-2 din parkhine ki nai etc.

will be deleted. Repeat violators will be banned.

Happy Investing!",1,6,2025-04-16 01:15:31+00:00,https://reddit.com/r/NepalStock/comments/1k08ehy/daily_discussion_thread_wednesday_apr_16_2025/,Yo Kinda Kaso Hola
NepalStock,1jzx0d4,Shikhar Insurnace 10% BONUS??,New_Reputation_8428,Yo meroshare ma list bhako chaina ho ahile samma? kin hola?,1,0,2025-04-15 16:58:54+00:00,https://reddit.com/r/NepalStock/comments/1jzx0d4/shikhar_insurnace_10_bonus/,Market
NepalStock,1jzs5qn,Alloted share not showing in my Meroshare portfolio,dyeahjuhneez,I have been alloted ipo share recently but it's taking too much to come into the market. the scrip is OMPHL.,1,0,2025-04-15 13:40:32+00:00,https://reddit.com/r/NepalStock/comments/1jzs5qn/alloted_share_not_showing_in_my_meroshare/,IPO/FPO
NepalStock,1jzqff8,Bhl ma k vako kina tetro volume Ra fall,Deep_Date_8139,Bhl 2 arba Vanda badi aako raixa volume which is insane  . Ani continuous fall raixa k vako hoo,1,0,2025-04-15 12:18:49+00:00,https://reddit.com/r/NepalStock/comments/1jzqff8/bhl_ma_k_vako_kina_tetro_volume_ra_fall/,Market
NepalStock,1jzm8wr,Server crash or WOT in merso share?,Output-error,My meroShare app is not opening neither in webpage,1,0,2025-04-15 07:54:04+00:00,https://reddit.com/r/NepalStock/comments/1jzm8wr/server_crash_or_wot_in_merso_share/,Market
NepalStock,1jzm18k,Didnt recevie the message,True_Statistician_17,Aija mailey 1st time  stock sell gareko transaction completed bhayo tara mero phone ma message ayena sell gare pashi edis garney bhanera kina ho ne ani sell bhayo bhanera ne message ayexaina kina hola yesto bhayeko?,1,0,2025-04-15 07:38:52+00:00,https://reddit.com/r/NepalStock/comments/1jzm18k/didnt_recevie_the_message/,Market
NepalStock,1jzfgv4,"Daily Discussion Thread (Tuesday - Apr 15, 2025)",AutoModerator,"Use this post to discuss what to buy/sell/trade/avoid/watch today and in the coming days.

As always, the rules still apply.

**Have a TMS or Meroshare issue? Query about EDIS or collateral? Ask here instead of creating another thread. All queries regarding TMS, MeroShare, Broker issues, EDIS, Settlement and Payments should be asked here.** &gt;!DO NOT create another post.!&lt;

BEGINNER? [**Go here first!**](https://www.reddit.com/r/NepalStock/wiki/beginners-guide)

DO NOT MAKE SEPARATE **INDIVIDUAL** POSTS ASKING:

* what to buy or sell,
* or what bank to buy,
* or what insurance to buy,
* yo share kati samma mathi jancha hola
* IPO ma pareko yo share kun din bechda ramro hola, ajhai 1-2 din parkhine ki nai etc.

will be deleted. Repeat violators will be banned.

Happy Investing!",1,0,2025-04-15 01:15:31+00:00,https://reddit.com/r/NepalStock/comments/1jzfgv4/daily_discussion_thread_tuesday_apr_15_2025/,Yo Kinda Kaso Hola
NepalStock,1jysmjl,Missing Bonus Share of CIT,crazydiamond49,"I initially held 20 kittas of CIT, and CIT then gave a bonus issue of 14%, which should have increased my holding to 22.8 kittas. After purchasing an additional 17 kittas, I had 39.8 (39 shown in Demat) kittas in total. When CIT issued another bonus of 7% on that amount, the total should have reached 42.58 (39.8+7%) kittas. However, I only received 2 kitta bonus this time, so I ended up with 41 kittas overall. Shouldn’t I have been credited with one more kitta?",1,0,2025-04-14 06:53:03+00:00,https://reddit.com/r/NepalStock/comments/1jysmjl/missing_bonus_share_of_cit/,Bonus Share/Dividend
NepalStock,1jyn33c,"Daily Discussion Thread (Monday - Apr 14, 2025)",AutoModerator,"Use this post to discuss what to buy/sell/trade/avoid/watch today and in the coming days.

As always, the rules still apply.

**Have a TMS or Meroshare issue? Query about EDIS or collateral? Ask here instead of creating another thread. All queries regarding TMS, MeroShare, Broker issues, EDIS, Settlement and Payments should be asked here.** &gt;!DO NOT create another post.!&lt;

BEGINNER? [**Go here first!**](https://www.reddit.com/r/NepalStock/wiki/beginners-guide)

DO NOT MAKE SEPARATE **INDIVIDUAL** POSTS ASKING:

* what to buy or sell,
* or what bank to buy,
* or what insurance to buy,
* yo share kati samma mathi jancha hola
* IPO ma pareko yo share kun din bechda ramro hola, ajhai 1-2 din parkhine ki nai etc.

will be deleted. Repeat violators will be banned.

Happy Investing!",1,0,2025-04-14 01:15:31+00:00,https://reddit.com/r/NepalStock/comments/1jyn33c/daily_discussion_thread_monday_apr_14_2025/,Yo Kinda Kaso Hola
NepalStock,1jykoh0,Can I check how much I have invested till date without going through all emails of purchase receipt from broker,Wide_Fishing3918,# Can I check how much I have invested till date without going through all emails of purchase receipt from broker,1,0,2025-04-13 23:09:34+00:00,https://reddit.com/r/NepalStock/comments/1jykoh0/can_i_check_how_much_i_have_invested_till_date/,Online/TMS
NepalStock,1jyfrjd,NSS- Nepal Stock Simulator,Shittydude69,"Hiya guys! I'm a 14 year old in Kathmandu, and I am building a stock simulator that allows newbies to practice trading without any real risk! The name of my project is Nepal Stock Simulator(NSS) and any support/boost/feedback would mean a lot for me! You can get more info on @nepalstocksimulator on Instagram, I regularly post updates there. Thank you!!😸😸",1,0,2025-04-13 19:25:57+00:00,https://reddit.com/r/NepalStock/comments/1jyfrjd/nss_nepal_stock_simulator/,Softwares
NepalStock,1jy4vo5,Unable to access nic aisa mo bank from I phone,withpeople,I cannot access nic asia mo bank from i phone but can from pc.,1,0,2025-04-13 10:43:54+00:00,https://reddit.com/r/NepalStock/comments/1jy4vo5/unable_to_access_nic_aisa_mo_bank_from_i_phone/,Advice
NepalStock,1jy0re9,mkt order mero ma milena,pinkyponkymonkey,MKT order rakhne bittikai daily order book ko completed ma gayera basxa ani cancelled vanxa. ?? kina hola???,1,0,2025-04-13 05:46:45+00:00,https://reddit.com/r/NepalStock/comments/1jy0re9/mkt_order_mero_ma_milena/,Online/TMS
NepalStock,1jy0kwx,issue with my tms relating to collateral,Confident_Cicada5968,,1,0,2025-04-13 05:34:31+00:00,https://reddit.com/r/NepalStock/comments/1jy0kwx/issue_with_my_tms_relating_to_collateral/,Broker
NepalStock,1jy0bkm,Why is it showing negative collateral in my tms account?,Confident_Cicada5968,,1,0,2025-04-13 05:17:24+00:00,https://reddit.com/r/NepalStock/comments/1jy0bkm/why_is_it_showing_negative_collateral_in_my_tms/,Trading/Settlement/Payment
NepalStock,1jy03f7,mero Tms ma available collateral negative (-) ma kinxa xa,Confident_Cicada5968,,1,0,2025-04-13 05:02:06+00:00,https://reddit.com/r/NepalStock/comments/1jy03f7/mero_tms_ma_available_collateral_negative_ma/,Online/TMS
NepalStock,1jxwb5b,"Daily Discussion Thread (Sunday - Apr 13, 2025)",AutoModerator,"Use this post to discuss what to buy/sell/trade/avoid/watch today and in the coming days.

As always, the rules still apply.

**Have a TMS or Meroshare issue? Query about EDIS or collateral? Ask here instead of creating another thread. All queries regarding TMS, MeroShare, Broker issues, EDIS, Settlement and Payments should be asked here.** &gt;!DO NOT create another post.!&lt;

BEGINNER? [**Go here first!**](https://www.reddit.com/r/NepalStock/wiki/beginners-guide)

DO NOT MAKE SEPARATE **INDIVIDUAL** POSTS ASKING:

* what to buy or sell,
* or what bank to buy,
* or what insurance to buy,
* yo share kati samma mathi jancha hola
* IPO ma pareko yo share kun din bechda ramro hola, ajhai 1-2 din parkhine ki nai etc.

will be deleted. Repeat violators will be banned.

Happy Investing!",1,0,2025-04-13 01:15:32+00:00,https://reddit.com/r/NepalStock/comments/1jxwb5b/daily_discussion_thread_sunday_apr_13_2025/,Yo Kinda Kaso Hola
NepalStock,1jxgvpt,Unable to create tms account,EndSubstantial563,"Trying to open TMS with secured securities( broker 36), but portal says DMAT must include 13011600. My BOID starts with 1301370XXXXXXXX(nic asia). Anyone faced this?? 


Ps: according to redit users Broker 36 seem pretty good....idk ab it tho...i wouldnt mind yall recommeding me sum fine shi.",1,0,2025-04-12 13:06:33+00:00,https://reddit.com/r/NepalStock/comments/1jxgvpt/unable_to_create_tms_account/,Online/TMS
NepalStock,1jxeesr,"I have Dordi Khola Jal Bidyut Company Ltd, 10 units, but there is no option to apply for the right share. Can anyone tell me if I can apply or not?",2079BS,https://preview.redd.it/shcrfhuak7ue1.png?width=1599&amp;format=png&amp;auto=webp&amp;s=94c12887912caf2602fbd3707e0cf9f731b5aa23,1,0,2025-04-12 10:38:43+00:00,https://reddit.com/r/NepalStock/comments/1jxeesr/i_have_dordi_khola_jal_bidyut_company_ltd_10/,Right Share
NepalStock,1jxdt02,Promoter share in Nepal,abhissh123,I was wondering if theres any social media group which updates about  available promoter share of not listed/pipeline companies of Nepal,1,0,2025-04-12 09:55:03+00:00,https://reddit.com/r/NepalStock/comments/1jxdt02/promoter_share_in_nepal/,Market
NepalStock,1jwomsw,Forgot CRN number does anyone know the pattern for nmb bank.,[deleted],,1,0,2025-04-11 12:28:02+00:00,https://reddit.com/r/NepalStock/comments/1jwomsw/forgot_crn_number_does_anyone_know_the_pattern/,Misc
NepalStock,1jwmsea,I Have Rs. 2 Lakhs to Invest .should i invest in these companies or not.,Routine_Dingo_4182,"|**Company**|**Investment**||
|:-|:-|:-|
|**Samaj Laghubitta (SAMAJ)**||Rs. 25,000||
|**Ngadi Group Power (NGPL)**||Rs. 20,000||
|**Macchapucchre Bank (MBL)**||Rs. 25,000||
|**Siddhartha Bank (SBL)**||Rs. 20,000||
|**Sanima Mai Hydropower (SHPC)**||Rs. 25,000||
|**Nepal Infra Bank (NIFRA)**||Rs. 20,000||
|**Liberty Energy (LEC)**||Rs. 15,000||
|**Kumari Bank (KBL)**||Rs. 25,000||
|**Remaining Cash Buffer**||Rs. 5,000||

I’m a beginner investor looking to grow my savings in the NEPSE market. After doing some homework, I’ve picked a few **low stocks** that I believe have good potential for long-term and short-term growth.  
alie reasons haru pani dinu hola",1,16,2025-04-11 10:40:42+00:00,https://reddit.com/r/NepalStock/comments/1jwmsea/i_have_rs_2_lakhs_to_invest_should_i_invest_in/,Market
NepalStock,1jwl7yi,Why am i not able to open a drmat account theough the website of nabil banks currently,ChipmunkOnly8201,,0,1,2025-04-11 08:49:31+00:00,https://reddit.com/r/NepalStock/comments/1jwl7yi/why_am_i_not_able_to_open_a_drmat_account_theough/,Demat/MeroShare
NepalStock,1jwj7gs,Which bank has the lowest transaction charge in demat account,ChipmunkOnly8201,Just wondering,2,3,2025-04-11 06:18:54+00:00,https://reddit.com/r/NepalStock/comments/1jwj7gs/which_bank_has_the_lowest_transaction_charge_in/,Demat/MeroShare
NepalStock,1jwhd12,help mero share ko id pass nai audaina !,Ok_Tension_4239,,1,0,2025-04-11 04:17:09+00:00,https://reddit.com/r/NepalStock/comments/1jwhd12/help_mero_share_ko_id_pass_nai_audaina/,Market
NepalStock,1jw14qz,Beginner investment advice?,Western_External_670,"I have around 90k in my savings account, i want to start investing on secondary market for long term hold.
Any advices on how should i enter the market?",1,0,2025-04-10 15:47:09+00:00,https://reddit.com/r/NepalStock/comments/1jw14qz/beginner_investment_advice/,Advice
NepalStock,1jvutry,"How to buy Gold In Nepal for Investment Purpose, Not Ornaments",Dry_Blackberry5424,"Gold is one the best thing to invest in, we have all known that since our birth. 

But I still happen to be unknown about how to buy Gold. when I have asked this around People give me some mediocre &amp; un-investable answers like buy a ring or bracelet in your budget or whatever. I have no problem in buying such forms of gold but here are my confusions

**Jarti Jyala**... If i am just buying for investment purpose not for use. i don't think spending on jarti jyala is relevant so...Idk.. If you buy biscuits, there are no JJs? or what? I am completely clueless about it

**Resell/Sale-** If I happen to buy a gold in any form today, price hikes and try to selL. What is the procedure. like do I go to shop and sell it? also, when I sell it what are the things they are going to ask (For 1- I know Purchase Invoice is necessary.) or do before buying and what are the cuts on receivable, they are gonna make like JJs again or whatever? any kind of CGTs or ??   
  
Also is it that simple that I sell it to the gold shop? they won't say no? or if they do? where do I sell??

  
TOTALLY CLUELESS,  
PLEASE EXPLAIN SOMEONE",1,0,2025-04-10 10:41:50+00:00,https://reddit.com/r/NepalStock/comments/1jvutry/how_to_buy_gold_in_nepal_for_investment_purpose/,Advice
NepalStock,1jvrxh6,Very curious about how do some place an order with highest possible price so quickly,Kind_Economics_7927,"Context: NMIC or aru kunai nata stock

This would be a bit technical I guess, tara I am amazed by seeing how quickly the order for the next possible highest bid price gets placed after the LTP is updated, for a trending IPO script 

I am curious if it is the human doing or do they use some sort of software. Does NEPSE provide API support to watch, place or update orders? If human, is it the same person placing a sell order and a buy order, with next highest price, almost at the same time?

How does the matching engine for NEPSE work? I guess it's the first come first serve in the case of two orders tie for the price. Or are there any other factors? If I update my order's quantity, will it go to the last again, although it is for the same price? 

Are there any documentation for all of this? Or do we have to just play around with the system to understand it's inner workings?",1,0,2025-04-10 07:11:01+00:00,https://reddit.com/r/NepalStock/comments/1jvrxh6/very_curious_about_how_do_some_place_an_order/,IPO/FPO
NepalStock,1jvrucb,Can I make two dmat account,Confident_Cicada5968,Can I have two dmat account from two separate bank?,1,0,2025-04-10 07:04:40+00:00,https://reddit.com/r/NepalStock/comments/1jvrucb/can_i_make_two_dmat_account/,Demat/MeroShare
NepalStock,1jvrmo4,Is there any group where people discuss the price of stock when to sell and when to buy like insider trading?,True_Statistician_17,Is there any group where people discuss the price of stock when to sell and when to buy like insider trading?,1,0,2025-04-10 06:49:28+00:00,https://reddit.com/r/NepalStock/comments/1jvrmo4/is_there_any_group_where_people_discuss_the_price/,Market
NepalStock,1jvrkmy,minor account .............................................................,Suspicious-Stable352,"So I had opened my DEMAT and Mero Share account when I was under 18. Now I’m over 18, but the account still shows “Minor” in the Mero Share app. I’ve even sold some shares recently, but the status hasn’t changed.

Has anyone else faced this? Do I need to visit the bank or submit some documents to get it updated to “Major”? Any help would be appreciated!",1,0,2025-04-10 06:45:23+00:00,https://reddit.com/r/NepalStock/comments/1jvrkmy/minor_account/,Demat/MeroShare
NepalStock,1jvrawy,How to Get Refund from Broker 45 (Imperial Securities)?,Harikumarthapamagar,"I’m not sure how the refund process works with Imperial Securities.  
Cannot see any details on \[Fund Settlement\] as well.  
  
Is it automatic? Or do we need to **call, email, or visit their office**? I would really appreciate any help. Thanks! 🙏

\[Sold shares for my sister on **8th April and** completed **EDIS** the same day.\]",1,0,2025-04-10 06:26:12+00:00,https://reddit.com/r/NepalStock/comments/1jvrawy/how_to_get_refund_from_broker_45_imperial/,Broker
NepalStock,1jvpi60,How to buy Gold Coins from Nepal Rastra Bank?,Ordinary-Concern-405,"Hi. I heard that Nepal Rastra Bank sells gold coins ranging from 2.5 to 10 gms. I searched for the information on their website and news as well. Apart from the sales news during Tihar, there is no news. Does someone have any idea regarding when do they sell and what is the procedure?",1,0,2025-04-10 04:26:56+00:00,https://reddit.com/r/NepalStock/comments/1jvpi60/how_to_buy_gold_coins_from_nepal_rastra_bank/,Market
NepalStock,1jvp5hk,Where to invest this little money?,According_Bathroom93,"Hi, I had a very little capital to start with (30k). Firstly, I bought stocks of CBanks but later on I understood about High Cap and Low cap. So there us no much profit from Banks.

My first target was to mimimize risk, profit wasn't a concern.

But now, I have gone through some indicators, and technical analysis so I think I can carry some risks for profit.

Let me know if my money isn't appropriate to start with other sectors. And please recommend me sectors (or scripts) with increasing order of risks.",1,0,2025-04-10 04:05:24+00:00,https://reddit.com/r/NepalStock/comments/1jvp5hk/where_to_invest_this_little_money/,Market
NepalStock,1jvm1nx,"Market Weekend Discussion (Thursday Apr 10 - Saturday Apr 12, 2025)",AutoModerator,"Use this post to discuss what to buy/sell/trade/avoid/watch this weekend and in the coming days.

As always, the rules still apply.

**Have a TMS or Meroshare issue? Query about EDIS or collateral? Ask here instead of creating another thread. All queries regarding TMS, MeroShare, Broker Issues, EDIS, Settlement and Payments should be asked here.** DO NOT create another post.

BEGINNER? [**Go here first!**](https://www.reddit.com/r/NepalStock/wiki/beginners-guide)

DO NOT MAKE SEPARATE **INDIVIDUAL** POSTS ASKING:

* what to buy or sell,
* or what bank to buy,
* or what insurance to buy,
* yo share kati samma mathi jancha hola
* IPO ma pareko yo share kun din bechda ramro hola, ajhai 1-2 din parkhine ki nai etc.

will be deleted. Repeat violators will be banned.

Happy Investing!",1,0,2025-04-10 01:15:29+00:00,https://reddit.com/r/NepalStock/comments/1jvm1nx/market_weekend_discussion_thursday_apr_10/,Yo Kinda Kaso Hola
NepalStock,1jv9zow,NMIC IPO suitable price to sell,Acool-usename,,0,3,2025-04-09 16:26:54+00:00,https://reddit.com/r/NepalStock/comments/1jv9zow/nmic_ipo_suitable_price_to_sell/,IPO/FPO
NepalStock,1jv6vsk,What should I look before purchasing stock.,Confident_Cicada5968,Share kinda k k kura hernu parxa for short term profit.,1,0,2025-04-09 14:17:22+00:00,https://reddit.com/r/NepalStock/comments/1jv6vsk/what_should_i_look_before_purchasing_stock/,Advice
NepalStock,1jv3046,Help Needed with Opening Demat account through Global IME,comeback_kid_,,1,0,2025-04-09 11:01:24+00:00,https://reddit.com/r/NepalStock/comments/1jv3046/help_needed_with_opening_demat_account_through/,Advice
NepalStock,1jv27l0,"Close ended mutual fund (NMBHFL2) Ipo, why doesn't it show in meroshare portfolio?",Humble_Word_2910,"I know nothing about close ended mutual fund, when will this NMBHFL2 share price will show in portfolio, it been more than a month...?",1,0,2025-04-09 10:09:24+00:00,https://reddit.com/r/NepalStock/comments/1jv27l0/close_ended_mutual_fund_nmbhfl2_ipo_why_doesnt_it/,IPO/FPO
NepalStock,1jv24l0,"NMBHFL2 Ipo, when will it show in meroshare portfolio?",Humble_Word_2910,"I know nothing about close ended mutual fund,  when will this NMBHFL2 share price will show in portfolio,  it been more than a month...?",1,0,2025-04-09 10:03:35+00:00,https://reddit.com/r/NepalStock/comments/1jv24l0/nmbhfl2_ipo_when_will_it_show_in_meroshare/,IPO/FPO
NepalStock,1jv1rdc,TMS ma MKT order nai dekhayena,pinkyponkymonkey,Mero tms ma MKT order nai dekhako chaina only LMT order matra available xa. yo kasari solve garne hola problem /?/,1,0,2025-04-09 09:38:07+00:00,https://reddit.com/r/NepalStock/comments/1jv1rdc/tms_ma_mkt_order_nai_dekhayena/,Online/TMS
NepalStock,1jv09eg,What to do after clicking buy?,SignificanceCheap970,"https://preview.redd.it/jb77w4i1krte1.png?width=363&amp;format=png&amp;auto=webp&amp;s=6dfb95b0a053f412e4e4c2b0d9b9092a0904b414

I just bought my first 10 shares but don't know it there is anything else that I need to do? paisa collateral bata katcha hoki k ho aba? when will it appear in my demat account? 

Thanks for any help.",1,0,2025-04-09 07:44:41+00:00,https://reddit.com/r/NepalStock/comments/1jv09eg/what_to_do_after_clicking_buy/,Trading/Settlement/Payment
NepalStock,1juz300,Opening Price Calculation for Positive Circuit Stock,Kind_Economics_7927,"Hijo 332.5 ma close vako NMIC ko stock aaja 332.6 ma kina open vayo? Should not it's opening price still be 332.5? 

Last 15 minutes ma pani tei price ma ta trade vako thiyo as that was the max it could go yesterday.",1,0,2025-04-09 06:16:39+00:00,https://reddit.com/r/NepalStock/comments/1juz300/opening_price_calculation_for_positive_circuit/,IPO/FPO
NepalStock,1juyjvz,Which is the best YouTube source to learn about Nepali Stock market?,helloworld_47,"I am a beginner trying to learn trading and have come across various videos. In your opinion, which YouTube channel is the best for learning about the Nepali stock market?",1,0,2025-04-09 05:40:32+00:00,https://reddit.com/r/NepalStock/comments/1juyjvz/which_is_the_best_youtube_source_to_learn_about/,Market
NepalStock,1juv777,process after selling Share,Ok_Construction_4840,"https://preview.redd.it/dq7k52c1ypte1.png?width=1885&amp;format=png&amp;auto=webp&amp;s=80c400c222084e394a51030ae08704594d39e2e3

[I had bought GLI two times, 20 kitta and 10 kitta. similar to that ILI pani two times buy gareko thiye.  hijo sell gare. GLI ko chai aaile euta matra dekhairako xa, kina hola ?](https://preview.redd.it/e2ddpi0pypte1.png?width=1677&amp;format=png&amp;auto=webp&amp;s=6fc31caa32cfa8c4c17a141e30bed524e73e0758)",1,2,2025-04-09 02:22:56+00:00,https://reddit.com/r/NepalStock/comments/1juv777/process_after_selling_share/,Trading/Settlement/Payment
NepalStock,1jutw5r,"Daily Discussion Thread (Wednesday - Apr 09, 2025)",AutoModerator,"Use this post to discuss what to buy/sell/trade/avoid/watch today and in the coming days.

As always, the rules still apply.

**Have a TMS or Meroshare issue? Query about EDIS or collateral? Ask here instead of creating another thread. All queries regarding TMS, MeroShare, Broker issues, EDIS, Settlement and Payments should be asked here.** &gt;!DO NOT create another post.!&lt;

BEGINNER? [**Go here first!**](https://www.reddit.com/r/NepalStock/wiki/beginners-guide)

DO NOT MAKE SEPARATE **INDIVIDUAL** POSTS ASKING:

* what to buy or sell,
* or what bank to buy,
* or what insurance to buy,
* yo share kati samma mathi jancha hola
* IPO ma pareko yo share kun din bechda ramro hola, ajhai 1-2 din parkhine ki nai etc.

will be deleted. Repeat violators will be banned.

Happy Investing!",1,0,2025-04-09 01:15:31+00:00,https://reddit.com/r/NepalStock/comments/1jutw5r/daily_discussion_thread_wednesday_apr_09_2025/,Yo Kinda Kaso Hola
NepalStock,1jugxeg,globallly stocks ghtirako raixa nepal ma kattiko effect parla ?,[deleted],,0,3,2025-04-08 15:52:36+00:00,https://reddit.com/r/NepalStock/comments/1jugxeg/globallly_stocks_ghtirako_raixa_nepal_ma_kattiko/,Market
NepalStock,1jugodl,Best bant to open demat account from,ChipmunkOnly8201,Recently i want to get into sotck market and i have been thinking from which bank should i open my demat account from or should i look for a broker?,1,0,2025-04-08 15:42:05+00:00,https://reddit.com/r/NepalStock/comments/1jugodl/best_bant_to_open_demat_account_from/,Demat/MeroShare
NepalStock,1jugkia,Monthly Odd Lot Buy/Sell Thread for {{date %b %Y}},JackThorne30,"Use this **AND ONLY THIS** thread to list out buy/sell odd lot shares.

To clarify, odd lots are shares less than 10 kitta (or 100 shares of Soaltee Hotel/mutual funds).

Creating new odd lot posts is an offense worthy of the ban hammer.",1,0,2025-04-08 15:37:38+00:00,https://reddit.com/r/NepalStock/comments/1jugkia/monthly_odd_lot_buysell_thread_for_date_b_y/,Trading/Settlement/Payment
NepalStock,1jufjpg,Help regarding investment,Maleficent-Group-878,,1,0,2025-04-08 14:55:38+00:00,https://reddit.com/r/NepalStock/comments/1jufjpg/help_regarding_investment/,Advice
NepalStock,1juev0j,How to get Newly Listed IPOs the fastest ⏩⏩!!!,Relative-Ideal-947,"Naya listing vako IPOs ma kasari ho yeti xito xito order aauxan 

Kei script haru use grya hunxan ki kei automation software with TMS ki k hola ki kei tikdam hunxw",1,0,2025-04-08 14:26:22+00:00,https://reddit.com/r/NepalStock/comments/1juev0j/how_to_get_newly_listed_ipos_the_fastest/,Online/TMS
NepalStock,1juesbm,Trade newly listed IPOs,Relative-Ideal-947,"How do people place order so fast in order page?

Kei automation use grya hunxw ki Arunai kei tikdam hunxw",1,0,2025-04-08 14:23:09+00:00,https://reddit.com/r/NepalStock/comments/1juesbm/trade_newly_listed_ipos/,Online/TMS
NepalStock,1judekn,I want to change my broker!!1,A_Reddit_User_1,Broker change garne processs kasto xa? mero broker 58 ho ani malai 47 ma change garnu xa k ho process?,1,0,2025-04-08 13:21:07+00:00,https://reddit.com/r/NepalStock/comments/1judekn/i_want_to_change_my_broker1/,Broker
NepalStock,1jud64m,HIDCL ko share certificate lai kasari demat ma transfer garne? k k cha process ahile ?,Ok-Secret3478,share certificate chai bahini ko ho ? capital janu parne bhaye ma matrai jada huncha ki bahini nai janu parcha ?,1,0,2025-04-08 13:09:46+00:00,https://reddit.com/r/NepalStock/comments/1jud64m/hidcl_ko_share_certificate_lai_kasari_demat_ma/,Demat/MeroShare
NepalStock,1juaiwt,Newly Listed IPOs... Who grabs themmmmmmmm,[deleted],,0,0,2025-04-08 10:44:01+00:00,https://reddit.com/r/NepalStock/comments/1juaiwt/newly_listed_ipos_who_grabs_themmmmmmmm/,Online/TMS
NepalStock,1juad38,Ksbbl @ 428. Is it a good deal?,jholagangmyachis,Same as title.,0,0,2025-04-08 10:33:27+00:00,https://reddit.com/r/NepalStock/comments/1juad38/ksbbl_428_is_it_a_good_deal/,Market
NepalStock,1ju9dn9,Why are people selling on the first trading day?,make1e10,... don't they realize that the prices will grow up for few more days?,1,0,2025-04-08 09:24:13+00:00,https://reddit.com/r/NepalStock/comments/1ju9dn9/why_are_people_selling_on_the_first_trading_day/,Market
NepalStock,1ju720n,1st time selling share (ipo ma pareko),Weekly_Reflection978,"maile varkhar broker account banaye ani share bechna lai collateral amount deposit garna parxa ki k ho ?  
ki sell ma gayera price ma list gare sell hunxa?",1,0,2025-04-08 06:28:12+00:00,https://reddit.com/r/NepalStock/comments/1ju720n/1st_time_selling_share_ipo_ma_pareko/,Market
NepalStock,1ju6fh6,"Day of a Trader – Real Trades, Real Moves",aatma11,,1,0,2025-04-08 05:45:34+00:00,https://reddit.com/r/NepalStock/comments/1ju6fh6/day_of_a_trader_real_trades_real_moves/,Market
NepalStock,1ju1oa9,"Daily Discussion Thread (Tuesday - Apr 08, 2025)",AutoModerator,"Use this post to discuss what to buy/sell/trade/avoid/watch today and in the coming days.

As always, the rules still apply.

**Have a TMS or Meroshare issue? Query about EDIS or collateral? Ask here instead of creating another thread. All queries regarding TMS, MeroShare, Broker issues, EDIS, Settlement and Payments should be asked here.** &gt;!DO NOT create another post.!&lt;

BEGINNER? [**Go here first!**](https://www.reddit.com/r/NepalStock/wiki/beginners-guide)

DO NOT MAKE SEPARATE **INDIVIDUAL** POSTS ASKING:

* what to buy or sell,
* or what bank to buy,
* or what insurance to buy,
* yo share kati samma mathi jancha hola
* IPO ma pareko yo share kun din bechda ramro hola, ajhai 1-2 din parkhine ki nai etc.

will be deleted. Repeat violators will be banned.

Happy Investing!",1,0,2025-04-08 01:15:32+00:00,https://reddit.com/r/NepalStock/comments/1ju1oa9/daily_discussion_thread_tuesday_apr_08_2025/,Yo Kinda Kaso Hola
NepalStock,1jtmcom,TMS ORDER PAGE LOADING!!!!!!!,Relative-Ideal-947,"TMS ma Order page kholerw rakhda time vaye paxi aafai clear hunxw ki reload grnai parxw

TMS ma Order page kholerw rakhda time vaye paxi aafai clear hunxw ki reload grnai parxw",1,0,2025-04-07 14:18:32+00:00,https://reddit.com/r/NepalStock/comments/1jtmcom/tms_order_page_loading/,Online/TMS
NepalStock,1jtjp4g,TMS ma Order page kholerw rakhda time vaye paxi aafai clear hunxw ki reload grnai parxw,Relative-Ideal-947,TMS ma Order page kholerw rakhda time vaye paxi aafai clear hunxw ki reload grnai parxw,1,0,2025-04-07 12:10:18+00:00,https://reddit.com/r/NepalStock/comments/1jtjp4g/tms_ma_order_page_kholerw_rakhda_time_vaye_paxi/,Online/TMS
NepalStock,1jth36y,what stock broker would be best to open a demat account,ChipmunkOnly8201,so ma recently stock market ma chidna khojirhexu. vdo hru here paxi tha xale ki demat account banaye paxi matra mero share account banauna skxau. so what would be the best one in your opinion?,1,0,2025-04-07 09:21:55+00:00,https://reddit.com/r/NepalStock/comments/1jth36y/what_stock_broker_would_be_best_to_open_a_demat/,Broker
NepalStock,1jtebvl,Is It a Good Time to Invest in Nabil Bank?,[deleted],,0,2,2025-04-07 05:57:28+00:00,https://reddit.com/r/NepalStock/comments/1jtebvl/is_it_a_good_time_to_invest_in_nabil_bank/,Market
NepalStock,1jtc0v3,How to scrape data from nepse,Educational-Snow4555,????,1,0,2025-04-07 03:31:05+00:00,https://reddit.com/r/NepalStock/comments/1jtc0v3/how_to_scrape_data_from_nepse/,Advice
NepalStock,1jt9kg6,"Daily Discussion Thread (Monday - Apr 07, 2025)",AutoModerator,"Use this post to discuss what to buy/sell/trade/avoid/watch today and in the coming days.

As always, the rules still apply.

**Have a TMS or Meroshare issue? Query about EDIS or collateral? Ask here instead of creating another thread. All queries regarding TMS, MeroShare, Broker issues, EDIS, Settlement and Payments should be asked here.** &gt;!DO NOT create another post.!&lt;

BEGINNER? [**Go here first!**](https://www.reddit.com/r/NepalStock/wiki/beginners-guide)

DO NOT MAKE SEPARATE **INDIVIDUAL** POSTS ASKING:

* what to buy or sell,
* or what bank to buy,
* or what insurance to buy,
* yo share kati samma mathi jancha hola
* IPO ma pareko yo share kun din bechda ramro hola, ajhai 1-2 din parkhine ki nai etc.

will be deleted. Repeat violators will be banned.

Happy Investing!",1,0,2025-04-07 01:15:30+00:00,https://reddit.com/r/NepalStock/comments/1jt9kg6/daily_discussion_thread_monday_apr_07_2025/,Yo Kinda Kaso Hola
NepalStock,1jsudn4,Help please anyone!!!!,Sudden_Pomelo_5816,,1,0,2025-04-06 13:41:28+00:00,https://reddit.com/r/NepalStock/comments/1jsudn4/help_please_anyone/,Mutual Funds
NepalStock,1jsiper,"Daily Discussion Thread (Sunday - Apr 06, 2025)",AutoModerator,"Use this post to discuss what to buy/sell/trade/avoid/watch today and in the coming days.

As always, the rules still apply.

**Have a TMS or Meroshare issue? Query about EDIS or collateral? Ask here instead of creating another thread. All queries regarding TMS, MeroShare, Broker issues, EDIS, Settlement and Payments should be asked here.** &gt;!DO NOT create another post.!&lt;

BEGINNER? [**Go here first!**](https://www.reddit.com/r/NepalStock/wiki/beginners-guide)

DO NOT MAKE SEPARATE **INDIVIDUAL** POSTS ASKING:

* what to buy or sell,
* or what bank to buy,
* or what insurance to buy,
* yo share kati samma mathi jancha hola
* IPO ma pareko yo share kun din bechda ramro hola, ajhai 1-2 din parkhine ki nai etc.

will be deleted. Repeat violators will be banned.

Happy Investing!",1,0,2025-04-06 01:15:31+00:00,https://reddit.com/r/NepalStock/comments/1jsiper/daily_discussion_thread_sunday_apr_06_2025/,Yo Kinda Kaso Hola
NepalStock,1jrw1tf,NAASA SECURITIES need a suggestion guys,GeologistPhysical414,what u guys think about them. is it good . should i open trading account there,1,0,2025-04-05 05:11:47+00:00,https://reddit.com/r/NepalStock/comments/1jrw1tf/naasa_securities_need_a_suggestion_guys/,Broker
NepalStock,1jru5wi,TMS account login problem,mindlessfingeek,,1,0,2025-04-05 03:18:49+00:00,https://reddit.com/r/NepalStock/comments/1jru5wi/tms_account_login_problem/,Online/TMS
NepalStock,1jru2wp,TMS account login problem,mindlessfingeek,,1,0,2025-04-05 03:14:10+00:00,https://reddit.com/r/NepalStock/comments/1jru2wp/tms_account_login_problem/,Online/TMS
NepalStock,1jrdm93,FPO apply gardaa thik ??,Mission_Moment_2923,So mailey invest garetheyna ailey samman ani 1 barsha ta Mero Demat essai basyo ani asti varkhar renew gareraa chalauxu sochey ani renew ni garey . Ailey FPo khulya raixa so I applied for it balla talla ek jana sathy lai sodhera. He insisted in  doing so I did it. Abaaa balla investment journey suru vayo ajhaa bata but yo Ramro hoki naramri wala Ho kunni mailey voreyko. Ipo ko bareyma matrai dherai sunya xuu FPO ko bareyma barely sunya ho,1,0,2025-04-04 14:44:48+00:00,https://reddit.com/r/NepalStock/comments/1jrdm93/fpo_apply_gardaa_thik/,IPO/FPO
NepalStock,1jrd57g,dordi ko right share bharni option kina aako xaina hola ??,Due-Significance9023,,1,8,2025-04-04 14:24:16+00:00,https://reddit.com/r/NepalStock/comments/1jrd57g/dordi_ko_right_share_bharni_option_kina_aako/,Right Share
NepalStock,1jr9p9y,About Siddhartha Systematic Investment Scheme,suussshhhh,"i have this Siddhartha Systematic Investment Scheme (SSIS) share in meroshare, but when i tried to sell this i didn't find it in the list, does anyone know how this works and what is this for? (i applied for this blindly)",1,0,2025-04-04 11:35:58+00:00,https://reddit.com/r/NepalStock/comments/1jr9p9y/about_siddhartha_systematic_investment_scheme/,Advice
NepalStock,1jr7bb2,I built Market Rodeo: A comprehensive market analysis platform. What are you currently missing in your tools?,MarketRodeo,"After spending countless hours researching stocks and crypto, I created Market Rodeo to bring together the tools I wished existed in one platform.

The goal was to make advanced financial analysis accessible to everyone with:

**Comprehensive Analysis Tools:** Financial analysis and research tools combined in one platform, eliminating the need to switch between multiple services.

**Advanced Screeners:** Filter through 80,000+ stocks &amp; crypto with powerful screening capabilities to find opportunities that match your exact criteria.

**Global Market Coverage:** Track market data across exchanges worldwide with multi-currency support for truly international investing.

**Portfolio Tracking:** Monitor your investments with live performance metrics, allocation visualization, and gain/loss tracking.

**Financial Deep Dives:** Access complete financial statements with revenue breakdowns and 30+ years of historical data to understand company performance.

**Asset Comparison Tool:** Compare multiple investments side-by-side on key metrics to make more informed decisions. (shown in the video)

**Insider Trading:** Track insider trading activities of corporate executives, directors, and major shareholders. View detailed information about stock purchases, sales, and transaction amounts.

**Congress Trading Tracker:** Follow the trading activities of House and Senate members to spot potential trends and opportunities.

I focused on balancing powerful features with an intuitive interface that doesn't require a finance degree to navigate effectively.

There's a free tier available if you want to try it out. I'd genuinely love to hear what financial analysis frustrations you face and what features would make your research process better.

If you're interested: [Market Rodeo](https://www.marketrodeo.com/)",1,0,2025-04-04 08:52:46+00:00,https://reddit.com/r/NepalStock/comments/1jr7bb2/i_built_market_rodeo_a_comprehensive_market/,Technical Analysis
NepalStock,1jr4d8p,Minor account issue!!,EmbarrassedTrifle572,I sold my shares and forgot that my demat ac was in minor. Can the shares be unfrozen for transfer if i go to a bank?,1,0,2025-04-04 05:24:28+00:00,https://reddit.com/r/NepalStock/comments/1jr4d8p/minor_account_issue/,Demat/MeroShare
NepalStock,1jr3uj0,Invalid CRN number issue??,New_Reputation_8428,"I have always used the same CRN number without any issues. However, while applying for the recent IPO, it showed an ""Invalid CRN Number"" error. I even visited Prabhu Bank to verify my CRN, and they confirmed that it is correct. What could be the issue?",1,0,2025-04-04 04:52:33+00:00,https://reddit.com/r/NepalStock/comments/1jr3uj0/invalid_crn_number_issue/,Demat/MeroShare
NepalStock,1jqppdn,How long till allotted shares show up in Meroshare,DetectiveDesigner186,"Hello there. I am relatively new to investing, and I was eventually allotted a few IPOs. However, some of them have not shown up in Meroshare even after a month of issue close date while the rest of them are shown. 

Is this normal? If not, who should I contact to have it resolved?

How long does it typically take for allotted shares to show up in Meroshare account? Is the duration whatever the issuing company wants it to be?",1,0,2025-04-03 18:11:46+00:00,https://reddit.com/r/NepalStock/comments/1jqppdn/how_long_till_allotted_shares_show_up_in_meroshare/,IPO/FPO
NepalStock,1jqloc2,Players inciting retailers today 😂,Connect_Ad_163,,1,0,2025-04-03 15:37:51+00:00,https://reddit.com/r/NepalStock/comments/1jqloc2/players_inciting_retailers_today/,Market
NepalStock,1jqgm1d,How to find CRN Number,EvilxDrax,,2,9,2025-04-03 12:03:37+00:00,https://reddit.com/r/NepalStock/comments/1jqgm1d/how_to_find_crn_number/,Demat/MeroShare
NepalStock,1jqgjy6,2ta meroshare TMS dmat panauna paincha?,Puzzled_Factor_7679,Sathiharu maila 2ta meroshare TMS and dmat banako chu .painchanii?? Kai problems ta hudainahola? Jankaari pamna🙏,1,0,2025-04-03 12:00:58+00:00,https://reddit.com/r/NepalStock/comments/1jqgjy6/2ta_meroshare_tms_dmat_panauna_paincha/,Demat/MeroShare
NepalStock,1jqdn12,I just purchased nic asia open mutual fund units and the bank say’s itll show in mero share,Select-Contract8279,"Maile units purchase gareko thiye aja ani sign up hanna khojda not a valid user dekhayo 
Ani bank lai call garera soddha 1week lagxa ani mero share ma dekhauxa vanyo 
Is it true that open mutual funds can be seen on mero share ? 
And how do i sell it ?",1,0,2025-04-03 09:08:04+00:00,https://reddit.com/r/NepalStock/comments/1jqdn12/i_just_purchased_nic_asia_open_mutual_fund_units/,Mutual Funds
NepalStock,1jq8qnw,About reserve right share,Ok_Actuator3946,"Maile balephi hydropower ko share becheko 1-2 months bhayo hola, tyo bela reserve right Wala ni bhareko rahechu
Ahelai mero DEMAT account ma listing bhako rahecha. 
Question: bechi sakkeko share ko ni listing huncha?",1,0,2025-04-03 03:58:45+00:00,https://reddit.com/r/NepalStock/comments/1jq8qnw/about_reserve_right_share/,Right Share
NepalStock,1jq6phv,Portfolio management platforms,Inevitable_Aerie_951,"Hello there, What kind of portfolio management softwares do you use for better tracking of data?  
I see a free one from NepseAlpha, but I need more data to be tracked like cash left, source of money, etc. any suggestions? If you have some excel, google sheets formats, or any resources, then please worry sending it here!",1,0,2025-04-03 02:15:09+00:00,https://reddit.com/r/NepalStock/comments/1jq6phv/portfolio_management_platforms/,Advice
NepalStock,1jq5guw,"Market Weekend Discussion (Thursday Apr 03 - Saturday Apr 05, 2025)",AutoModerator,"Use this post to discuss what to buy/sell/trade/avoid/watch this weekend and in the coming days.

As always, the rules still apply.

**Have a TMS or Meroshare issue? Query about EDIS or collateral? Ask here instead of creating another thread. All queries regarding TMS, MeroShare, Broker Issues, EDIS, Settlement and Payments should be asked here.** DO NOT create another post.

BEGINNER? [**Go here first!**](https://www.reddit.com/r/NepalStock/wiki/beginners-guide)

DO NOT MAKE SEPARATE **INDIVIDUAL** POSTS ASKING:

* what to buy or sell,
* or what bank to buy,
* or what insurance to buy,
* yo share kati samma mathi jancha hola
* IPO ma pareko yo share kun din bechda ramro hola, ajhai 1-2 din parkhine ki nai etc.

will be deleted. Repeat violators will be banned.

Happy Investing!",1,0,2025-04-03 01:15:32+00:00,https://reddit.com/r/NepalStock/comments/1jq5guw/market_weekend_discussion_thursday_apr_03/,Yo Kinda Kaso Hola
NepalStock,1jptttj,Confusion : opening Dmat account,Extension_Gas9658,"Hi, Mero chai share market ma entry vhakar huna garirako xa. 
Mailya bank account NIMB Bata kholyako hai , so teslai capital Bata sajilo hunxa vanyara Dmat account open garna lako but account details Dena lagda NIMB bank ko name nai dekhaudaina instead Nepal investment bank rw mega bank vanyara xutta xuttai dekhauxa . So mailya tyo capital Bata kholyana Dmat account.
 After that mailya aauta broker Bata Dmat kholna khojyako and I filled all the required details, teha Bata submission number ne aaisakyo so physically document deyara gayo vane open hunxa hola hope so .
But Mero confusion chai kaha aayo vane if mailya NIMB Ace Capita rw broker duitai Bata Dmat ko details varuara submit garxu vane  Dmat account open hunxa ki hudaina , if hunxa vane kasari rw Kun Bata hunxa??
NIMB ko Bata Mero ma matra problem aairako hoki aru ko mane aairako xa??",1,0,2025-04-02 17:06:20+00:00,https://reddit.com/r/NepalStock/comments/1jptttj/confusion_opening_dmat_account/,Demat/MeroShare
NepalStock,1jppwd9,Didnt do edis in time,Tough_Specific,"Hi all, I am a newbie in this of course. I made a broker account couple of days ago to sell my two shares, but my Demat was made when I was a minor and I didn't know to convert it to major when I sold the shares. Anyway they did sell my two shares, I got an email from my broker that confirmed my shares have been sold however in MeroShare I could not confirm edis due to account being minor. 

So I went to my Demat, I filled the form, everything and it took them roughly a whole week to convert my account to major. Now I opened my meroshare again to confirm transaction but there's nothing in EDIS. Meroshare ma chai tyo duita share dekhakai cha. K garum bhayo yar I'll call my broker tmrw but id appreciate if anyone told me whats up.",1,0,2025-04-02 14:26:10+00:00,https://reddit.com/r/NepalStock/comments/1jppwd9/didnt_do_edis_in_time/,Demat/MeroShare
NepalStock,1jpn95u,Stock group advertisement,Mission-Guarantee-31,,1,0,2025-04-02 12:23:47+00:00,https://reddit.com/r/NepalStock/comments/1jpn95u/stock_group_advertisement/,Market
NepalStock,1jpn5gf,Stock Group advertisement,Mission-Guarantee-31,,1,0,2025-04-02 12:18:23+00:00,https://reddit.com/r/NepalStock/comments/1jpn5gf/stock_group_advertisement/,Misc
NepalStock,1jpkzi1,SpeedLink Nepal – 100+ Deliveries &amp; Counting! Thank You for Your Support,Maleficent-Ninja4359,"Hey everyone,

Just wanted to share some exciting news—SpeedLink Nepal has now successfully delivered 100+ orders! A huge thank you to all our customers for trusting us. We know how important it is to have a reliable way to order from India, and we’re committed to making the process smooth and hassle-free.

To make things even easier, we offer Cash on Delivery (COD) whenever possible—so you don’t have to worry about upfront payments. If you’re looking to order from Amazon, Myntra, or any other Indian e-commerce site, feel free to reach out.

For inquiries, you can DM me or check out our Instagram page: @SpeedLinkNepal.

Looking forward to serving more of you!

#SpeedLinkNepal #FastAndReliable #CODAvailable",1,0,2025-04-02 10:05:42+00:00,https://reddit.com/r/NepalStock/comments/1jpkzi1/speedlink_nepal_100_deliveries_counting_thank_you/,Market
NepalStock,1jpjpqy,Forgot Password invalid,god_at_3_o_clock,Maile dherai paxi meroshare kholeko thiye...password birsera forgot pw garey ani mail maa aayeko pw haale...tespaxi aafai change password vanyo ani aafule rojeko pw haale ...tespaxi login garda naya pw invalid vanxa...forgot pw ni limit pugyo vanxa...kati din maa feri forgot pw garna milxa??,1,0,2025-04-02 08:29:20+00:00,https://reddit.com/r/NepalStock/comments/1jpjpqy/forgot_password_invalid/,Demat/MeroShare
NepalStock,1jpjihv,Demat number kasari tha hunxa ?,scarletee,How can i find my demat number,1,0,2025-04-02 08:13:21+00:00,https://reddit.com/r/NepalStock/comments/1jpjihv/demat_number_kasari_tha_hunxa/,Demat/MeroShare
NepalStock,1jpj838,Odd lot MEN 3 kitta @581,Ayuxh33,Title,1,0,2025-04-02 07:51:16+00:00,https://reddit.com/r/NepalStock/comments/1jpj838/odd_lot_men_3_kitta_581/,Trading/Settlement/Payment
NepalStock,1jpj433,Bbc making head nepse to 2806,stonedgenius69,"Conditions 
1&gt; nepse index 2830 pugna parxa harmonic bulish banuna 
2&gt;bbc lay puguxa 7000 easy 
3&gt;jharda sab",1,0,2025-04-02 07:42:31+00:00,https://reddit.com/r/NepalStock/comments/1jpj433/bbc_making_head_nepse_to_2806/,Market
NepalStock,1jpcf7v,"Daily Discussion Thread (Wednesday - Apr 02, 2025)",AutoModerator,"Use this post to discuss what to buy/sell/trade/avoid/watch today and in the coming days.

As always, the rules still apply.

**Have a TMS or Meroshare issue? Query about EDIS or collateral? Ask here instead of creating another thread. All queries regarding TMS, MeroShare, Broker issues, EDIS, Settlement and Payments should be asked here.** &gt;!DO NOT create another post.!&lt;

BEGINNER? [**Go here first!**](https://www.reddit.com/r/NepalStock/wiki/beginners-guide)

DO NOT MAKE SEPARATE **INDIVIDUAL** POSTS ASKING:

* what to buy or sell,
* or what bank to buy,
* or what insurance to buy,
* yo share kati samma mathi jancha hola
* IPO ma pareko yo share kun din bechda ramro hola, ajhai 1-2 din parkhine ki nai etc.

will be deleted. Repeat violators will be banned.

Happy Investing!",1,0,2025-04-02 01:15:30+00:00,https://reddit.com/r/NepalStock/comments/1jpcf7v/daily_discussion_thread_wednesday_apr_02_2025/,Yo Kinda Kaso Hola
NepalStock,1jp2now,Investing in Nepal from the US - mutual funds or ETF or bank FDs,skigolf2076,"One of my friends is a Nepali citizen who lives in the US. He is super-smart but not well-educated and doesn't have much financial knowledge about investing in Nepal. I was trying to help him manage his money in Nepal. We have discussed multiple ideas - but I had specific questions if someone can help.

1. Real Estate: He has already invested money in real estate in the past but it has been very inefficient - you have to go there in person for buying and selling, there is risk of fraud etc. He already has a couple of large properties - so he doesn't want to go through the hassle anymore.
2. Fixed deposits in banks: The banks used to give 11%+ a couple of years ago but the rates have come down quite a lot. With the depreciation vs. the USD, it is not worth keeping the money in the bank as much anymore
3. Bring it to the US: He wants to keep a certain amount of money in Nepal to support his extended family over time. Doesn't want to bring it to the US and then transfer it back - so it is not a good option.
4. Mutual funds/etfs etc: I am not familiar with these in Nepal. Does anyone have suggestions about good mutual funds/ETFs or funds that he can invest in? What are the top 5 funds? What are the tax implications - capital gains tax in Nepal - is it on the purchse and sale of mutual funds or on an annual basis?

Would appreciate any insights.",1,0,2025-04-01 18:17:44+00:00,https://reddit.com/r/NepalStock/comments/1jp2now/investing_in_nepal_from_the_us_mutual_funds_or/,Mutual Funds
NepalStock,1joz74w,What could be the next multibagger in 10 years?,goodday_best,I think there is no multibagger stocks now,1,0,2025-04-01 16:00:03+00:00,https://reddit.com/r/NepalStock/comments/1joz74w/what_could_be_the_next_multibagger_in_10_years/,Fundamental Analysis
NepalStock,1jomylg,Mutual fund ma pareko IPO kasari sell garne ho guys,JenniNep,Mutual fund ma pareko IPO kasari sell garne ho guys,1,0,2025-04-01 04:11:54+00:00,https://reddit.com/r/NepalStock/comments/1jomylg/mutual_fund_ma_pareko_ipo_kasari_sell_garne_ho/,IPO/FPO
NepalStock,1jojn2w,"Daily Discussion Thread (Tuesday - Apr 01, 2025)",AutoModerator,"Use this post to discuss what to buy/sell/trade/avoid/watch today and in the coming days.

As always, the rules still apply.

**Have a TMS or Meroshare issue? Query about EDIS or collateral? Ask here instead of creating another thread. All queries regarding TMS, MeroShare, Broker issues, EDIS, Settlement and Payments should be asked here.** &gt;!DO NOT create another post.!&lt;

BEGINNER? [**Go here first!**](https://www.reddit.com/r/NepalStock/wiki/beginners-guide)

DO NOT MAKE SEPARATE **INDIVIDUAL** POSTS ASKING:

* what to buy or sell,
* or what bank to buy,
* or what insurance to buy,
* yo share kati samma mathi jancha hola
* IPO ma pareko yo share kun din bechda ramro hola, ajhai 1-2 din parkhine ki nai etc.

will be deleted. Repeat violators will be banned.

Happy Investing!",1,0,2025-04-01 01:15:30+00:00,https://reddit.com/r/NepalStock/comments/1jojn2w/daily_discussion_thread_tuesday_apr_01_2025/,Yo Kinda Kaso Hola
NepalStock,1jnwp5t,saharsh nepal shrestha,Suitable-Wishbone709,,1,1,2025-03-31 06:13:04+00:00,https://reddit.com/r/NepalStock/comments/1jnwp5t/saharsh_nepal_shrestha/,IPO/FPO
NepalStock,1jnrrk0,"Daily Discussion Thread (Monday - Mar 31, 2025)",AutoModerator,"Use this post to discuss what to buy/sell/trade/avoid/watch today and in the coming days.

As always, the rules still apply.

**Have a TMS or Meroshare issue? Query about EDIS or collateral? Ask here instead of creating another thread. All queries regarding TMS, MeroShare, Broker issues, EDIS, Settlement and Payments should be asked here.** &gt;!DO NOT create another post.!&lt;

BEGINNER? [**Go here first!**](https://www.reddit.com/r/NepalStock/wiki/beginners-guide)

DO NOT MAKE SEPARATE **INDIVIDUAL** POSTS ASKING:

* what to buy or sell,
* or what bank to buy,
* or what insurance to buy,
* yo share kati samma mathi jancha hola
* IPO ma pareko yo share kun din bechda ramro hola, ajhai 1-2 din parkhine ki nai etc.

will be deleted. Repeat violators will be banned.

Happy Investing!",1,0,2025-03-31 01:15:29+00:00,https://reddit.com/r/NepalStock/comments/1jnrrk0/daily_discussion_thread_monday_mar_31_2025/,Yo Kinda Kaso Hola
NepalStock,1jn90uc,Auction share buy garna kasto hunxa?,sup3rcalifragilistic,"Never been into auction share but recently one of my friends suggested me to put some money in to this stock, around 5L. According to his evaluation, the company will get ipo and into secondary market within 5 years and the yield can be 5x-10x. 

How reliable  are those auction shares before IPO and secondary market?

Should I opt for this shares?

https://rastriyakrishi.com.np is the link for the website. 

Your suggestion would be appreciated.",1,0,2025-03-30 09:45:26+00:00,https://reddit.com/r/NepalStock/comments/1jn90uc/auction_share_buy_garna_kasto_hunxa/,Auction
NepalStock,1jn1dxi,"Daily Discussion Thread (Sunday - Mar 30, 2025)",AutoModerator,"Use this post to discuss what to buy/sell/trade/avoid/watch today and in the coming days.

As always, the rules still apply.

**Have a TMS or Meroshare issue? Query about EDIS or collateral? Ask here instead of creating another thread. All queries regarding TMS, MeroShare, Broker issues, EDIS, Settlement and Payments should be asked here.** &gt;!DO NOT create another post.!&lt;

BEGINNER? [**Go here first!**](https://www.reddit.com/r/NepalStock/wiki/beginners-guide)

DO NOT MAKE SEPARATE **INDIVIDUAL** POSTS ASKING:

* what to buy or sell,
* or what bank to buy,
* or what insurance to buy,
* yo share kati samma mathi jancha hola
* IPO ma pareko yo share kun din bechda ramro hola, ajhai 1-2 din parkhine ki nai etc.

will be deleted. Repeat violators will be banned.

Happy Investing!",1,0,2025-03-30 01:15:30+00:00,https://reddit.com/r/NepalStock/comments/1jn1dxi/daily_discussion_thread_sunday_mar_30_2025/,Yo Kinda Kaso Hola
NepalStock,1jmndly,What do you think about HDL?What are its drawbacks?,Miserable-Archer-231,"\-profit ni badhi ra cha

\-premium segment ma new product introduce garni high chance

\-P&amp;Ema ni ramro sanga nai investment gariracha(Plant Automation,Zero Liquid discharge,Malt sprit unit)

\-Price pani 52 weeeks low nira cha



What are its drawbacks?",1,0,2025-03-29 14:23:43+00:00,https://reddit.com/r/NepalStock/comments/1jmndly/what_do_you_think_about_hdlwhat_are_its_drawbacks/,Fundamental Analysis
NepalStock,1jmju1f,Developing Unbiased Nepse AI Agents,[deleted],,0,3,2025-03-29 11:01:23+00:00,https://reddit.com/r/NepalStock/comments/1jmju1f/developing_unbiased_nepse_ai_agents/,Market
NepalStock,1jlwbbt,Prabhu cable car promoter share,Due_Operation5184,,1,0,2025-03-28 14:26:20+00:00,https://reddit.com/r/NepalStock/comments/1jlwbbt/prabhu_cable_car_promoter_share/,IPO/FPO
NepalStock,1jlkrah,How to load collateral from the sold shares?,imchillasff,,1,0,2025-03-28 02:26:56+00:00,https://reddit.com/r/NepalStock/comments/1jlkrah/how_to_load_collateral_from_the_sold_shares/,Trading/Settlement/Payment
NepalStock,1jle887,Make some money smart people.,CompetitiveDream1067,"I have been involved in sports betting since last 5/6 yrs. I believe I am not a problem gambler because I have never gambled more than i can afford to lose.

I have always been involved to find flaws in the system. I will be sharing a flaw here today because I want the nerd reddit guys to take full advantage of it.

1x is comparatively a new bookmaker who wants to dominate the Asian poor countries. It lists the local tournaments which you wont find on reputed sites like Bet365/Betfair. This is where it can be exploited . Some of the leagues that livestreams their matches on youtube and 1x is slow to block the event after it has already happened.

I used it on Legends league(cricket) that was recently completed. There is a option of wicket to fall under this much runs .. you have to watch the match live and place the bet immediately after the wicket falls.. sometimes it will be placed ..sometimes it might not due to our delays or lack of concentration.

Its called late betting . You can place the bet in that 5/6 seconds delay.

One league that is delayed going on right now is India Surat premiere league (cricket). The option of Wicket under the runs is not in this league but If you are smart you can exploit this delay in many ways.",1,0,2025-03-27 21:26:37+00:00,https://reddit.com/r/NepalStock/comments/1jle887/make_some_money_smart_people/,Market
NepalStock,1jkyan1,Nepse Index mutual fund,LegitimatePatient143,Is there any mutual fund which tracks nepse index?,1,0,2025-03-27 07:16:32+00:00,https://reddit.com/r/NepalStock/comments/1jkyan1/nepse_index_mutual_fund/,Mutual Funds
NepalStock,1jku2wo,"A beginner to this, so needed to ask a few questions.",Ruj123,"So  I want to get into the stock market ig. So I had a few questions   
Since I am a beginner What are the basic things   I need to know?

What sites are the best to use?   
What should I look in the charts?",1,0,2025-03-27 02:48:23+00:00,https://reddit.com/r/NepalStock/comments/1jku2wo/a_beginner_to_this_so_needed_to_ask_a_few/,Advice
NepalStock,1jks96f,"Market Weekend Discussion (Thursday Mar 27 - Saturday Mar 29, 2025)",AutoModerator,"Use this post to discuss what to buy/sell/trade/avoid/watch this weekend and in the coming days.

As always, the rules still apply.

**Have a TMS or Meroshare issue? Query about EDIS or collateral? Ask here instead of creating another thread. All queries regarding TMS, MeroShare, Broker Issues, EDIS, Settlement and Payments should be asked here.** DO NOT create another post.

BEGINNER? [**Go here first!**](https://www.reddit.com/r/NepalStock/wiki/beginners-guide)

DO NOT MAKE SEPARATE **INDIVIDUAL** POSTS ASKING:

* what to buy or sell,
* or what bank to buy,
* or what insurance to buy,
* yo share kati samma mathi jancha hola
* IPO ma pareko yo share kun din bechda ramro hola, ajhai 1-2 din parkhine ki nai etc.

will be deleted. Repeat violators will be banned.

Happy Investing!",1,0,2025-03-27 01:15:30+00:00,https://reddit.com/r/NepalStock/comments/1jks96f/market_weekend_discussion_thursday_mar_27/,Yo Kinda Kaso Hola
NepalStock,1jkd6i0,Portfolio Management Services (PMS),New_Mousse_9249,Exactly chai k ho yo??? Kosle gareko ho?? Your experience please and garda thik hola ki nai??? Garne ni kun ma Garda ramro???,1,0,2025-03-26 14:32:55+00:00,https://reddit.com/r/NepalStock/comments/1jkd6i0/portfolio_management_services_pms/,Advice
NepalStock,1jk9rja,When will Crest be added in nepse ?,orskisgdl,When will it be transferred and added in nepse ?,1,0,2025-03-26 11:43:14+00:00,https://reddit.com/r/NepalStock/comments/1jk9rja/when_will_crest_be_added_in_nepse/,IPO/FPO
NepalStock,1jk4nmu,Partially traded AKJCL 6KITTA,Hot-Conversation2318,"Koi kindine ho yo partially traded jasto jhyau kei vayena koi kindine ho? 
Tmr haru ko rate ma haldinxu",1,0,2025-03-26 05:31:46+00:00,https://reddit.com/r/NepalStock/comments/1jk4nmu/partially_traded_akjcl_6kitta/,Market
NepalStock,1jk3zzj,Pure stock trader here. What is on Friday? And why is it important.,Cultural_Roll_8411,"I don’t really follow economic news, only trading, what is the event on friday?",1,0,2025-03-26 04:48:47+00:00,https://reddit.com/r/NepalStock/comments/1jk3zzj/pure_stock_trader_here_what_is_on_friday_and_why/,Market
NepalStock,1jk00jq,"Daily Discussion Thread (Wednesday - Mar 26, 2025)",AutoModerator,"Use this post to discuss what to buy/sell/trade/avoid/watch today and in the coming days.

As always, the rules still apply.

**Have a TMS or Meroshare issue? Query about EDIS or collateral? Ask here instead of creating another thread. All queries regarding TMS, MeroShare, Broker issues, EDIS, Settlement and Payments should be asked here.** &gt;!DO NOT create another post.!&lt;

BEGINNER? [**Go here first!**](https://www.reddit.com/r/NepalStock/wiki/beginners-guide)

DO NOT MAKE SEPARATE **INDIVIDUAL** POSTS ASKING:

* what to buy or sell,
* or what bank to buy,
* or what insurance to buy,
* yo share kati samma mathi jancha hola
* IPO ma pareko yo share kun din bechda ramro hola, ajhai 1-2 din parkhine ki nai etc.

will be deleted. Repeat violators will be banned.

Happy Investing!",1,0,2025-03-26 01:15:30+00:00,https://reddit.com/r/NepalStock/comments/1jk00jq/daily_discussion_thread_wednesday_mar_26_2025/,Yo Kinda Kaso Hola
NepalStock,1jjfqit,Best Books &amp; Courses for Traders,[deleted],,1,4,2025-03-25 09:55:06+00:00,https://reddit.com/r/NepalStock/comments/1jjfqit/best_books_courses_for_traders/,Market
NepalStock,1jjfa7q,BUYYYYYYYYYYYYYYYY !!,After-Jelly-6886,Will it be the right time to accumulate stock according to the current situation ?,7,24,2025-03-25 09:20:10+00:00,https://reddit.com/r/NepalStock/comments/1jjfa7q/buyyyyyyyyyyyyyyyy/,Market
NepalStock,1jjbvos,Fundamentally Strong Companies,herobrine--,"Hi, 
I just need suggestions, as market is downish only I want to invest some money in fundamentally Strong Companies for abit long term so, kun kun lai herda thik?, 
I'm not asking direct a company to invest but some companies to look",1,0,2025-03-25 05:04:42+00:00,https://reddit.com/r/NepalStock/comments/1jjbvos/fundamentally_strong_companies/,Fundamental Analysis
NepalStock,1jjakei,What’s your strategy these days?,LegitimateApricot790,"What are you guys doing these days Market seems boring. Hijo halka green vayo but I feel market is still unstable with all these political things. What are your plans? I took chance on Ngpl auction. But Auction ma ni lobbing cha sab. 5% discount ma ni cutoff parya chaina. I am sitting on a some amount of cash. If anyone has any suggestions, please mention.",12,17,2025-03-25 03:46:02+00:00,https://reddit.com/r/NepalStock/comments/1jjakei/whats_your_strategy_these_days/,Market
NepalStock,1jj9lzq,"With balen, ghising, and rajabadi combo, is nepse fated to go downhill? K garne aba?",TheirTypo-MyBirth,The country's situation is volatile rn. Balen says 'gaddinxu'. People's fav Kulman is expelled from NEA. And monarchists are taking the streets. Is this the recipe for a disaster in the stock market for a very long time? Or at least for the coming few weeks? What do dada-didi think our plan on investment should be?,1,0,2025-03-25 02:53:47+00:00,https://reddit.com/r/NepalStock/comments/1jj9lzq/with_balen_ghising_and_rajabadi_combo_is_nepse/,Misc
NepalStock,1jj7o6w,"Daily Discussion Thread (Tuesday - Mar 25, 2025)",AutoModerator,"Use this post to discuss what to buy/sell/trade/avoid/watch today and in the coming days.

As always, the rules still apply.

**Have a TMS or Meroshare issue? Query about EDIS or collateral? Ask here instead of creating another thread. All queries regarding TMS, MeroShare, Broker issues, EDIS, Settlement and Payments should be asked here.** &gt;!DO NOT create another post.!&lt;

BEGINNER? [**Go here first!**](https://www.reddit.com/r/NepalStock/wiki/beginners-guide)

DO NOT MAKE SEPARATE **INDIVIDUAL** POSTS ASKING:

* what to buy or sell,
* or what bank to buy,
* or what insurance to buy,
* yo share kati samma mathi jancha hola
* IPO ma pareko yo share kun din bechda ramro hola, ajhai 1-2 din parkhine ki nai etc.

will be deleted. Repeat violators will be banned.

Happy Investing!",1,0,2025-03-25 01:15:17+00:00,https://reddit.com/r/NepalStock/comments/1jj7o6w/daily_discussion_thread_tuesday_mar_25_2025/,Yo Kinda Kaso Hola
NepalStock,1jisxt2,Why is guardian micro life insurance stock increasing significantly.,The-Office-9056,Ever since it has been listed in nepse the stock has circuited and is now trading at 2200. Why do you think this is? Like is it a pump and dump situation or what the hell is going on i am confused. I am a beginner and want to understand. Thank you.,1,0,2025-03-24 15:09:42+00:00,https://reddit.com/r/NepalStock/comments/1jisxt2/why_is_guardian_micro_life_insurance_stock/,Market
NepalStock,1jistnr,Why is guardian micro life insurance stock increasing significantly.,The-Office-9056,,1,2,2025-03-24 15:05:03+00:00,https://reddit.com/r/NepalStock/comments/1jistnr/why_is_guardian_micro_life_insurance_stock/,Market
NepalStock,1jingfd,NTC dividend. Is that automatically added or do we need to do anything?,reddit4rms,"I have had NTC share for many months now, but I have not seen any dividend being added to my account. Am I missing anything?",1,1,2025-03-24 10:25:46+00:00,https://reddit.com/r/NepalStock/comments/1jingfd/ntc_dividend_is_that_automatically_added_or_do_we/,Market
NepalStock,1jif5f9,"Daily Discussion Thread (Monday - Mar 24, 2025)",AutoModerator,"Use this post to discuss what to buy/sell/trade/avoid/watch today and in the coming days.

As always, the rules still apply.

**Have a TMS or Meroshare issue? Query about EDIS or collateral? Ask here instead of creating another thread. All queries regarding TMS, MeroShare, Broker issues, EDIS, Settlement and Payments should be asked here.** &gt;!DO NOT create another post.!&lt;

BEGINNER? [**Go here first!**](https://www.reddit.com/r/NepalStock/wiki/beginners-guide)

DO NOT MAKE SEPARATE **INDIVIDUAL** POSTS ASKING:

* what to buy or sell,
* or what bank to buy,
* or what insurance to buy,
* yo share kati samma mathi jancha hola
* IPO ma pareko yo share kun din bechda ramro hola, ajhai 1-2 din parkhine ki nai etc.

will be deleted. Repeat violators will be banned.

Happy Investing!",1,0,2025-03-24 01:15:28+00:00,https://reddit.com/r/NepalStock/comments/1jif5f9/daily_discussion_thread_monday_mar_24_2025/,Yo Kinda Kaso Hola
NepalStock,1jhzfs8,"SIP issue, No confirmation",herobrine--,"Hello Everyone, 
Aaja around 4 baje I registered for NMB SIP 
But after payment 

I didn't get a single confirmation, mail, sms or any screen like it buffered normally for 2 min i refreshed it and all all new page, buffer too in a new screen with blank form, 

What can I do now??",1,0,2025-03-23 13:37:20+00:00,https://reddit.com/r/NepalStock/comments/1jhzfs8/sip_issue_no_confirmation/,Broker
NepalStock,1jhv73m,How much time does it take for an IPO to come in the secondary market?,High_Match1404,Nepal Micro Insurance Company Ltd. (NMICL) kaile aaunxa hola secondary market ma?,1,0,2025-03-23 09:08:15+00:00,https://reddit.com/r/NepalStock/comments/1jhv73m/how_much_time_does_it_take_for_an_ipo_to_come_in/,IPO/FPO
NepalStock,1jhui7c,Investment suggestion,CoolStable5546,"Ahile nepse down nai xa I think, please give a few recommendation for investment with good return, preferably with strong fundamentals.",1,0,2025-03-23 08:17:11+00:00,https://reddit.com/r/NepalStock/comments/1jhui7c/investment_suggestion/,Market
NepalStock,1jhorzu,life insurance in nepal,Tough-Bit-6515,HLI and ILI i bought yesterday. what you guys thing about its fundamental strength for long tern??????,1,0,2025-03-23 02:05:19+00:00,https://reddit.com/r/NepalStock/comments/1jhorzu/life_insurance_in_nepal/,Market
NepalStock,1jhnumx,"Daily Discussion Thread (Sunday - Mar 23, 2025)",AutoModerator,"Use this post to discuss what to buy/sell/trade/avoid/watch today and in the coming days.

As always, the rules still apply.

**Have a TMS or Meroshare issue? Query about EDIS or collateral? Ask here instead of creating another thread. All queries regarding TMS, MeroShare, Broker issues, EDIS, Settlement and Payments should be asked here.** &gt;!DO NOT create another post.!&lt;

BEGINNER? [**Go here first!**](https://www.reddit.com/r/NepalStock/wiki/beginners-guide)

DO NOT MAKE SEPARATE **INDIVIDUAL** POSTS ASKING:

* what to buy or sell,
* or what bank to buy,
* or what insurance to buy,
* yo share kati samma mathi jancha hola
* IPO ma pareko yo share kun din bechda ramro hola, ajhai 1-2 din parkhine ki nai etc.

will be deleted. Repeat violators will be banned.

Happy Investing!",1,0,2025-03-23 01:15:53+00:00,https://reddit.com/r/NepalStock/comments/1jhnumx/daily_discussion_thread_sunday_mar_23_2025/,Yo Kinda Kaso Hola
NepalStock,1jha5io,Is SIP in Nepal a scam? Need help understanding!,pseudopockett,,1,0,2025-03-22 14:50:51+00:00,https://reddit.com/r/NepalStock/comments/1jha5io/is_sip_in_nepal_a_scam_need_help_understanding/,Mutual Funds
NepalStock,1jh7gos,day trading for Prop firms - Become profitable and earn good money trading for them,Key-Plane-4940,"Saathi haru ho, 

We are starting a forex education program, yo program aru jasto hoena. Hamile hamro aafnai trading platform build garero chau, where you can practice what we teach and also we monitor your trading performance. We teach specific day trading strategy which is highly effective. Nepal ko time zone pani perfect cha because you get to trade in asia, london and US open. 

They say 20% people pass prop firm challenges, with our training and trading software focused in risk management that number goes up to 40-50%. 

  
Imagine trading a 100k account and generating 3% a month, = 3ki a month, this is totally doable. Path is there. 

  
there is a Free webinar coming up which provides all the details on how this program will go. 

Pls connect and watch the video. 

Dnayabad. 

[https://youtube.com/shorts/0mrNvZwmRJM?feature=share](https://youtube.com/shorts/0mrNvZwmRJM?feature=share)",1,0,2025-03-22 12:35:38+00:00,https://reddit.com/r/NepalStock/comments/1jh7gos/day_trading_for_prop_firms_become_profitable_and/,Softwares
NepalStock,1jh1txw,"Best Stocks to Buy in NEPSE with Rs 10,000?",Scary-Round489,"I’m a student saved around Rs 10,000 saved and i wanted to invest it in shares but i have no idea about it so could you guys give me some suggestions ?",1,0,2025-03-22 05:55:52+00:00,https://reddit.com/r/NepalStock/comments/1jh1txw/best_stocks_to_buy_in_nepse_with_rs_10000/,Advice
NepalStock,1jgzpio,I am flying soon... Should I do SIP?,Low-Charge-9461,"So I am going to US for studies soon and I want to invest like 20$ or so every month  kind of like SIP... And my question is would it be a good idea or are there other better alternative?

In the case SIP is a good idea then which one would you suggest?

I'm going there for bachelorette so I will be there for like 7  years ani when I return I want to have a pretty good savings... 

Your experienced guidance will be highly appreciated :)",1,0,2025-03-22 03:43:55+00:00,https://reddit.com/r/NepalStock/comments/1jgzpio/i_am_flying_soon_should_i_do_sip/,Demat/MeroShare
NepalStock,1jgyc8r,Investing in multiple SIPs vs directly investing in share market as a newbie?,Keeper-Name_2271,What do you think could yield greater returns given my zero experience at share market?,1,0,2025-03-22 02:28:37+00:00,https://reddit.com/r/NepalStock/comments/1jgyc8r/investing_in_multiple_sips_vs_directly_investing/,Mutual Funds
NepalStock,1jgkapb,Discord server xa nepse ko ?,Exotic_Temporary1853,Can anybody share me doscord server link?,1,0,2025-03-21 16:02:20+00:00,https://reddit.com/r/NepalStock/comments/1jgkapb/discord_server_xa_nepse_ko/,Market
NepalStock,1jgfxpb,Leverage to buy in the dip,KM-2058_01_01,"Can I buy stock for 2 weeks using broker money, considering I will pay certain interest on that money that I have borrowed for 2 weeks.

PS: I have been very actively trading for last 1 year  around 1.5cr turnover in total. How should I apporch my broker, please do comment anyone who have been leverage buying....",1,0,2025-03-21 12:44:00+00:00,https://reddit.com/r/NepalStock/comments/1jgfxpb/leverage_to_buy_in_the_dip/,Market
NepalStock,1jgeb0x,Sharing is caring !!!,After-Jelly-6886,Any one with a portfolio over 1cr ? Lets connect and share what we know !!,1,0,2025-03-21 11:09:19+00:00,https://reddit.com/r/NepalStock/comments/1jgeb0x/sharing_is_caring/,Market
NepalStock,1jgcffn,CRIST micro life IPO .............................,No-Drummer8118,Malai yo ipo varkharai paryo ani maile 20k pugxa vanera 20k ko mobile kini sake k pugla t 20k for sure,1,0,2025-03-21 08:56:55+00:00,https://reddit.com/r/NepalStock/comments/1jgcffn/crist_micro_life_ipo/,IPO/FPO
NepalStock,1jgacsu,why do the moderators keeps on deleting the post ? any violation or whatt,After-Jelly-6886,tired,1,0,2025-03-21 06:18:42+00:00,https://reddit.com/r/NepalStock/comments/1jgacsu/why_do_the_moderators_keeps_on_deleting_the_post/,Advice
NepalStock,1jg9ajk,Collateral amount without loading tms ??,Helpful_Door_3370,,1,0,2025-03-21 05:05:35+00:00,https://reddit.com/r/NepalStock/comments/1jg9ajk/collateral_amount_without_loading_tms/,Broker
NepalStock,1jg95xl,Collateral amount without loading tms ??,Helpful_Door_3370,,1,0,2025-03-21 04:57:29+00:00,https://reddit.com/r/NepalStock/comments/1jg95xl/collateral_amount_without_loading_tms/,Online/TMS
NepalStock,1jg8sj2,Can I sell shares on my DEMAT using friend's broker account?,Spiritual_Cicada_834,"IPO haru parya thyo, wanna sell those shares, but don't have a broker account myself, can I use my friend's account? He has registered a broker account but never sold himself, so doesn't know if I can sell shares through his account. 

Couldn't find any information about this on the internet as well. Thanks in advance!",1,0,2025-03-21 04:33:53+00:00,https://reddit.com/r/NepalStock/comments/1jg8sj2/can_i_sell_shares_on_my_demat_using_friends/,Demat/MeroShare
NepalStock,1jfxs13,"Need Something from Amazon, Flipkart, or Myntra in Nepal? I’ve Got You Covered!",Maleficent-Ninja4359,"Hey everyone,

If you’ve ever struggled to get products from Amazon, Flipkart, Myntra, or other Indian stores delivered to Nepal, I can help! I run a logistics service specializing in imports from India to Nepal, making it easier for you to get what you need—fast, reliable, and hassle-free.

✅ What I Offer:

Delivery of products from Amazon, Flipkart, Myntra, and more.

Smooth handling of customs and logistics.

Competitive pricing and secure transactions.

Bulk orders available – if you need multiple items or wholesale products, I can arrange that too!


If you’re looking for something specific, whether it's a single item or bulk order, just drop me a message! Let’s make online shopping easier for Nepal.

Comment below or DM me if you’re interested!

Cheers!",1,0,2025-03-20 19:49:23+00:00,https://reddit.com/r/NepalStock/comments/1jfxs13/need_something_from_amazon_flipkart_or_myntra_in/,Online/TMS
NepalStock,1jfvras,How do i use AI to enhance my money making ability in Nepse.,Educational-Snow4555,you heard it How do i use AI to enhance my money making ability in Nepse &amp; is it even possible?,1,0,2025-03-20 18:25:40+00:00,https://reddit.com/r/NepalStock/comments/1jfvras/how_do_i_use_ai_to_enhance_my_money_making/,Fundamental Analysis
NepalStock,1jfrw54,Which company are you looking for,Solid_Winter_3529,Based on your research which company have you invested recently or going to invest (hydropower hola ni hai?),1,0,2025-03-20 15:44:38+00:00,https://reddit.com/r/NepalStock/comments/1jfrw54/which_company_are_you_looking_for/,Market
NepalStock,1jfoyxh,LONG TERM VALUE INVESTING,After-Jelly-6886,Best growth potential fundamentally best companies to buy which are at bottom prices ?,0,0,2025-03-20 13:31:37+00:00,https://reddit.com/r/NepalStock/comments/1jfoyxh/long_term_value_investing/,Market
NepalStock,1jfkull,if anyone has filthy rich money,[deleted],,0,7,2025-03-20 09:20:44+00:00,https://reddit.com/r/NepalStock/comments/1jfkull/if_anyone_has_filthy_rich_money/,Market
NepalStock,1jfk0rg,Will NTC gives us good profit,Exotic_Temporary1853,"Hey guys i’ve been following NTC stock for last few month and i have seen ups and down and till yesterday ntc stock was being sold and price was falling so down but now looks like it has finally came to support level and as we can see so many buyers with so many with such a huge quantity are looking to buy at 905 and price is havent fallen below this level makes me buy it at above this level and i feel like now the price of ntc will go up for some time as we can see not much of sellers are there with high volume and as ntc is also fundamentally good stock with very few floated stock like below 7,8% are only floated makes NTC my perfect and one and only coice for this time.

I have also looked at its historical data and i was amaized that ntc stock haven’t fallen below 800 and it is such a cheap price so it might not fall below 800 which is just like 10% below this price rate aad in bull market or lets say nepse goes to 3000 or 3200 plus the ntc stock might rose upto 30-40% so i thing this is a really good opportunity to buy a stock with a good fundamental at a discount price which is good for long term and also short term so I’m ALL IN.",1,0,2025-03-20 08:15:03+00:00,https://reddit.com/r/NepalStock/comments/1jfk0rg/will_ntc_gives_us_good_profit/,Market
NepalStock,1jfjtow,Nepse strategy ! Personal enperience,Exotic_Temporary1853,I think investor always have advantage for eg i can but NTC stock today at 900 and lets say i’m a lomg term investor and if it goes to 990 that is 10% return lets say it went in 1 month then i can sell but if it comes down i wont be able to sell so as i’m a ling term investor i’m going to hold it and maybe buy more and if the fundamentals are good i will be safe make miney in limg run,1,0,2025-03-20 07:59:19+00:00,https://reddit.com/r/NepalStock/comments/1jfjtow/nepse_strategy_personal_enperience/,Market
NepalStock,1jfgv22,query regarding new demat and broker account .,Any-Appearance4744,"so mero chai bank ma minor account thyo , ani maile chai tei account bata demat ani broker account khole aaile tyo minor account active chhaina , aaile chai mero aarkai bank ma primary account chha, aba demat ra broker lai aaile ko bank sanga kasari link garaune . ani tyo paila ko portfolio ko k hunchha ?",1,0,2025-03-20 04:26:08+00:00,https://reddit.com/r/NepalStock/comments/1jfgv22/query_regarding_new_demat_and_broker_account/,Broker
NepalStock,1jffzb9,Any news about commodity market?,DreamMaximum2594,Its been 2 years since the SC gave green signal but still no any progress.,1,0,2025-03-20 03:33:58+00:00,https://reddit.com/r/NepalStock/comments/1jffzb9/any_news_about_commodity_market/,Market
NepalStock,1jfdb51,"Market Weekend Discussion (Thursday Mar 20 - Saturday Mar 22, 2025)",AutoModerator,"Use this post to discuss what to buy/sell/trade/avoid/watch this weekend and in the coming days.

As always, the rules still apply.

**Have a TMS or Meroshare issue? Query about EDIS or collateral? Ask here instead of creating another thread. All queries regarding TMS, MeroShare, Broker Issues, EDIS, Settlement and Payments should be asked here.** DO NOT create another post.

BEGINNER? [**Go here first!**](https://www.reddit.com/r/NepalStock/wiki/beginners-guide)

DO NOT MAKE SEPARATE **INDIVIDUAL** POSTS ASKING:

* what to buy or sell,
* or what bank to buy,
* or what insurance to buy,
* yo share kati samma mathi jancha hola
* IPO ma pareko yo share kun din bechda ramro hola, ajhai 1-2 din parkhine ki nai etc.

will be deleted. Repeat violators will be banned.

Happy Investing!",0,2,2025-03-20 01:15:28+00:00,https://reddit.com/r/NepalStock/comments/1jfdb51/market_weekend_discussion_thursday_mar_20/,Yo Kinda Kaso Hola
NepalStock,1jeyzn7,"Global Geopolitical Situation Worsening, How will NEPSE React?",AcadBuddy,"The U.S. has launched airstrikes on the Houthis (an Iranian proxy), while Israel is engaged in conflict with Hamas (another Iranian proxy). Meanwhile, Russia continues its war against Ukraine, and China has its eyes on Taiwan. The world seems to be entering a period of uncertainty. US Stock market is tumbling. Indian stock market is also tumbling, and NEPSE also experiencing a correction. The key question is whether NEPSE can absorb the shock or if a significant downturn is inevitable. What’s your perspective on this situation?",1,0,2025-03-19 15:00:30+00:00,https://reddit.com/r/NepalStock/comments/1jeyzn7/global_geopolitical_situation_worsening_how_will/,Market
NepalStock,1jevqns,Seeking insights on my stock portfolio,After-Jelly-6886,,1,1,2025-03-19 12:24:34+00:00,https://reddit.com/r/NepalStock/comments/1jevqns/seeking_insights_on_my_stock_portfolio/,Advice
NepalStock,1jevmgu,Seeking insights on my stock portfolio,After-Jelly-6886,,1,1,2025-03-19 12:18:01+00:00,https://reddit.com/r/NepalStock/comments/1jevmgu/seeking_insights_on_my_stock_portfolio/,Advice
NepalStock,1jev00d,"""Seeking Insights on My Stock Portfolio""",After-Jelly-6886,"""I’ve invested in a few stocks, and I’m curious to hear your thoughts. Do you think these are solid picks, or would you suggest any adjustments?""",1,0,2025-03-19 11:41:45+00:00,https://reddit.com/r/NepalStock/comments/1jev00d/seeking_insights_on_my_stock_portfolio/,Advice
NepalStock,1jeuqr1,"""Seeking Insights on My Stock Portfolio""",After-Jelly-6886,,1,1,2025-03-19 11:26:13+00:00,https://reddit.com/r/NepalStock/comments/1jeuqr1/seeking_insights_on_my_stock_portfolio/,Advice
NepalStock,1jesfoz,GSY mutual fund so good🔥😊. Maila 4 dinaagi kinya theya aajai 3 lakhs ko around 40k units aaya kai xaina gsy. Aba 10 pugxa rey so maila 9.2 ko average ma kinya hjr le ne kinuhola aaila jhan 9.1 ma sell xa.,Exotic_Temporary1853,,1,0,2025-03-19 08:40:45+00:00,https://reddit.com/r/NepalStock/comments/1jesfoz/gsy_mutual_fund_so_good_maila_4_dinaagi_kinya/,Market
NepalStock,1jes44h,Gsy mutual fund so good,Exotic_Temporary1853,"Maila ta naya aaya ko mutual fund gsy vani kiney yar sathi heu
10 ko mutual fund 9.2 ma xa so i will also suggest you guys to buy below 9.2 aaja seller ne xa 9.2 ma.
Let the expert manage your fund and dividend ne dinxa plus i can sell capital gain ko lagi ne so really good d hai guys",1,0,2025-03-19 08:14:54+00:00,https://reddit.com/r/NepalStock/comments/1jes44h/gsy_mutual_fund_so_good/,Market
NepalStock,1jepyzj,How do you guys feel about this portfolio?,Redmi_Phone_Note12,,3,11,2025-03-19 05:31:36+00:00,https://reddit.com/r/NepalStock/comments/1jepyzj/how_do_you_guys_feel_about_this_portfolio/,Market
NepalStock,1jepufm,How do you guys see this portfolio.,Redmi_Phone_Note12,Should I add or remove the scrips?,1,0,2025-03-19 05:23:22+00:00,https://reddit.com/r/NepalStock/comments/1jepufm/how_do_you_guys_see_this_portfolio/,Market
NepalStock,1jem27z,we didn't know bro invested in SIP,captainright1,,1,0,2025-03-19 01:45:39+00:00,https://reddit.com/r/NepalStock/comments/1jem27z/we_didnt_know_bro_invested_in_sip/,Memes/Fun/Laughs
NepalStock,1jelgsv,"Daily Discussion Thread (Wednesday - Mar 19, 2025)",AutoModerator,"Use this post to discuss what to buy/sell/trade/avoid/watch today and in the coming days.

As always, the rules still apply.

**Have a TMS or Meroshare issue? Query about EDIS or collateral? Ask here instead of creating another thread. All queries regarding TMS, MeroShare, Broker issues, EDIS, Settlement and Payments should be asked here.** &gt;!DO NOT create another post.!&lt;

BEGINNER? [**Go here first!**](https://www.reddit.com/r/NepalStock/wiki/beginners-guide)

DO NOT MAKE SEPARATE **INDIVIDUAL** POSTS ASKING:

* what to buy or sell,
* or what bank to buy,
* or what insurance to buy,
* yo share kati samma mathi jancha hola
* IPO ma pareko yo share kun din bechda ramro hola, ajhai 1-2 din parkhine ki nai etc.

will be deleted. Repeat violators will be banned.

Happy Investing!",1,0,2025-03-19 01:15:31+00:00,https://reddit.com/r/NepalStock/comments/1jelgsv/daily_discussion_thread_wednesday_mar_19_2025/,Yo Kinda Kaso Hola
NepalStock,1je88eb,Broker reccs for complete online TMS acc opening that don't require BOID confirmation letter,-2025-,.,1,0,2025-03-18 15:53:58+00:00,https://reddit.com/r/NepalStock/comments/1je88eb/broker_reccs_for_complete_online_tms_acc_opening/,Broker
NepalStock,1je51b3,Broker with very good service..,Kshetri_anup,I haven't created my broker account yet. Which broker has good service? Which broker should I choose? Any suggestions.,1,0,2025-03-18 13:32:45+00:00,https://reddit.com/r/NepalStock/comments/1je51b3/broker_with_very_good_service/,Broker
NepalStock,1je3l5z,How do you guys see this portfolio ?,After-Jelly-6886,,1,0,2025-03-18 12:18:44+00:00,https://reddit.com/r/NepalStock/comments/1je3l5z/how_do_you_guys_see_this_portfolio/,Advice
NepalStock,1je2ctr,Kindly help to fill this survey for thesis,Abhi_sshek,,1,0,2025-03-18 11:03:55+00:00,https://reddit.com/r/NepalStock/comments/1je2ctr/kindly_help_to_fill_this_survey_for_thesis/,Misc
NepalStock,1je1o21,Bought my first stock,Solid_Winter_3529,Finally bought 60kitta of hrl in 1000.This is my first time buy I can wait for a month max my aim is to buy and sell within a month.What are chances of it to increase..,1,0,2025-03-18 10:18:35+00:00,https://reddit.com/r/NepalStock/comments/1je1o21/bought_my_first_stock/,Market
NepalStock,1je06k6,Dematerializing old share,United_Clerk_1058,"My mum has a few physical share certificates from Grameen Bikas Laghubitta and Gaurishankar Development Bank (merged into Prabhu Bank). She has not gone to collect any dividend or bonus shares. 

To get those dividends, apparently we need to visit the capital, but we have no clue which capital issued the IPO for these. Where do we find the capital?",1,0,2025-03-18 08:24:48+00:00,https://reddit.com/r/NepalStock/comments/1je06k6/dematerializing_old_share/,Advice
NepalStock,1jdysgo,Min Kittas to apply for right share,Resident-Spray7672,Yo right share ma chai minimum kati kitta apply garna paucha. Can we apply for less than 10 kittas if we are eligible for right share .,1,0,2025-03-18 06:32:59+00:00,https://reddit.com/r/NepalStock/comments/1jdysgo/min_kittas_to_apply_for_right_share/,Right Share
NepalStock,1jdtdor,"Daily Discussion Thread (Tuesday - Mar 18, 2025)",AutoModerator,"Use this post to discuss what to buy/sell/trade/avoid/watch today and in the coming days.

As always, the rules still apply.

**Have a TMS or Meroshare issue? Query about EDIS or collateral? Ask here instead of creating another thread. All queries regarding TMS, MeroShare, Broker issues, EDIS, Settlement and Payments should be asked here.** &gt;!DO NOT create another post.!&lt;

BEGINNER? [**Go here first!**](https://www.reddit.com/r/NepalStock/wiki/beginners-guide)

DO NOT MAKE SEPARATE **INDIVIDUAL** POSTS ASKING:

* what to buy or sell,
* or what bank to buy,
* or what insurance to buy,
* yo share kati samma mathi jancha hola
* IPO ma pareko yo share kun din bechda ramro hola, ajhai 1-2 din parkhine ki nai etc.

will be deleted. Repeat violators will be banned.

Happy Investing!",1,0,2025-03-18 01:15:29+00:00,https://reddit.com/r/NepalStock/comments/1jdtdor/daily_discussion_thread_tuesday_mar_18_2025/,Yo Kinda Kaso Hola
NepalStock,1jdlst4,"Need Something from Amazon, Flipkart, or Myntra in Nepal? I’ve Got You Covered!",Maleficent-Ninja4359,"Hey everyone,

If you’ve ever struggled to get products from Amazon, Flipkart, Myntra, or other Indian stores delivered to Nepal, I can help! I run a logistics service specializing in imports from India to Nepal, making it easier for you to get what you need—fast, reliable, and hassle-free.

✅ What I Offer:

Delivery of products from Amazon, Flipkart, Myntra, and more.

Smooth handling of customs and logistics.

Competitive pricing and secure transactions.

Bulk orders available – if you need multiple items or wholesale products, I can arrange that too!


If you’re looking for something specific, whether it's a single item or bulk order, just drop me a message! Let’s make online shopping easier for Nepal.

Comment below or DM me if you’re interested!

Cheers!",1,0,2025-03-17 19:44:34+00:00,https://reddit.com/r/NepalStock/comments/1jdlst4/need_something_from_amazon_flipkart_or_myntra_in/,Market
NepalStock,1jdirfu,Fractional Right Share Eligibility.,Flashy-Dig1183,"Let's say I own 37 units of XYZ company which issues 29.5% rights share. Now I am eligible for 10.9 right share. In this case Do I apply for 11 units or 10 units ? Also, I infact have few fractional shares, 37.38 to be precise. In this case, should i be eligible for 37.38 \* 29.5%  = 11 ?",1,0,2025-03-17 17:44:16+00:00,https://reddit.com/r/NepalStock/comments/1jdirfu/fractional_right_share_eligibility/,Right Share
NepalStock,1jdb1b3,Help...................,pseudo_listener45,,1,1,2025-03-17 12:05:35+00:00,https://reddit.com/r/NepalStock/comments/1jdb1b3/help/,Advice
NepalStock,1jdayxk,Broker lai paisa tiryana vana k hunxa,Exotic_Temporary1853,"Maila share kinya theya but mero sathi la paisa nai return gardeyana. Aaba k garni?
Share sell garna ne man xaina last gati ra xa 
Broker lai 2,3 hapta paxi dida hunxa hai",1,0,2025-03-17 12:02:02+00:00,https://reddit.com/r/NepalStock/comments/1jdayxk/broker_lai_paisa_tiryana_vana_k_hunxa/,Broker
NepalStock,1jd7bu5,Help! Beginner tms confusion,Professional_Emu_686,,1,0,2025-03-17 07:46:41+00:00,https://reddit.com/r/NepalStock/comments/1jd7bu5/help_beginner_tms_confusion/,Trading/Settlement/Payment
NepalStock,1jd66lv,How to restart sip after selling,[deleted],,1,1,2025-03-17 06:18:02+00:00,https://reddit.com/r/NepalStock/comments/1jd66lv/how_to_restart_sip_after_selling/,Mutual Funds
NepalStock,1jd60z5,Sanima bank ko share.worthy cha??,That-Vegetable5106,Currently I am doing buying  sanima bank ko share  in secondary market..every month ma hlka halka vaye ni ..I am doing this instead of doing sip.am I doing right?,1,0,2025-03-17 06:06:47+00:00,https://reddit.com/r/NepalStock/comments/1jd60z5/sanima_bank_ko_shareworthy_cha/,Trading/Settlement/Payment
NepalStock,1jd5g0q,Is there anywhere i'm lacking ?,Fair_Opening2954,"https://preview.redd.it/eucyqk9mp6pe1.png?width=704&amp;format=png&amp;auto=webp&amp;s=f3f3eef76d4a64ce6ff32551d59ba0b0522399b4

Hi everyone, i applied  for IPO on this company, and the share was not allotted, and the status of amount is released but i don't feel like the amount has been cr. on my account after release. After that i applied IPOs in **3 more companies** and result has not published yet , and in NIC Asia; they don't inform us by sending message or notification while dr or cr on amount during applying kitta.  bank shows only the 3k amount (**3 more companies**) is in freeze idk where is the 1k of Nepal Micro Insurance co.ltd.  
Is there anywhere i'm lacking ?",1,0,2025-03-17 05:25:54+00:00,https://reddit.com/r/NepalStock/comments/1jd5g0q/is_there_anywhere_im_lacking/,IPO/FPO
NepalStock,1jd4aoq,NMICL ko listing kaile ?,[deleted],,1,0,2025-03-17 04:12:02+00:00,https://reddit.com/r/NepalStock/comments/1jd4aoq/nmicl_ko_listing_kaile/,Market
NepalStock,1jd11vl,"Daily Discussion Thread (Monday - Mar 17, 2025)",AutoModerator,"Use this post to discuss what to buy/sell/trade/avoid/watch today and in the coming days.

As always, the rules still apply.

**Have a TMS or Meroshare issue? Query about EDIS or collateral? Ask here instead of creating another thread. All queries regarding TMS, MeroShare, Broker issues, EDIS, Settlement and Payments should be asked here.** &gt;!DO NOT create another post.!&lt;

BEGINNER? [**Go here first!**](https://www.reddit.com/r/NepalStock/wiki/beginners-guide)

DO NOT MAKE SEPARATE **INDIVIDUAL** POSTS ASKING:

* what to buy or sell,
* or what bank to buy,
* or what insurance to buy,
* yo share kati samma mathi jancha hola
* IPO ma pareko yo share kun din bechda ramro hola, ajhai 1-2 din parkhine ki nai etc.

will be deleted. Repeat violators will be banned.

Happy Investing!",1,0,2025-03-17 01:15:30+00:00,https://reddit.com/r/NepalStock/comments/1jd11vl/daily_discussion_thread_monday_mar_17_2025/,Yo Kinda Kaso Hola
NepalStock,1jcpunl,Is this portfolio safe enough?,TheirTypo-MyBirth,"I am new to stock market and have been passively investing for less than a year now. Have a look at my portfolio, it is just 2 lakhs rn. I don't intend to trade on a short term basis like in a few days or a week or so, if that's what trading means. I am kinda okay holding my money for a few months or even years for that matter.

What do you think about this kinda portfolio? Before investing in a company, lately, I have been trying to look at their fundamentals and try to understand as much as I can, not that I am a specialist... 

So, looking for advice from experienced folks. Thanks

https://preview.redd.it/xxgvpsv403pe1.png?width=2118&amp;format=png&amp;auto=webp&amp;s=73ef65e6f42e33eb4756609ffddb27d871eca8c6",1,0,2025-03-16 16:52:16+00:00,https://reddit.com/r/NepalStock/comments/1jcpunl/is_this_portfolio_safe_enough/,Advice
NepalStock,1jcnuqq,Broker kaa internship KO laagi kasari apply garne,Deep_Internal_4262,Ma bba 5 SEM maa padhei khassei clz maa padhei hunna ani broker maa internship garne sochdei xu kasari apply garne hola,1,0,2025-03-16 15:23:48+00:00,https://reddit.com/r/NepalStock/comments/1jcnuqq/broker_kaa_internship_ko_laagi_kasari_apply_garne/,Broker
NepalStock,1jckkv5,Nicasia bank le dimag khaisako,Tough-Bit-6515,Nic asia ma mero poisa freeze vaye jasari na nikalna milxa na paymnet garna milxa na transfer garna milxa.. branch ma contact gare vkyc garnu vanxa.. vkyc ko lagi email pathaye. Vkyc ko link diyo waiting ma baso 5 minute paxi bg vanxa. Yesari maile aja samma 30 choti try garisake.. maile nepal ma physically gayera account kholeko ho.. aile abroad ma xu.. malai ta nic asia bank le lastai dukha diyo hau.. redit ma ni diut choti yo problem share gari sake ajhai solve vaa xoina.. yo bank ma kina khata kholexu vairaxa… i am sick of this bank… nic asia is worst bank for me right now… wakkai vaisake ma.. any solution guys??????,1,1,2025-03-16 12:41:19+00:00,https://reddit.com/r/NepalStock/comments/1jckkv5/nicasia_bank_le_dimag_khaisako/,Market
NepalStock,1jcjb2f,Share transfer process,Working_Wheel_1603,"Mero chhori nabalak Huda USKO naam ma shares kineko the. Then she got married off in India ani USKO nagarikta ni aba xaina. USKO demat ni xaina online kehu NI xaina, pahile paper slip le bhareko thiye. 
Aba tyo share Lina k garnu parla. I think best would be mero naam ma garnu ho, but Tesko lagi USKO nagarikta haru kehu NI xaina ma sanga plus she lives in India",1,0,2025-03-16 11:20:39+00:00,https://reddit.com/r/NepalStock/comments/1jcjb2f/share_transfer_process/,Demat/MeroShare
NepalStock,1jcj9ik,Kasai sanga trading journal xa vane please share it ...,No-Drummer8118,"i wanna how you maintain journal i am planning to make trading journal, from today",1,0,2025-03-16 11:17:36+00:00,https://reddit.com/r/NepalStock/comments/1jcj9ik/kasai_sanga_trading_journal_xa_vane_please_share/,Market
NepalStock,1jcj7ue,Should I do a sip? (In the case of Nepal),Substantial-Toe2632,"Hello guys,

I am 21 years old right now. Theoretically calculating, up until my 40's if I continue my sip of particular amount, I will get the amount given by power of compounding. 
But are the banks offering these sip's are sure not to collapse or what if they give us a very low rate of return??

Can someone help me if I should start sip or not?
If not what might be other investing ideas in the scenario of Nepal??",1,0,2025-03-16 11:14:26+00:00,https://reddit.com/r/NepalStock/comments/1jcj7ue/should_i_do_a_sip_in_the_case_of_nepal/,Market
NepalStock,1jcj64u,Got crn number but still meroshare ma not registered,Working_Wheel_1603,Maile Prabhu bank ma gayera crn number lite Tara meroshare ma crn not registered bhanxa. K bhako hola.,1,0,2025-03-16 11:11:08+00:00,https://reddit.com/r/NepalStock/comments/1jcj64u/got_crn_number_but_still_meroshare_ma_not/,Demat/MeroShare
NepalStock,1jcighm,Nic sip redemption questions,noper54,"Maile ta yo nic asia ko sip cancel gareko redemption ko laagi ke ke liyera DP ra Nearest nic asia capital po jana bhanxa ta . Kasaile mazza le bujhaidiye hunthyo.
Thank you in advance",1,0,2025-03-16 10:20:07+00:00,https://reddit.com/r/NepalStock/comments/1jcighm/nic_sip_redemption_questions/,Trading/Settlement/Payment
NepalStock,1jchuhb,"Maile nepse automation ko video here the NEPSE TRADER PRO, link talaxa ani bro le google sheet nai change garnu vaye xa ani telegram ma ni vetena  kasai sanga xa vane plz provide me ...",No-Drummer8118,"[https://www.youtube.com/watch?v=cqs1wwrIkDo&amp;t=322s](https://www.youtube.com/watch?v=cqs1wwrIkDo&amp;t=322s)

video yei ho hai..",1,0,2025-03-16 09:35:17+00:00,https://reddit.com/r/NepalStock/comments/1jchuhb/maile_nepse_automation_ko_video_here_the_nepse/,Market
NepalStock,1jchsfq,Is sip investing my money in share market?,Keeper-Name_2271,Or where? Nimb wala,1,0,2025-03-16 09:31:02+00:00,https://reddit.com/r/NepalStock/comments/1jchsfq/is_sip_investing_my_money_in_share_market/,Economy
NepalStock,1jcdszr,Analysis of Nepal's Economic Situation and Recession Risks,AcadBuddy,[https://www.reddit.com/r/NepseHub/comments/1jcdoat/analysis\_of\_nepals\_economic\_situation\_and/?utm\_source=share&amp;utm\_medium=web3x&amp;utm\_name=web3xcss&amp;utm\_term=1&amp;utm\_content=share\_button](https://www.reddit.com/r/NepseHub/comments/1jcdoat/analysis_of_nepals_economic_situation_and/?utm_source=share&amp;utm_medium=web3x&amp;utm_name=web3xcss&amp;utm_term=1&amp;utm_content=share_button),1,0,2025-03-16 04:38:57+00:00,https://reddit.com/r/NepalStock/comments/1jcdszr/analysis_of_nepals_economic_situation_and/,Market
NepalStock,1jcdbf7,SIP in Nepal for student (19Y),herobrine--,"Hello everyone, 

Right now I get around 22k per month, 

Aani tya bata I can save upto 3-4k easily so is SIP best for me? 
As SIP calculator bata calculate garda after 20 years yahi rate ma ni majjale ramro return aaune raicha.

Is it really good ? Aani Nabil always seems a stable institution for me but yesma NIMB ko majjako return dekheko chu, can anyone guide me in this matter ?",1,0,2025-03-16 04:08:33+00:00,https://reddit.com/r/NepalStock/comments/1jcdbf7/sip_in_nepal_for_student_19y/,Mutual Funds
NepalStock,1jca7x3,"Daily Discussion Thread (Sunday - Mar 16, 2025)",AutoModerator,"Use this post to discuss what to buy/sell/trade/avoid/watch today and in the coming days.

As always, the rules still apply.

**Have a TMS or Meroshare issue? Query about EDIS or collateral? Ask here instead of creating another thread. All queries regarding TMS, MeroShare, Broker issues, EDIS, Settlement and Payments should be asked here.** &gt;!DO NOT create another post.!&lt;

BEGINNER? [**Go here first!**](https://www.reddit.com/r/NepalStock/wiki/beginners-guide)

DO NOT MAKE SEPARATE **INDIVIDUAL** POSTS ASKING:

* what to buy or sell,
* or what bank to buy,
* or what insurance to buy,
* yo share kati samma mathi jancha hola
* IPO ma pareko yo share kun din bechda ramro hola, ajhai 1-2 din parkhine ki nai etc.

will be deleted. Repeat violators will be banned.

Happy Investing!",1,0,2025-03-16 01:15:39+00:00,https://reddit.com/r/NepalStock/comments/1jca7x3/daily_discussion_thread_sunday_mar_16_2025/,Yo Kinda Kaso Hola
NepalStock,1jc21gk,Can I use same account ?,random_boy101,"I moved abroad recently.  Nepal ma huda ni share kinne bechne garthe. So, yeta bata maile afnk nepali bank ma paisa halera , puranai account haru bata ipo varne , kinne &amp; bechne sabai garna milxa??",1,0,2025-03-15 18:45:02+00:00,https://reddit.com/r/NepalStock/comments/1jc21gk/can_i_use_same_account/,Demat/MeroShare
NepalStock,1jbz56v,Create Broker Account,xixez,I want to open a broker account but don't know much. Which broker is good? And what are the things required to open an account?,1,0,2025-03-15 16:37:50+00:00,https://reddit.com/r/NepalStock/comments/1jbz56v/create_broker_account/,Broker
NepalStock,1jbwyao,Guys is having 4lakhs worth of portfolio too small?,Exotic_Temporary1853,Guys i’m a student and i only have 4lakhs worth of portfolio and i want to ask it is to low?,1,0,2025-03-15 14:59:03+00:00,https://reddit.com/r/NepalStock/comments/1jbwyao/guys_is_having_4lakhs_worth_of_portfolio_too_small/,Market
NepalStock,1jbqjvh,Mutual Fund has not appeared in Portfolio,theeartheyeguy,"NMB Hybrid Fund L-II ko 100 units apply gareko, paryo, aba meroshare maa dekhaauna ajhai kati time lagni ho? Ki kehi process garnu parni hunchha portfolio maa aauna?",1,0,2025-03-15 08:23:20+00:00,https://reddit.com/r/NepalStock/comments/1jbqjvh/mutual_fund_has_not_appeared_in_portfolio/,Mutual Funds
NepalStock,1jbn0ee,Recurring fixed account,chickenchilling,Maile jhukkera Kumari bank ma recurring account kholey. Aba bank le aafai paisa katxa ki maile halna parxa? Paisa halena bhane aafai account close hunxa ki penalty lagxa? Online account close garna mildaina?,1,0,2025-03-15 04:18:13+00:00,https://reddit.com/r/NepalStock/comments/1jbn0ee/recurring_fixed_account/,Trading/Settlement/Payment
NepalStock,1jbmns6,Share as a Collateral.,rabinkh,,1,0,2025-03-15 03:57:55+00:00,https://reddit.com/r/NepalStock/comments/1jbmns6/share_as_a_collateral/,Demat/MeroShare
NepalStock,1jbbwhv,Why is it that banks have stopped giving dividends?,Arockstar11,"Why is it that many commercial banks have stopped giving dividends to its shareholders? Banks like GBIME, NABIL issued dividends but other banks like HBL, PRVU stopped providing dividends since a couple of years. If so, will the banks give dividends this year?",1,0,2025-03-14 19:21:33+00:00,https://reddit.com/r/NepalStock/comments/1jbbwhv/why_is_it_that_banks_have_stopped_giving_dividends/,Bonus Share/Dividend
NepalStock,1jb8ne4,Sathi ho Share market vanekai yauta le kamaune yauta le gumaune thau raixa so big players are playing with your mind,No-Drummer8118,above,1,0,2025-03-14 16:56:51+00:00,https://reddit.com/r/NepalStock/comments/1jb8ne4/sathi_ho_share_market_vanekai_yauta_le_kamaune/,Market
NepalStock,1jb7s5g,In market there are lots of stategies of trading according to you and your trading experience which is the most profitable trading stategy with high accuracy,No-Drummer8118,,0,2,2025-03-14 16:19:40+00:00,https://reddit.com/r/NepalStock/comments/1jb7s5g/in_market_there_are_lots_of_stategies_of_trading/,Market
NepalStock,1jb2x6z,Frustrated...........,Medium_Chemist_5040,"Na ta hamro market ma intraday cha, na two way bazar cha, commodity exchange pani chaina, euta naya stock exchange le sabbai products lyaucha bhanda pani k k chalkhel huncha ta rokincha ani jati bela ni uptrend ma hunu parcha ramro kamai khana lai ani yo sab le dikka parera FOREX or crypto ma invest or trade garam bhanda NRB aaipugcha bato ma NO NO NO NO gardai. Ki ta Nepal ko Market ma products lyau ki hami lai bahira ni lagani garna deu. Kei ni garna didaina. Sab ustei",1,0,2025-03-14 12:38:31+00:00,https://reddit.com/r/NepalStock/comments/1jb2x6z/frustrated/,Market
NepalStock,1jaynvt,Find Undersubscription or Oversubscription,Delicious-Branch-159,Where can we find the subscription status of an IPO if it is undersubscribed or oversubscribed ?,2,6,2025-03-14 07:50:47+00:00,https://reddit.com/r/NepalStock/comments/1jaynvt/find_undersubscription_or_oversubscription/,IPO/FPO
NepalStock,1jay1o4,Share market courses?,Substantial-Toe2632,"Hello guys
I am a beginner interested to learn and enter the share market.

Are there any good courses in Nepal?
Would be helpful if anyone knows about this.",1,0,2025-03-14 07:05:24+00:00,https://reddit.com/r/NepalStock/comments/1jay1o4/share_market_courses/,Market
NepalStock,1javbvm,Stock alert app/website,sherlock_holmessss,Is there any app/website that give stock alert when price reached lower or greater than certain price? If there are any please help.,1,0,2025-03-14 04:01:49+00:00,https://reddit.com/r/NepalStock/comments/1javbvm/stock_alert_appwebsite/,Market
NepalStock,1jaeix5,Tomorrow’s prediction?,Spiritual-Ad4603,Green flags or Red Flags?,1,0,2025-03-13 15:24:05+00:00,https://reddit.com/r/NepalStock/comments/1jaeix5/tomorrows_prediction/,Market
NepalStock,1ja9snz,Holding unhpl from 340 for like 2 months now!,I0technology,"Waiting for a ATH of unhpl, nothing more!",0,0,2025-03-13 11:29:49+00:00,https://reddit.com/r/NepalStock/comments/1ja9snz/holding_unhpl_from_340_for_like_2_months_now/,Market
NepalStock,1ja668m,GMLI edis option not available still,Friendly-Hunt3770,hijo gmli bechethye ajhai samma edis garna milechaina aaja feri chutti phone gareko uthena broker ko aba fine ta lagdaina holani,1,0,2025-03-13 07:00:07+00:00,https://reddit.com/r/NepalStock/comments/1ja668m/gmli_edis_option_not_available_still/,Market
NepalStock,1ja62rn,"Investing in Index Funds, Real Estate and Commodity ETFs in Nepal?",serialchiller123,"Is there no way to invest in a basket of stocks collectively in Nepal? I want to invest in ETF of stocks, Real Estate, or Commodity like gold. 

I don't have the time or energy or risk tolerance to follow individual stocks. It seems like the only time-efficient strategy of investing with a high return-to-risk ratio is: IPO varyo basyo",1,0,2025-03-13 06:52:58+00:00,https://reddit.com/r/NepalStock/comments/1ja62rn/investing_in_index_funds_real_estate_and/,Market
NepalStock,1ja4tzh,SIP suggestions in Nepal for Beginner,Competitive_Fun_1851,"मैले दस हजार जति महिनामा save गर्छु।  नेपालमा Systematic Investment Plan को culture कस्तो छ? How does this work, is it risky? SIP हुने हरुले एसो idea दिनु न , उदाहरण सहित ।",1,0,2025-03-13 05:22:55+00:00,https://reddit.com/r/NepalStock/comments/1ja4tzh/sip_suggestions_in_nepal_for_beginner/,Advice
NepalStock,1ja3mdq,Secondary market Pokhara,New_Bus8699,So im thinking of investing. So which broker should i go with in Pokhara.,1,0,2025-03-13 04:06:43+00:00,https://reddit.com/r/NepalStock/comments/1ja3mdq/secondary_market_pokhara/,Broker
NepalStock,1ja33nl,Broker Holdings without manual seach,Manmaixautimi,"Is there any way to find the the most accumulated stock without manually searching for broker holding of individual stocks?
Your help is greatly appreciated",1,0,2025-03-13 03:37:06+00:00,https://reddit.com/r/NepalStock/comments/1ja33nl/broker_holdings_without_manual_seach/,Market
NepalStock,1ja0czr,"Market Weekend Discussion (Thursday Mar 13 - Saturday Mar 15, 2025)",AutoModerator,,1,0,2025-03-13 01:15:32+00:00,https://reddit.com/r/NepalStock/comments/1ja0czr/market_weekend_discussion_thursday_mar_13/,Yo Kinda Kaso Hola
NepalStock,1j9p745,No holding and EDIS option showing,pumkinn-eater69,,1,1,2025-03-12 17:13:31+00:00,https://reddit.com/r/NepalStock/comments/1j9p745/no_holding_and_edis_option_showing/,Demat/MeroShare
NepalStock,1j9kwrw,Yo SAMAJ Lai k vako xa?,LegDeep69,"Samaj Lai k garum, hold garu ki sell gardyu, 
3500 ma kineko thiye!",1,0,2025-03-12 14:08:02+00:00,https://reddit.com/r/NepalStock/comments/1j9kwrw/yo_samaj_lai_k_vako_xa/,Advice
NepalStock,1j9komb,Help No delivery Trade,ReadySeaworthiness96,,1,0,2025-03-12 13:57:55+00:00,https://reddit.com/r/NepalStock/comments/1j9komb/help_no_delivery_trade/,Demat/MeroShare
NepalStock,1j9kao6,DEMAT ACCOUNT AND CRN NUMBER,redchilly7,I am totally new person in stock market so I'm starting with filling IPOS. maile NIC ma demat account ko lagi form vareko thiye ra form varisake paxi 15 days vitra bank ma aafno citizenship card lera pugna vaneko thiyo ra maile aaja layera bujhaye ra tya form varna lagako thiyo tesma maile online aako demat number ra kei information haru fill up gare aba mero share ko username chahi mail mai aauxa ki feri bank nai janu parne ho ra tespaxi CRN number chahi k ma aauxa  tesbare kei vandinu paru experienced one le.,1,0,2025-03-12 13:39:23+00:00,https://reddit.com/r/NepalStock/comments/1j9kao6/demat_account_and_crn_number/,Demat/MeroShare
NepalStock,1j9harn,need broker suggestions,NoEditor6387,i am new to market and want to sell my ipo i am from kathmandu(baluwatar area). suggest me best brokers based on your experience,1,0,2025-03-12 10:51:05+00:00,https://reddit.com/r/NepalStock/comments/1j9harn/need_broker_suggestions/,Broker
NepalStock,1j9fpd0,Best broker to create tms account.,Kshetri_anup,I am trying to create a tms account. Any suggestions for good brokers?,1,0,2025-03-12 08:54:52+00:00,https://reddit.com/r/NepalStock/comments/1j9fpd0/best_broker_to_create_tms_account/,Broker
NepalStock,1j9flyf,New in share market here.,Kshetri_anup,IPO bhareko kati din ma thaha hunchha share paryo ki nai bhanera?,1,0,2025-03-12 08:47:06+00:00,https://reddit.com/r/NepalStock/comments/1j9flyf/new_in_share_market_here/,IPO/FPO
NepalStock,1j9el6z,Nic aisa dynamic debt fund sip,noper54,I recently canceled mero nic asia ko sip aba tyo mail ta aaxaina cancelation tara mail aayisake pachhi kasari bechne?,1,0,2025-03-12 07:33:23+00:00,https://reddit.com/r/NepalStock/comments/1j9el6z/nic_aisa_dynamic_debt_fund_sip/,Trading/Settlement/Payment
NepalStock,1j9dqrc,How to get into share market?,Kshetri_anup,I recently opened my demat and mero share.i have filled IPO of 3 companies. I have no further knowledge what to do. Any insights.,1,0,2025-03-12 06:48:35+00:00,https://reddit.com/r/NepalStock/comments/1j9dqrc/how_to_get_into_share_market/,Demat/MeroShare
NepalStock,1j9bskz,Demat account/ Mero share?,__idkman,,1,1,2025-03-12 05:09:04+00:00,https://reddit.com/r/NepalStock/comments/1j9bskz/demat_account_mero_share/,Demat/MeroShare
NepalStock,1j9bmcg,Share transfer procedure ?,sdgl24,Need to transfer shares of a person who recently passed away to his family(nominee). How and where should i go for the process??,0,0,2025-03-12 05:00:12+00:00,https://reddit.com/r/NepalStock/comments/1j9bmcg/share_transfer_procedure/,Advice
NepalStock,1j97ax2,"Daily Discussion Thread (Wednesday - Mar 12, 2025)",AutoModerator,"Use this post to discuss what to buy/sell/trade/avoid/watch today and in the coming days.

As always, the rules still apply.

**Have a TMS or Meroshare issue? Query about EDIS or collateral? Ask here instead of creating another thread. All queries regarding TMS, MeroShare, Broker issues, EDIS, Settlement and Payments should be asked here.** &gt;!DO NOT create another post.!&lt;

BEGINNER? [**Go here first!**](https://www.reddit.com/r/NepalStock/wiki/beginners-guide)

DO NOT MAKE SEPARATE **INDIVIDUAL** POSTS ASKING:

* what to buy or sell,
* or what bank to buy,
* or what insurance to buy,
* yo share kati samma mathi jancha hola
* IPO ma pareko yo share kun din bechda ramro hola, ajhai 1-2 din parkhine ki nai etc.

will be deleted. Repeat violators will be banned.

Happy Investing!",1,0,2025-03-12 01:15:29+00:00,https://reddit.com/r/NepalStock/comments/1j97ax2/daily_discussion_thread_wednesday_mar_12_2025/,Yo Kinda Kaso Hola
NepalStock,1j8vmcc,No edis for today bhancha ta,AtmosphereNo9559,,1,1,2025-03-11 17:00:04+00:00,https://reddit.com/r/NepalStock/comments/1j8vmcc/no_edis_for_today_bhancha_ta/,Trading/Settlement/Payment
NepalStock,1j8umaj,HELP!!! Issue with Share Transfer – Insufficient Balance,Signal-Locksmith9761,,1,0,2025-03-11 16:18:51+00:00,https://reddit.com/r/NepalStock/comments/1j8umaj/help_issue_with_share_transfer_insufficient/,Trading/Settlement/Payment
NepalStock,1j8spgw,I have heard i can transfer after 7pm but it is not solved yet please help.,WillWaste6364,,1,0,2025-03-11 14:58:15+00:00,https://reddit.com/r/NepalStock/comments/1j8spgw/i_have_heard_i_can_transfer_after_7pm_but_it_is/,IPO/FPO
NepalStock,1j8re53,I am not able to proceed,One-Resident3824,Aru kei pani bhanna milirako chaina all disabled kina hola ??,1,0,2025-03-11 13:59:06+00:00,https://reddit.com/r/NepalStock/comments/1j8re53/i_am_not_able_to_proceed/,Demat/MeroShare
NepalStock,1j8n1vh,Dematerializing my shares,pizzarollssssss,"I have shares which has to be dematerialized.  I opened my demat account and meroshare account. But the bank is saying I have to visit the capital of that share. 

I asked other people too and they said they didn't have to go to the capital, they just submitted the physical papers to the branch, not even the capital.

Is it true that in some bank we don't have to go to the capital and we can submit the papers in branch itself ?",1,0,2025-03-11 09:46:39+00:00,https://reddit.com/r/NepalStock/comments/1j8n1vh/dematerializing_my_shares/,Demat/MeroShare
NepalStock,1j8m6oa,"New to trading, why is 'My Holdings' not showing anything?",_venom8,,6,26,2025-03-11 08:39:25+00:00,https://reddit.com/r/NepalStock/comments/1j8m6oa/new_to_trading_why_is_my_holdings_not_showing/,Demat/MeroShare
NepalStock,1j8lmsf,GMLI chart showing it will go a little long,Organic_Contract_947,"Can anybody confirm me, whether GMLI will go above 2000/2100 ?
Any news that would make it go negative?",1,0,2025-03-11 07:55:07+00:00,https://reddit.com/r/NepalStock/comments/1j8lmsf/gmli_chart_showing_it_will_go_a_little_long/,Market
NepalStock,1j8lk2c,Book Closure for GMLI,Putrid-Whereas936,"I sold GMLI yesterday. Aaja ni Edis aayena. Broker lai sodhda, book closure vayera re. Can somebody explain about this?",3,5,2025-03-11 07:49:09+00:00,https://reddit.com/r/NepalStock/comments/1j8lk2c/book_closure_for_gmli/,Trading/Settlement/Payment
NepalStock,1j8kfhs,"I sold my shares yesterday, and now I can't transfer shares from my Mero Share account.",Annual-Problem-1405,"https://preview.redd.it/7gip5u5h70oe1.png?width=1623&amp;format=png&amp;auto=webp&amp;s=3bffdbfa2e8809bc328b2ef369fc07bb7216c304

Its my first and i am pretty confused.",1,0,2025-03-11 06:23:48+00:00,https://reddit.com/r/NepalStock/comments/1j8kfhs/i_sold_my_shares_yesterday_and_now_i_cant/,Demat/MeroShare
NepalStock,1j8jneq,Where should I invest it?,Cautious-Sort-1185,,1,1,2025-03-11 05:28:27+00:00,https://reddit.com/r/NepalStock/comments/1j8jneq/where_should_i_invest_it/,Market
NepalStock,1j8jbw0,Where to ask for my CRN number?,hoError---,I tried retrieving it but i couldnt. so shall i go to my bank or capital for it as they are from different banks?,1,0,2025-03-11 05:07:27+00:00,https://reddit.com/r/NepalStock/comments/1j8jbw0/where_to_ask_for_my_crn_number/,Advice
NepalStock,1j8iejo,Need honest and we'll researched suggestions?,rambadhur,"Genuinely speaking guys aele nepse ma actual multibagger scripts haru Kun huna saklata tapai haru ramro bujeko lagani karta hunuhuncha vane what do you think which company chai sachaiko long run ko ghoda hola ta ? 
Maile hijo Kun ma ho MKCl ko barema ramro suneko thee business perspective ra growth potential le yo kasto cha? 
Ani what others are there a?",1,0,2025-03-11 04:10:32+00:00,https://reddit.com/r/NepalStock/comments/1j8iejo/need_honest_and_well_researched_suggestions/,Market
NepalStock,1j8gs76,"Mr. Market NEPSE Now Available on Web, Windows, Mac, iPhone &amp; Android!",Effective-Quarter-95,"Hey everyone,

Mr. Market NEPSE is now available across multiple platforms. You can access it on:

🌐 **We**b: [Register Here](https://mrmarketnepse.avocado.com.np/)

📱 **iPhon**e: [App Store Link](https://apps.apple.com/np/app/mr-market-np/id6742788882)  
📱 **Androi**d: [Google Play Link](https://play.google.com/store/apps/details?id=com.mrmarketapp.staging&amp;hl=en)  
💻 **Ma**c: [Download Here](https://drive.google.com/file/d/1YfYOqeynOti4pazW36iC6oPJKh3UROTq/view?usp=sharing)  
🖥️ **Window**s: [Download Here](https://drive.google.com/file/d/1285SVV1lXCC2HBANrX8aNUTG-zOl-VT-/view?usp=sharing)

FYI:Web login is mandatory for desktop.( for user concern about security use desktop version which is fully on your device.)

Feel free to check it out on your preferred device! 🚀",1,0,2025-03-11 02:42:08+00:00,https://reddit.com/r/NepalStock/comments/1j8gs76/mr_market_nepse_now_available_on_web_windows_mac/,Softwares
NepalStock,1j8f1ob,"Daily Discussion Thread (Tuesday - Mar 11, 2025)",AutoModerator,"Use this post to discuss what to buy/sell/trade/avoid/watch today and in the coming days.

As always, the rules still apply.

**Have a TMS or Meroshare issue? Query about EDIS or collateral? Ask here instead of creating another thread. All queries regarding TMS, MeroShare, Broker issues, EDIS, Settlement and Payments should be asked here.** &gt;!DO NOT create another post.!&lt;

BEGINNER? [**Go here first!**](https://www.reddit.com/r/NepalStock/wiki/beginners-guide)

DO NOT MAKE SEPARATE **INDIVIDUAL** POSTS ASKING:

* what to buy or sell,
* or what bank to buy,
* or what insurance to buy,
* yo share kati samma mathi jancha hola
* IPO ma pareko yo share kun din bechda ramro hola, ajhai 1-2 din parkhine ki nai etc.

will be deleted. Repeat violators will be banned.

Happy Investing!",1,0,2025-03-11 01:15:28+00:00,https://reddit.com/r/NepalStock/comments/1j8f1ob/daily_discussion_thread_tuesday_mar_11_2025/,Yo Kinda Kaso Hola
NepalStock,1j7yald,Meaning of book closure Date,Popular-Shape5742,"I have a confusion on the concept of the book closure date . Let's say the book closure date is March 12 , can I buy a share in March 11 and be applicable for the profit the scrip holds  whose book closure date is on 12?",1,0,2025-03-10 13:13:23+00:00,https://reddit.com/r/NepalStock/comments/1j7yald/meaning_of_book_closure_date/,Trading/Settlement/Payment
NepalStock,1j7x09q,Cash Bonus of Surya Jyoti Life Insurance (SJLIC)?,nameisalreadytaken46,,2,2,2025-03-10 12:03:17+00:00,https://reddit.com/r/NepalStock/comments/1j7x09q/cash_bonus_of_surya_jyoti_life_insurance_sjlic/,Advice
NepalStock,1j7u39j,Can I Open a New Demat Account?,nomad_ismad,"I have a Demat account in NIMB Bank, which was opened when I was a minor. Now that I am 18+, my account status has been frozen because it needs to be converted to a major account. The issue is that my guardian and I live in different cities, and I need their help to complete the conversion process.

Since this process might take time, I was wondering:

1. Can I open a new Demat account in another bank as a major by visiting nearest branch?
2. Will my status automatically be recognized as a major in the new account?
3. If I open a new Demat account, will I be able to apply for IPOs without any issues?

If anyone has been through a similar situation or knows how this works, I'd appreciate your advice! Thanks in advance.",1,0,2025-03-10 08:38:35+00:00,https://reddit.com/r/NepalStock/comments/1j7u39j/can_i_open_a_new_demat_account/,Advice
NepalStock,1j7tefs,Understanding SEBON Regulations for Developing an Online Stock Brokerage App in Nepal,Particular_Way_1359,"I am currently developing an online stock brokerage app similar to Zerodha, and I would like to understand SEBON’s regulations regarding the development and operation of such an application in Nepal.",1,0,2025-03-10 07:44:51+00:00,https://reddit.com/r/NepalStock/comments/1j7tefs/understanding_sebon_regulations_for_developing_an/,Broker
NepalStock,1j7sex0,Beginner needs help with open ended mutual fund,Prestigious_Nature30,,1,0,2025-03-10 06:30:16+00:00,https://reddit.com/r/NepalStock/comments/1j7sex0/beginner_needs_help_with_open_ended_mutual_fund/,Market
NepalStock,1j7sdyo,Beginner needs help with open ended mutual fund,Prestigious_Nature30,,1,0,2025-03-10 06:28:22+00:00,https://reddit.com/r/NepalStock/comments/1j7sdyo/beginner_needs_help_with_open_ended_mutual_fund/,IPO/FPO
NepalStock,1j7o8l6,What's the deal with GMLI?,Kairic92,Manipulated growth or just fomo or other factors?,2,2,2025-03-10 02:18:01+00:00,https://reddit.com/r/NepalStock/comments/1j7o8l6/whats_the_deal_with_gmli/,Market
NepalStock,1j7n0rl,"Daily Discussion Thread (Monday - Mar 10, 2025)",AutoModerator,"Use this post to discuss what to buy/sell/trade/avoid/watch today and in the coming days.

As always, the rules still apply.

**Have a TMS or Meroshare issue? Query about EDIS or collateral? Ask here instead of creating another thread. All queries regarding TMS, MeroShare, Broker issues, EDIS, Settlement and Payments should be asked here.** &gt;!DO NOT create another post.!&lt;

BEGINNER? [**Go here first!**](https://www.reddit.com/r/NepalStock/wiki/beginners-guide)

DO NOT MAKE SEPARATE **INDIVIDUAL** POSTS ASKING:

* what to buy or sell,
* or what bank to buy,
* or what insurance to buy,
* yo share kati samma mathi jancha hola
* IPO ma pareko yo share kun din bechda ramro hola, ajhai 1-2 din parkhine ki nai etc.

will be deleted. Repeat violators will be banned.

Happy Investing!",1,0,2025-03-10 01:15:29+00:00,https://reddit.com/r/NepalStock/comments/1j7n0rl/daily_discussion_thread_monday_mar_10_2025/,Yo Kinda Kaso Hola
NepalStock,1j78hqu,How to enter share market ad beginner ?,Sufficient_Canary355,"Today i opened dmat and mero Share account..... But i have zero knowledge about share market i don't even know how to properly use mero share app 


I want to learn it from ground level where to start??

Please mention some YouTube channel or videos which are really helpful....

And also is there any book which will teach me all about share market from ground level 


Please mention all the resources you for beginners",1,0,2025-03-09 14:14:17+00:00,https://reddit.com/r/NepalStock/comments/1j78hqu/how_to_enter_share_market_ad_beginner/,Market
NepalStock,1j787y2,Guys yo fd interest haru ajjai ghatchha hola?,heyiamnobodybro,"Bank ko FDs haru a few months again samma 7-8% thyo aile around 3-5% chha. Do you have any idea if the interest rates will go up?

If interest nabadhne ho bhane k ma invest garda better hola for better returns?",1,0,2025-03-09 14:00:16+00:00,https://reddit.com/r/NepalStock/comments/1j787y2/guys_yo_fd_interest_haru_ajjai_ghatchha_hola/,Misc
NepalStock,1j75tbo,Making money is so easy,[deleted],,1,0,2025-03-09 11:37:05+00:00,https://reddit.com/r/NepalStock/comments/1j75tbo/making_money_is_so_easy/,Market
NepalStock,1j738ai,Failed attempt in trying to log in MeroShare,Anon13423,"Ma 3 years agadi share bazaar ma ghuseko thye ra investment pani gareko theye. Ma foreign aayesi ekkasi teta dhyan nai nagaera kei nai gareko thena ani aajan login garna khojda password ni milena ani reset garna khojda ni bhaera chaina. What options do i have left now?

Tldr Cant login and reset password in meroshare.",1,0,2025-03-09 08:26:14+00:00,https://reddit.com/r/NepalStock/comments/1j738ai/failed_attempt_in_trying_to_log_in_meroshare/,Demat/MeroShare
NepalStock,1j72i13,Help needed to choose a good broker,zephyrus56,,1,0,2025-03-09 07:33:04+00:00,https://reddit.com/r/NepalStock/comments/1j72i13/help_needed_to_choose_a_good_broker/,Broker
NepalStock,1j6xkn3,How do we attend AGM of a company?,TheirTypo-MyBirth,"AGM attend garna kunai document liera januarchha or can we just show up maybe with NID/citizenship? Haven't ever attended any AGM but recently got a notification for BBC's AGM. 
Thanks in advance.",1,0,2025-03-09 02:30:40+00:00,https://reddit.com/r/NepalStock/comments/1j6xkn3/how_do_we_attend_agm_of_a_company/,Misc
NepalStock,1j6w6ep,"Daily Discussion Thread (Sunday - Mar 09, 2025)",AutoModerator,"Use this post to discuss what to buy/sell/trade/avoid/watch today and in the coming days.

As always, the rules still apply.

**Have a TMS or Meroshare issue? Query about EDIS or collateral? Ask here instead of creating another thread. All queries regarding TMS, MeroShare, Broker issues, EDIS, Settlement and Payments should be asked here.** &gt;!DO NOT create another post.!&lt;

BEGINNER? [**Go here first!**](https://www.reddit.com/r/NepalStock/wiki/beginners-guide)

DO NOT MAKE SEPARATE **INDIVIDUAL** POSTS ASKING:

* what to buy or sell,
* or what bank to buy,
* or what insurance to buy,
* yo share kati samma mathi jancha hola
* IPO ma pareko yo share kun din bechda ramro hola, ajhai 1-2 din parkhine ki nai etc.

will be deleted. Repeat violators will be banned.

Happy Investing!",1,0,2025-03-09 01:15:29+00:00,https://reddit.com/r/NepalStock/comments/1j6w6ep/daily_discussion_thread_sunday_mar_09_2025/,Yo Kinda Kaso Hola
NepalStock,1j6w3ex,Need a little help regarding IPOs,nepalesejesus,,1,0,2025-03-09 01:11:00+00:00,https://reddit.com/r/NepalStock/comments/1j6w3ex/need_a_little_help_regarding_ipos/,IPO/FPO
NepalStock,1j6kfcw,Regarding the announcement issued yesterday by the Nepal Stock Exchange Board:,AmateurInvestorNepal,"● Investment companies listed on NEPSE will no longer be allowed to purchase shares from the secondary market.  
Also,  
● They will not be allowed to apply for shares issued through auction from unsold entitlement rights.

While the first measure has been implemented since fiscal year 2076 BS, companies will now be barred from applying in auctions—which they had been participating in until now. With this change, the trend of bulk allotment via auction will come to an end, and allotments will be dispersed through the market instead. This is not expected to have a significantly adverse effect on the market. However, due to our society’s inherent tendency to exaggerate minor issues rather than simply following the hype, the responsibility to safeguard one’s own assets ultimately lies with each individual!

The market’s reaction is essentially a wholesale manifestation of mass psychology. Let’s see how the market will react in the coming days.

\-copied  
**Investors and traders have adopted a more rational approach.**",1,0,2025-03-08 16:11:59+00:00,https://reddit.com/r/NepalStock/comments/1j6kfcw/regarding_the_announcement_issued_yesterday_by/,Auction
NepalStock,1j6itph,Do you have power over a company if you own certain percentage of promoter shares?,zedbonumalum,"Three different scenarios

Let's assume you have had the wonderful opportunity to get let's say 0.1% of the total supply of promoter shares of a company. Could you practically go into the company and ask about how things are going and ask about future of the company and bla bla. Get access to some reports or just observe the work force in general. 

  
Let's assume on second scenario you get 1%. Is this the dealbreaker? if 0.1% has no impact whatsoever, does 1% allow you to do those certain things.

  
Let's assume now you have 5-10% of the company's promoter shares. Is it safe to say you have some extent of power over that company?",1,0,2025-03-08 14:55:10+00:00,https://reddit.com/r/NepalStock/comments/1j6itph/do_you_have_power_over_a_company_if_you_own/,Auction
NepalStock,1j6hax8,I want sell promoter share of Mlbbl . What price will be good to sell it .,Imalendra_1,Suggest me the good price to sell promoter share of Mlbbl . It’s showing 1260 price . But I can’t sell in that price . I talk in Mlbbl office they saying to sell on 600-800 on price.,1,0,2025-03-08 13:36:35+00:00,https://reddit.com/r/NepalStock/comments/1j6hax8/i_want_sell_promoter_share_of_mlbbl_what_price/,Market
NepalStock,1j6grdr,Posting my current holding of one of my accounts cause why not.,zedbonumalum,"ILBS - 525 units

SAMAJ- 200 units

PFL - 13 units

NLIC - 1 unit

JBBL - 13 units

GUFL - 342 units

CKHL - 169 units",1,0,2025-03-08 13:06:03+00:00,https://reddit.com/r/NepalStock/comments/1j6grdr/posting_my_current_holding_of_one_of_my_accounts/,Advice
NepalStock,1j6gp52,Not the best microfinance but defs one of the best microfinance currently in my personal skillful unhumble opinion. This is my long-term position for Infinity Laghubittabitiiyabitattysyst Sanstha. Posting so that someone can be my hopeful liquidity.,zedbonumalum,,1,1,2025-03-08 13:02:26+00:00,https://reddit.com/r/NepalStock/comments/1j6gp52/not_the_best_microfinance_but_defs_one_of_the/,Technical Analysis
NepalStock,1j6gnx0,Sharing this analysis to get rid of my ILBS stocks.,zedbonumalum,Not the best microfinance but defs one of the best microfinance currently in my personal skillful unhumble opinion. This is my long-term position for Infinity Laghubittabitiiyabitattysyst Sanstha.,1,0,2025-03-08 13:00:39+00:00,https://reddit.com/r/NepalStock/comments/1j6gnx0/sharing_this_analysis_to_get_rid_of_my_ilbs_stocks/,Technical Analysis
NepalStock,1j6fu1d,Please give me suggestion: what to do with my stocks?,zedbonumalum,"I bought UPPER at 531.25 because i saw a Double Dingle Triple bingle A B C D pattern on the chart of Upper, do you think it will reach 1000 in this Mega Bull? ( TP set at 1000 because of the Double Dingle Triple bingle A B C D pattern )",1,0,2025-03-08 12:09:35+00:00,https://reddit.com/r/NepalStock/comments/1j6fu1d/please_give_me_suggestion_what_to_do_with_my/,Market
NepalStock,1j6d3i9,Remittance khata information,Anxious-Abalone-3210,"I am in UAE rn and want to open remittance ipo khata. I had a Demat, Mero share and tms linked to nic bank. Now I want to open remittance khata in other bank because nic is not cooperating with VKYC. So will there be a problem? Mero share Demat haru sab Naya banaunu parxa? Ya tesmai transfer garna milxa?",2,1,2025-03-08 08:49:40+00:00,https://reddit.com/r/NepalStock/comments/1j6d3i9/remittance_khata_information/,Demat/MeroShare
NepalStock,1j6bglt,Auction shares information,Commercial_Cry7310,"How long does auction shares takes to come into our demat account after the bidding cut-off price has been revealed? 

And how much time does it take them to refund our money if not allocated?

Since, I am really new to this your experience would really help me alot so, please aafno experience share garedinu hola",1,0,2025-03-08 06:51:51+00:00,https://reddit.com/r/NepalStock/comments/1j6bglt/auction_shares_information/,Market
NepalStock,1j69r9l,Betting on banking stocks and new NRB Governor,captainright1,"I've been following news lately. As you know, a new governor will soon replace Maha Prasad Adhikari. I'm a strong believer in the idea that political factors can influence the stock market.

This time, we're seeing candidates from private commercial banks, including CEOs from ADBL, Nabil, and Prabhu. I'm assuming the CEO from Nabil to be a likely candidate. He's backed by one of the biggest conglomerates in Nepal, is close to the Nepali Congress, and CG is also close to the Congress.

Considering the upcoming transition of the PM to the Congress, they want to be on the safe side and want their candidate to be in that position. Given the weightage of the position, private conglomerates want their candidate to be in that position. I assume most of these businessmen are backing their candidate, and he seems to check most of the points.

If my assumptions are correct and the next governor is from the private sector, we'll likely see less restriction in the banking sector. This could lead to refinancing and restructuring, and the current provision will loosen up. The banking sector, which is currently moving at a slow pace, may see an increase in dividend capacity.

However, mutual funds still play a crucial role. If they start selling, it will take time to recover. But once their supply is diluted, they'll be forced to buy back stocks at a higher price due to the criteria they're following.

Mutual fund investment is approximately 50 arba, with 21% invested in banks.

[https://www.sharesansar.com/newsdetail/overview-of-mutual-fund-trends-in-nepal-sector-wise-investments-top-stocks-and-nav-changes-in-chaitra-2024-04-28](https://www.sharesansar.com/newsdetail/overview-of-mutual-fund-trends-in-nepal-sector-wise-investments-top-stocks-and-nav-changes-in-chaitra-2024-04-28) 

Let me know your thought. 

  
[https://nepalkhabar.com/economy/bank-finance/228532-2025-3-2-16-21-49](https://nepalkhabar.com/economy/bank-finance/228532-2025-3-2-16-21-49)",1,0,2025-03-08 05:01:47+00:00,https://reddit.com/r/NepalStock/comments/1j69r9l/betting_on_banking_stocks_and_new_nrb_governor/,Economy
NepalStock,1j616mk,Auction shares money hold/promoter share,Omkazr18,"Hello everyone 
Can anyone inform me how long will the money be holded if the auction shares is not allowed. 
Similarly if we auction for promoter share do we receive bonus/dividend and how to sell promoter share. Thank you in advance.",1,0,2025-03-07 21:45:05+00:00,https://reddit.com/r/NepalStock/comments/1j616mk/auction_shares_money_holdpromoter_share/,Trading/Settlement/Payment
NepalStock,1j5to1r,crn number register huna kati din lagcha?,_anda_00,,1,0,2025-03-07 17:04:39+00:00,https://reddit.com/r/NepalStock/comments/1j5to1r/crn_number_register_huna_kati_din_lagcha/,Demat/MeroShare
NepalStock,1j5ppig,Gmliprediction please give best information,Solid_Winter_3529,Hello everyone ahile gmli 1672.2 pegeko cha Kati hold Garda thikhola kasaile 3000pugcha vanchankasaile 2200ta mero chineko le bechi ni sake what's your opinion??,1,0,2025-03-07 14:45:39+00:00,https://reddit.com/r/NepalStock/comments/1j5ppig/gmliprediction_please_give_best_information/,Market
NepalStock,1j5myvj,Long term investing for about 20-25 years,ChocolatePlastic457,"Hi there, I am 24 and i am really new to investing.
I am planning to invest for long term like 20-25 years. I recently have started to invest in Sip and some ipo.
I want to invest in secondary market too, Can any one help me on how i choose the right stock?",16,21,2025-03-07 12:58:55+00:00,https://reddit.com/r/NepalStock/comments/1j5myvj/long_term_investing_for_about_2025_years/,Market
NepalStock,1j5kv8m,Groups of Nepse trading,Ok_Entry_952,Guys lets share top telegram / discord groups to about active traders of NEPSE,1,0,2025-03-07 10:54:09+00:00,https://reddit.com/r/NepalStock/comments/1j5kv8m/groups_of_nepse_trading/,Market
NepalStock,1j5dnlp,Has anyone use the Ek sath 5 service of global IME ?,Disastrous_Pop_416,"Maile 2,3 din aagadi global ime ko ek sath 5 service antargat demat meroshare ani tms account apply gareko thiye rw already account bata paisa katisakyo tara mero application still on pending xa kei update aako xina  
Kati din lagxa hola anyone got idea? 
Ki maile aaru kei proces garnu parxa ?",1,0,2025-03-07 03:00:05+00:00,https://reddit.com/r/NepalStock/comments/1j5dnlp/has_anyone_use_the_ek_sath_5_service_of_global_ime/,Demat/MeroShare
NepalStock,1j5cd9m,❗❗​𝚃𝚎𝚌𝚑𝚗𝚒𝚌𝚊𝚕 𝙰𝚗𝚊𝚕𝚢𝚜𝚒𝚜 ❗❗,Sleep-Abject,"Just a genuine question for the pros of NEPSE, Does technical analysis actually applicable in Nepal, i mean hamle gareko study kunai company ko does it leans to the market outcome?",1,0,2025-03-07 01:52:49+00:00,https://reddit.com/r/NepalStock/comments/1j5cd9m/𝚃𝚎𝚌𝚑𝚗𝚒𝚌𝚊𝚕_𝙰𝚗𝚊𝚕𝚢𝚜𝚒𝚜/,Technical Analysis
NepalStock,1j4yt2i,Would this be useful? Nav value of Close ended mutual funds and blur portfolio for privacy.,summonshr,https://reddit.com/link/1j4yt2i/video/ul3b9nhce3ne1/player,1,0,2025-03-06 16:03:06+00:00,https://reddit.com/r/NepalStock/comments/1j4yt2i/would_this_be_useful_nav_value_of_close_ended/,Market
NepalStock,1j4wriw,What does this mean??,Healthy-Ad-1064,,1,1,2025-03-06 14:32:52+00:00,https://reddit.com/r/NepalStock/comments/1j4wriw/what_does_this_mean/,IPO/FPO
NepalStock,1j4wq7a,What does this mean??,leounknown09,,1,1,2025-03-06 14:31:09+00:00,https://reddit.com/r/NepalStock/comments/1j4wq7a/what_does_this_mean/,IPO/FPO
NepalStock,1j4wbjd,Ntc share kasto lagxa talai heu lai?,Exotic_Temporary1853,"!?

Maila ntc ko share kunya ko thulo amount ma hjr lai kasto lagxa ntc?",1,0,2025-03-06 14:12:14+00:00,https://reddit.com/r/NepalStock/comments/1j4wbjd/ntc_share_kasto_lagxa_talai_heu_lai/,Market
NepalStock,1j4th07,IPO reminder channel for telegram,Low_Performance1889,,2,2,2025-03-06 11:33:10+00:00,https://reddit.com/r/NepalStock/comments/1j4th07/ipo_reminder_channel_for_telegram/,IPO/FPO
NepalStock,1j4q0mi,Can i create two different demat accounts from different persons but link them to a same bank account?,withpeople,"Title

I want to create two different demat accounts with the data and credentials of different persons but link them to a same bank account.Is it possible.

Can it be done online?",1,0,2025-03-06 07:18:26+00:00,https://reddit.com/r/NepalStock/comments/1j4q0mi/can_i_create_two_different_demat_accounts_from/,Demat/MeroShare
NepalStock,1j4psts,Day trading_______________,SpecificDay592,,1,0,2025-03-06 07:03:06+00:00,https://reddit.com/r/NepalStock/comments/1j4psts/day_trading/,Technical Analysis
NepalStock,1j4m8f8,Any Value Investor Here,LegitimateApricot790,"Anyone who has set aside a certain percentage of capital for long-term value investing—what stocks would you suggest?

I’m looking for deeper industrial insights rather than just making decisions based on today’s reports.

I have access to some interest-free capital for a couple of years and want to invest in a solid passive stock. I have a few companies in mind, but if you know of a real hidden gem that could perform well over the next two years let’s share ideas here.",1,0,2025-03-06 03:25:37+00:00,https://reddit.com/r/NepalStock/comments/1j4m8f8/any_value_investor_here/,Market
NepalStock,1j4lk6y,Swarojgar Laghu Bitta FPO,theeartheyeguy,"Everyone was saying its a lotto and could be considered as a way to make quick cash. I read early this morning that the FPO has already been oversubscribed, is there any news to when the results of allotment will be published?",1,0,2025-03-06 02:50:56+00:00,https://reddit.com/r/NepalStock/comments/1j4lk6y/swarojgar_laghu_bitta_fpo/,IPO/FPO
NepalStock,1j4jn0b,"Market Weekend Discussion (Thursday Mar 06 - Saturday Mar 08, 2025)",AutoModerator,"Use this post to discuss what to buy/sell/trade/avoid/watch this weekend and in the coming days.

As always, the rules still apply.

**Have a TMS or Meroshare issue? Query about EDIS or collateral? Ask here instead of creating another thread. All queries regarding TMS, MeroShare, Broker Issues, EDIS, Settlement and Payments should be asked here.** DO NOT create another post.

BEGINNER? [**Go here first!**](https://www.reddit.com/r/NepalStock/wiki/beginners-guide)

DO NOT MAKE SEPARATE **INDIVIDUAL** POSTS ASKING:

* what to buy or sell,
* or what bank to buy,
* or what insurance to buy,
* yo share kati samma mathi jancha hola
* IPO ma pareko yo share kun din bechda ramro hola, ajhai 1-2 din parkhine ki nai etc.

will be deleted. Repeat violators will be banned.

Happy Investing!",1,0,2025-03-06 01:15:40+00:00,https://reddit.com/r/NepalStock/comments/1j4jn0b/market_weekend_discussion_thursday_mar_06/,Yo Kinda Kaso Hola
NepalStock,1j43dlv,"Please advice , maile edis garna 1 din dhilo vayo , aaba fine tirna office mai janu parxa ki mero payment aauda katera aauxa ?",kcdon2051,,1,0,2025-03-05 13:44:33+00:00,https://reddit.com/r/NepalStock/comments/1j43dlv/please_advice_maile_edis_garna_1_din_dhilo_vayo/,Trading/Settlement/Payment
NepalStock,1j43653,GMLI ko share k garda hunxa?,PublicTeaching4678,Aaja 1500 hit garyo share le. Voli bechda hunxa ki ajjai hold garda hunxa,3,3,2025-03-05 13:33:56+00:00,https://reddit.com/r/NepalStock/comments/1j43653/gmli_ko_share_k_garda_hunxa/,Market
NepalStock,1j40l73,is meroshare broken or what,PriorShift3600,"today i sold some stock and i sold some stocks first and tried to transfer them but after going to mypurchase source and selecting the script it does nothing it just shows the details of the stock is it just me or what?

https://preview.redd.it/hvmrbkiprume1.png?width=1634&amp;format=png&amp;auto=webp&amp;s=9d1588c546e49ccb164175436018e23cea1bed2e

when i go to my holding it says no obligation but checking my wacc shows perform remaining WACC calculation?? can anyone help me",1,0,2025-03-05 11:03:06+00:00,https://reddit.com/r/NepalStock/comments/1j40l73/is_meroshare_broken_or_what/,Broker
NepalStock,1j3xgtf,Demat p. k ho anyone ?,Upset-Piece7332,,1,1,2025-03-05 07:08:27+00:00,https://reddit.com/r/NepalStock/comments/1j3xgtf/demat_p_k_ho_anyone/,Trading/Settlement/Payment
NepalStock,1j3w7lk,How is this even possible,Complex-Carrot-8452,,1,1,2025-03-05 05:45:01+00:00,https://reddit.com/r/NepalStock/comments/1j3w7lk/how_is_this_even_possible/,IPO/FPO
NepalStock,1j3tlfp,"Frozen foe debit aauxa , update pani xa nnd minor pani haina , share hijo bechisakeko aanba edis garna mildaina , what to do guys ?",kcdon2051,mathi kai ho sappai,1,0,2025-03-05 03:16:18+00:00,https://reddit.com/r/NepalStock/comments/1j3tlfp/frozen_foe_debit_aauxa_update_pani_xa_nnd_minor/,Demat/MeroShare
NepalStock,1j3r6vq,"Daily Discussion Thread (Wednesday - Mar 05, 2025)",AutoModerator,"Use this post to discuss what to buy/sell/trade/avoid/watch today and in the coming days.

As always, the rules still apply.

**Have a TMS or Meroshare issue? Query about EDIS or collateral? Ask here instead of creating another thread. All queries regarding TMS, MeroShare, Broker issues, EDIS, Settlement and Payments should be asked here.** &gt;!DO NOT create another post.!&lt;

BEGINNER? [**Go here first!**](https://www.reddit.com/r/NepalStock/wiki/beginners-guide)

DO NOT MAKE SEPARATE **INDIVIDUAL** POSTS ASKING:

* what to buy or sell,
* or what bank to buy,
* or what insurance to buy,
* yo share kati samma mathi jancha hola
* IPO ma pareko yo share kun din bechda ramro hola, ajhai 1-2 din parkhine ki nai etc.

will be deleted. Repeat violators will be banned.

Happy Investing!",1,0,2025-03-05 01:15:30+00:00,https://reddit.com/r/NepalStock/comments/1j3r6vq/daily_discussion_thread_wednesday_mar_05_2025/,Yo Kinda Kaso Hola
NepalStock,1j3ch9y,"अन्तिम १५ मिनेटको औसत मूल्य कायम गर्न धितोपत्र बोर्डको स्वीकृति, कहिले देखि लागु होला ? यसो भन्छ नेप्से",Yikings-654points,,1,0,2025-03-04 14:51:29+00:00,https://reddit.com/r/NepalStock/comments/1j3ch9y/अनतम_१५_मनटक_औसत_मलय_कयम_गरन_धतपतर_बरडक_सवकत_कहल/,Online/TMS
NepalStock,1j3axgq,Newto the market suggest me,Solid_Winter_3529,Which share should I pick I have 1lakhs Kam totally new..,1,0,2025-03-04 13:37:24+00:00,https://reddit.com/r/NepalStock/comments/1j3axgq/newto_the_market_suggest_me/,Market
NepalStock,1j3at4o,How long does it take the allotted share to show up in mero share?,curiousjantu,"Few days ago (maybe more than a week ago) my IPO got allotted which was a close ended MF and money has also been deducted from my account which was just few days ago but the shares are still not showing in my mero share portfolio?

How long does it take?",1,0,2025-03-04 13:31:18+00:00,https://reddit.com/r/NepalStock/comments/1j3at4o/how_long_does_it_take_the_allotted_share_to_show/,IPO/FPO
NepalStock,1j385mn,"Hi Need Advice on My NEPSE Portfolio – Mostly IPOs, Should I Hold or Sell?",Tricky-Practice2770,"https://preview.redd.it/njg6p0kjknme1.png?width=872&amp;format=png&amp;auto=webp&amp;s=090ddae3317f0789d014c149f63c3e152dcdd3c7

https://preview.redd.it/oqzqpuu2lnme1.png?width=951&amp;format=png&amp;auto=webp&amp;s=10b44aaa7adc22a4548cd985d1df24455c92c91d

Hey everyone, I’ve been investing in NEPSE for a while, and most of my portfolio consists of IPOs that I haven’t sold yet. I’ve also bought some stocks along the way but haven’t actively traded much. Right now, I don’t urgently need the money, so I’m wondering whether I should continue holding or if there are stocks I should consider selling.

Would love to hear your thoughts on:

* **How do you decide whether to sell or hold?**
* **Should I diversify more or adjust my portfolio?**
* **How do you analyze a company’s long-term potential in NEPSE**",1,0,2025-03-04 10:52:17+00:00,https://reddit.com/r/NepalStock/comments/1j385mn/hi_need_advice_on_my_nepse_portfolio_mostly_ipos/,Market
NepalStock,1j35oaa,Why i couldn't sell my ipo???,[deleted],,4,8,2025-03-04 07:44:23+00:00,https://reddit.com/r/NepalStock/comments/1j35oaa/why_i_couldnt_sell_my_ipo/,IPO/FPO
NepalStock,1j34fva,Please help it's  urgent related to Share market,Most_Operation2339,,1,0,2025-03-04 06:16:34+00:00,https://reddit.com/r/NepalStock/comments/1j34fva/please_help_its_urgent_related_to_share_market/,Broker
NepalStock,1j30zfo,do you guys see SAMAJ bouncing back?,sup3rcalifragilistic,,3,11,2025-03-04 02:59:48+00:00,https://reddit.com/r/NepalStock/comments/1j30zfo/do_you_guys_see_samaj_bouncing_back/,Market
NepalStock,1j2yyyu,"Daily Discussion Thread (Tuesday - Mar 04, 2025)",AutoModerator,"Use this post to discuss what to buy/sell/trade/avoid/watch today and in the coming days.

As always, the rules still apply.

**Have a TMS or Meroshare issue? Query about EDIS or collateral? Ask here instead of creating another thread. All queries regarding TMS, MeroShare, Broker issues, EDIS, Settlement and Payments should be asked here.** &gt;!DO NOT create another post.!&lt;

BEGINNER? [**Go here first!**](https://www.reddit.com/r/NepalStock/wiki/beginners-guide)

DO NOT MAKE SEPARATE **INDIVIDUAL** POSTS ASKING:

* what to buy or sell,
* or what bank to buy,
* or what insurance to buy,
* yo share kati samma mathi jancha hola
* IPO ma pareko yo share kun din bechda ramro hola, ajhai 1-2 din parkhine ki nai etc.

will be deleted. Repeat violators will be banned.

Happy Investing!",1,0,2025-03-04 01:15:29+00:00,https://reddit.com/r/NepalStock/comments/1j2yyyu/daily_discussion_thread_tuesday_mar_04_2025/,Yo Kinda Kaso Hola
NepalStock,1j2rqst,Its seems broker Didn’t Settle My Funds Even After 1+ years,Just_Toe7363,"I recently checked my TMS after 1+ years and realized that my broker hasn’t settled my funds from a share sale. My account shows a **net receivable amount of NPR xxxxxx.** There’s no payable amount, and the funds are just sitting there. but I don't think I ever received it in my bank. I checked my emails from that broker and my respective banks dated back. 

I’m not sure if it's a glitch or if I missed an email of my payment. Has anyone else faced this issue? 

Would appreciate any advice!

Edit: It was a glitch. Thanks for the advice",4,5,2025-03-03 19:55:43+00:00,https://reddit.com/r/NepalStock/comments/1j2rqst/its_seems_broker_didnt_settle_my_funds_even_after/,Broker
NepalStock,1j2m175,Share market knowledge chaiyo,Mission_Moment_2923,I opened my demat account in 2023 aileyyta expire ni vaisakyo but I still Don't have any idea what to do further. Garxan chai k tesmaa    kk ho khuleyko ta dekhathyo but ailey expire vayexa awni hernu ni namildo raixa. dherai jana ley faida xaa ali ali invest garaa vanxa afulai keii aunna vanya.  helpppp,1,0,2025-03-03 16:03:53+00:00,https://reddit.com/r/NepalStock/comments/1j2m175/share_market_knowledge_chaiyo/,Trading/Settlement/Payment
NepalStock,1j2k3nt,Easy Nepse Calculator,FrostyRuin5249,"[https://play.google.com/store/apps/details?id=com.easynepsecalc.easy\_nepse\_calculator](https://play.google.com/store/apps/details?id=com.easynepsecalc.easy_nepse_calculator)

For iOS users we dont have the app yet but you can try the website: [https://easy-nepse-calculator.web.app/](https://easy-nepse-calculator.web.app/)

So I have released an app called Easy Nepse Calculator and wanted to share it with the community. Your feedback and suggestions would be really helpful.

Also I am not sure if this is against the community guideline and if it is I will happily remove the post.

The main confusion I am having right now is if people would understand the reverse buy and reverse sell feature within the app. And if you think it's confusing any suggestions to make it clearer would be highly appreciated.

Looking forward to your thoughts and thank you for your time!",1,0,2025-03-03 14:39:46+00:00,https://reddit.com/r/NepalStock/comments/1j2k3nt/easy_nepse_calculator/,Softwares
NepalStock,1j2e7om,How can I register online banking from foreign countries,Disastrous_Pop_416,"I recently opened few bank accounts online (ADBL, RBB) but I can’t access to the online banking cause I need a Nepali sim. 
Anyone got any idea how can I register my online banking or anyone knows which banks allows to register online banking through Foreign numbers or email??? 
Thank you so much for reading and all of your suggestions 💖🙏🙏",3,4,2025-03-03 08:36:22+00:00,https://reddit.com/r/NepalStock/comments/1j2e7om/how_can_i_register_online_banking_from_foreign/,Demat/MeroShare
NepalStock,1j2d9tw,When to sell GMLI share?,Ok_Establishment5171,,1,0,2025-03-03 07:26:40+00:00,https://reddit.com/r/NepalStock/comments/1j2d9tw/when_to_sell_gmli_share/,IPO/FPO
NepalStock,1j2c3a3,any good share for 3k?,PaintingHeavy1774,,0,4,2025-03-03 06:04:32+00:00,https://reddit.com/r/NepalStock/comments/1j2c3a3/any_good_share_for_3k/,Market
NepalStock,1j2bvyk,Is it okay to invest in SLBBL?,OrdinaryNepaliguy,"[removed]

[View Poll](https://www.reddit.com/poll/1j2bvyk)",0,2,2025-03-03 05:51:29+00:00,https://reddit.com/r/NepalStock/comments/1j2bvyk/is_it_okay_to_invest_in_slbbl/,IPO/FPO
NepalStock,1j2b40b,(beginner) Candle stick,Ok_Actuator3946,"Chart padhda, praya Kun Kun indicator use garna huncha?",1,0,2025-03-03 05:03:19+00:00,https://reddit.com/r/NepalStock/comments/1j2b40b/beginner_candle_stick/,Technical Analysis
NepalStock,1j29dpl,Has anyone invested in debenture!,Ok-Background9860,How can i invest in it and what's the best time to buy if it's there?,1,0,2025-03-03 03:25:11+00:00,https://reddit.com/r/NepalStock/comments/1j29dpl/has_anyone_invested_in_debenture/,Market
NepalStock,1j28dpi,[Beginner] Please explain FPO price per share.,Comfortable-Wall-465,"So I wanted to know, when applying for FPO does the buying price per share remain 100 per each or is it the current market value.

What I am trying to ask is that I am applying for the Swarojgar Laghubitta Bittiya Sanstha Ltd. (SLBBL) FPO.

So if I apply for 10 kitta and I am alloted the shares, does it cut money from my bank of Rs 1000 (Rs 100 per kitta) or does it cut Rs 10,250 (Rs 1025 per kitta which is the current market price).

I am asking cuz I don't wanna risk that much amount. Hope you guys understand my question, pardon me cuz I am a beginner in this : )",1,0,2025-03-03 02:31:19+00:00,https://reddit.com/r/NepalStock/comments/1j28dpi/beginner_please_explain_fpo_price_per_share/,IPO/FPO
NepalStock,1j26ww5,"Daily Discussion Thread (Monday - Mar 03, 2025)",AutoModerator,"Use this post to discuss what to buy/sell/trade/avoid/watch today and in the coming days.

As always, the rules still apply.

**Have a TMS or Meroshare issue? Query about EDIS or collateral? Ask here instead of creating another thread. All queries regarding TMS, MeroShare, Broker issues, EDIS, Settlement and Payments should be asked here.** &gt;!DO NOT create another post.!&lt;

BEGINNER? [**Go here first!**](https://www.reddit.com/r/NepalStock/wiki/beginners-guide)

DO NOT MAKE SEPARATE **INDIVIDUAL** POSTS ASKING:

* what to buy or sell,
* or what bank to buy,
* or what insurance to buy,
* yo share kati samma mathi jancha hola
* IPO ma pareko yo share kun din bechda ramro hola, ajhai 1-2 din parkhine ki nai etc.

will be deleted. Repeat violators will be banned.

Happy Investing!",1,0,2025-03-03 01:15:28+00:00,https://reddit.com/r/NepalStock/comments/1j26ww5/daily_discussion_thread_monday_mar_03_2025/,Yo Kinda Kaso Hola
NepalStock,1j24bgn,I am positive in Finance sector after yesterday 50MA break through :D Testing its last all time high?,OpeningGlass6367,https://preview.redd.it/qst01r8tycme1.png?width=880&amp;format=png&amp;auto=webp&amp;s=22c7e7ceee0f3b1cbb306893fc971c62970c592d,1,0,2025-03-02 23:09:58+00:00,https://reddit.com/r/NepalStock/comments/1j24bgn/i_am_positive_in_finance_sector_after_yesterday/,Market
NepalStock,1j1y2jv,Will commercial banks give cash dividend this year?,Arockstar11,Many commercial banks didn’t announce dividend for this fiscal year. Will the banks give cash dividend for the upcoming year?,1,0,2025-03-02 18:45:41+00:00,https://reddit.com/r/NepalStock/comments/1j1y2jv/will_commercial_banks_give_cash_dividend_this_year/,Bonus Share/Dividend
NepalStock,1j1urf2,Meroshare username(citizen bank),Cold_Writer6826,Can anyone share how Citizen Banks username is created for meroshare. I forgot my username and password,1,0,2025-03-02 16:29:35+00:00,https://reddit.com/r/NepalStock/comments/1j1urf2/meroshare_usernamecitizen_bank/,Demat/MeroShare
NepalStock,1j1u570,Isn't bonus share just an accounting adjustment?,Khasas,Why do nepali investors think getting bonus share is any good? Are they stupid?,1,0,2025-03-02 16:03:37+00:00,https://reddit.com/r/NepalStock/comments/1j1u570/isnt_bonus_share_just_an_accounting_adjustment/,Market
NepalStock,1j1tirq,Has Siddhartha Bank (SBL) Disbursed the 4% Cash Dividend Yet?,openpy,"Hello, did anyone hold shares of Siddhartha Bank Limited (SBL)? The book closure for the 4% cash dividend for FY 80/81 was a month ago, but I haven't received the dividend yet. Has SBL disbursed the payment? I hold a significant amount of SBL shares and would appreciate any updates.",1,0,2025-03-02 15:36:26+00:00,https://reddit.com/r/NepalStock/comments/1j1tirq/has_siddhartha_bank_sbl_disbursed_the_4_cash/,Bonus Share/Dividend
NepalStock,1j1t66k,"SHPC, SHIVM &amp; SHINE bonus shares credited on your Demat yet?",[deleted],,0,6,2025-03-02 15:20:41+00:00,https://reddit.com/r/NepalStock/comments/1j1t66k/shpc_shivm_shine_bonus_shares_credited_on_your/,Bonus Share/Dividend
NepalStock,1j1svok,Why do “overvalued companies” keep growing .,withpeople,"I am a beginner,but have some knowledge about the market.

The market has valued “so many overvalued companies “  so high.They just don’t have the fundamentals to justify their market price.They have negative eps,book value is shit, etc.

And in recent times,when the market started to shoe bullish movement ,i am just shocked,that such overpriced stocks keep on growing and even the brokers are buying and accumulating it.
I just don’t understand this peculiar scenario.",1,0,2025-03-02 15:07:48+00:00,https://reddit.com/r/NepalStock/comments/1j1svok/why_do_overvalued_companies_keep_growing/,Market
NepalStock,1j1svdi,Advisable to collect shares around ~250 in case this is a bull run?,[deleted],,1,0,2025-03-02 15:07:26+00:00,https://reddit.com/r/NepalStock/comments/1j1svdi/advisable_to_collect_shares_around_250_in_case/,Market
NepalStock,1j1rap8,citizen life insurance,broken_heart20,VoLI CLI Kinda thik hola ki nahola bonus ko lagi Voli kinyo vane kati din ma mero portfolio ma aauxa??,1,0,2025-03-02 13:51:53+00:00,https://reddit.com/r/NepalStock/comments/1j1rap8/citizen_life_insurance/,Market
NepalStock,1j1p953,First time share selling,DisastrousContext985,So Maile chai Aja first time share becheko .share sold vanera message pani aayo .aba tespaxi K garne ho ? WACC ra EIDS update garne trading time ma nai Ki jaile gare Ni hunxa Ki ? Ani video hereko  meroshare ma gayera purchase source pani update gareko raxa tyo garna parxa Ki Nai ? Ani scrip pani K pending ra all K K raxa ...  first time becheko so please guide me ...,1,0,2025-03-02 11:56:18+00:00,https://reddit.com/r/NepalStock/comments/1j1p953/first_time_share_selling/,Trading/Settlement/Payment
NepalStock,1j1nvtc,Cash Dividend of Nabil,CandidateAny5707,"I had few Nabil Bank shares in my account, as it mentioned to provide cash dividend since last year I didn't get any amount on my account like previous year. I even wrote an email last year but didn't get any response. Even this year I haven't get any amount till the date. Am I the only one ?",1,0,2025-03-02 10:23:17+00:00,https://reddit.com/r/NepalStock/comments/1j1nvtc/cash_dividend_of_nabil/,Bonus Share/Dividend
NepalStock,1j1n8c7,Gbime bonus share received?,That-Vegetable5106,Has anyone received gbime bonus shares?mero aile samma aako fhauna,1,0,2025-03-02 09:36:52+00:00,https://reddit.com/r/NepalStock/comments/1j1n8c7/gbime_bonus_share_received/,Market
NepalStock,1j1mqr5,will HDL rise again ?,PewPew0q,What do you all think about HDL. Will it ever reach where it was before.,1,0,2025-03-02 09:01:18+00:00,https://reddit.com/r/NepalStock/comments/1j1mqr5/will_hdl_rise_again/,Market
NepalStock,1j1mc5n,Himalayan Reinsurance Limited,beebek7,"Is it time to sell the IPO of HRL??  
Please suggest....",1,0,2025-03-02 08:32:01+00:00,https://reddit.com/r/NepalStock/comments/1j1mc5n/himalayan_reinsurance_limited/,IPO/FPO
NepalStock,1j1kt6k,ODD LOT FOR SALE SLBSL 8 KITTA@2300,Legitimate-You-3024,I NEED TO SELL THIS 8 KITTAS,1,0,2025-03-02 06:45:09+00:00,https://reddit.com/r/NepalStock/comments/1j1kt6k/odd_lot_for_sale_slbsl_8_kitta2300/,IPO/FPO
NepalStock,1j1jhol,Guardian Micro Life Insurance (GMLI) kati samma pugxa hola.,Big_Count9574,It's a first micro life insurance so estimate garnai difficult vo ?,1,0,2025-03-02 05:20:05+00:00,https://reddit.com/r/NepalStock/comments/1j1jhol/guardian_micro_life_insurance_gmli_kati_samma/,Market
NepalStock,1j1hyeb,new to stock market ani i have some questions.....,[deleted],,2,1,2025-03-02 03:50:22+00:00,https://reddit.com/r/NepalStock/comments/1j1hyeb/new_to_stock_market_ani_i_have_some_questions/,Demat/MeroShare
NepalStock,1j1f2sk,"Daily Discussion Thread (Sunday - Mar 02, 2025)",AutoModerator,"Use this post to discuss what to buy/sell/trade/avoid/watch today and in the coming days.

As always, the rules still apply.

**Have a TMS or Meroshare issue? Query about EDIS or collateral? Ask here instead of creating another thread. All queries regarding TMS, MeroShare, Broker issues, EDIS, Settlement and Payments should be asked here.** &gt;!DO NOT create another post.!&lt;

BEGINNER? [**Go here first!**](https://www.reddit.com/r/NepalStock/wiki/beginners-guide)

DO NOT MAKE SEPARATE **INDIVIDUAL** POSTS ASKING:

* what to buy or sell,
* or what bank to buy,
* or what insurance to buy,
* yo share kati samma mathi jancha hola
* IPO ma pareko yo share kun din bechda ramro hola, ajhai 1-2 din parkhine ki nai etc.

will be deleted. Repeat violators will be banned.

Happy Investing!",1,0,2025-03-02 01:15:28+00:00,https://reddit.com/r/NepalStock/comments/1j1f2sk/daily_discussion_thread_sunday_mar_02_2025/,Yo Kinda Kaso Hola
NepalStock,1j10wk0,Paid live trading service,Ok-Background9860,Has anyone taken Paid live trading service by share YouTube and what's your experience is it profitable or has anyone earned by purchasing such services?,1,0,2025-03-01 14:40:53+00:00,https://reddit.com/r/NepalStock/comments/1j10wk0/paid_live_trading_service/,Market
NepalStock,1j0xdrn,Suggest some undervalued stocks.,withpeople,That has high potential .,1,0,2025-03-01 11:22:47+00:00,https://reddit.com/r/NepalStock/comments/1j0xdrn/suggest_some_undervalued_stocks/,Advice
NepalStock,1j0vkyj,Finance sector has a chance for a long bull continuation and making an all time high. Technical chart attached.,Specialist-Mail9079,"[If finance makes a move from here, there is a chance for making an all-time high. The last time the impulsive rally began from the support where finance is at present. And if it makes a move from here then chance of making a 57&amp;#37; rally and making new an all-time high. Do you think this is possible?](https://preview.redd.it/e1v1915go1me1.png?width=1264&amp;format=png&amp;auto=webp&amp;s=88704c0adc6c7ede624d4ada451bc42de825e3ba)",1,0,2025-03-01 09:16:05+00:00,https://reddit.com/r/NepalStock/comments/1j0vkyj/finance_sector_has_a_chance_for_a_long_bull/,Market
NepalStock,1j0uarz,Will finance sector make another high?,Specialist-Mail9079,A lot of big players are betting on finance and big brokers accumulation being seen in volumes. Do you think finance will make another higher high?,1,0,2025-03-01 07:43:46+00:00,https://reddit.com/r/NepalStock/comments/1j0uarz/will_finance_sector_make_another_high/,Market
NepalStock,1j0s64f,SIP return over 18 months,SignificanceCheap970,"I've doing SIP past 18 months for 3K per month. Statistically I've paid Rs. 54,000. In meroshare, I've seen the amount has reached ~ Rs. 57,000. so apparently a profit of ~ 3000 is made over these months. For some reason, there is apparently no dividend provided for 2024 as illustrated in the attached screenshot. From a general perspective, is this any good given the time it took?",1,0,2025-03-01 05:23:02+00:00,https://reddit.com/r/NepalStock/comments/1j0s64f/sip_return_over_18_months/,Mutual Funds
NepalStock,1j0r6sw,Seeking guidance for secondary market,Appropriate-Row5009,I wanna enter into secondary market but I have seen my friend got depressed after reaching it I have heard about analysis stuff how can we learn analysis technical and then proceed help to,1,0,2025-03-01 04:25:07+00:00,https://reddit.com/r/NepalStock/comments/1j0r6sw/seeking_guidance_for_secondary_market/,Market
NepalStock,1j0efr2,How to invest 10 lakh for a year?,wanderlust_pk,I have 10 lakh in my account that I want to invest in stocks.I will not need this amount for a year. What would be a good stock to invest for a year?,1,0,2025-02-28 18:20:08+00:00,https://reddit.com/r/NepalStock/comments/1j0efr2/how_to_invest_10_lakh_for_a_year/,Market
NepalStock,1j06whg,Deputy Governor Talks about recent Monetary Policy Review.,AmateurInvestorNepal,[व्यक्तिगतको ‘क्याप’ लगानीकर्ताको मनोविज्ञान मात्र हो](https://www.youtube.com/watch?v=vqaYcsXONDo) interview with Deputy governor Bam Bahadur Mishra,1,0,2025-02-28 12:50:08+00:00,https://reddit.com/r/NepalStock/comments/1j06whg/deputy_governor_talks_about_recent_monetary/,Market
NepalStock,1j01gf2,Transaction after selling shares,Dense_Bathroom_9745,Hello there ma ekdam new ho share ma dmat acc chahin banako thiye tara broker acc chahin bhakhar dhilo banaye.... maile Sunday for the first time youtube tutorial herdai share bechna sikeko ani beche pani successfully transferred bhanyo...esso google garda 3-5 days ma paisa aaucha lekheko cha but aaja friday bhaisakyo ajai aaipugeko chaina any idea dhilo hune hoki naya bhako le ki public holiday le effect gareko ho?,1,0,2025-02-28 06:31:06+00:00,https://reddit.com/r/NepalStock/comments/1j01gf2/transaction_after_selling_shares/,Advice
NepalStock,1izyz9f,NLG Auction Share Allotment,Successful-Law-8817,"I've applied for NLG auction shares at a bid price of NPR 950 per share, but the cutoff price was set at NPR 951. As a result, I was not allotted any shares. However, I have noticed that only half of my application amount has been refunded. did i got partially alloted or it was bank mistake. should i wait until share shown in tms or contact bank. Dose NLG Auction Share listed on tms?",1,0,2025-02-28 03:59:51+00:00,https://reddit.com/r/NepalStock/comments/1izyz9f/nlg_auction_share_allotment/,Auction
NepalStock,1izkj56,I am New to share market and am really confused how mutual funds work. I'd be very thankfull if any one would clear my doubt.,Gamchalama,"# TL;DR :

* **Close-ended mutual funds:** After maturity, do I need to do anything to redeem my money, or is it automatically transferred to my linked bank account?
* **Open-ended mutual funds:**
   1. Can I invest in a lump sum, or is a fixed monthly/yearly investment (like SIP) required?
   2. After 5 years, how do I cash out—do I sell in the secondary market or redeem directly?
   3. If selling, do I keep the bonuses (dividends) I earned, or do they transfer to the buyer?
   4. Are there other ways to cash out besides selling?

  
Full context below 

# Context :

a. So, I am new to share market.   
b. I've invested around NRP 20 k in mutual funds (some open and some closed ended.)  


# CLOSE ENDED MUTUAL FUNDS:

a. What is the **process of redeeming my money after maturity** in close ended mutual fund ? *(do you have to do something or it will be just send to yr bank acc linked to DEMAT automatically)*

# OPEN ENDED MUTUAL FUND 

**My understanding limitation :**  Some people say it is ""SIP like"" and you need to invest *X* amount of money each month / year and some say *lump-sum* investment is OK.   
  
**Question**   
Lets say after *5 yr* I want to ""cash-out"".   
a. What is the process ? Do I sell it in secondary market?   
b. If yes then do I get the bonuses till 5 yr in my bank account or will it  transfer to the new share holder ?    
c. What are the other options to cash out? 

Explaining answer using examples would be hugely helpful. 

# 

#",1,0,2025-02-27 16:58:34+00:00,https://reddit.com/r/NepalStock/comments/1izkj56/i_am_new_to_share_market_and_am_really_confused/,Mutual Funds
NepalStock,1izgn4w,What are your watch list?,Hot-Conversation2318,Ah like aailea 15k jati xa theyo yeta uti garera udyo aailea i think haldim mero chai hidclp ghl glh xan kasto hola? Or anyother?,1,0,2025-02-27 14:10:25+00:00,https://reddit.com/r/NepalStock/comments/1izgn4w/what_are_your_watch_list/,Market
NepalStock,1izd75f,Reason behind circuit in last min,Im-Baked_Potato,,1,1,2025-02-27 11:00:47+00:00,https://reddit.com/r/NepalStock/comments/1izd75f/reason_behind_circuit_in_last_min/,Market
NepalStock,1izcx9e,Yo minor dmat account lai major banauni process k xa anyone?,Weiredpoet,??,1,0,2025-02-27 10:41:31+00:00,https://reddit.com/r/NepalStock/comments/1izcx9e/yo_minor_dmat_account_lai_major_banauni_process_k/,Demat/MeroShare
NepalStock,1izctyg,Sold shares but payment still not received,Pristine_Side_7744,,1,0,2025-02-27 10:34:46+00:00,https://reddit.com/r/NepalStock/comments/1izctyg/sold_shares_but_payment_still_not_received/,Trading/Settlement/Payment
NepalStock,1izck99,Sold some tara pani yesto dekhoudai xa k ho?,Hot-Conversation2318,Broker no 45,1,0,2025-02-27 10:16:10+00:00,https://reddit.com/r/NepalStock/comments/1izck99/sold_some_tara_pani_yesto_dekhoudai_xa_k_ho/,Broker
NepalStock,1izbcpj,"SNLI -2 kitta sell ,At lowest",withpeople,Title,1,0,2025-02-27 08:46:04+00:00,https://reddit.com/r/NepalStock/comments/1izbcpj/snli_2_kitta_sell_at_lowest/,Trading/Settlement/Payment
NepalStock,1iz9n8s,Kun broker ko account kholum ?,PalpitationDefiant19,"I am new to market ahiley samma ipo matra vareyko xu, i want to sell some of my ipo pareyko stocks.

Idk for sure but life ma 2ota matra broker account banauna milxa vanni suney jasto lathyo.

I want a broker jasko ma almost sab kaam online hos, ali fast pani hos transaction, ani transaction fees nominal hos. I am pokhara but currently living in Kathmandu for studies idk if this helps or not.

Can you guys suggest me a good broker ? + aru kehi advices haru dina xa vaney pani dinus na huss.

Thankyou.
Please upvote this post for more engagement.",1,0,2025-02-27 06:39:06+00:00,https://reddit.com/r/NepalStock/comments/1iz9n8s/kun_broker_ko_account_kholum/,Broker
NepalStock,1iz98c0,Ili odd lot @495.9 lowest ho,Hot-Conversation2318,.,1,0,2025-02-27 06:11:03+00:00,https://reddit.com/r/NepalStock/comments/1iz98c0/ili_odd_lot_4959_lowest_ho/,Market
NepalStock,1iz91mq,NAV value for date not defined - Open ended mutual fund,Medium-Emotion-8848,"Hi, In open ended Mutualfund dashboard for ""UNIT REDEMPTION REQUEST"", i keep getting this `NAV value for date not defined` error when i choose the current date and it do not accept the value for past date. Which is why i couldn't sell (redeem) the units. 

Has anyone experienced this? Whats the solution/workaround?",1,0,2025-02-27 05:59:23+00:00,https://reddit.com/r/NepalStock/comments/1iz91mq/nav_value_for_date_not_defined_open_ended_mutual/,Mutual Funds
NepalStock,1iz8uor,Nepse to the moon.////,Single-Function-9392,,1,1,2025-02-27 05:47:04+00:00,https://reddit.com/r/NepalStock/comments/1iz8uor/nepse_to_the_moon/,Market
NepalStock,1iz8tjv,EBL Odd lot - 2 Kitta sell on lowest price,NisalPoon,Odd lot sell,1,0,2025-02-27 05:45:04+00:00,https://reddit.com/r/NepalStock/comments/1iz8tjv/ebl_odd_lot_2_kitta_sell_on_lowest_price/,Trading/Settlement/Payment
NepalStock,1iz8i0y,Boom boom 💥 💥 💥 💥 💥 💥 💥 💥💥 💥 💥 💥,Special-Wallaby-9679,Big day today.. get screenshot of your before and after portfolio.,1,0,2025-02-27 05:25:20+00:00,https://reddit.com/r/NepalStock/comments/1iz8i0y/boom_boom/,Market
NepalStock,1iz8gjr,Recently HRL stock has increased a lot.,God-Of-Devil,Is it the best time to sell HRL stock ?  Any one know the reasons?,1,0,2025-02-27 05:22:42+00:00,https://reddit.com/r/NepalStock/comments/1iz8gjr/recently_hrl_stock_has_increased_a_lot/,Market
NepalStock,1iz8ea2,Tf happened? Did i missed anything,i-screamoften,"Was there anything ? Any news short of, whats happening",3,6,2025-02-27 05:18:52+00:00,https://reddit.com/r/NepalStock/comments/1iz8ea2/tf_happened_did_i_missed_anything/,Market
NepalStock,1iz3tw4,"Market Weekend Discussion (Thursday Feb 27 - Saturday Mar 01, 2025)",AutoModerator,"Use this post to discuss what to buy/sell/trade/avoid/watch this weekend and in the coming days.

As always, the rules still apply.

**Have a TMS or Meroshare issue? Query about EDIS or collateral? Ask here instead of creating another thread. All queries regarding TMS, MeroShare, Broker Issues, EDIS, Settlement and Payments should be asked here.** DO NOT create another post.

BEGINNER? [**Go here first!**](https://www.reddit.com/r/NepalStock/wiki/beginners-guide)

DO NOT MAKE SEPARATE **INDIVIDUAL** POSTS ASKING:

* what to buy or sell,
* or what bank to buy,
* or what insurance to buy,
* yo share kati samma mathi jancha hola
* IPO ma pareko yo share kun din bechda ramro hola, ajhai 1-2 din parkhine ki nai etc.

will be deleted. Repeat violators will be banned.

Happy Investing!",1,0,2025-02-27 01:15:32+00:00,https://reddit.com/r/NepalStock/comments/1iz3tw4/market_weekend_discussion_thursday_feb_27/,Yo Kinda Kaso Hola
NepalStock,1iypyf9,It's not just me right? Birthday email from capital.,GuleliMaDingleberry,,1,0,2025-02-26 15:22:27+00:00,https://reddit.com/r/NepalStock/comments/1iypyf9/its_not_just_me_right_birthday_email_from_capital/,Memes/Fun/Laughs
NepalStock,1iyozwx,NLIC ko cash dividend distribute bhaisakeko ho,Arockstar11,,2,2,2025-02-26 14:39:52+00:00,https://reddit.com/r/NepalStock/comments/1iyozwx/nlic_ko_cash_dividend_distribute_bhaisakeko_ho/,Bonus Share/Dividend
NepalStock,1iyncqf,need help on odd lot sell,Legitimate-You-3024,,1,0,2025-02-26 13:20:47+00:00,https://reddit.com/r/NepalStock/comments/1iyncqf/need_help_on_odd_lot_sell/,Advice
NepalStock,1iynbw4,need help on odd lot sell,Legitimate-You-3024,,1,0,2025-02-26 13:19:37+00:00,https://reddit.com/r/NepalStock/comments/1iynbw4/need_help_on_odd_lot_sell/,IPO/FPO
NepalStock,1iykyvi,Multiple SIPs in multiple banks or in same bank? Which is more profitable in the long run?,Keeper-Name_2271,"I've 3.5K/month SIP in NIMB and looking to invest another 2-3K per month in SIP. What'd be the best SIP to invest? Same bank? Or in a different bank? Btw, do I get yearly dividends on SIP?",1,0,2025-02-26 11:00:01+00:00,https://reddit.com/r/NepalStock/comments/1iykyvi/multiple_sips_in_multiple_banks_or_in_same_bank/,Mutual Funds
NepalStock,1iyj0v4,Wrong BOID in NIBLSF Sip. (Quick Response Pls),TheGoodlyBad,,0,4,2025-02-26 08:36:34+00:00,https://reddit.com/r/NepalStock/comments/1iyj0v4/wrong_boid_in_niblsf_sip_quick_response_pls/,Demat/MeroShare
NepalStock,1iybhcn,"Daily Discussion Thread (Wednesday - Feb 26, 2025)",AutoModerator,"Use this post to discuss what to buy/sell/trade/avoid/watch today and in the coming days.

As always, the rules still apply.

**Have a TMS or Meroshare issue? Query about EDIS or collateral? Ask here instead of creating another thread. All queries regarding TMS, MeroShare, Broker issues, EDIS, Settlement and Payments should be asked here.** &gt;!DO NOT create another post.!&lt;

BEGINNER? [**Go here first!**](https://www.reddit.com/r/NepalStock/wiki/beginners-guide)

DO NOT MAKE SEPARATE **INDIVIDUAL** POSTS ASKING:

* what to buy or sell,
* or what bank to buy,
* or what insurance to buy,
* yo share kati samma mathi jancha hola
* IPO ma pareko yo share kun din bechda ramro hola, ajhai 1-2 din parkhine ki nai etc.

will be deleted. Repeat violators will be banned.

Happy Investing!",1,0,2025-02-26 01:15:39+00:00,https://reddit.com/r/NepalStock/comments/1iybhcn/daily_discussion_thread_wednesday_feb_26_2025/,Yo Kinda Kaso Hola
NepalStock,1iyb9tk,Nic bank account problem,Tough-Bit-6515,"Maili nic Asia bank ko khata itahari branch bata banako
mobile banking pani.. tara aile abroad ma xu ani tyo
mobile app bata poisa transfer nai garna mildaina.. poisa
ta hale nikalnai mili ra xoina.. poisa freeze nai vaye jasto.
ani email bata sodyo vkyc ki link dinxa.. ani apply garo 5
minute wait line ma rakhxa ani busy vanxa ani same
busy….. fed up vai sake... anyone knows nic asia bank ko
agent so i can talk to them through whats app or
any????? Thank you for your repli",1,0,2025-02-26 01:05:22+00:00,https://reddit.com/r/NepalStock/comments/1iyb9tk/nic_bank_account_problem/,Market
NepalStock,1ixzrex,शिवताण्डवस्तोत्र | जय शम्भो,withZen,,1,1,2025-02-25 16:58:06+00:00,https://reddit.com/r/NepalStock/comments/1ixzrex/शवतणडवसततर_जय_शमभ/,Misc
NepalStock,1ixy99m,How to?? invest as a student and a beginner,Otherwise-Beat-118,I have around 1 lakh to invest in share and im a total beginning so.... How should i enter the market,1,0,2025-02-25 15:55:40+00:00,https://reddit.com/r/NepalStock/comments/1ixy99m/how_to_invest_as_a_student_and_a_beginner/,Market
NepalStock,1ixx4t2,"Fellowmen, What is your take on monetary policy review.",Limp_Inflation1247,"I went through the monetary policy review, malai chai thikai nai lagyo ... aba monetary policy review radical changes ta hudaina obviously. Yetti ko flexibility le market lai ramrai aid garna parne ho tetti babbalai push nagarene aaile market le face garirako resistance lai break garyo vane vainai halyo ... aba ghatne khasai aadhar ni xaina, so are we positive?",1,0,2025-02-25 15:07:26+00:00,https://reddit.com/r/NepalStock/comments/1ixx4t2/fellowmen_what_is_your_take_on_monetary_policy/,Economy
NepalStock,1ixvmz6,Need Advice regarding Investment,Significant-Set-906,"I don't know much about Share market as I just started applying for IPO/FPOs being a student. Out of 17, 3 allocated (VLUCL, SNLI, Mahuli). 

Now, I want to invest as I have 1 lakh from my own side hustle. Passive income ni his alikati knowledge ni his, aafno kharcha ni garna sakiyos bhanera. Don't know how to start. Do you have any suggestions for me? Each and every advice are appreciated. Thank you!",1,0,2025-02-25 14:00:15+00:00,https://reddit.com/r/NepalStock/comments/1ixvmz6/need_advice_regarding_investment/,Market
NepalStock,1ixs2ys,What percentage of profit is good??!,Dry_Refrigerator903,"So i am new to stock market and i learned technical analysis detailly and i have been in profit(Although i have not done profit of a very large margin) i bought pfl at 381 and it is still in profit but before it was on (25%) profit but i decided not to sell it and now it is at (17%) but the volume of it has dried up and finanxe generally is in support zone so i am still holding it .....how to decide generally when to take profit to maximize it???? 
Any suggestions would be appreciated!",1,0,2025-02-25 10:38:23+00:00,https://reddit.com/r/NepalStock/comments/1ixs2ys/what_percentage_of_profit_is_good/,Market
NepalStock,1ixlmpj,Sanjog Koirala’s Money Mitra,creepyblackguyy,Is Money Mitra’s premium subscription really worth it??,1,0,2025-02-25 03:37:21+00:00,https://reddit.com/r/NepalStock/comments/1ixlmpj/sanjog_koiralas_money_mitra/,Advice
NepalStock,1ixir0r,"Daily Discussion Thread (Tuesday - Feb 25, 2025)",AutoModerator,"Use this post to discuss what to buy/sell/trade/avoid/watch today and in the coming days.

As always, the rules still apply.

**Have a TMS or Meroshare issue? Query about EDIS or collateral? Ask here instead of creating another thread. All queries regarding TMS, MeroShare, Broker issues, EDIS, Settlement and Payments should be asked here.** &gt;!DO NOT create another post.!&lt;

BEGINNER? [**Go here first!**](https://www.reddit.com/r/NepalStock/wiki/beginners-guide)

DO NOT MAKE SEPARATE **INDIVIDUAL** POSTS ASKING:

* what to buy or sell,
* or what bank to buy,
* or what insurance to buy,
* yo share kati samma mathi jancha hola
* IPO ma pareko yo share kun din bechda ramro hola, ajhai 1-2 din parkhine ki nai etc.

will be deleted. Repeat violators will be banned.

Happy Investing!",1,0,2025-02-25 01:15:28+00:00,https://reddit.com/r/NepalStock/comments/1ixir0r/daily_discussion_thread_tuesday_feb_25_2025/,Yo Kinda Kaso Hola
NepalStock,1ix2wlb,AI/ML Trader Looking to Make a Group of Traders [ Read full before you judge ],Mobile-Coast2474,"Okay, before any of you keyboard warrior start firing your responses, please read the whole thing.

I'm a coder, investor, ML enthusiast and full time NEPSE trader since a long time and invest a good amount in the market ( usually 8-9 figures) and been profitably trading in the market.

I've developed quite a lot of ML and python algorithms in NEPSE and they have been working quite well &gt; 70% accuracy long term to the point that I am ready to make it public.

I wanted to build a website for this but because of the nature of these things, the moment i make it all public and too many people use it, the edge will be lost and i will get a lot of attention as well.

Therefore...

I'm looking to create a vip mastermind group where other very serious traders can join in, if any ML enthusiasts here they can join in too and trade stocks together.

Now, before you say I am doing a pump and dump scheme, afno kitta bechna lai vaneko bla bla.

Here's the reason why i want this group:

\- AI generates a lot of signals daily, its virtually impossible for me to trade on those signals alone. And tbh, even if all of this reddit bought my stocks, it won't be enough to liquidate my positions at a given time.

\- I am a full time trader and i want side income. So if some of you can profit from my signals while i trade and on the side pay me a fee, its a good side income for me too that i can use to do other stuff in life. 

\- This group is not going to be FREE. The moment you will make your first good trade, you will pay me monthly fee for using my bots. You can even use your money from your profit to do that, thats the whole point of the group. The membership will start somewhere around 30-50k a month. Yes, 50k a month, thats how confident I am about my system.

\- Each day/week AI will generate trades, there will be alerts to buy, and you can use them in your daily trading journey. Start with a very small amount, whatever risk you can handle.

  
The idea is to have an elite group of 100-200 traders only who are serious about making money in NEPSE using all the latest high-tech algorithms.  
  
**To everyone else who will ask for my credibility, proof etc:**

I really don't care about you guys. You'll believe any baba on youtube, tiktok who claim to be a trader and waste millions. Good for you. 

My value proposition is simple, you've listened to many people before, listen to me once and give this a try too. If it works for you stick around, if not, then don't.

Simple, like trading should always be.  
  
I'm planning to take in a group of people first, then filter them out by personally speaking to each one of them and seeing how serious they are.

We'll do this for a week and then have our final group.",1,0,2025-02-24 14:10:43+00:00,https://reddit.com/r/NepalStock/comments/1ix2wlb/aiml_trader_looking_to_make_a_group_of_traders/,Market
NepalStock,1ix09de,Regarding SHPC bonus shares,DeDumbDumbKiddo87,"Bonus shares have been listen into NEPSE on 14th Feb. Until now, I haven't received the bonus shares on my account. Am I missing something out or do I gotta wait more?",1,0,2025-02-24 11:51:19+00:00,https://reddit.com/r/NepalStock/comments/1ix09de/regarding_shpc_bonus_shares/,Bonus Share/Dividend
NepalStock,1ix02s3,SHPC bonus shares inquiry,DeDumbDumbKiddo87,Anyone knows when SHPC bonus shares will be deposited into meroshare? Or am I missing something ? It's been weeks since book closure date. I've checked sharesansar and there's no information regarding bonus shares.,1,0,2025-02-24 11:39:47+00:00,https://reddit.com/r/NepalStock/comments/1ix02s3/shpc_bonus_shares_inquiry/,Market
NepalStock,1iwype0,GoFundMe in Nepal ???,[deleted],,0,0,2025-02-24 10:07:00+00:00,https://reddit.com/r/NepalStock/comments/1iwype0/gofundme_in_nepal/,Misc
NepalStock,1iwyf13,How many of you trade memcoins??,StandardNo4973,Guys is trading memecoin also illegal in here i am new in here.Kanye west was saying he will launch his memecoin in this week so i just wanted to know if it's legal or what.,1,0,2025-02-24 09:47:21+00:00,https://reddit.com/r/NepalStock/comments/1iwyf13/how_many_of_you_trade_memcoins/,Market
NepalStock,1iwybcu,Union hydropower limited,Solid_Winter_3529,Unhpl kinda huncha hai everyone charts haru rest grne Manche haina Tara yo share chai mero chineko uncle le ho badaune screenshot garera rakha,1,0,2025-02-24 09:39:54+00:00,https://reddit.com/r/NepalStock/comments/1iwybcu/union_hydropower_limited/,Market
NepalStock,1iwvjeb,CLI worth keeping? Decision in dilema,Dazzling_Guidance61,25+ percent share diyexa bonus. is it worth to keep the share now? Maybe not? Almost all time high ho raixa aile. Keep or move to other old legends like asian or nepal?,1,0,2025-02-24 06:24:00+00:00,https://reddit.com/r/NepalStock/comments/1iwvjeb/cli_worth_keeping_decision_in_dilema/,Market
NepalStock,1iwupzf,GMLI- Guardian Micro Insurance. How much do you think it'll go in this run.,dark__knightt,"Personally i was about to sell it once selling pressure increases but we can see it's clearly backed by big player. Now i am thinking of holding for 1 more month or so. there was demand of 8 lakhs share until 8 minutes and it reached 24 lakhs within second. so if you have shares from IPO give it a thought, it has really few shares outstanding.",1,0,2025-02-24 05:31:33+00:00,https://reddit.com/r/NepalStock/comments/1iwupzf/gmli_guardian_micro_insurance_how_much_do_you/,IPO/FPO
NepalStock,1iwpziu,"Daily Discussion Thread (Monday - Feb 24, 2025)",AutoModerator,"Use this post to discuss what to buy/sell/trade/avoid/watch today and in the coming days.

As always, the rules still apply.

**Have a TMS or Meroshare issue? Query about EDIS or collateral? Ask here instead of creating another thread. All queries regarding TMS, MeroShare, Broker issues, EDIS, Settlement and Payments should be asked here.** &gt;!DO NOT create another post.!&lt;

BEGINNER? [**Go here first!**](https://www.reddit.com/r/NepalStock/wiki/beginners-guide)

DO NOT MAKE SEPARATE **INDIVIDUAL** POSTS ASKING:

* what to buy or sell,
* or what bank to buy,
* or what insurance to buy,
* yo share kati samma mathi jancha hola
* IPO ma pareko yo share kun din bechda ramro hola, ajhai 1-2 din parkhine ki nai etc.

will be deleted. Repeat violators will be banned.

Happy Investing!",1,0,2025-02-24 01:15:29+00:00,https://reddit.com/r/NepalStock/comments/1iwpziu/daily_discussion_thread_monday_feb_24_2025/,Yo Kinda Kaso Hola
NepalStock,1iwowih,Which broker does Dipendra Agarwal use?,Relative-Ideal-947,Kun broker hola.,1,0,2025-02-24 00:21:46+00:00,https://reddit.com/r/NepalStock/comments/1iwowih/which_broker_does_dipendra_agarwal_use/,Broker
NepalStock,1iwfnsv,Need help with stock exchanges,whatever9669,,1,0,2025-02-23 17:40:33+00:00,https://reddit.com/r/NepalStock/comments/1iwfnsv/need_help_with_stock_exchanges/,Advice
NepalStock,1iwe9oc,Atti confusion vayo k garam ma,Deep_Internal_4262,So as a student vachelor tyo ni day ko kunei source of income hunna tei ni ali lai jamma garera trade gartjiye hoina aaja ko market bhujera bihana broker sanga colletral mageko vroker le hamro maa non cash ko favility xaina vandiyo aba arko broker maa kholeko xu non cash paauna ali ali transcation garnu parxa vanxan aba k garne as ma sanga capital xaina aahile lai,1,0,2025-02-23 16:41:37+00:00,https://reddit.com/r/NepalStock/comments/1iwe9oc/atti_confusion_vayo_k_garam_ma/,Broker
NepalStock,1iwb8uq,Is selling share from foreign employment account and normal account same?,BitAromatic306,I just recently made my foreign remittance account from Nabil bank and have been allotted an ipo so now I want to sell that ipo and just want to know that if I sell it does the selling amount come to foreign employment account or not?,1,0,2025-02-23 14:24:44+00:00,https://reddit.com/r/NepalStock/comments/1iwb8uq/is_selling_share_from_foreign_employment_account/,IPO/FPO
NepalStock,1iw9qvb,BANKING SUB-INDEX RISK REWARD,AmateurInvestorNepal,"https://preview.redd.it/vpdjyrt31wke1.png?width=1810&amp;format=png&amp;auto=webp&amp;s=e196a6f68a4a8a5f4e0bacd8b311f6c4de2777a5

  
The Banking subindex is good for a long position because the **ABC correction appears complete**, and the price is **bouncing off strong trendline support** within a larger bullish channel, indicating a potential uptrend. Additionally, the **risk-reward ratio is favorable**, with limited downside and strong upside potential.  
**Disclaimer**: Educational purpose only.",1,0,2025-02-23 13:07:33+00:00,https://reddit.com/r/NepalStock/comments/1iw9qvb/banking_subindex_risk_reward/,Technical Analysis
NepalStock,1iw90d4,ILBS technical analysis,[deleted],,1,1,2025-02-23 12:24:55+00:00,https://reddit.com/r/NepalStock/comments/1iw90d4/ilbs_technical_analysis/,Market
NepalStock,1iw8zid,"Please give me recommendations on this chart analysis, am I doing something wrong?",Zedyyy09,,1,1,2025-02-23 12:23:28+00:00,https://reddit.com/r/NepalStock/comments/1iw8zid/please_give_me_recommendations_on_this_chart/,Technical Analysis
NepalStock,1iw6hlk,"HEI-5 kitta ,NBL-3 kitta, SBI-1kitta sell",withpeople,,1,0,2025-02-23 09:33:50+00:00,https://reddit.com/r/NepalStock/comments/1iw6hlk/hei5_kitta_nbl3_kitta_sbi1kitta_sell/,Memes/Fun/Laughs
NepalStock,1iw4gvf,How many of you are earning good from Nepali stock market and how.,Fair_Opening2954,"Need some honest experience so that i can also invest some.  
Thanks!!",1,0,2025-02-23 07:10:02+00:00,https://reddit.com/r/NepalStock/comments/1iw4gvf/how_many_of_you_are_earning_good_from_nepali/,Advice
NepalStock,1iw2p5x,Are we Expecting Massive Red Today ?,LegitimateApricot790,Yeah That’s the Question. I think we might see some selloff but later part of market will be Interesting.,1,0,2025-02-23 05:14:57+00:00,https://reddit.com/r/NepalStock/comments/1iw2p5x/are_we_expecting_massive_red_today/,Market
NepalStock,1iw2690,SOLD MY SHARES STILL NOT GOT FUND,CommunicationHot9904,had sold my first shares on tues or wed last week but still haven't got the fund.when and where will i get that fund. will it be loaded on collateral or bank account? should i contact broker??,1,0,2025-02-23 04:43:36+00:00,https://reddit.com/r/NepalStock/comments/1iw2690/sold_my_shares_still_not_got_fund/,Trading/Settlement/Payment
NepalStock,1ivyccq,"Daily Discussion Thread (Sunday - Feb 23, 2025)",AutoModerator,"Use this post to discuss what to buy/sell/trade/avoid/watch today and in the coming days.

As always, the rules still apply.

**Have a TMS or Meroshare issue? Query about EDIS or collateral? Ask here instead of creating another thread. All queries regarding TMS, MeroShare, Broker issues, EDIS, Settlement and Payments should be asked here.** &gt;!DO NOT create another post.!&lt;

BEGINNER? [**Go here first!**](https://www.reddit.com/r/NepalStock/wiki/beginners-guide)

DO NOT MAKE SEPARATE **INDIVIDUAL** POSTS ASKING:

* what to buy or sell,
* or what bank to buy,
* or what insurance to buy,
* yo share kati samma mathi jancha hola
* IPO ma pareko yo share kun din bechda ramro hola, ajhai 1-2 din parkhine ki nai etc.

will be deleted. Repeat violators will be banned.

Happy Investing!",1,0,2025-02-23 01:15:29+00:00,https://reddit.com/r/NepalStock/comments/1ivyccq/daily_discussion_thread_sunday_feb_23_2025/,Yo Kinda Kaso Hola
NepalStock,1ivet48,financial aid needed ..,xyxoxoxy,Hi..im desperately trying to buy the new Complete Solution book for CEE..i got 2k..1400 from the family and 600 i earned from doing menial jobs..im still 300 rs short as the book costs 2300…if anyone could PLEASE help me out via esewa 🙏🏻,1,0,2025-02-22 09:10:55+00:00,https://reddit.com/r/NepalStock/comments/1ivet48/financial_aid_needed/,Misc
NepalStock,1ivep03,financial help needed,xyxoxoxy,,1,0,2025-02-22 09:02:17+00:00,https://reddit.com/r/NepalStock/comments/1ivep03/financial_help_needed/,Misc
NepalStock,1iuulif,What is the Grey List? How Serious is it for Nepal? A Brief Overview,AmateurInvestorNepal,"# Nepal has been placed on the Grey List of the Financial Action Task Force (FATF). In a recent meeting held in Paris, FATF decided to keep Nepal on the Grey List for the next two years. Nepal had previously been on the Grey List from 2009 to 2014.

# What is the Grey List?

Being placed on the FATF Grey List means that a country's financial system has been identified as having weaknesses that make it difficult to combat financial crimes such as money laundering (the process of legitimizing illegally acquired money) and terrorist financing. The primary reason Nepal has been placed on the Grey List is the need for stricter legal measures to control money laundering, corruption, tax evasion, and other illegal financial activities.

# How Serious is it for Nepal?

Being on the Grey List is not entirely harmful, but it serves as a warning signal. It implies that Nepal must make its financial system more transparent and implement legal reforms in accordance with international standards. If Nepal fails to make the necessary improvements, there is a risk of being placed on the Black List in the future. This would lead international financial institutions and investors to view Nepal as a high-risk country.

Countries on the Grey List may face difficulties in attracting foreign direct investment (FDI). Foreign banks and financial institutions would also exercise extra caution when dealing with such countries, which could impact financial transactions.

# Steps Nepal Can Take to Exit the Grey List:

* Enacting stricter laws to control money laundering and terrorist financing
* Granting more authority to investigative bodies for financial crimes
* Enhancing transparency in legal procedures
* Strengthening the regulation of financial institutions and banks
* Improving systems for banks and financial institutions to report suspicious transactions
* Regulating and securing digital financial transactions
* Controlling corruption and tax evasion
* Increasing transparency in government institutions
* Taking strict action against those who evade taxes and accumulate illegal wealth
* Strengthening international cooperation and partnerships
* Working with FATF and other international bodies for necessary support and improvements
* Studying and implementing effective strategies adopted by other countries

# Examples of Countries That Successfully Exited the Grey List

Several countries have taken corrective measures to exit the FATF Grey List. Some examples include:

1. **Pakistan**
   * Pakistan was placed on the Grey List in 2018. By implementing a 30-point action plan under FATF's strict directives, including stricter monitoring of financial transactions, Pakistan successfully exited the Grey List in 2022.
2. **Botswana**
   * The African nation of Botswana was placed on the Grey List in 2018. The government improved financial regulations and established a new legal framework to combat corruption, enabling Botswana to exit the list in 2019.
3. **Singapore**
   * In the early 2000s, Singapore was found to be weak in controlling money laundering and financial crimes. However, the country adopted technological and legal reforms to enhance the transparency of its banking system. As a result, Singapore is now recognized as one of the world's safest financial hubs.
4. **Ethiopia**
   * Ethiopia was placed on the Grey List in 2017. The government strengthened its financial security system and imposed stricter regulations on banks and financial institutions. This helped Ethiopia meet international standards and exit the Grey List in 2019.

# Black List: The Most Dangerous Scenario

Being placed on the Black List indicates that a country has completely failed to control financial crimes. In such cases, international banks and investors hesitate to engage with those countries.

Currently, the major countries on FATF’s Black List include:

* **North Korea** – Due to money laundering and illegal financial activities.
* **Iran** – Due to terrorist financing and lack of financial transparency.

# An Opportunity for Nepal to Improve

Nepal’s inclusion in the Grey List is a signal that economic and diplomatic improvements are needed. If Nepal takes the necessary corrective steps, it can strengthen its position in the international financial system. By adopting the right strategies, Nepal can not only exit the Grey List but also enhance financial stability and attract foreign investments.",1,0,2025-02-21 16:14:13+00:00,https://reddit.com/r/NepalStock/comments/1iuulif/what_is_the_grey_list_how_serious_is_it_for_nepal/,Economy
NepalStock,1iumzdn,Nepal listed in FATF grey list for the second time,Uzumakinaruto470,What do you think will be the impact on nepse on Sunday??,1,0,2025-02-21 09:27:28+00:00,https://reddit.com/r/NepalStock/comments/1iumzdn/nepal_listed_in_fatf_grey_list_for_the_second_time/,Market
NepalStock,1iumi5j,Nabil averaging is this good time as prices are as low as of now,Ordinary-Junket8846,"Nabil was one of the golden pick in nepse bit lately things are looking beefy 
Should I average or exit once and for all 
I entered nabil in 2021",1,0,2025-02-21 08:52:46+00:00,https://reddit.com/r/NepalStock/comments/1iumi5j/nabil_averaging_is_this_good_time_as_prices_are/,Market
NepalStock,1ium3fg,NEPSE BPCL next big thing flying high cons/pros discussion,Ordinary-Junket8846,"Butwal power company ltd 
Any valuable insights for this valuable script",1,0,2025-02-21 08:22:29+00:00,https://reddit.com/r/NepalStock/comments/1ium3fg/nepse_bpcl_next_big_thing_flying_high_conspros/,Market
NepalStock,1iuipfu,"Pro traders, review this chart and give suggestions.",DaisyCharm_1,"Mero analysis herdinu na. I also have some questions: 
1. Support, resistance mark garda Small time frame lai manera gareko kattiko valid hunxa ? 
2. MACD ra RSI small time frame ko lagi valid hunxa ki day ko lagi matra ho? 
3. Refer to image 3, eha 627-611, 5 min ma 103k kitta karobar bhaxa, yo bhaneko sale volume ho?
4. Bholi k hunxa or few days ma k hunxa bhanera kasari predict garne?",1,0,2025-02-21 04:43:00+00:00,https://reddit.com/r/NepalStock/comments/1iuipfu/pro_traders_review_this_chart_and_give_suggestions/,Technical Analysis
NepalStock,1itz905,Khyasaa hunxa ki k ho,NoRecognition6491,"Hathy rakheko 1525 ma cancel garna birsexu 
Account ma ni aayexa ani stock price ni gatexa.",0,6,2025-02-20 14:06:41+00:00,https://reddit.com/r/NepalStock/comments/1itz905/khyasaa_hunxa_ki_k_ho/,Market
NepalStock,1ityljo,I want learn about share market,PhilosophyLast8497,Any suggestions?,1,0,2025-02-20 13:34:45+00:00,https://reddit.com/r/NepalStock/comments/1ityljo/i_want_learn_about_share_market/,Market
NepalStock,1ituuag,new to selling.buying,Additional-Gift8296,"yo maile tms bata share sell garna aateko bela ,buy or sell jata lagda pani tyo dashboard blur aauncha kina hola,3 baje pachi blur hune hora ki k ho ,maile 3:15 tira gareko thiye tara teha green light ta baleko thiyo ,yt tutorials herera gareko first time ipo sell garna aateko , please anyone alikati help gardinu",1,0,2025-02-20 09:42:54+00:00,https://reddit.com/r/NepalStock/comments/1ituuag/new_to_sellingbuying/,IPO/FPO
NepalStock,1itr9hf,Dmate ko user id tha poune time?,Hot-Conversation2318,Like sanima bank ma user id crn number haru birsyo tha pounu paryo vanera tya gayerai form vari sakyo still vako xaina houuuu normally kati days lagxa ? Ki tya alc banako vaye pani aaru bank bata hernu milxa? Ig 1week badhi vayo,1,0,2025-02-20 05:37:19+00:00,https://reddit.com/r/NepalStock/comments/1itr9hf/dmate_ko_user_id_tha_poune_time/,Demat/MeroShare
NepalStock,1itmbi9,"Market Weekend Discussion (Thursday Feb 20 - Saturday Feb 22, 2025)",AutoModerator,"Use this post to discuss what to buy/sell/trade/avoid/watch this weekend and in the coming days.

As always, the rules still apply.

**Have a TMS or Meroshare issue? Query about EDIS or collateral? Ask here instead of creating another thread. All queries regarding TMS, MeroShare, Broker Issues, EDIS, Settlement and Payments should be asked here.** DO NOT create another post.

BEGINNER? [**Go here first!**](https://www.reddit.com/r/NepalStock/wiki/beginners-guide)

DO NOT MAKE SEPARATE **INDIVIDUAL** POSTS ASKING:

* what to buy or sell,
* or what bank to buy,
* or what insurance to buy,
* yo share kati samma mathi jancha hola
* IPO ma pareko yo share kun din bechda ramro hola, ajhai 1-2 din parkhine ki nai etc.

will be deleted. Repeat violators will be banned.

Happy Investing!",2,1,2025-02-20 01:15:29+00:00,https://reddit.com/r/NepalStock/comments/1itmbi9/market_weekend_discussion_thursday_feb_20/,Yo Kinda Kaso Hola
NepalStock,1it6gf4,GB IME BONUS SHARE BAREMA,GPS-1625,"Yo gbime ko bonus lina maile total 27 rs jati tirna parne bhayexha.. aba tyo tirna bank ta janna hola tara online tirda 11 rs charge pani pay garna parne raxa k ho yesto ta, dukha pani kati deko ho manche lai bonus naliyos bhanerw ta holane... ki k ho bujham na koile malai process.",1,0,2025-02-19 14:15:23+00:00,https://reddit.com/r/NepalStock/comments/1it6gf4/gb_ime_bonus_share_barema/,Trading/Settlement/Payment
NepalStock,1it1ils,ANY SUGGESTIONS ON SIP SELECTION?,AdSlight7650,,0,1,2025-02-19 09:25:47+00:00,https://reddit.com/r/NepalStock/comments/1it1ils/any_suggestions_on_sip_selection/,IPO/FPO
NepalStock,1it0uy1,"A must read: ६४ कम्पनीको बुक भ्याल्यू १०० रुपैयाँभन्दा कम तर सेयर भाउ ३२ सय रुपैयाँसम्म, ३६ वटा घाटामै, के लगानीकर्ताले विवेक पुर्याएका छन् त ?",WhiteShariah,"६४ कम्पनीको बुक भ्याल्यू १०० रुपैयाँभन्दा कम तर सेयर भाउ ३२ सय रुपैयाँसम्म, ३६ वटा घाटामै, के लगानीकर्ताले विवेक पुर्याएका छन् त ?

https://www.nepalipaisa.com/news-detail/78874 


Do suggest a proper flair. I don’t see any suitable one so I picked the closest one.",0,13,2025-02-19 08:38:05+00:00,https://reddit.com/r/NepalStock/comments/1it0uy1/a_must_read_६४_कमपनक_बक_भयलय_१००_रपयभनद_कम_तर_सयर/,Fundamental Analysis
NepalStock,1iszl3z,To whomever it may concern,WhiteShariah,"Do not sell your stock on Thursday.  Let’s fuck with these short term “players”. 
Let us chase these cancer away from the market.",3,11,2025-02-19 07:06:54+00:00,https://reddit.com/r/NepalStock/comments/1iszl3z/to_whomever_it_may_concern/,Memes/Fun/Laughs
NepalStock,1ist2x2,Looking for trading friends,Your_very_own,"Hi! I’ve been looking for friends to trade with. I have been trading NEPSE and options market(in the US) since 7 years now. I had been trading alone for the majority of the period which i have been enjoying but it would be better if I had a group of people to discuss ideas with. That would add fun to the process and would refine the execution even more. So if anyone’s interested to trade in a group(in either of those markets), send me a text. Let’s trade together.",1,0,2025-02-19 01:17:30+00:00,https://reddit.com/r/NepalStock/comments/1ist2x2/looking_for_trading_friends/,Market
NepalStock,1ist1db,"Daily Discussion Thread (Wednesday - Feb 19, 2025)",AutoModerator,"Use this post to discuss what to buy/sell/trade/avoid/watch today and in the coming days.

As always, the rules still apply.

**Have a TMS or Meroshare issue? Query about EDIS or collateral? Ask here instead of creating another thread. All queries regarding TMS, MeroShare, Broker issues, EDIS, Settlement and Payments should be asked here.** &gt;!DO NOT create another post.!&lt;

BEGINNER? [**Go here first!**](https://www.reddit.com/r/NepalStock/wiki/beginners-guide)

DO NOT MAKE SEPARATE **INDIVIDUAL** POSTS ASKING:

* what to buy or sell,
* or what bank to buy,
* or what insurance to buy,
* yo share kati samma mathi jancha hola
* IPO ma pareko yo share kun din bechda ramro hola, ajhai 1-2 din parkhine ki nai etc.

will be deleted. Repeat violators will be banned.

Happy Investing!",1,0,2025-02-19 01:15:31+00:00,https://reddit.com/r/NepalStock/comments/1ist1db/daily_discussion_thread_wednesday_feb_19_2025/,Yo Kinda Kaso Hola
NepalStock,1isqu4f,WAKE UP MONSTERRRR.... Sleeping monster.,OpeningGlass6367,https://preview.redd.it/au9peb0xgzje1.png?width=1335&amp;format=png&amp;auto=webp&amp;s=43313db28cae02234d9a9b6e4db8ffdaeccc4a41,1,0,2025-02-18 23:37:46+00:00,https://reddit.com/r/NepalStock/comments/1isqu4f/wake_up_monsterrrr_sleeping_monster/,Market
NepalStock,1isqt1o,Upper is a sleeping monster ....This monster wakes up and runs long.,OpeningGlass6367,https://preview.redd.it/hsggivllgzje1.png?width=1335&amp;format=png&amp;auto=webp&amp;s=a9647d59cac5073b81cef56a6d40794375fae060,1,0,2025-02-18 23:36:29+00:00,https://reddit.com/r/NepalStock/comments/1isqt1o/upper_is_a_sleeping_monster_this_monster_wakes_up/,Market
NepalStock,1isdbnn,Sold All My Holdings Today,Objective-Region3079,"Many YouTubers, Telegram, and WhatsApp groups seem to be bullish, but I personally believe the market is showing signs of being bearish. With a volume of 10 Arba today, I feel selling rather than buying is the right holiday on wednesday  and thursday  seems to be more bearish rather other day as always so today is the right day for me as I believe . Although the Nepse closed with a green candle, I don’t see strength in the market.FATF news, coming this 9th or 10th falgun and hoping Governer speech this friday I believe Nepal is likely to be grey-listed, especially after the economic minister, governor, and PM openly discussed it. This could lead to intitutions and retailers  clearing their some of the holdings. I plan to stay away from the market next week, as I expect more volatility and bearish movement. With no updates in the monetary policy review, I think the market will continue bearish, though it may become bullish towards the end of the governor's term. 
 Your opinion  is appreciated and thanks me later ??
🤔🤔🤐🤐",1,0,2025-02-18 14:01:26+00:00,https://reddit.com/r/NepalStock/comments/1isdbnn/sold_all_my_holdings_today/,Market
NepalStock,1isb5dy,Lecture on Trading analysis,Then_File_602,Does anyone have recorded video of Trading analysis ?,1,0,2025-02-18 12:03:54+00:00,https://reddit.com/r/NepalStock/comments/1isb5dy/lecture_on_trading_analysis/,Economy
NepalStock,1is36pg,"Are Banks cooking the books? If just NRB strictness yields these results, asset quality review by IMF and international auditor will show fireworks.",Direct_Today8894,,1,0,2025-02-18 03:26:25+00:00,https://reddit.com/r/NepalStock/comments/1is36pg/are_banks_cooking_the_books_if_just_nrb/,Market
NepalStock,1is0kka,"Daily Discussion Thread (Tuesday - Feb 18, 2025)",AutoModerator,"Use this post to discuss what to buy/sell/trade/avoid/watch today and in the coming days.

As always, the rules still apply.

**Have a TMS or Meroshare issue? Query about EDIS or collateral? Ask here instead of creating another thread. All queries regarding TMS, MeroShare, Broker issues, EDIS, Settlement and Payments should be asked here.** &gt;!DO NOT create another post.!&lt;

BEGINNER? [**Go here first!**](https://www.reddit.com/r/NepalStock/wiki/beginners-guide)

DO NOT MAKE SEPARATE **INDIVIDUAL** POSTS ASKING:

* what to buy or sell,
* or what bank to buy,
* or what insurance to buy,
* yo share kati samma mathi jancha hola
* IPO ma pareko yo share kun din bechda ramro hola, ajhai 1-2 din parkhine ki nai etc.

will be deleted. Repeat violators will be banned.

Happy Investing!",1,0,2025-02-18 01:15:28+00:00,https://reddit.com/r/NepalStock/comments/1is0kka/daily_discussion_thread_tuesday_feb_18_2025/,Yo Kinda Kaso Hola
NepalStock,1is0il9,NepseAlpha's PE ratios are wrong,MellowKatha,Can anyone confirm whether Nepsealpha's fundamental listing has accurate info?,1,0,2025-02-18 01:12:49+00:00,https://reddit.com/r/NepalStock/comments/1is0il9/nepsealphas_pe_ratios_are_wrong/,Softwares
NepalStock,1iroqmm,Has NABIL bank provided the cash dividend or is it yet to come for FY 2080/2081,Arockstar11,Nabil bank had announced 10% cash dividend but it is yet to be credited in my bank account. If you do know please tell,1,0,2025-02-17 17:05:27+00:00,https://reddit.com/r/NepalStock/comments/1iroqmm/has_nabil_bank_provided_the_cash_dividend_or_is/,Bonus Share/Dividend
NepalStock,1iromkv,Want to know about stock market!,suntaro08,I need help from you guy to understand about stock market how does it works from the start so please provide me best blogs or YouTube videos that can help me to gain knowledge from the beginning....,1,0,2025-02-17 17:01:06+00:00,https://reddit.com/r/NepalStock/comments/1iromkv/want_to_know_about_stock_market/,Advice
NepalStock,1irnez2,"Analyse garna try gareko xu, herera feedback dinu hola🙏",DaisyCharm_1,"My prediction: bholi bata ghatxa, because we can see seller pressure at resistance.",1,1,2025-02-17 16:11:20+00:00,https://reddit.com/r/NepalStock/comments/1irnez2/analyse_garna_try_gareko_xu_herera_feedback_dinu/,Technical Analysis
NepalStock,1irji57,newbie stock exchange,kaloghoda-,"maile ipo matra  varney gareko xu, 2 barsa dekhi, 2 ota matra pareko xa....
ma bujna chahanxu stock ko barey, k k hunxa kasari hunxa vanera purai details ma ..yesko sabai terms haru Matlab Sabai....

maile ka bata sikna sakxu hola yi sabai kuraharu,
 kun kura bata suru garam , kramasa,... 
yaha rahanuvayeka diggaj buddhijubiharule vandinu paryo..
dhanyebad",1,0,2025-02-17 13:11:40+00:00,https://reddit.com/r/NepalStock/comments/1irji57/newbie_stock_exchange/,Advice
NepalStock,1ird7z7,Help post about share,Ok_Actuator3946,,1,0,2025-02-17 06:07:30+00:00,https://reddit.com/r/NepalStock/comments/1ird7z7/help_post_about_share/,Trading/Settlement/Payment
NepalStock,1ird34h,How to Pay GBIME Bonus Share  Tax ?,Dependent-Ranger4962,How to Pay GBIME Bonus Share Tax ?,1,0,2025-02-17 05:59:26+00:00,https://reddit.com/r/NepalStock/comments/1ird34h/how_to_pay_gbime_bonus_share_tax/,Bonus Share/Dividend
NepalStock,1irblh8,"Which stock shall i buy for approx.15k ,hold it for 10+ year",[deleted],,1,6,2025-02-17 04:30:05+00:00,https://reddit.com/r/NepalStock/comments/1irblh8/which_stock_shall_i_buy_for_approx15k_hold_it_for/,Market
NepalStock,1ir802y,"Daily Discussion Thread (Monday - Feb 17, 2025)",AutoModerator,"Use this post to discuss what to buy/sell/trade/avoid/watch today and in the coming days.

As always, the rules still apply.

**Have a TMS or Meroshare issue? Query about EDIS or collateral? Ask here instead of creating another thread. All queries regarding TMS, MeroShare, Broker issues, EDIS, Settlement and Payments should be asked here.** &gt;!DO NOT create another post.!&lt;

BEGINNER? [**Go here first!**](https://www.reddit.com/r/NepalStock/wiki/beginners-guide)

DO NOT MAKE SEPARATE **INDIVIDUAL** POSTS ASKING:

* what to buy or sell,
* or what bank to buy,
* or what insurance to buy,
* yo share kati samma mathi jancha hola
* IPO ma pareko yo share kun din bechda ramro hola, ajhai 1-2 din parkhine ki nai etc.

will be deleted. Repeat violators will be banned.

Happy Investing!",2,0,2025-02-17 01:15:28+00:00,https://reddit.com/r/NepalStock/comments/1ir802y/daily_discussion_thread_monday_feb_17_2025/,Yo Kinda Kaso Hola
NepalStock,1ir09nm,I thought this was a great and relevant post for this sub,locozhishi,,1,0,2025-02-16 19:28:05+00:00,https://reddit.com/r/NepalStock/comments/1ir09nm/i_thought_this_was_a_great_and_relevant_post_for/,Advice
NepalStock,1iqsihu,Mr. Market Nepse Desktop Application,Effective-Quarter-95,"Since the release of the web version of Mr. Market NEPSE, we have received a lot of concerns regarding password and security compliance. Although the web app is performing very well at the moment, some of our traders really want privacy like in the Stone Age. Worry no more—we are bringing you the desktop version of Mr. Market NEPSE. It is easy to use, faster than ever, and supports an end-to-end solution from the pre-open session to the regular market. It comes with Sell-High, Buy-High, Buy-Low, and fixed strategies. We've been testing it for a few weeks and are getting satisfactory results.

Currently, we only support Windows. Stay tuned for future updates

https://preview.redd.it/kabpmxai9ije1.png?width=1853&amp;format=png&amp;auto=webp&amp;s=d3b0dc595d66402b71ef993e703129c2686ce8b2",1,0,2025-02-16 13:45:47+00:00,https://reddit.com/r/NepalStock/comments/1iqsihu/mr_market_nepse_desktop_application/,Softwares
NepalStock,1iqowjw,Can brokers charge lower commission than sebon rate?,Safe-Leading9421,"Just curious, can nepse brokers set their commission lower than sebon rate, or is it fixed?",1,0,2025-02-16 09:47:38+00:00,https://reddit.com/r/NepalStock/comments/1iqowjw/can_brokers_charge_lower_commission_than_sebon/,Broker
NepalStock,1iqm384,GLBSL on sell-ODD LOT,[deleted],,2,3,2025-02-16 06:25:32+00:00,https://reddit.com/r/NepalStock/comments/1iqm384/glbsl_on_sellodd_lot/,Market
NepalStock,1iqgq89,"Daily Discussion Thread (Sunday - Feb 16, 2025)",AutoModerator,"Use this post to discuss what to buy/sell/trade/avoid/watch today and in the coming days.

As always, the rules still apply.

**Have a TMS or Meroshare issue? Query about EDIS or collateral? Ask here instead of creating another thread. All queries regarding TMS, MeroShare, Broker issues, EDIS, Settlement and Payments should be asked here.** &gt;!DO NOT create another post.!&lt;

BEGINNER? [**Go here first!**](https://www.reddit.com/r/NepalStock/wiki/beginners-guide)

DO NOT MAKE SEPARATE **INDIVIDUAL** POSTS ASKING:

* what to buy or sell,
* or what bank to buy,
* or what insurance to buy,
* yo share kati samma mathi jancha hola
* IPO ma pareko yo share kun din bechda ramro hola, ajhai 1-2 din parkhine ki nai etc.

will be deleted. Repeat violators will be banned.

Happy Investing!",1,0,2025-02-16 01:15:17+00:00,https://reddit.com/r/NepalStock/comments/1iqgq89/daily_discussion_thread_sunday_feb_16_2025/,Yo Kinda Kaso Hola
NepalStock,1iq5pkp,What do u guys do on weekends?,Alternative-Win-5857,Btc generally consolidates too much on weekends. Do u take trades on weekends anywhere or just simply avoid it and enjoy life once in a while.,1,0,2025-02-15 16:58:27+00:00,https://reddit.com/r/NepalStock/comments/1iq5pkp/what_do_u_guys_do_on_weekends/,Market
NepalStock,1ipzgx9,Ansu Invest Article - Anone willing to Share????????,Mission-Guarantee-31,,1,1,2025-02-15 11:30:25+00:00,https://reddit.com/r/NepalStock/comments/1ipzgx9/ansu_invest_article_anone_willing_to_share/,Misc
NepalStock,1ipz0kk,Account status frozen,scarletee,"Minor account bata individual resident ma transfer gareko ho ani renew garne time 2 years nai baki cha tara account status ACTIVE (frozen for debit) vanera dekhaucha 
Yesko matlab k ho",1,0,2025-02-15 10:57:22+00:00,https://reddit.com/r/NepalStock/comments/1ipz0kk/account_status_frozen/,Demat/MeroShare
NepalStock,1ipv2u9,Rs. 10 for your 5 minutes!,[deleted],,1,0,2025-02-15 06:01:40+00:00,https://reddit.com/r/NepalStock/comments/1ipv2u9/rs_10_for_your_5_minutes/,Misc
NepalStock,1ip9ll7,Hydro ki Bank aaile ?,IntelligentYak2617,Aaile ko situation ma 2-3 month ko lagi kinera xodne gari kun kinda thik hunxa?,1,0,2025-02-14 12:35:09+00:00,https://reddit.com/r/NepalStock/comments/1ip9ll7/hydro_ki_bank_aaile/,Trading/Settlement/Payment
NepalStock,1ip6res,Can we Invest in Cryptocurrency ?,Worldly_Respect9259,,1,0,2025-02-14 09:18:38+00:00,https://reddit.com/r/NepalStock/comments/1ip6res/can_we_invest_in_cryptocurrency/,Advice
NepalStock,1ip6fh2,Nepal lube oil (NLO ),scarletee,"Yesko shares kasaile becheko pani chaina ani dindinai buy order chai kati dherai aairako hunxa sell ma 0 ani stock price pani badeko chaina 
Why ? 
Give some insight",1,0,2025-02-14 08:54:34+00:00,https://reddit.com/r/NepalStock/comments/1ip6fh2/nepal_lube_oil_nlo/,Market
NepalStock,1ip5he1,First time buying share from secondary market,kenabki12,,1,0,2025-02-14 07:42:41+00:00,https://reddit.com/r/NepalStock/comments/1ip5he1/first_time_buying_share_from_secondary_market/,Advice
NepalStock,1ip4v4j,DEBENTURE &amp; ITS CALCULATION,Dry_Blackberry5424,"Hello, can anyone please explain how debenture scene works in Nepal  
Like for instance if I Happen to buy a debenture this Sunday then will my interest start from the buying day or same as stocks like i can get interest (all of it) if I buy just before book closing?

and tell me more about this all which you might think a beginner would not probably know.

Thanks in Advance.",1,0,2025-02-14 06:57:58+00:00,https://reddit.com/r/NepalStock/comments/1ip4v4j/debenture_its_calculation/,Debentures/Bonds
NepalStock,1ip401a,Which is the best bank for FD,wild_solti,Need a good return band with no risks . Or do anyone have better options than FD?,1,0,2025-02-14 05:59:51+00:00,https://reddit.com/r/NepalStock/comments/1ip401a/which_is_the_best_bank_for_fd/,Market
NepalStock,1iokdxz,Need Advice on Managing My Salary and Investing in Stocks,JelloKey4617,"Hey everyone, I’m 24 years old and earn 1 lakh roughly per month. This is a big shift from what I used to make, and I want to manage my finances wisely. I live with my parents, and since we own our house, I don’t have to worry about rent or food expenses. However, I’ve always been a bit careless with money, often spending extravagantly, and I know I need to get that under control.

For context: My job comes with solid benefits, including an investment trust, retirement fund, and medical fund, which helps with long-term security. I plan to retire in my early 50s or late 40s, so I want to build a strong financial base now. I have no major financial commitments, and my monthly personal expenses are around 30k. Right now, I invest 3k in an SIP but want to start a SIP on stocks (of 15k - 20k per month). However, I do not possess much knowledge about share market. From some research I have done so far, I am inclined towards long term investments with companies like Shivam, CIT, etc. in my mind.

I’d appreciate some guidance on:

1. How should I break down my salary? How much should go to savings, investments, and expenses?
2. What are some good stocks for SIP investments, excluding banks and finance companies?
3. How much should I aim to retire with? Given my situation, what’s a realistic retirement goal?

Else, you can suggest me alternatives to manage my finances in the best way possible. Thanks!",1,0,2025-02-13 14:35:58+00:00,https://reddit.com/r/NepalStock/comments/1iokdxz/need_advice_on_managing_my_salary_and_investing/,Advice
NepalStock,1ioh8p3,"everyone boasting about their winnings, let's talk about our losses",Zedyyy09,"my biggest loss is SMATA, invested around 6-7 lakhs and lost 1,3 lakhs. reason: bought a shit company at high price thinking ""bull ma correction aako share badhi haalcha ni.""",1,0,2025-02-13 11:43:23+00:00,https://reddit.com/r/NepalStock/comments/1ioh8p3/everyone_boasting_about_their_winnings_lets_talk/,Market
NepalStock,1ioa1ik,Will bank stock prices ever grow ?,sid0009,"I was checking my WACC on commercial banks like SANIMA, GBIME, NIMB, PRVU and all I have is either loss or very little gains, when I bought these back in 2022. 

Will these ever grow? Or did i chose the worst stocks to buy",1,0,2025-02-13 03:32:40+00:00,https://reddit.com/r/NepalStock/comments/1ioa1ik/will_bank_stock_prices_ever_grow/,Market
NepalStock,1io7cvm,"Market Weekend Discussion (Thursday Feb 13 - Saturday Feb 15, 2025)",AutoModerator,"Use this post to discuss what to buy/sell/trade/avoid/watch this weekend and in the coming days.

As always, the rules still apply.

**Have a TMS or Meroshare issue? Query about EDIS or collateral? Ask here instead of creating another thread. All queries regarding TMS, MeroShare, Broker Issues, EDIS, Settlement and Payments should be asked here.** DO NOT create another post.

BEGINNER? [**Go here first!**](https://www.reddit.com/r/NepalStock/wiki/beginners-guide)

DO NOT MAKE SEPARATE **INDIVIDUAL** POSTS ASKING:

* what to buy or sell,
* or what bank to buy,
* or what insurance to buy,
* yo share kati samma mathi jancha hola
* IPO ma pareko yo share kun din bechda ramro hola, ajhai 1-2 din parkhine ki nai etc.

will be deleted. Repeat violators will be banned.

Happy Investing!",1,0,2025-02-13 01:15:30+00:00,https://reddit.com/r/NepalStock/comments/1io7cvm/market_weekend_discussion_thursday_feb_13/,Yo Kinda Kaso Hola
NepalStock,1inw3xf,Is forex trading legal in nepal?,Tricky_Difference505,"Any one has idea, how to begin if legal?",1,0,2025-02-12 17:16:59+00:00,https://reddit.com/r/NepalStock/comments/1inw3xf/is_forex_trading_legal_in_nepal/,Market
NepalStock,1inlyph,Lock-in period. Need advice.,aayushkarki49,"This is about hydropower stock.

1) Suppose I have shares of a hydropower company, and the lock-in period expires on May 1. Does it mean, my shares automatically becomes tradable on Nepse on May 1?  
  
2) I understand the lockin period is 3 years. Lets say the expiration is on May 1, 2025. If I buy the promoter shares of this on April 1, 2025; the lockin period for still expires on May 1 for me, right?  
  
3) Once the lockin period expires, then ""promoter shares"" and ""project-affected area shares"" both become same as ordinary shares in terms of restrictions and ability to trade on NEPSE, right?",1,0,2025-02-12 07:54:44+00:00,https://reddit.com/r/NepalStock/comments/1inlyph/lockin_period_need_advice/,Advice
NepalStock,1inlua2,NRB's fit-and-proper test. Does anyone know about this?,aayushkarki49,We need to pass NRB's fit-and-proper test if we want to buy promoter shares of banks/BFIs. Anyone know what this test is? How to clear this test? What documents are needed?,1,0,2025-02-12 07:45:55+00:00,https://reddit.com/r/NepalStock/comments/1inlua2/nrbs_fitandproper_test_does_anyone_know_about_this/,Advice
NepalStock,1inltju,Odd lot (need help) i just have 3 Kitta of gmfbs can any one buy it i have placed order at lowest,Any-Replacement-618,,1,0,2025-02-12 07:44:30+00:00,https://reddit.com/r/NepalStock/comments/1inltju/odd_lot_need_help_i_just_have_3_kitta_of_gmfbs/,Trading/Settlement/Payment
NepalStock,1inkdxb,Arun hydropower company ko 2080-81 ko audit report xa?,sujit181989,"Maile arun hydro ko financials herirako thiye revenue from operation chai 11 crore ani other income chai 25 crores. Audited report kahi pani vetiyena. Sabai unaudited figures haru matrai xa. Tyo 25 crores k ko income ho, does anyone have full financial report?",1,0,2025-02-12 06:05:54+00:00,https://reddit.com/r/NepalStock/comments/1inkdxb/arun_hydropower_company_ko_208081_ko_audit_report/,Market
NepalStock,1inf2l5,"Daily Discussion Thread (Wednesday - Feb 12, 2025)",AutoModerator,"Use this post to discuss what to buy/sell/trade/avoid/watch today and in the coming days.

As always, the rules still apply.

**Have a TMS or Meroshare issue? Query about EDIS or collateral? Ask here instead of creating another thread. All queries regarding TMS, MeroShare, Broker issues, EDIS, Settlement and Payments should be asked here.** &gt;!DO NOT create another post.!&lt;

BEGINNER? [**Go here first!**](https://www.reddit.com/r/NepalStock/wiki/beginners-guide)

DO NOT MAKE SEPARATE **INDIVIDUAL** POSTS ASKING:

* what to buy or sell,
* or what bank to buy,
* or what insurance to buy,
* yo share kati samma mathi jancha hola
* IPO ma pareko yo share kun din bechda ramro hola, ajhai 1-2 din parkhine ki nai etc.

will be deleted. Repeat violators will be banned.

Happy Investing!",1,0,2025-02-12 01:15:29+00:00,https://reddit.com/r/NepalStock/comments/1inf2l5/daily_discussion_thread_wednesday_feb_12_2025/,Yo Kinda Kaso Hola
NepalStock,1in3hfn,"Say no to taking position while the market is consolidating? Nah, I'd take it.",Alternative-Win-5857,"Over the years after heavily trading so much so that there was a period where i couldn't think of anything else but now I've conquered my feelings over it now i trade little but perfect and that perfection comes when the market is consolidating in 15 or 30 mins timeframe. Damn, it gives soooo many hints reverse hammer bullish hammer and it works pretty much every time it's crazy otherwise nothing sort of works or works for me but very little. So yeah i recommend you to take trades when the market is consolidating in 15 or 30 mins time frame look for hints if the buyers r more or the sellers and go all in. I've gotten into more than 70% accurate trades this way. 
Thank you.
-Senpai",1,0,2025-02-11 17:05:23+00:00,https://reddit.com/r/NepalStock/comments/1in3hfn/say_no_to_taking_position_while_the_market_is/,Market
NepalStock,1imykw8,Regarding Nabil Share,nobody_4340,"What's wrong with NABIL? Will its price ever increase? It is the best bank in Nepal and almost everyone I know is holding NABIL share. So, what's wrong?",1,0,2025-02-11 13:29:35+00:00,https://reddit.com/r/NepalStock/comments/1imykw8/regarding_nabil_share/,Market
NepalStock,1imv4uy,First time buy from sec. Market,ugant,I bought 1 for 486 of NABIL  I have no prior experience or knowledge. Can you review my purchase?,1,0,2025-02-11 09:54:34+00:00,https://reddit.com/r/NepalStock/comments/1imv4uy/first_time_buy_from_sec_market/,Trading/Settlement/Payment
NepalStock,1imv0eq,Share bechda kati percentage jati fees/commission/tax ma janxa??,Chudure_Kami,"Maile SMHL kineko at 983 and sold at 1400 (100) kitta. 7.5% CGT ra aru fees haru kaatera mero ma approxiately Rs. 136800 aaunu parne jasto lagxa tara Rs.133800. Mero math wrong bhako ho ki aaunu parne kati ho?  
Please help, I'm new to this.",1,0,2025-02-11 09:44:54+00:00,https://reddit.com/r/NepalStock/comments/1imv0eq/share_bechda_kati_percentage_jati/,Broker
NepalStock,1imux3z,Advice needed for a newbie IPO seller,[deleted],,3,2,2025-02-11 09:37:42+00:00,https://reddit.com/r/NepalStock/comments/1imux3z/advice_needed_for_a_newbie_ipo_seller/,Advice
NepalStock,1imsiyf,When to sell ipo? ....,Hot-Conversation2318,Like for the first time ipo paryoo aani idk when to sell it aaru haru ley circuit circit k k vanyo tara didnt understand it can some one please explain ipo chai tei guardian micro life wala parya,1,0,2025-02-11 06:39:18+00:00,https://reddit.com/r/NepalStock/comments/1imsiyf/when_to_sell_ipo/,IPO/FPO
NepalStock,1imrn5j,Upper wacc 226 hold or sell?,NoJellyfish3699,"Should i sell upper i have loss of 42000 for 1800 kitta ?
Bechera aru ma halum ki hold??",1,0,2025-02-11 05:42:25+00:00,https://reddit.com/r/NepalStock/comments/1imrn5j/upper_wacc_226_hold_or_sell/,Online/TMS
NepalStock,1immpn2,"Daily Discussion Thread (Tuesday - Feb 11, 2025)",AutoModerator,"Use this post to discuss what to buy/sell/trade/avoid/watch today and in the coming days.

As always, the rules still apply.

**Have a TMS or Meroshare issue? Query about EDIS or collateral? Ask here instead of creating another thread. All queries regarding TMS, MeroShare, Broker issues, EDIS, Settlement and Payments should be asked here.** &gt;!DO NOT create another post.!&lt;

BEGINNER? [**Go here first!**](https://www.reddit.com/r/NepalStock/wiki/beginners-guide)

DO NOT MAKE SEPARATE **INDIVIDUAL** POSTS ASKING:

* what to buy or sell,
* or what bank to buy,
* or what insurance to buy,
* yo share kati samma mathi jancha hola
* IPO ma pareko yo share kun din bechda ramro hola, ajhai 1-2 din parkhine ki nai etc.

will be deleted. Repeat violators will be banned.

Happy Investing!",1,0,2025-02-11 01:15:30+00:00,https://reddit.com/r/NepalStock/comments/1immpn2/daily_discussion_thread_tuesday_feb_11_2025/,Yo Kinda Kaso Hola
NepalStock,1im9f3s,Which which Sip should i invest 5000 for in,Direct-Cheesecake-50,"I’m planning to invest in Sip 5000/month for 25 years .Where and how should i invest in such a way that it would be hugely profitable and not too risky as well . Ma 2k/3k garera 2 different ma invest garni ni sochiraxu but i don’t know kun ma chai garni ?! suru ma ta nabil and sidharth garni sochethey google , yeta uta online research garera but personally bhanji ho vanni i’m a very beginner and don’t have much of a knowledge.k kasto garda chai thik hola",1,0,2025-02-10 15:59:19+00:00,https://reddit.com/r/NepalStock/comments/1im9f3s/which_which_sip_should_i_invest_5000_for_in/,Trading/Settlement/Payment
NepalStock,1im6xvd,Regarding two demat accounts,[deleted],,1,2,2025-02-10 14:09:53+00:00,https://reddit.com/r/NepalStock/comments/1im6xvd/regarding_two_demat_accounts/,Demat/MeroShare
NepalStock,1im3j47,issue with broker company,This-Possibility5731,"Stock Sold: Feb 2nd

Payment not settled till 10 Feb.

I had requested for TMS account closure request on 10 AM, 9th February. No any response of payment and account closure till date.

Broker: Kalika securities.

Where can I complain?",3,2,2025-02-10 10:58:47+00:00,https://reddit.com/r/NepalStock/comments/1im3j47/issue_with_broker_company/,Broker
NepalStock,1im0810,Share kinda cancelled kasari hunxa?,Substantial-Run-7680,Bought GMLI share highest price tei ni cancelled hunxa k vako ho?,2,5,2025-02-10 06:55:17+00:00,https://reddit.com/r/NepalStock/comments/1im0810/share_kinda_cancelled_kasari_hunxa/,Trading/Settlement/Payment
NepalStock,1ilypa3,NEPSE Valuation &amp; Financial Metrics Charts,sockholder,,4,7,2025-02-10 05:17:37+00:00,https://reddit.com/r/NepalStock/comments/1ilypa3/nepse_valuation_financial_metrics_charts/,Market
NepalStock,1ilvxhw,What are you investing in for long term,PerformerScared4527,Any long term investment in share market or in anything else,1,17,2025-02-10 02:41:27+00:00,https://reddit.com/r/NepalStock/comments/1ilvxhw/what_are_you_investing_in_for_long_term/,Market
NepalStock,1ilvkob,Why are bank so low in prices,PerformerScared4527,Pahela ta nabil 1600+ nica 700+ thio but why ahela 500 haru maa Sab bank aaesaka ko xa in general . Why do you think ?,3,5,2025-02-10 02:21:31+00:00,https://reddit.com/r/NepalStock/comments/1ilvkob/why_are_bank_so_low_in_prices/,Market
NepalStock,1ilvhxj,Any thoughts in Mnbbl,PerformerScared4527,,1,2,2025-02-10 02:17:29+00:00,https://reddit.com/r/NepalStock/comments/1ilvhxj/any_thoughts_in_mnbbl/,Market
NepalStock,1ilugzk,"Daily Discussion Thread (Monday - Feb 10, 2025)",AutoModerator,"Use this post to discuss what to buy/sell/trade/avoid/watch today and in the coming days.

As always, the rules still apply.

**Have a TMS or Meroshare issue? Query about EDIS or collateral? Ask here instead of creating another thread. All queries regarding TMS, MeroShare, Broker issues, EDIS, Settlement and Payments should be asked here.** &gt;!DO NOT create another post.!&lt;

BEGINNER? [**Go here first!**](https://www.reddit.com/r/NepalStock/wiki/beginners-guide)

DO NOT MAKE SEPARATE **INDIVIDUAL** POSTS ASKING:

* what to buy or sell,
* or what bank to buy,
* or what insurance to buy,
* yo share kati samma mathi jancha hola
* IPO ma pareko yo share kun din bechda ramro hola, ajhai 1-2 din parkhine ki nai etc.

will be deleted. Repeat violators will be banned.

Happy Investing!",1,3,2025-02-10 01:15:18+00:00,https://reddit.com/r/NepalStock/comments/1ilugzk/daily_discussion_thread_monday_feb_10_2025/,Yo Kinda Kaso Hola
NepalStock,1ilugfd,IPO traded by automated trading.,Limp_Inflation1247,"Nepse hasn't provided API key for placing orders, as far as I know; correct me if I am wrong. Yesterday in GMLI IPO I have seen orders being place so rapidly, the time difference between price change of 2% up was less than second ... the websocket in tms refreshes at only 2s. So there must have been rapid polling to the NEPSE server to place the trades. But isn't it ILLEGAL? Hasn't Nepse released a notice against automation, polling NEPSE server. Yes NEPSE has and doing so is punishable too, but they don't care ... these are pure malpractices. My concern is fairness in the market, we can write few lines of code do some session hijacking and place orders by replicating the post requests. But we work with our ethics and laws, we are bounded by it. But the folks automating the trade should be punished. If there is no punishment to the wrong doers why there is restrictions on automation. I see Broker number 38 buying all the shares traded in the market.",0,5,2025-02-10 01:14:24+00:00,https://reddit.com/r/NepalStock/comments/1ilugfd/ipo_traded_by_automated_trading/,IPO/FPO
NepalStock,1iltqvt,NEPSE down fall with the change in government?,OpeningGlass6367,,1,1,2025-02-10 00:36:50+00:00,https://reddit.com/r/NepalStock/comments/1iltqvt/nepse_down_fall_with_the_change_in_government/,Market
NepalStock,1ilsulq,Need suggestion choosing internship.,[deleted],,1,0,2025-02-09 23:50:36+00:00,https://reddit.com/r/NepalStock/comments/1ilsulq/need_suggestion_choosing_internship/,Advice
NepalStock,1iljue8,Give review of your bank,Extreme-Position-157,What bank are you using and how are their services? Mobile banking ma kati problems? Ani loan payments haru dekhi share loan related loan problems and execution time kasto cha? Bank waiting times too.,1,0,2025-02-09 17:22:47+00:00,https://reddit.com/r/NepalStock/comments/1iljue8/give_review_of_your_bank/,Advice
NepalStock,1il6xgr,What shares are you holding and why ?,PerformerScared4527,What are some of the shares you are holding or planning to buy and why,1,0,2025-02-09 04:45:33+00:00,https://reddit.com/r/NepalStock/comments/1il6xgr/what_shares_are_you_holding_and_why/,Market
NepalStock,1il68rb,Broker 42 whatsapp/viber number,Ramsey-1,Anyone has WhatsApp or viber number of broker 42 ?,1,0,2025-02-09 04:05:49+00:00,https://reddit.com/r/NepalStock/comments/1il68rb/broker_42_whatsappviber_number/,Broker
NepalStock,1il31j5,"Daily Discussion Thread (Sunday - Feb 09, 2025)",AutoModerator,"Use this post to discuss what to buy/sell/trade/avoid/watch today and in the coming days.

As always, the rules still apply.

**Have a TMS or Meroshare issue? Query about EDIS or collateral? Ask here instead of creating another thread. All queries regarding TMS, MeroShare, Broker issues, EDIS, Settlement and Payments should be asked here.** &gt;!DO NOT create another post.!&lt;

BEGINNER? [**Go here first!**](https://www.reddit.com/r/NepalStock/wiki/beginners-guide)

DO NOT MAKE SEPARATE **INDIVIDUAL** POSTS ASKING:

* what to buy or sell,
* or what bank to buy,
* or what insurance to buy,
* yo share kati samma mathi jancha hola
* IPO ma pareko yo share kun din bechda ramro hola, ajhai 1-2 din parkhine ki nai etc.

will be deleted. Repeat violators will be banned.

Happy Investing!",1,0,2025-02-09 01:15:29+00:00,https://reddit.com/r/NepalStock/comments/1il31j5/daily_discussion_thread_sunday_feb_09_2025/,Yo Kinda Kaso Hola
NepalStock,1ikpacg,Can someone explain how I participate in the auction of shares?,Pristine_Side_7744,.,1,0,2025-02-08 15:08:09+00:00,https://reddit.com/r/NepalStock/comments/1ikpacg/can_someone_explain_how_i_participate_in_the/,Auction
NepalStock,1ik4q0j,Leaderboard for Nepse,futurecitizen2030,"I have always wanted to see what stocks are in other peoples portfolio and share my own. People always give advice but they never show their portfolio. To solve this problem, I have made a site www.nepseleader.com where a person can manage their portfolio and also participate in the portfolio leaderboard. This way we can view each others portfolio and see who is performing better. We will, of course only share allocation of the stocks in % and not actual values. 

Wanted to know from this group if this would be useful. please try it out. You can just play around with it for fun by adding some stock to your portfolio. I am planning to built more features like setting stop loss, community discussions etc. I am open to feedback and suggestions from this group. 

here’s the site link again: www.nepseleader.com

Thanks",1,0,2025-02-07 20:24:25+00:00,https://reddit.com/r/NepalStock/comments/1ik4q0j/leaderboard_for_nepse/,Online/TMS
NepalStock,1ijny6t,Could you please suggest some stocks to invest?,One_Nectarine_308,"Looking to invest on stocks, I have around 3-4 lakhs.  
Thank you for your help!!",1,0,2025-02-07 05:38:34+00:00,https://reddit.com/r/NepalStock/comments/1ijny6t/could_you_please_suggest_some_stocks_to_invest/,Market
NepalStock,1ij4tlh,Share pledge ma rakhera loan lina minimum kati huna parxa?,[deleted],,1,1,2025-02-06 15:14:58+00:00,https://reddit.com/r/NepalStock/comments/1ij4tlh/share_pledge_ma_rakhera_loan_lina_minimum_kati/,Advice
NepalStock,1ij2wcz,Nepse: About MUTUAL FUND INVESTMENT,Puzzled_Computer_504,,1,0,2025-02-06 13:46:48+00:00,https://reddit.com/r/NepalStock/comments/1ij2wcz/nepse_about_mutual_fund_investment/,IPO/FPO
NepalStock,1ij0m74,NMB HYBRID FUND L-II whats your thought on this IPO would you invest?,Slow_Elevator6480,Im newbie should i apply to this IPO or not?,2,1,2025-02-06 11:41:34+00:00,https://reddit.com/r/NepalStock/comments/1ij0m74/nmb_hybrid_fund_lii_whats_your_thought_on_this/,IPO/FPO
NepalStock,1ij00v1,i am going out of country soon so i need a broker who is best in online platform?,Necessary_Road_7322,hi i m about to go aborad soon and I want to know which is a the best broker to have for someone who is staying in abroad. jaslai online vanda satt nai kam hunxa since office nai jana paudena so . many replies and help appreciated,1,0,2025-02-06 11:02:23+00:00,https://reddit.com/r/NepalStock/comments/1ij00v1/i_am_going_out_of_country_soon_so_i_need_a_broker/,Broker
NepalStock,1iiznxt,"My mom wants to learn about NEPSE stock market and trading, where should she start?",Chris_SLM,,1,2,2025-02-06 10:37:34+00:00,https://reddit.com/r/NepalStock/comments/1iiznxt/my_mom_wants_to_learn_about_nepse_stock_market/,Market
NepalStock,1iixgt1,Dissatisfaction with Aryatara Broker no57,Realistic_Degree285,"I am recently in some need for money as my sister is getting a surgery and for that i sold some of my share to cover some expenses, i sold the share in monday and my sister is getting discharged in friday and i need to pay full amount there. But the broker is saying they cant do it untill sunday, I told them its an emergency but they stood firm on their decision. what am i supposed to do now? Who is going to cover my expenses now.",1,0,2025-02-06 07:55:05+00:00,https://reddit.com/r/NepalStock/comments/1iixgt1/dissatisfaction_with_aryatara_broker_no57/,Broker
NepalStock,1iiwiry,How to read intra day candle stick,qwerztyt123,"[Daily Chart](https://preview.redd.it/0l6i0tnktghe1.png?width=1675&amp;format=png&amp;auto=webp&amp;s=39591d1e7e168deadc5519b3219e2080d4c09a6d)

[Hourly Chart](https://preview.redd.it/2kduetnktghe1.png?width=1666&amp;format=png&amp;auto=webp&amp;s=bd8a7dd93e01f7e2ef56bbafc91448b3dce486aa)

i was just looking at the hourly and daily charts, and I noticed that the opening prices don’t match,can someone explain why this is happening?",1,0,2025-02-06 06:47:09+00:00,https://reddit.com/r/NepalStock/comments/1iiwiry/how_to_read_intra_day_candle_stick/,Market
NepalStock,1iivbd5,ULBSL 6 kitta @ 5940 ODD LOT,saila69,"ULBSL 6 kitta @ 5940 ma minimum price ma odd lot ma sell ma xa, you can buy if u need.",1,0,2025-02-06 05:28:20+00:00,https://reddit.com/r/NepalStock/comments/1iivbd5/ulbsl_6_kitta_5940_odd_lot/,Misc
NepalStock,1iiucow,Anyone Planning to open Broker Acc?,Plastic-Sea-5170,"I'm doing an **internship** there as part of my college requirements, and I’ve been assigned to bring in **100 customers.** Hoping some of you might be interested!

It's **Sajilo Broker (90),** located in Jhamsikhel.

* No fees.
* The process can be done entirely online; all you need is your **Nagarikta** and a screenshot of **Meroshare.**
* **T+3** settlement for sold shares and **T+2** settlement for purchased shares.
* Provides an initial margin of **1:1**, which can be increased up to **1:4**, requiring settlement within **2 days.**
* Offers non-cash collateral of up to **10 lakh.**",1,0,2025-02-06 04:32:58+00:00,https://reddit.com/r/NepalStock/comments/1iiucow/anyone_planning_to_open_broker_acc/,Broker
NepalStock,1iistgi,Anyone Intrested in Opening Broker Account?,Plastic-Sea-5170,"It's **Sajilo Broker (90),** located in Jhamsikhel.

* No fees.
* The process can be done entirely online; all you need is your **Nagarikta** and a screenshot of **Meroshare.**
* **T+3d** settlement for sold shares and **T+2d** settlement for purchased shares.
* Provides an initial margin of **1:1**, which can be increased up to **1:4**, requiring settlement within **2 days.**
* Offers non-cash collateral of up to **10 lakh.**

I'm doing an **internship** there as part of my college requirements, and I’ve been assigned to bring in **100 customers.** Hoping some of you might be interested!",1,0,2025-02-06 03:10:08+00:00,https://reddit.com/r/NepalStock/comments/1iistgi/anyone_intrested_in_opening_broker_account/,Broker
NepalStock,1iiqj1a,"Market Weekend Discussion (Thursday Feb 06 - Saturday Feb 08, 2025)",AutoModerator,"Use this post to discuss what to buy/sell/trade/avoid/watch this weekend and in the coming days.

As always, the rules still apply.

**Have a TMS or Meroshare issue? Query about EDIS or collateral? Ask here instead of creating another thread. All queries regarding TMS, MeroShare, Broker Issues, EDIS, Settlement and Payments should be asked here.** DO NOT create another post.

BEGINNER? [**Go here first!**](https://www.reddit.com/r/NepalStock/wiki/beginners-guide)

DO NOT MAKE SEPARATE **INDIVIDUAL** POSTS ASKING:

* what to buy or sell,
* or what bank to buy,
* or what insurance to buy,
* yo share kati samma mathi jancha hola
* IPO ma pareko yo share kun din bechda ramro hola, ajhai 1-2 din parkhine ki nai etc.

will be deleted. Repeat violators will be banned.

Happy Investing!",1,0,2025-02-06 01:15:29+00:00,https://reddit.com/r/NepalStock/comments/1iiqj1a/market_weekend_discussion_thursday_feb_06/,Yo Kinda Kaso Hola
NepalStock,1iigaw6,Nepse is such a complicated space without leads and inputs from people why is it like this i might just quit,Single-Function-9392,,1,1,2025-02-05 18:01:36+00:00,https://reddit.com/r/NepalStock/comments/1iigaw6/nepse_is_such_a_complicated_space_without_leads/,Market
NepalStock,1ii9n76,Igs i got a huge trouble?,[deleted],,1,0,2025-02-05 13:13:54+00:00,https://reddit.com/r/NepalStock/comments/1ii9n76/igs_i_got_a_huge_trouble/,Market
NepalStock,1ii9l86,I'm completely unaware whats happening. HELP!,Stereotype_1304,,1,0,2025-02-05 13:10:51+00:00,https://reddit.com/r/NepalStock/comments/1ii9l86/im_completely_unaware_whats_happening_help/,Trading/Settlement/Payment
NepalStock,1ii8h0q,Continuous green candle for long time ...,govs593,Anyone looking at MLBBL ? Looks something is cooking up.,0,3,2025-02-05 12:05:51+00:00,https://reddit.com/r/NepalStock/comments/1ii8h0q/continuous_green_candle_for_long_time/,Market
NepalStock,1ii67o4,Should I Do The Right Thing ?,[deleted],,1,3,2025-02-05 09:20:07+00:00,https://reddit.com/r/NepalStock/comments/1ii67o4/should_i_do_the_right_thing/,Broker
NepalStock,1ii1uw3,I Finished All My Ideas – What Do You Want in Advanced widgets for Meroshare Extension,[deleted],,0,0,2025-02-05 04:23:53+00:00,https://reddit.com/r/NepalStock/comments/1ii1uw3/i_finished_all_my_ideas_what_do_you_want_in/,Softwares
NepalStock,1ihy5fj,"Daily Discussion Thread (Wednesday - Feb 05, 2025)",AutoModerator,"Use this post to discuss what to buy/sell/trade/avoid/watch today and in the coming days.

As always, the rules still apply.

**Have a TMS or Meroshare issue? Query about EDIS or collateral? Ask here instead of creating another thread. All queries regarding TMS, MeroShare, Broker issues, EDIS, Settlement and Payments should be asked here.** &gt;!DO NOT create another post.!&lt;

BEGINNER? [**Go here first!**](https://www.reddit.com/r/NepalStock/wiki/beginners-guide)

DO NOT MAKE SEPARATE **INDIVIDUAL** POSTS ASKING:

* what to buy or sell,
* or what bank to buy,
* or what insurance to buy,
* yo share kati samma mathi jancha hola
* IPO ma pareko yo share kun din bechda ramro hola, ajhai 1-2 din parkhine ki nai etc.

will be deleted. Repeat violators will be banned.

Happy Investing!",1,0,2025-02-05 01:15:28+00:00,https://reddit.com/r/NepalStock/comments/1ihy5fj/daily_discussion_thread_wednesday_feb_05_2025/,Yo Kinda Kaso Hola
NepalStock,1ihjgpj,Madhya Bhotekoshi Jalavidyut company,Foreign_List485,"Planning to buy this stock what are your verdict on this LTP=400
Let me know",1,0,2025-02-04 14:55:31+00:00,https://reddit.com/r/NepalStock/comments/1ihjgpj/madhya_bhotekoshi_jalavidyut_company/,Technical Analysis
NepalStock,1ihgfcs,hitaadhikari byakti ko barema,pinkyponkymonkey,maile mero mommy ko broker account banauna lageko. Yo broker account kholda hitaadhikari byakti bhaneko k ho ? narakhe ni hunchha ra ki mero naam rakhne ho mommy ko broker account kholda...!?!,1,0,2025-02-04 12:22:42+00:00,https://reddit.com/r/NepalStock/comments/1ihgfcs/hitaadhikari_byakti_ko_barema/,Broker
NepalStock,1ihgd8b,hitaadhikari byakti vaneko k ho,pinkyponkymonkey,यो ब्रोकर अकाउन्ट खोल्दा हिताधिकरी व्यक्ति भनेको के हो? नराखे नी हुन्छ र कसैले भन्दिनु न। मैले mommy काे ब्रोकर अकाउन्ट बनाउन लागेको त्यसैले।,1,0,2025-02-04 12:19:12+00:00,https://reddit.com/r/NepalStock/comments/1ihgd8b/hitaadhikari_byakti_vaneko_k_ho/,Broker
NepalStock,1ihflb4,Seeking Investment advice on open ended equity mutual funds..,Soyemm,Looking to invest in open-ended equity mutual funds but can't decide which one to choose. Any recommendations or tips.,1,0,2025-02-04 11:30:09+00:00,https://reddit.com/r/NepalStock/comments/1ihflb4/seeking_investment_advice_on_open_ended_equity/,Mutual Funds
NepalStock,1ihbu2w,#What does it refer to..,Gald_here,What does the “Closing price” refer to here.. it’s not the price of opening date or closing date or bid opening date or LTP.. any idea 💡,1,0,2025-02-04 06:50:17+00:00,https://reddit.com/r/NepalStock/comments/1ihbu2w/what_does_it_refer_to/,Market
NepalStock,1ih8gkn,Nepse Do you think its a good time to invest market is at 2735 points,Single-Function-9392,"As the new government came and the market is growing rapidly 
Please give your opinion on is it the right time to enter and so you think hydro will do good now",1,0,2025-02-04 03:29:11+00:00,https://reddit.com/r/NepalStock/comments/1ih8gkn/nepse_do_you_think_its_a_good_time_to_invest/,Market
NepalStock,1ih5rld,"Daily Discussion Thread (Tuesday - Feb 04, 2025)",AutoModerator,"Use this post to discuss what to buy/sell/trade/avoid/watch today and in the coming days.

As always, the rules still apply.

**Have a TMS or Meroshare issue? Query about EDIS or collateral? Ask here instead of creating another thread. All queries regarding TMS, MeroShare, Broker issues, EDIS, Settlement and Payments should be asked here.** &gt;!DO NOT create another post.!&lt;

BEGINNER? [**Go here first!**](https://www.reddit.com/r/NepalStock/wiki/beginners-guide)

DO NOT MAKE SEPARATE **INDIVIDUAL** POSTS ASKING:

* what to buy or sell,
* or what bank to buy,
* or what insurance to buy,
* yo share kati samma mathi jancha hola
* IPO ma pareko yo share kun din bechda ramro hola, ajhai 1-2 din parkhine ki nai etc.

will be deleted. Repeat violators will be banned.

Happy Investing!",1,0,2025-02-04 01:15:31+00:00,https://reddit.com/r/NepalStock/comments/1ih5rld/daily_discussion_thread_tuesday_feb_04_2025/,Yo Kinda Kaso Hola
NepalStock,1ih5apn,My holding ma dekhayenata,Tough-Bit-6515,I sold share on sunday.. aja transfer garnu paro vaneko testo dekhauxa.. holding option ma kai dekhaudainata????? K vako hola????,1,0,2025-02-04 00:53:17+00:00,https://reddit.com/r/NepalStock/comments/1ih5apn/my_holding_ma_dekhayenata/,Broker
NepalStock,1igs0zs,Use of AI in Nepse Trading?,oldsoulnowrinkles,Can AI tool like Deepseek AI and ChatGPT be used for Nepse Technical Analysis and Trading Decisions? How accurate are these AI tools?,1,0,2025-02-03 15:45:34+00:00,https://reddit.com/r/NepalStock/comments/1igs0zs/use_of_ai_in_nepse_trading/,Technical Analysis
NepalStock,1igoxxf,Need suggestions for getting started......,Aggressive_Money6229,,1,1,2025-02-03 13:22:43+00:00,https://reddit.com/r/NepalStock/comments/1igoxxf/need_suggestions_for_getting_started/,Advice
NepalStock,1igmj5g,Finding Consistency After Months of Rule-Breaking and Losses,Fantastic-Bad7917,"Hi I am a Nepali student living in Sydney here and I'd like to share some insights on day trading and scalping.

January 2025 has been my most consistent month in terms of scalping options. Below, I’ve shared my P&amp;L for January (Dec 30 – Jan 31, spanning five weeks) along with the spreadsheet where I track statistical data.

https://preview.redd.it/v8eila21swge1.png?width=984&amp;format=png&amp;auto=webp&amp;s=0983fcbbfff5bd413dc9b12a4fd27c45c1a6e510

https://preview.redd.it/hhoo0ml2swge1.png?width=1542&amp;format=png&amp;auto=webp&amp;s=0e4a29f17f323b3114c7dbc9bfc674d8b31fce83

https://preview.redd.it/yjtz4y14swge1.png?width=1008&amp;format=png&amp;auto=webp&amp;s=a680ed9fdab7333d50c1c14ad565fd5444c6ead3

# Disclaimer

I am not claiming to be a consistently profitable trader based on just one month of data. I understand that true consistency requires months or even years of disciplined execution. My goal is to seek feedback from more experienced traders to maintain and improve this level of consistency.

# Performance Overview

* Total Trades: 20 scalps
* Winning Trades: 15
* Losing Trades: 5
* Win Rate: 75%
* Capital Invested: $12,805
* Total Returns: $13,541
* Net Profit: $736 (\~5-6%)
* Account Growth:
* Starting Balance (Jan 1): $3,190Ending Balance (Jan 31): $3,920

# Trading Setup &amp; Execution

* Platforms Used:
* *Charting:* ThinkorSwim*Execution:* Webull
* Timeframes:
* 1-hour chart for overall trend analysis5-minute chart for execution

# Trading Strategy

1. Identify a Strong Trend or Open.
2. Wait for Low-Volume Pullbacks to the 9 EMA or VWAP. Typically represents profit-taking by early entrants.
3. Use Volume &amp; Price Action for Confirmation. Preferably wait for candle wicks as a sign of rejection.
4. Enter at the Lowest Possible Risk Point. Aim to position near VWAP or the 9 EMA with a defined stop. If a trade turns against me, the loss remains minimal.

# Key Lessons from January

# 1. Less is More

Fewer trades, larger position sizing: I limited myself to one trade per day to preserve mental energy and avoid revenge trading. Sticking to one strategy instead of chasing multiple patterns has improved my ability to diagnose mistakes and make necessary adjustments.

# 2. Space &amp; Time for Stop Losses

Tighter stop losses were counterproductive. Many times, I was stopped out before the trade moved in my favor.I now set stops at points where the trade would be truly invalidated, rather than using arbitrary tight stops. This adjustment has significantly reduced unnecessary losses.

# 3. Trend is Your Friend

The market is a battle between buyers and sellers—I focus on which side has strength. If I see strong buyers and weak sellers, I take long positions. If strong sellers emerge, I exit immediately.

# 4. Journaling is a Game-Changer

I use YouTube as my trading journal, recording every trade and narrating my thought process live. This allows me to analyze emotions, decision-making, and execution mistakes in real time making it more effective.

# 5. Talking to Yourself Works

I record voice memos discussing trades, mistakes, and mental struggles. As stupid as this sounds, I literally open my voice memos and record myself talking to myself about the trades I took about the mistakes I made about how I can overcome it and how I will work on it. I used this to find solutions on my weaknesses, I overcame FOMO using this, I talked myself out of FOMO by simplifying how it affected me. Basically, for me FOMO happens when I start thinking I missed this trade I would’ve made xx amount if I had been on this trade, so my thought process was any trades that I miss is never my trade and so from the moment I started thinking of FOMO in that way I was less and less concerned about missing trades. I also overcame fear of losing money in the same way, even when the market gave my setup I used to be scared of putting money at risk and so I diagnosed it by self talk. 

# Seeking Suggestions On

# 1. Holding Runners

I take 70% of profits at 10% gains, then attempt to hold a runner with a trailing stop. However, I struggle to hold because my runner often represents a significant portion of my profits. How do I develop confidence in holding runners without feeling the urge to secure profits too early?

# 2. Increasing Position Sizing

Should I gradually increase size starting in February or continue with the same size to build stronger habits? Currently, I start with 1 contract and scale in if I get additional confirmations. Would increasing size too soon impact my psychology negatively?

Any suggestions from experienced trader would be a great help.

For traders still finding their footing—if I can be consistent for one month, I can be consistent for two, three, and beyond. The key is self-awareness, discipline, and continuous refinement.

Feel free to ask any related questions.",7,9,2025-02-03 10:58:07+00:00,https://reddit.com/r/NepalStock/comments/1igmj5g/finding_consistency_after_months_of_rulebreaking/,Market
NepalStock,1igl8x5,Advice for long term and how to identify blue chip stocks,New-Remove9229,"Hello Sathiharu i am new to the market and learning along the way. I thought of buying blue chips stocks which give divends and bonus so easily earn profit, my question what conditions of stock for long term investing.. like Kun sector ma kun parameter hernu, it may be different for (P/E) in Hydro than in MicroFinance so maile sectorwise kun kun parameter herne thesko varema vandiye help hune thiyo. In essence the question is  how to identiry blue chips stocks sectorwise for a long term investing.",1,0,2025-02-03 09:23:33+00:00,https://reddit.com/r/NepalStock/comments/1igl8x5/advice_for_long_term_and_how_to_identify_blue/,Advice
NepalStock,1igktxc,Made my first money from NEPSE,Unable_Tie_2515,"Hi all, I bought stocks at 1158 and sold it at 1230 today. Although I made only a small amount felt good to make some money out of it! 🥳🥳 Just want to share the news!",48,18,2025-02-03 08:51:27+00:00,https://reddit.com/r/NepalStock/comments/1igktxc/made_my_first_money_from_nepse/,Market
NepalStock,1igij92,AVYAN available 4 ODD lot below MP,Delicious-Branch-159,"Hello everyone, AVYAN ko 4 odd lot available xa haii below MP  . La uthaidim tw traders 4 kitta .",1,0,2025-02-03 06:04:57+00:00,https://reddit.com/r/NepalStock/comments/1igij92/avyan_available_4_odd_lot_below_mp/,Trading/Settlement/Payment
NepalStock,1igd767,"Daily Discussion Thread (Monday - Feb 03, 2025)",AutoModerator,"Use this post to discuss what to buy/sell/trade/avoid/watch today and in the coming days.

As always, the rules still apply.

**Have a TMS or Meroshare issue? Query about EDIS or collateral? Ask here instead of creating another thread. All queries regarding TMS, MeroShare, Broker issues, EDIS, Settlement and Payments should be asked here.** &gt;!DO NOT create another post.!&lt;

BEGINNER? [**Go here first!**](https://www.reddit.com/r/NepalStock/wiki/beginners-guide)

DO NOT MAKE SEPARATE **INDIVIDUAL** POSTS ASKING:

* what to buy or sell,
* or what bank to buy,
* or what insurance to buy,
* yo share kati samma mathi jancha hola
* IPO ma pareko yo share kun din bechda ramro hola, ajhai 1-2 din parkhine ki nai etc.

will be deleted. Repeat violators will be banned.

Happy Investing!",1,0,2025-02-03 01:15:27+00:00,https://reddit.com/r/NepalStock/comments/1igd767/daily_discussion_thread_monday_feb_03_2025/,Yo Kinda Kaso Hola
NepalStock,1ifz3kh,Changing bank account for Cash Dividend collection,Arockstar11,"When I change my bank account for cash dividend collection, does the bank ask for authentication or do they do it without?

Just wanted to know, please help.",1,0,2025-02-02 15:04:17+00:00,https://reddit.com/r/NepalStock/comments/1ifz3kh/changing_bank_account_for_cash_dividend_collection/,Demat/MeroShare
NepalStock,1ifvnwj,Query about Fund Settlement.,High_Match1404,I brought a share of xyz company (XYZ 13 @ 382.20) which is Rs 4968.6 but while making fund settlemwnt in TMS and msg I received in my mobile i have to pay Rs 5102.23. What happened to the extra Rs. 43.63 ? Does the broker company take that as charge ?,1,0,2025-02-02 11:52:58+00:00,https://reddit.com/r/NepalStock/comments/1ifvnwj/query_about_fund_settlement/,Trading/Settlement/Payment
NepalStock,1ifqzxx,LEC KO CUTT OF PRICE.,Sagar_kunwar764,Lec ko cut off price kailee aauxaa.?,1,0,2025-02-02 06:17:58+00:00,https://reddit.com/r/NepalStock/comments/1ifqzxx/lec_ko_cutt_of_price/,Market
NepalStock,1ifqfdx,About auction of right shares,NoEngineering9973,"Hi all, esto auction ma bechna lageko right share hajur Kati price ma kinyo bhane Parna sakcha, I mean 100rs mai apply garyo bhane parcha ta since it is auction?",1,0,2025-02-02 05:42:24+00:00,https://reddit.com/r/NepalStock/comments/1ifqfdx/about_auction_of_right_shares/,IPO/FPO
NepalStock,1ifq4pb,"The NEPSE market is like a wild west, chalkhel nagari sakkina jasto lagyo",captainright1,,3,0,2025-02-02 05:24:05+00:00,https://reddit.com/r/NepalStock/comments/1ifq4pb/the_nepse_market_is_like_a_wild_west_chalkhel/,Market
NepalStock,1iflo6k,"Daily Discussion Thread (Sunday - Feb 02, 2025)",AutoModerator,"Use this post to discuss what to buy/sell/trade/avoid/watch today and in the coming days.

As always, the rules still apply.

**Have a TMS or Meroshare issue? Query about EDIS or collateral? Ask here instead of creating another thread. All queries regarding TMS, MeroShare, Broker issues, EDIS, Settlement and Payments should be asked here.** &gt;!DO NOT create another post.!&lt;

BEGINNER? [**Go here first!**](https://www.reddit.com/r/NepalStock/wiki/beginners-guide)

DO NOT MAKE SEPARATE **INDIVIDUAL** POSTS ASKING:

* what to buy or sell,
* or what bank to buy,
* or what insurance to buy,
* yo share kati samma mathi jancha hola
* IPO ma pareko yo share kun din bechda ramro hola, ajhai 1-2 din parkhine ki nai etc.

will be deleted. Repeat violators will be banned.

Happy Investing!",1,0,2025-02-02 01:15:29+00:00,https://reddit.com/r/NepalStock/comments/1iflo6k/daily_discussion_thread_sunday_feb_02_2025/,Yo Kinda Kaso Hola
NepalStock,1ifgovw,Mero share and tms account opening,Apart-Permit-8718,I am in canada right now and I want to open mero share and tms account. Is it possible to open these accounts online or do I have to be physically present to open??,1,0,2025-02-01 21:19:56+00:00,https://reddit.com/r/NepalStock/comments/1ifgovw/mero_share_and_tms_account_opening/,Demat/MeroShare
NepalStock,1ifb5db,📱 Easy Accessibility via Ordinals Marketplace,Familiar_Holiday7658,,1,0,2025-02-01 17:18:35+00:00,https://reddit.com/r/NepalStock/comments/1ifb5db/easy_accessibility_via_ordinals_marketplace/,Market
NepalStock,1ieytv1,How do i obtain these????,Tough-Bit-6515,"ROE = net income / shareholders equity

How do i find exact net income and share holders equity??? 

Thank you for your reply",1,0,2025-02-01 04:53:16+00:00,https://reddit.com/r/NepalStock/comments/1ieytv1/how_do_i_obtain_these/,Market
NepalStock,1ienvw9,how much do you need to start investing,manzero0,"I have savings 50k jati which i dont need it rn
is there anything where i can invest without risk 
kei thachaina just wanted to get advice",1,0,2025-01-31 20:04:45+00:00,https://reddit.com/r/NepalStock/comments/1ienvw9/how_much_do_you_need_to_start_investing/,Advice
NepalStock,1iebx1q,I want to Cancel SIP | NIMB,bjmagar,"Hi, everyone. 

I have subscribed to NIMB SIP, and now I want to cancel it. However, I have installments left for 4-5 months. Can I cancel it without paying for it or what can I do?

Plz, provide me some guidance, I am new.",1,0,2025-01-31 10:32:54+00:00,https://reddit.com/r/NepalStock/comments/1iebx1q/i_want_to_cancel_sip_nimb/,Mutual Funds
NepalStock,1idlaqz,Beginner who wants to be a inverstor or a trader needs a guidance,Afraid-Passage-3707,"Hey everyone, I hope everyone in this group would be a great investor or trader in near future. I am a 21 years old student studying in Nepal and nowadays the words like trading and investing has pulled me. I have few knowledge about the share market but cannot make the move without anyone who can help me through all these analysis terms. If any one of you is interested to teach me, please tell.",1,0,2025-01-30 11:54:12+00:00,https://reddit.com/r/NepalStock/comments/1idlaqz/beginner_who_wants_to_be_a_inverstor_or_a_trader/,Market
NepalStock,1idjawv,🚀 Stay Ahead with NEPSE AI!,aakritsubedi,"At [**nepse.ai**](https://www.instagram.com/nepse.ai/), we’re dedicated to keeping investors informed with timely and data-driven market updates. 📊

✅ **11:00 AM (Daily)** – A quick snapshot of *yesterday’s market* and *today’s stock calendar* to start your day right.  
✅ **3:00 PM (Daily)** – A *detailed market summary* featuring **top gainers, losers, and index movements**.  
✅ **Friday** – A *weekly wrap-up*, comparing trends with the previous week and highlighting key insights.  
✅ **Saturday** – A *deep-dive newsletter* with **weekly insights, a market summary, and tips to plan for the upcoming week**.

We do the heavy lifting so you can focus on making informed decisions. Follow [nepse.ai](https://www.instagram.com/nepse.ai/) for **clear, concise daily and weekly insights** on the **Nepali stock market**! 📈🔥

4o",1,0,2025-01-30 09:29:12+00:00,https://reddit.com/r/NepalStock/comments/1idjawv/stay_ahead_with_nepse_ai/,Softwares
NepalStock,1idacty,"Market Weekend Discussion (Thursday Jan 30 - Saturday Feb 01, 2025)",AutoModerator,"Use this post to discuss what to buy/sell/trade/avoid/watch this weekend and in the coming days.

As always, the rules still apply.

**Have a TMS or Meroshare issue? Query about EDIS or collateral? Ask here instead of creating another thread. All queries regarding TMS, MeroShare, Broker Issues, EDIS, Settlement and Payments should be asked here.** DO NOT create another post.

BEGINNER? [**Go here first!**](https://www.reddit.com/r/NepalStock/wiki/beginners-guide)

DO NOT MAKE SEPARATE **INDIVIDUAL** POSTS ASKING:

* what to buy or sell,
* or what bank to buy,
* or what insurance to buy,
* yo share kati samma mathi jancha hola
* IPO ma pareko yo share kun din bechda ramro hola, ajhai 1-2 din parkhine ki nai etc.

will be deleted. Repeat violators will be banned.

Happy Investing!",1,0,2025-01-30 01:15:29+00:00,https://reddit.com/r/NepalStock/comments/1idacty/market_weekend_discussion_thursday_jan_30/,Yo Kinda Kaso Hola
NepalStock,1iczn10,🔥 ULIT X INVESTMENT SERIES – TURN YOUR INVESTMENTS INTO FORTUNE! 🔥,Familiar_Holiday7658,,1,0,2025-01-29 17:43:09+00:00,https://reddit.com/r/NepalStock/comments/1iczn10/ulit_x_investment_series_turn_your_investments/,Market
NepalStock,1icxs53,ANYONE NEED TO OPEN BROKER ACC?,Plastic-Sea-5170,"Hello everyone I'm currently doing an internship at Sajilo Broker 90, Jhamsikhel. My task is to bring in new customers and achieve a target of 100 customers so far, I have only managed to get 7 (including my own1 id ) If anyone is planning to open a broker account we can discuss it :) please

(NOTE: totally online hunxa, document nagrikta euta chai xa)",1,0,2025-01-29 16:28:26+00:00,https://reddit.com/r/NepalStock/comments/1icxs53/anyone_need_to_open_broker_acc/,Broker
NepalStock,1icruat,Ipo aauna lagda ya ipo aaunu aagadi nai 30-40 lakh invest garna milxa ke nai ke sab le 10 kitta matrai ho paune,HistoricalParking675,Kei,1,0,2025-01-29 11:38:18+00:00,https://reddit.com/r/NepalStock/comments/1icruat/ipo_aauna_lagda_ya_ipo_aaunu_aagadi_nai_3040_lakh/,IPO/FPO
NepalStock,1icn9n2,Enlighten me for the investment,[deleted],,1,8,2025-01-29 06:02:00+00:00,https://reddit.com/r/NepalStock/comments/1icn9n2/enlighten_me_for_the_investment/,Market
NepalStock,1ichzs1,"Daily Discussion Thread (Wednesday - Jan 29, 2025)",AutoModerator,"Use this post to discuss what to buy/sell/trade/avoid/watch today and in the coming days.

As always, the rules still apply.

**Have a TMS or Meroshare issue? Query about EDIS or collateral? Ask here instead of creating another thread. All queries regarding TMS, MeroShare, Broker issues, EDIS, Settlement and Payments should be asked here.** &gt;!DO NOT create another post.!&lt;

BEGINNER? [**Go here first!**](https://www.reddit.com/r/NepalStock/wiki/beginners-guide)

DO NOT MAKE SEPARATE **INDIVIDUAL** POSTS ASKING:

* what to buy or sell,
* or what bank to buy,
* or what insurance to buy,
* yo share kati samma mathi jancha hola
* IPO ma pareko yo share kun din bechda ramro hola, ajhai 1-2 din parkhine ki nai etc.

will be deleted. Repeat violators will be banned.

Happy Investing!",1,0,2025-01-29 01:15:29+00:00,https://reddit.com/r/NepalStock/comments/1ichzs1/daily_discussion_thread_wednesday_jan_29_2025/,Yo Kinda Kaso Hola
NepalStock,1ic4pcm,ANYONE NEED TO OPEN BROKER ACC?,Plastic-Sea-5170,"Hello everyone I'm currently doing an internship at Sajilo Broker 90, Jhamsikhel. My task is to bring in new customers and achieve a target of 100 customers so far, I have only managed to get 7 (including my own1 id )  If anyone is planning to open a broker account we can discuss it :) please",1,0,2025-01-28 15:55:45+00:00,https://reddit.com/r/NepalStock/comments/1ic4pcm/anyone_need_to_open_broker_acc/,Broker
NepalStock,1ic1kva,Can I make 2 broker account?,Tero-Bau-69,"I have my broker account, and there is no problem. My mom also has Demat and Meroshare accounts of her own, but she doesn't have her broker account, so I want to trade her share.

So the question is maile aafno used bako contact ra email le broker Account banauna milxa ki nai ? BOID different ta xa. Suggest as per sani secuirities policies",2,1,2025-01-28 13:30:15+00:00,https://reddit.com/r/NepalStock/comments/1ic1kva/can_i_make_2_broker_account/,Broker
NepalStock,1ibvsba,Stocks to invest on monthly basis.,HYDRUSH,"What are some of the best stocks that I can invest on monthly basis. I currently plan on investing around 30k a month and want some suggestions for the good return giving stocks.
I have some stock in mind, and currently own some of them but I doubt it's doing good in the market currently. They are HDL, GBIME, NICA, NABIL",1,0,2025-01-28 06:50:42+00:00,https://reddit.com/r/NepalStock/comments/1ibvsba/stocks_to_invest_on_monthly_basis/,Market
NepalStock,1ibuyog,How to sell 9 kitta of HATHY…..?,NoJellyfish3699,How to sell 9 kitta of HATHY…,1,0,2025-01-28 05:54:55+00:00,https://reddit.com/r/NepalStock/comments/1ibuyog/how_to_sell_9_kitta_of_hathy/,Online/TMS
NepalStock,1ibpt0z,"Daily Discussion Thread (Tuesday - Jan 28, 2025)",AutoModerator,"Use this post to discuss what to buy/sell/trade/avoid/watch today and in the coming days.

As always, the rules still apply.

**Have a TMS or Meroshare issue? Query about EDIS or collateral? Ask here instead of creating another thread. All queries regarding TMS, MeroShare, Broker issues, EDIS, Settlement and Payments should be asked here.** &gt;!DO NOT create another post.!&lt;

BEGINNER? [**Go here first!**](https://www.reddit.com/r/NepalStock/wiki/beginners-guide)

DO NOT MAKE SEPARATE **INDIVIDUAL** POSTS ASKING:

* what to buy or sell,
* or what bank to buy,
* or what insurance to buy,
* yo share kati samma mathi jancha hola
* IPO ma pareko yo share kun din bechda ramro hola, ajhai 1-2 din parkhine ki nai etc.

will be deleted. Repeat violators will be banned.

Happy Investing!",1,0,2025-01-28 01:15:29+00:00,https://reddit.com/r/NepalStock/comments/1ibpt0z/daily_discussion_thread_tuesday_jan_28_2025/,Yo Kinda Kaso Hola
NepalStock,1ibbt7u,Auction share questions,ka_bata_kachuwa,"Anyone here has experience filling auction shares? How low can I bid? Or high should I go? Do I have to fill it manually? 

Thanks for your help.",1,0,2025-01-27 15:31:54+00:00,https://reddit.com/r/NepalStock/comments/1ibbt7u/auction_share_questions/,Auction
NepalStock,1ib9szs,share market.........,[deleted],,1,3,2025-01-27 14:04:15+00:00,https://reddit.com/r/NepalStock/comments/1ib9szs/share_market/,Demat/MeroShare
NepalStock,1ib98d7,HOW TO COPY FLOORSHEET INTO EXCEL?,Plastic-Sea-5170,"i was told to copy the daily floorsheet into excel, but I can't find a way to do it other than manually. I tried using the importhtml command, but it only copied one page. so anyone please ?",1,0,2025-01-27 13:37:21+00:00,https://reddit.com/r/NepalStock/comments/1ib98d7/how_to_copy_floorsheet_into_excel/,Misc
NepalStock,1ib8h57,As a 27 years old how should I plan my investment journey?,Unable_Tie_2515,"Hi all, I am a 27 years old male who is currently making 2L per month. My expenses right now is about 10K per month + 25K which I give to my parents each month I do not have to pay rent as I live with my parents and also mostly work from home. 

I have few lakh rupees in saving right now and want to start investing my money. I am too lazy to buy stocks and follow the market so I want to invest in Mutual Funds that can give me a good return in future. I am looking to make long term investment of 25-30 years. Here are the things I have invested so far: 

1. Share Market (NABIL, CIT, NTC, GLOBAL IME).   
2. SIP Siddhartha (15K per month). 

I plan to invest at least 30/40K NRS each month and hopefully can increase the amount till 1L or more in future. 

I have family living the US and have possibility of moving there as well that is another reason I want to learn more about mutual funds and mutual funds worth spending. However, I do want to come back to Nepal as I have my parents living here and I desire to have an early retirement and move back to Nepal by the age of 55. 

Here are the things I would like your advice in - 

1. Which Mutual Funds should I invest in?   
2. As an NRN can I still invest through Mutual Funds?  
3. Other Areas I can invest in?",1,0,2025-01-27 13:04:59+00:00,https://reddit.com/r/NepalStock/comments/1ib8h57/as_a_27_years_old_how_should_i_plan_my_investment/,Advice
NepalStock,1ib8bnu,NEPSE discussions help neded ??,No-Drummer8118,,1,0,2025-01-27 12:58:38+00:00,https://reddit.com/r/NepalStock/comments/1ib8bnu/nepse_discussions_help_neded/,Market
NepalStock,1ib8ap0,NEPSE Stoploss help needed if possible ...,No-Drummer8118,,1,0,2025-01-27 12:57:21+00:00,https://reddit.com/r/NepalStock/comments/1ib8ap0/nepse_stoploss_help_needed_if_possible/,Market
NepalStock,1ib6dq8,Shares parepachi meroshare ma kati din pachi show hunxa,im_vengeance_21,,1,0,2025-01-27 11:22:07+00:00,https://reddit.com/r/NepalStock/comments/1ib6dq8/shares_parepachi_meroshare_ma_kati_din_pachi_show/,IPO/FPO
NepalStock,1ib4rl9,Naya IPO aaune bittikai kasari tha paune? Like aba maile check garirakhna na paros.,chiya_coffee,Title,1,0,2025-01-27 09:51:31+00:00,https://reddit.com/r/NepalStock/comments/1ib4rl9/naya_ipo_aaune_bittikai_kasari_tha_paune_like_aba/,IPO/FPO
NepalStock,1iaxg2l,How does cash dividend work?,Chudure_Kami,Maile HDL ko cash divident paaye 5% tara only Rs.400 While I have 100 shares. Kina yeti thorai??,1,0,2025-01-27 02:29:06+00:00,https://reddit.com/r/NepalStock/comments/1iaxg2l/how_does_cash_dividend_work/,Market
NepalStock,1iawikk,Kina ho yo problem vako,T_x_TM,"So maile first time trade gardai ho , ani hijo share becheko thiye tara yo edis ra wacc garni option nai aauna hai mero ma kina hola. Aadi aauxa yesto. Hijo dekhi try gardaixu. Kahile samma garnu parxa yo. Plz help if anyone has faced similar problem.",1,0,2025-01-27 01:41:15+00:00,https://reddit.com/r/NepalStock/comments/1iawikk/kina_ho_yo_problem_vako/,Trading/Settlement/Payment
NepalStock,1iaw054,"Daily Discussion Thread (Monday - Jan 27, 2025)",AutoModerator,"Use this post to discuss what to buy/sell/trade/avoid/watch today and in the coming days.

As always, the rules still apply.

**Have a TMS or Meroshare issue? Query about EDIS or collateral? Ask here instead of creating another thread. All queries regarding TMS, MeroShare, Broker issues, EDIS, Settlement and Payments should be asked here.** &gt;!DO NOT create another post.!&lt;

BEGINNER? [**Go here first!**](https://www.reddit.com/r/NepalStock/wiki/beginners-guide)

DO NOT MAKE SEPARATE **INDIVIDUAL** POSTS ASKING:

* what to buy or sell,
* or what bank to buy,
* or what insurance to buy,
* yo share kati samma mathi jancha hola
* IPO ma pareko yo share kun din bechda ramro hola, ajhai 1-2 din parkhine ki nai etc.

will be deleted. Repeat violators will be banned.

Happy Investing!",1,0,2025-01-27 01:15:29+00:00,https://reddit.com/r/NepalStock/comments/1iaw054/daily_discussion_thread_monday_jan_27_2025/,Yo Kinda Kaso Hola
NepalStock,1iau01j,What would you pay for HDL,i-screamoften,I was just reading some reports and i calculated hdl's intrinsic value(randomly). I later realized its 220. I didn't dig into it why and who but felt like sharing.,1,0,2025-01-26 23:39:31+00:00,https://reddit.com/r/NepalStock/comments/1iau01j/what_would_you_pay_for_hdl/,Market
NepalStock,1ial3ti,Bond comparison between Nepal and India,sabaithikcha,Can any one shed light on how do i do comparison of bond between India and Nepal? Where can I get the monthly yield data ?,1,0,2025-01-26 17:51:46+00:00,https://reddit.com/r/NepalStock/comments/1ial3ti/bond_comparison_between_nepal_and_india/,Debentures/Bonds
NepalStock,1iagvgd,What do you think about strategies of Siddharth Bhanushali?,nameisalreadytaken46,Is it even applicable in NEPSE?,1,0,2025-01-26 15:10:24+00:00,https://reddit.com/r/NepalStock/comments/1iagvgd/what_do_you_think_about_strategies_of_siddharth/,Market
NepalStock,1ia7qsn,People who work on NRB cant invest?,Fresh_Helicopter_670,"Recently heard about this rule and wanted more clarification on it, Heard people who work in nrb or some government jobs cant invest because they get information about companies way early before its available to public, but cant they just invest through a family member??
And what about those who work in a publicly traded companies, can they invest in their own company?",1,1,2025-01-26 06:26:26+00:00,https://reddit.com/r/NepalStock/comments/1ia7qsn/people_who_work_on_nrb_cant_invest/,Market
NepalStock,1ia58yq,Help me with suggestions...,JealousAnywhere5549,,1,0,2025-01-26 03:53:02+00:00,https://reddit.com/r/NepalStock/comments/1ia58yq/help_me_with_suggestions/,Bonus Share/Dividend
NepalStock,1ia3z65,Commercial banks and their immediate future in Nepse.,rastalifex9,If you have to choose one bank which would you choose ?,1,0,2025-01-26 02:42:07+00:00,https://reddit.com/r/NepalStock/comments/1ia3z65/commercial_banks_and_their_immediate_future_in/,Market
NepalStock,1ia2c7m,"Daily Discussion Thread (Sunday - Jan 26, 2025)",AutoModerator,"Use this post to discuss what to buy/sell/trade/avoid/watch today and in the coming days.

As always, the rules still apply.

**Have a TMS or Meroshare issue? Query about EDIS or collateral? Ask here instead of creating another thread. All queries regarding TMS, MeroShare, Broker issues, EDIS, Settlement and Payments should be asked here.** &gt;!DO NOT create another post.!&lt;

BEGINNER? [**Go here first!**](https://www.reddit.com/r/NepalStock/wiki/beginners-guide)

DO NOT MAKE SEPARATE **INDIVIDUAL** POSTS ASKING:

* what to buy or sell,
* or what bank to buy,
* or what insurance to buy,
* yo share kati samma mathi jancha hola
* IPO ma pareko yo share kun din bechda ramro hola, ajhai 1-2 din parkhine ki nai etc.

will be deleted. Repeat violators will be banned.

Happy Investing!",1,0,2025-01-26 01:15:30+00:00,https://reddit.com/r/NepalStock/comments/1ia2c7m/daily_discussion_thread_sunday_jan_26_2025/,Yo Kinda Kaso Hola
NepalStock,1i9rcrq,Hell on investing on ipo,Healthy_Program_7795,"So, My mom is in Kuwait for work. She doesn't know anything much English and information regarding banking services and ipo. Is it possible to use her bank account and invest in foreign employee's ipos that our country has divided 10%. And how to do that I have no idea about that so, can you guys please help me and provide some guidance.",1,0,2025-01-25 16:58:34+00:00,https://reddit.com/r/NepalStock/comments/1i9rcrq/hell_on_investing_on_ipo/,IPO/FPO
NepalStock,1i9pmlm,Prop Firms Trading in Nepal,Comprehensive-Loss23,"As Nepalese are restricted from directly investing in forex market. Is investing in forex market through prop firm restricted ?

I understand  that there is no clear regulations regarding it.

Will the withdrawals of payouts from the prop firm in Nepalese bank account have any issues?  
please suggest

Additionally, what will happen if you trade crypto from the prop firm?",1,0,2025-01-25 15:42:50+00:00,https://reddit.com/r/NepalStock/comments/1i9pmlm/prop_firms_trading_in_nepal/,Advice
NepalStock,1i9oudb,CBBL Versus SKBBL Stock,Abishek79,They Both Are Quite Same Which to Pick.?,1,0,2025-01-25 15:06:04+00:00,https://reddit.com/r/NepalStock/comments/1i9oudb/cbbl_versus_skbbl_stock/,Market
NepalStock,1i9kr7d,Buying debenture through private placement,aayushkarki49,"It's about buying debentures through ""private placement"".

1) Is an individual allowed to buy debentures through private placement. If yes, what is the process?

2) Is there a minimum? If yes, how much.

3) Will there be extra restrictions placed on the sale, as opposed to if it were brought through Meroshare?",1,0,2025-01-25 11:09:04+00:00,https://reddit.com/r/NepalStock/comments/1i9kr7d/buying_debenture_through_private_placement/,Debentures/Bonds
NepalStock,1i9hi61,Cany who has faced this problem before,Weiredpoet,If someone had how to fix it,1,0,2025-01-25 07:06:38+00:00,https://reddit.com/r/NepalStock/comments/1i9hi61/cany_who_has_faced_this_problem_before/,Online/TMS
NepalStock,1i902ja,ULIT Coin: An Overview,Familiar_Holiday7658,,1,0,2025-01-24 16:57:40+00:00,https://reddit.com/r/NepalStock/comments/1i902ja/ulit_coin_an_overview/,Market
NepalStock,1i8y0es,Investors WhatsApp Community!,Analyst-Thoery-3,"Hey young investors or trader I am glad to say that we are creating a community of people with similar mindset and trying to learn or expert in the field of Nepal stock exchange..You can join today and discuss about the market and teach or learn the terms you know or don't know.. 
https://chat.whatsapp.com/BpWvFbDgagO7PJ98aphwkq",1,0,2025-01-24 15:30:27+00:00,https://reddit.com/r/NepalStock/comments/1i8y0es/investors_whatsapp_community/,Market
NepalStock,1i8xker,Nepse tms ko default time,LegitimatePatient143,Is it just the broker I use or for everyone that tms dashboard time is 15 mins faster,1,0,2025-01-24 15:11:19+00:00,https://reddit.com/r/NepalStock/comments/1i8xker/nepse_tms_ko_default_time/,Broker
NepalStock,1i8v1kn,A Guy Called Telling If I Wanted To Buy Promoter shares of Hydro .What Should I Do ?,Many-Marzipan-9804,How much dividend can I expect and if the company comes in ipo what happens to my shares? Is promoter share a good investment?,1,0,2025-01-24 13:11:28+00:00,https://reddit.com/r/NepalStock/comments/1i8v1kn/a_guy_called_telling_if_i_wanted_to_buy_promoter/,Market
NepalStock,1i8rq03,"HEI -5 kitta ,NBL-3 kitta ,HATHY -2 kitta ,SNLI -2 kitta sell",withpeople,,1,0,2025-01-24 09:33:58+00:00,https://reddit.com/r/NepalStock/comments/1i8rq03/hei_5_kitta_nbl3_kitta_hathy_2_kitta_snli_2_kitta/,Memes/Fun/Laughs
NepalStock,1i8ocsj,Top 5 Stocks To Do SIP On Stocks,Abishek79,"Hello Dai Didi hru
I am planning to Save money for my 20s
So,Can You suggest me Some good Stocks to do Sip On stocks.
Whose price is around 1000 npr , Can beat Inflation and give good dividend as well (For 5 to 8 years period) I have gathered information from different sources about this but I want to Know yours Opinion Too..",1,0,2025-01-24 05:30:10+00:00,https://reddit.com/r/NepalStock/comments/1i8ocsj/top_5_stocks_to_do_sip_on_stocks/,Market
NepalStock,1i8ndps,Curious about Stock prices,Emotional-Orange-1,"I guys, 
Don't know if this is a silly question but here it goes:
I was trying to sell dolti yesterday so was watching it's price all day. Price was around 850-880 all day. 
I checked the price starting 2:57pm and Last trading price was still going around 879-880.
It was still the same till 2:59:59 
Thyakka 3 ma it closed at 995. 
Kasari huncha esto? Am I missing something?",1,0,2025-01-24 04:33:16+00:00,https://reddit.com/r/NepalStock/comments/1i8ndps/curious_about_stock_prices/,Market
NepalStock,1i8fws5,Crypto Buy and save for future,Puzzled_Computer_504,,1,0,2025-01-23 22:25:18+00:00,https://reddit.com/r/NepalStock/comments/1i8fws5/crypto_buy_and_save_for_future/,Market
NepalStock,1i89rw0,time in nepse tms....,LegitimatePatient143,Is it just the broker I use or for everyone that tms dashboard time is 15 mins faster,1,0,2025-01-23 18:10:32+00:00,https://reddit.com/r/NepalStock/comments/1i89rw0/time_in_nepse_tms/,Broker
NepalStock,1i84477,Nepal Exchange in affordable rate,Kindly_Relative7897,If anyone wants genuine usdt exchange and cashapp dollar exchange in Nepal do dm me . Best rate Ld backup cashapp available.,1,0,2025-01-23 14:06:49+00:00,https://reddit.com/r/NepalStock/comments/1i84477/nepal_exchange_in_affordable_rate/,Trading/Settlement/Payment
NepalStock,1i7yw0k,Does Nabil bank pays quarterly dividends or yearly ?,Uniqloo21,"What percentage did Nabil bank pay in dividends year 80/81 ? And when , thanks .",4,14,2025-01-23 08:28:30+00:00,https://reddit.com/r/NepalStock/comments/1i7yw0k/does_nabil_bank_pays_quarterly_dividends_or_yearly/,Market
NepalStock,1i7rmjk,"Market Weekend Discussion (Thursday Jan 23 - Saturday Jan 25, 2025)",AutoModerator,"Use this post to discuss what to buy/sell/trade/avoid/watch this weekend and in the coming days.

As always, the rules still apply.

**Have a TMS or Meroshare issue? Query about EDIS or collateral? Ask here instead of creating another thread. All queries regarding TMS, MeroShare, Broker Issues, EDIS, Settlement and Payments should be asked here.** DO NOT create another post.

BEGINNER? [**Go here first!**](https://www.reddit.com/r/NepalStock/wiki/beginners-guide)

DO NOT MAKE SEPARATE **INDIVIDUAL** POSTS ASKING:

* what to buy or sell,
* or what bank to buy,
* or what insurance to buy,
* yo share kati samma mathi jancha hola
* IPO ma pareko yo share kun din bechda ramro hola, ajhai 1-2 din parkhine ki nai etc.

will be deleted. Repeat violators will be banned.

Happy Investing!",1,0,2025-01-23 01:15:31+00:00,https://reddit.com/r/NepalStock/comments/1i7rmjk/market_weekend_discussion_thursday_jan_23/,Yo Kinda Kaso Hola
NepalStock,1i77xut,Mod deleted my post..,LegitimatePatient143,Pls see comments,1,8,2025-01-22 10:11:39+00:00,https://reddit.com/r/NepalStock/comments/1i77xut/mod_deleted_my_post/,Broker
NepalStock,1i773ti,Post getting  deleted,LegitimatePatient143,,1,1,2025-01-22 09:07:26+00:00,https://reddit.com/r/NepalStock/comments/1i773ti/post_getting_deleted/,Broker
NepalStock,1i76vqv,"Hey guys I'm new , can you give some advice",Slow_Elevator6480,,1,1,2025-01-22 08:50:39+00:00,https://reddit.com/r/NepalStock/comments/1i76vqv/hey_guys_im_new_can_you_give_some_advice/,Advice
NepalStock,1i76una,SRLI online tax payment for bonus share 18.38%,Sandbox_01,,1,0,2025-01-22 08:48:23+00:00,https://reddit.com/r/NepalStock/comments/1i76una/srli_online_tax_payment_for_bonus_share_1838/,Bonus Share/Dividend
NepalStock,1i76s6l,SRLI online tax payment for bonus share 18.38%,Sandbox_01,,1,0,2025-01-22 08:43:07+00:00,https://reddit.com/r/NepalStock/comments/1i76s6l/srli_online_tax_payment_for_bonus_share_1838/,Misc
NepalStock,1i73vlq,Collateral  add garda,LegitimatePatient143,,1,0,2025-01-22 05:19:43+00:00,https://reddit.com/r/NepalStock/comments/1i73vlq/collateral_add_garda/,Broker
NepalStock,1i72ev5,Kasari suru garne????,suckondeezzzz,"Nepali share market ma 20k bata start gareko chu.
AKPL ko 20 kitta liye 237.20 ma ani NFS ko 20 kitta liye 766 ma. Guys any suggestions if i have a good start?
5k baki cha aja kun lida huncha? I don't know technical/ fundamental analysis. Ekduita whatsapp group ma herera suru gareko. Please guide me!
@",1,0,2025-01-22 03:57:42+00:00,https://reddit.com/r/NepalStock/comments/1i72ev5/kasari_suru_garne/,Market
NepalStock,1i72cby,Help me get started!!,suckondeezzzz,,1,0,2025-01-22 03:54:17+00:00,https://reddit.com/r/NepalStock/comments/1i72cby/help_me_get_started/,Market
NepalStock,1i6yzu3,"Daily Discussion Thread (Wednesday - Jan 22, 2025)",AutoModerator,"Use this post to discuss what to buy/sell/trade/avoid/watch today and in the coming days.

As always, the rules still apply.

**Have a TMS or Meroshare issue? Query about EDIS or collateral? Ask here instead of creating another thread. All queries regarding TMS, MeroShare, Broker issues, EDIS, Settlement and Payments should be asked here.** &gt;!DO NOT create another post.!&lt;

BEGINNER? [**Go here first!**](https://www.reddit.com/r/NepalStock/wiki/beginners-guide)

DO NOT MAKE SEPARATE **INDIVIDUAL** POSTS ASKING:

* what to buy or sell,
* or what bank to buy,
* or what insurance to buy,
* yo share kati samma mathi jancha hola
* IPO ma pareko yo share kun din bechda ramro hola, ajhai 1-2 din parkhine ki nai etc.

will be deleted. Repeat violators will be banned.

Happy Investing!",4,3,2025-01-22 01:15:28+00:00,https://reddit.com/r/NepalStock/comments/1i6yzu3/daily_discussion_thread_wednesday_jan_22_2025/,Yo Kinda Kaso Hola
NepalStock,1i6wxtw,Advice on how to sell promoter share,No_Reaction_2585,"Hi, I am new to this. I have some Muktinath Insurance promoter share. I am living abroad right now. Does anyone know if I can sell now? What is the process like? Your suggestion is highly appreciated. Thank you.",1,0,2025-01-21 23:40:19+00:00,https://reddit.com/r/NepalStock/comments/1i6wxtw/advice_on_how_to_sell_promoter_share/,Advice
NepalStock,1i6ha55,When will I see Garima Sambriddhi Yojana (GSYMF) in my Meroshare?,reddit4rms,It's been many weeks and I have not seen GSYMF in my Meroshare. Why is it taking a long time for this to show up?,1,0,2025-01-21 12:16:18+00:00,https://reddit.com/r/NepalStock/comments/1i6ha55/when_will_i_see_garima_sambriddhi_yojana_gsymf_in/,IPO/FPO
NepalStock,1i6eek8,Will I get the Bonus share for SHL ,One_Homework_5352,"Hello guys, So I hold halka SHL stock. Maile 28th nov (book close date) bhanda dherai aagadi dekhi nei kinera rakhya thiye. 10% bonus share ra 26.5% cash dividend bhaya thiyo. i did recive 26.5% ko cash amount tara Receivable Bonus Quantity aakai chaina meroshare ma? 

  
I am very new to this ani have not so good knowledge, any anyone help me if maile paunu parne ho ki nai?",1,0,2025-01-21 08:50:32+00:00,https://reddit.com/r/NepalStock/comments/1i6eek8/will_i_get_the_bonus_share_for_shl/,Demat/MeroShare
NepalStock,1i6diek,want to close TMS account,Aggravating-Fee-9059,"Want to close TMS account via online but they are saying it is not possible via online. I have to present at their office physically.  Account open grda chai katai jana parena but close grda chai hudaina aree online bta.... worst broker Aryatara securities. broker 57

Is there a way to close tms account via online?",1,0,2025-01-21 07:42:12+00:00,https://reddit.com/r/NepalStock/comments/1i6diek/want_to_close_tms_account/,Broker
NepalStock,1i68u7q,Share auction ko laggii need some tip,Sagar_kunwar764,"Yoo share ko auction ko apply gardaa.
Payment chaiii capital maiii gaeyyyrww garnee hoo kii . First maii Ghar Bata payment ko voucher leeeyy rw janee hoo.

 First time try garnuu laa ko Yo LEC  maa.
Soo please help me .. 
Aaja last day raiii xaa",1,0,2025-01-21 02:58:19+00:00,https://reddit.com/r/NepalStock/comments/1i68u7q/share_auction_ko_laggii_need_some_tip/,Trading/Settlement/Payment
NepalStock,1i66shq,"Daily Discussion Thread (Tuesday - Jan 21, 2025)",AutoModerator,"Use this post to discuss what to buy/sell/trade/avoid/watch today and in the coming days.

As always, the rules still apply.

**Have a TMS or Meroshare issue? Query about EDIS or collateral? Ask here instead of creating another thread. All queries regarding TMS, MeroShare, Broker issues, EDIS, Settlement and Payments should be asked here.** &gt;!DO NOT create another post.!&lt;

BEGINNER? [**Go here first!**](https://www.reddit.com/r/NepalStock/wiki/beginners-guide)

DO NOT MAKE SEPARATE **INDIVIDUAL** POSTS ASKING:

* what to buy or sell,
* or what bank to buy,
* or what insurance to buy,
* yo share kati samma mathi jancha hola
* IPO ma pareko yo share kun din bechda ramro hola, ajhai 1-2 din parkhine ki nai etc.

will be deleted. Repeat violators will be banned.

Happy Investing!",1,0,2025-01-21 01:15:29+00:00,https://reddit.com/r/NepalStock/comments/1i66shq/daily_discussion_thread_tuesday_jan_21_2025/,Yo Kinda Kaso Hola
NepalStock,1i5rkz3,Nepal Crypto Discord community [just built],Training-Kitchen-575,,1,0,2025-01-20 14:39:49+00:00,https://reddit.com/r/NepalStock/comments/1i5rkz3/nepal_crypto_discord_community_just_built/,Market
NepalStock,1i5q1gx,Need help as to secondary market.,Substantial-Roll9810,,1,0,2025-01-20 13:23:13+00:00,https://reddit.com/r/NepalStock/comments/1i5q1gx/need_help_as_to_secondary_market/,Advice
NepalStock,1i5jpg0,(18M) Stock Averaging,Worth_Height_8565,I have joined in stock market just recently like 4 months ago. I don’t have much information about Technical and Fundamentals. Suru ma ta I gained profit nai then after I had purchased stock of KBL and NICA in comparatively higher prices as I heard banking sector was safer in comparison to other sectors. Then after purchasing those stock in higher prices the price decreased which I know is absolutely normal in stock market as market fluctuates . So to gain profit quicker what I did was I purchased when those stock were alik lower so I can gain more profit when price increases but again the prices of stock are decreasing significantly. So what should I do now ? Should I keep on Averaging the purchase price ? I have spent more than a lakh now ? I even have read various books about stock market and most of those books say “Be Greedy when other people are Afraid” so what I did was keep on buying when price are decreasing as long run ma stock market increases nai hunxa which in reality. But I still doubt what I should be doing ?,1,0,2025-01-20 06:06:27+00:00,https://reddit.com/r/NepalStock/comments/1i5jpg0/18m_stock_averaging/,Market
NepalStock,1i5j98v,Yo ngpl ko right share bharnu kina na mileko ho?,Mindless_Dig_2268,Help,1,0,2025-01-20 05:37:56+00:00,https://reddit.com/r/NepalStock/comments/1i5j98v/yo_ngpl_ko_right_share_bharnu_kina_na_mileko_ho/,Market
NepalStock,1i5ejc8,"Daily Discussion Thread (Monday - Jan 20, 2025)",AutoModerator,"Use this post to discuss what to buy/sell/trade/avoid/watch today and in the coming days.

As always, the rules still apply.

**Have a TMS or Meroshare issue? Query about EDIS or collateral? Ask here instead of creating another thread. All queries regarding TMS, MeroShare, Broker issues, EDIS, Settlement and Payments should be asked here.** &gt;!DO NOT create another post.!&lt;

BEGINNER? [**Go here first!**](https://www.reddit.com/r/NepalStock/wiki/beginners-guide)

DO NOT MAKE SEPARATE **INDIVIDUAL** POSTS ASKING:

* what to buy or sell,
* or what bank to buy,
* or what insurance to buy,
* yo share kati samma mathi jancha hola
* IPO ma pareko yo share kun din bechda ramro hola, ajhai 1-2 din parkhine ki nai etc.

will be deleted. Repeat violators will be banned.

Happy Investing!",1,0,2025-01-20 01:15:28+00:00,https://reddit.com/r/NepalStock/comments/1i5ejc8/daily_discussion_thread_monday_jan_20_2025/,Yo Kinda Kaso Hola
NepalStock,1i4ukfj,Dp not showing in ATRAD (secured securities),Himano_Kurosake,I just opened my broker account. Jst been a few days like Wednesday kholeko but neither can i buy or sell shares and my holdings also arent there meroshare ma bhako. What is the prblm can anybody help me?,1,0,2025-01-19 09:09:13+00:00,https://reddit.com/r/NepalStock/comments/1i4ukfj/dp_not_showing_in_atrad_secured_securities/,Online/TMS
NepalStock,1i4rdm3,Secondary market ma first investment kun ma gaarda thik hola aaile ?,[deleted],,5,2,2025-01-19 05:29:35+00:00,https://reddit.com/r/NepalStock/comments/1i4rdm3/secondary_market_ma_first_investment_kun_ma/,Market
NepalStock,1i4r28a,"Is ipo not for me? ahilesamma 47 ota vareko jamma 2 ota pareko xa, that too paila pailako",[deleted],,11,21,2025-01-19 05:10:59+00:00,https://reddit.com/r/NepalStock/comments/1i4r28a/is_ipo_not_for_me_ahilesamma_47_ota_vareko_jamma/,IPO/FPO
NepalStock,1i4r1lz,And there is buzz with UPPER in tea stalls....................................,soontobebillionare7,UPPER ⚠️,1,0,2025-01-19 05:10:02+00:00,https://reddit.com/r/NepalStock/comments/1i4r1lz/and_there_is_buzz_with_upper_in_tea_stalls/,Market
NepalStock,1i4mlfs,"Daily Discussion Thread (Sunday - Jan 19, 2025)",AutoModerator,"Use this post to discuss what to buy/sell/trade/avoid/watch today and in the coming days.

As always, the rules still apply.

**Have a TMS or Meroshare issue? Query about EDIS or collateral? Ask here instead of creating another thread. All queries regarding TMS, MeroShare, Broker issues, EDIS, Settlement and Payments should be asked here.** &gt;!DO NOT create another post.!&lt;

BEGINNER? [**Go here first!**](https://www.reddit.com/r/NepalStock/wiki/beginners-guide)

DO NOT MAKE SEPARATE **INDIVIDUAL** POSTS ASKING:

* what to buy or sell,
* or what bank to buy,
* or what insurance to buy,
* yo share kati samma mathi jancha hola
* IPO ma pareko yo share kun din bechda ramro hola, ajhai 1-2 din parkhine ki nai etc.

will be deleted. Repeat violators will be banned.

Happy Investing!",1,0,2025-01-19 01:15:29+00:00,https://reddit.com/r/NepalStock/comments/1i4mlfs/daily_discussion_thread_sunday_jan_19_2025/,Yo Kinda Kaso Hola
NepalStock,1i44vzn,How much has your returns been on nepse,Fresh_Helicopter_670,"As the title says, what has been your yearly returns and is it better or worse than u had hoped for?",1,0,2025-01-18 10:36:06+00:00,https://reddit.com/r/NepalStock/comments/1i44vzn/how_much_has_your_returns_been_on_nepse/,Market
NepalStock,1i42zlh,Can we secure dividend is we purchased particular stock on book closed date ? ,Deep_Date_8139,I bought ntc on 2nd Jan which was book closed day itself and didn't received cash bonus .,1,0,2025-01-18 08:14:06+00:00,https://reddit.com/r/NepalStock/comments/1i42zlh/can_we_secure_dividend_is_we_purchased_particular/,Trading/Settlement/Payment
NepalStock,1i42yxd,Why nabil is not same anymore or it doesn't hold the previous charm !? ,Deep_Date_8139,"-it is only 15% above the all time high 
-it is the regular most profit earning commercial bank in Nepal 
-NPL is also not that high compared to other institutions being a largest company in this sector.
- PB about 2.13
Is it because of its LTP or sth else ?",1,0,2025-01-18 08:12:35+00:00,https://reddit.com/r/NepalStock/comments/1i42yxd/why_nabil_is_not_same_anymore_or_it_doesnt_hold/,Market
NepalStock,1i3dqx2,Is anyone here investing in foreign stock exchanges while living in Nepal?,Fresh_Helicopter_670,"If so, how are u doing it? 🤔 Through a relative?",1,0,2025-01-17 10:50:22+00:00,https://reddit.com/r/NepalStock/comments/1i3dqx2/is_anyone_here_investing_in_foreign_stock/,Market
NepalStock,1i3az9a,"How do you guys indulge in  trade in the market outside Nepal, crypto , forex, ",withpeople,,1,0,2025-01-17 07:17:57+00:00,https://reddit.com/r/NepalStock/comments/1i3az9a/how_do_you_guys_indulge_in_trade_in_the_market/,Memes/Fun/Laughs
NepalStock,1i3axu5,"How do you guys trade in the market outside Nepal, crypto?",withpeople,,1,0,2025-01-17 07:14:55+00:00,https://reddit.com/r/NepalStock/comments/1i3axu5/how_do_you_guys_trade_in_the_market_outside_nepal/,Memes/Fun/Laughs
NepalStock,1i35jc1,Sana Kisan Bikas Laghubitta Bittiyasanstha Ltd. (SKBBL),[deleted],,1,5,2025-01-17 01:55:00+00:00,https://reddit.com/r/NepalStock/comments/1i35jc1/sana_kisan_bikas_laghubitta_bittiyasanstha_ltd/,Market
NepalStock,1i2sbhz,is holdings only shown when the market is active in nepse mero share?,awJeezWubbaLubbadub,I calculated my WACC before i sold my shares way too before and now that i got the message of doing EDIS i cant see anything in my holdings and i cant see the settlement in transfer shares in mero share.,1,0,2025-01-16 16:08:06+00:00,https://reddit.com/r/NepalStock/comments/1i2sbhz/is_holdings_only_shown_when_the_market_is_active/,Trading/Settlement/Payment
NepalStock,1i2rp5y,Transfer Share ko settlement ma kei pani aayena helpp,awJeezWubbaLubbadub,"Ma naya ho yo market ma need help  
Paila 2 ta IPO pareko thiyo ani maile WACC calculate gardeko thiye holdings ma aayeko pani update gare tara tms account thiyena   
ahile chha ra sell pani gare   
ani WACC already calculated bhancha   
tara Transfer shares ma tyo settlement wala audaina what to do??",1,0,2025-01-16 15:41:00+00:00,https://reddit.com/r/NepalStock/comments/1i2rp5y/transfer_share_ko_settlement_ma_kei_pani_aayena/,Demat/MeroShare
NepalStock,1i2p8sn,Beginners guide didn't helped,Additional-Gift8296,"Malai ipo pareko thiyo ,Ani teslai bechna maile broker id khole ,aaba teha maile bechnu paryo vane teha mero share ma jati dekhako Cha tehi aaspas mero khata ma paisa aaune ho ki kasaile kine pachi aaune ho",1,0,2025-01-16 13:46:00+00:00,https://reddit.com/r/NepalStock/comments/1i2p8sn/beginners_guide_didnt_helped/,Trading/Settlement/Payment
NepalStock,1i2owxm,Global ime bank financial statement for the last quarter,No-Desk4150,Don't see it in their website.  Anyone know where it is?,1,0,2025-01-16 13:29:34+00:00,https://reddit.com/r/NepalStock/comments/1i2owxm/global_ime_bank_financial_statement_for_the_last/,Market
NepalStock,1i2d86u,"Market Weekend Discussion (Thursday Jan 16 - Saturday Jan 18, 2025)",AutoModerator,"Use this post to discuss what to buy/sell/trade/avoid/watch this weekend and in the coming days.

As always, the rules still apply.

**Have a TMS or Meroshare issue? Query about EDIS or collateral? Ask here instead of creating another thread. All queries regarding TMS, MeroShare, Broker Issues, EDIS, Settlement and Payments should be asked here.** DO NOT create another post.

BEGINNER? [**Go here first!**](https://www.reddit.com/r/NepalStock/wiki/beginners-guide)

DO NOT MAKE SEPARATE **INDIVIDUAL** POSTS ASKING:

* what to buy or sell,
* or what bank to buy,
* or what insurance to buy,
* yo share kati samma mathi jancha hola
* IPO ma pareko yo share kun din bechda ramro hola, ajhai 1-2 din parkhine ki nai etc.

will be deleted. Repeat violators will be banned.

Happy Investing!",1,0,2025-01-16 01:15:30+00:00,https://reddit.com/r/NepalStock/comments/1i2d86u/market_weekend_discussion_thursday_jan_16/,Yo Kinda Kaso Hola
NepalStock,1i22jgg,FINANCE NFS and JFL are they over?,[deleted],,2,2,2025-01-15 17:22:13+00:00,https://reddit.com/r/NepalStock/comments/1i22jgg/finance_nfs_and_jfl_are_they_over/,Market
NepalStock,1i1wo7i,Ngpl ko right share ko lagi apply garya reject matrai vanxa k vako ho?,Hot-Conversation2318,.,1,4,2025-01-15 12:50:29+00:00,https://reddit.com/r/NepalStock/comments/1i1wo7i/ngpl_ko_right_share_ko_lagi_apply_garya_reject/,Market
NepalStock,1i1vdny,Maile broker id ta banaye tara mero bank ma balance 0 Cha ,[deleted],,1,2,2025-01-15 11:27:28+00:00,https://reddit.com/r/NepalStock/comments/1i1vdny/maile_broker_id_ta_banaye_tara_mero_bank_ma/,Broker
NepalStock,1i1vdf9,Yo afai kindai afai bechnu ko reason k hola?,mrduck788,,1,0,2025-01-15 11:26:59+00:00,https://reddit.com/r/NepalStock/comments/1i1vdf9/yo_afai_kindai_afai_bechnu_ko_reason_k_hola/,Market
NepalStock,1i1v9cd,When will lock in period of ntc end?,Fresh_Helicopter_670,Yo lock in period sakera kaile promoter shares ordinary shares ma convert huda raicha ntc ko chai? Cant find it nepse alphas promoter shares list,1,0,2025-01-15 11:19:12+00:00,https://reddit.com/r/NepalStock/comments/1i1v9cd/when_will_lock_in_period_of_ntc_end/,Market
NepalStock,1i1uwcf,"What happened to the Bhutanese Ngultrum from 11 January, 2025 to today?",Ok-Round-7606,"What is the sudden spike from Jan 11 about? 

https://preview.redd.it/1hyxkegy05de1.png?width=1342&amp;format=png&amp;auto=webp&amp;s=cec0f12c0fd996454e725409913409833b58043d

https://preview.redd.it/cxq3sq1i15de1.png?width=1362&amp;format=png&amp;auto=webp&amp;s=05a689c47f6cf8c925ef09dc1bd40fc2b32667a2",0,2,2025-01-15 10:53:59+00:00,https://reddit.com/r/NepalStock/comments/1i1uwcf/what_happened_to_the_bhutanese_ngultrum_from_11/,Economy
NepalStock,1i1tq19,Green life hydro and Union hydro seems promising,KM-2058_01_01,"https://preview.redd.it/vhevzk43l4de1.png?width=795&amp;format=png&amp;auto=webp&amp;s=00331862c46b394179910c409e54a2ae10dd57f9

Union hydro has been triming it debt like a Pro, 89MW project pending to get construction lisence.......................",1,0,2025-01-15 09:23:50+00:00,https://reddit.com/r/NepalStock/comments/1i1tq19/green_life_hydro_and_union_hydro_seems_promising/,Market
NepalStock,1i1s0bs,How is CBBL as a company ? ,pyuraa,"cosistently dividend ra bonus ni dirako recha, i had bought some years ago and wanted to average now",1,0,2025-01-15 07:09:03+00:00,https://reddit.com/r/NepalStock/comments/1i1s0bs/how_is_cbbl_as_a_company/,Market
NepalStock,1i1rlad,Anyone 4 kitta of NICA,[deleted],,1,3,2025-01-15 06:38:45+00:00,https://reddit.com/r/NepalStock/comments/1i1rlad/anyone_4_kitta_of_nica/,Market
NepalStock,1i1rgcq,Loading ma adkirako xa,Motor-Ostrich3483,"Tms open garna khojda loading matra vnxa, khuldaina 1 ghanta vaisako. K grne hola?",1,0,2025-01-15 06:29:12+00:00,https://reddit.com/r/NepalStock/comments/1i1rgcq/loading_ma_adkirako_xa/,Online/TMS
NepalStock,1i1qzoi,"What does this mean, how is there no buyers?",bladerunner049,https://preview.redd.it/qctugrlsk3de1.png?width=1481&amp;format=png&amp;auto=webp&amp;s=7bd2621f121dc0542f37bb4e1c3ecc4d718d633f,1,0,2025-01-15 05:58:01+00:00,https://reddit.com/r/NepalStock/comments/1i1qzoi/what_does_this_mean_how_is_there_no_buyers/,Market
NepalStock,1i1lxpx,"Daily Discussion Thread (Wednesday - Jan 15, 2025)",AutoModerator,"Use this post to discuss what to buy/sell/trade/avoid/watch today and in the coming days.

As always, the rules still apply.

**Have a TMS or Meroshare issue? Query about EDIS or collateral? Ask here instead of creating another thread. All queries regarding TMS, MeroShare, Broker issues, EDIS, Settlement and Payments should be asked here.** &gt;!DO NOT create another post.!&lt;

BEGINNER? [**Go here first!**](https://www.reddit.com/r/NepalStock/wiki/beginners-guide)

DO NOT MAKE SEPARATE **INDIVIDUAL** POSTS ASKING:

* what to buy or sell,
* or what bank to buy,
* or what insurance to buy,
* yo share kati samma mathi jancha hola
* IPO ma pareko yo share kun din bechda ramro hola, ajhai 1-2 din parkhine ki nai etc.

will be deleted. Repeat violators will be banned.

Happy Investing!",1,0,2025-01-15 01:15:39+00:00,https://reddit.com/r/NepalStock/comments/1i1lxpx/daily_discussion_thread_wednesday_jan_15_2025/,Yo Kinda Kaso Hola
NepalStock,1i1bfzx,200k k ma invest grda thik hola,associativelyfucked,Ma saga 200k jati cash xa. Aeley nepse ma kasto sector ma stock ma invest grda thik hola plz give me sugeestion guys. I can hols for upto 1 month also.,1,0,2025-01-14 17:31:37+00:00,https://reddit.com/r/NepalStock/comments/1i1bfzx/200k_k_ma_invest_grda_thik_hola/,Market
NepalStock,1i16jbf,Nic Asia Dynamic Debt Fund Kasari Sell garne?,Bibek44,Guys haru mero nic asia dynamic debt fund ko unit haru bechnu parne xa . Maile youtube tira here anusar sip cancellation form ra arko debit instruction slip capital ko chahido raixa . Yo cancellation form ta online paiyo yo arko form chai ka bata nikalne . HELP gardim na koi lai idea xa vane.,1,0,2025-01-14 13:53:48+00:00,https://reddit.com/r/NepalStock/comments/1i16jbf/nic_asia_dynamic_debt_fund_kasari_sell_garne/,Debentures/Bonds
NepalStock,1i0wpfl,Help regarding buying shares or promoter share.,Lazarus_JB,,1,0,2025-01-14 03:17:43+00:00,https://reddit.com/r/NepalStock/comments/1i0wpfl/help_regarding_buying_shares_or_promoter_share/,Market
NepalStock,1i0u9bk,"Daily Discussion Thread (Tuesday - Jan 14, 2025)",AutoModerator,"Use this post to discuss what to buy/sell/trade/avoid/watch today and in the coming days.

As always, the rules still apply.

**Have a TMS or Meroshare issue? Query about EDIS or collateral? Ask here instead of creating another thread. All queries regarding TMS, MeroShare, Broker issues, EDIS, Settlement and Payments should be asked here.** &gt;!DO NOT create another post.!&lt;

BEGINNER? [**Go here first!**](https://www.reddit.com/r/NepalStock/wiki/beginners-guide)

DO NOT MAKE SEPARATE **INDIVIDUAL** POSTS ASKING:

* what to buy or sell,
* or what bank to buy,
* or what insurance to buy,
* yo share kati samma mathi jancha hola
* IPO ma pareko yo share kun din bechda ramro hola, ajhai 1-2 din parkhine ki nai etc.

will be deleted. Repeat violators will be banned.

Happy Investing!",1,0,2025-01-14 01:15:31+00:00,https://reddit.com/r/NepalStock/comments/1i0u9bk/daily_discussion_thread_tuesday_jan_14_2025/,Yo Kinda Kaso Hola
NepalStock,1i0tegu,HOW DO I START IN SHARE MARKET?,highflyer0322,"I have been applying IPOs for a while now and have accumulated a small portfolio too. Now I want to start investing in the secondary market and trading some of the stocks I have. I have all the necessary subscriptions like TMS and all.    
Could anybody suggest me some videos, books on how I should approach the share market as a beginner?  
It is not that I haven't searched for it myself, but I haven't found what I've been looking for. I am looking for videos /books that will help me learn about the markers of the share market in Nepal and help me decide on the value of the stocks rather than being dependent upon analysis of others.  


Thank you in advance!",1,0,2025-01-14 00:34:58+00:00,https://reddit.com/r/NepalStock/comments/1i0tegu/how_do_i_start_in_share_market/,Advice
NepalStock,1i0jsj6,ANY IDEA ABOUT DEBENTURES ,Temporary-Buy6482,"Any idea about how to invest in debuntures. Does it give fixed returns like 10% annually. Any one who has done it?
What about government bonds are they safe too?",1,0,2025-01-13 17:48:04+00:00,https://reddit.com/r/NepalStock/comments/1i0jsj6/any_idea_about_debentures/,Debentures/Bonds
NepalStock,1i0fmv4,User Name Mis-Matched,Abishek79,"I had opened a DEMAT account of my mom through Nic Asia by online method i accidentally wrote wrong Name in the details which was not matching with my mother's Citizen ship 
It wrote Laxmi but it was Bhawani in Her citizenship.But Nic asia opened Her Demat account with the name laxmi Nyaupane but When i go to the branch to get the crn and MeroShare they stated this problem so me and my mom went to global ime bank and fill a agreement to change the name and bring it to the nic asia bank then after some days i got the mero share and crn details by email but in mero share it states the name Laxmi till now
And i want to open a trading account now will i face any problem and why is the the name not changed even after doing all the work if you have any knowledge please provide.",1,0,2025-01-13 14:50:59+00:00,https://reddit.com/r/NepalStock/comments/1i0fmv4/user_name_mismatched/,Demat/MeroShare
NepalStock,1i0f90q,How to check SIP balance?,Toxicann,"Probably a noob question, but can someone tell me how do I check my SIP balance? I looked online but couldn't find anything regarding this.

NMB Saral bachat fund is what I am investing in.

Thanks in advance 😊",1,0,2025-01-13 14:32:51+00:00,https://reddit.com/r/NepalStock/comments/1i0f90q/how_to_check_sip_balance/,Mutual Funds
NepalStock,1i0d5z8,Nicasia agm is still no declared ,Tough-Bit-6515,Whats wrong with nica.. still no agm??? Or something else going on???,1,0,2025-01-13 12:47:29+00:00,https://reddit.com/r/NepalStock/comments/1i0d5z8/nicasia_agm_is_still_no_declared/,Market
NepalStock,1i0a0u6,What's going on... kasari,not-me-none,"Yo kasari .79 rakhya?? (Decimal paxi tw only 1 digit permitted hi tw software mai then...)
Kaisa?",1,0,2025-01-13 09:07:18+00:00,https://reddit.com/r/NepalStock/comments/1i0a0u6/whats_going_on_kasari/,Market
NepalStock,1i09rqb,NICA 4 kitta ODD LOT...,[deleted],,1,4,2025-01-13 08:47:20+00:00,https://reddit.com/r/NepalStock/comments/1i09rqb/nica_4_kitta_odd_lot/,Market
NepalStock,1i07rc7,share not listed in tms dashboard,ExtensionNew1980,"jiwwan kai first share hijo maile  kine, paxi payment setlement ni gare 5 baje tira,, kine ko share tms dashboard ma xaina ,, settlement garna dhilo vayo ki? collateral ko balance kattisakeko x,, k galti vo?",1,0,2025-01-13 06:18:15+00:00,https://reddit.com/r/NepalStock/comments/1i07rc7/share_not_listed_in_tms_dashboard/,Market
NepalStock,1i072fa,Odd lot alert!! NYADI 7 kitta @ lowest possible price,Top_Nectarine_146,if interested leave a comment I will set price as you want,1,0,2025-01-13 05:32:35+00:00,https://reddit.com/r/NepalStock/comments/1i072fa/odd_lot_alert_nyadi_7_kitta_lowest_possible_price/,Market
NepalStock,1i02ee3,"Daily Discussion Thread (Monday - Jan 13, 2025)",AutoModerator,"Use this post to discuss what to buy/sell/trade/avoid/watch today and in the coming days.

As always, the rules still apply.

**Have a TMS or Meroshare issue? Query about EDIS or collateral? Ask here instead of creating another thread. All queries regarding TMS, MeroShare, Broker issues, EDIS, Settlement and Payments should be asked here.** &gt;!DO NOT create another post.!&lt;

BEGINNER? [**Go here first!**](https://www.reddit.com/r/NepalStock/wiki/beginners-guide)

DO NOT MAKE SEPARATE **INDIVIDUAL** POSTS ASKING:

* what to buy or sell,
* or what bank to buy,
* or what insurance to buy,
* yo share kati samma mathi jancha hola
* IPO ma pareko yo share kun din bechda ramro hola, ajhai 1-2 din parkhine ki nai etc.

will be deleted. Repeat violators will be banned.

Happy Investing!",1,0,2025-01-13 01:15:30+00:00,https://reddit.com/r/NepalStock/comments/1i02ee3/daily_discussion_thread_monday_jan_13_2025/,Yo Kinda Kaso Hola
NepalStock,1hzop26,DP Holdings load vayena tms account ma,pinkyponkymonkey,Mero new tms account kholeko aja... meroshare ma vako share kittaharu tmsko dp holdings ma dekhayena kina hola ..?,1,0,2025-01-12 15:11:08+00:00,https://reddit.com/r/NepalStock/comments/1hzop26/dp_holdings_load_vayena_tms_account_ma/,Online/TMS
NepalStock,1hzkpta,Market aba chai badhnu parne ho,not-me-none,"Finally ( the longest hold STOCK, I ever did.. ~1.4 months), I sold it today at the very last secs... with 10% LOSS... badhxa badhxa vanda vandai, uhile SL garnu parne thyo did aile matra...!!

So technically fundamentally j hos... aba chai badhnu parxa.... especially NICA(which I just exited haha)
(May be vayena vane.. ajhai 4 kitta sell varainxa so that effect... anyway, lmk if you're interested...)

*ma chai like with low(very low: ~ &lt;=100/2k cap vako wala ho... hhh)!!",1,0,2025-01-12 11:25:04+00:00,https://reddit.com/r/NepalStock/comments/1hzkpta/market_aba_chai_badhnu_parne_ho/,Market
NepalStock,1hzjinf,Cryptocurrency buy/sale,Puzzled_Computer_504,,1,0,2025-01-12 09:56:53+00:00,https://reddit.com/r/NepalStock/comments/1hzjinf/cryptocurrency_buysale/,Misc
NepalStock,1hzjdyy,"PI Coin , those whoever have it, i will pay you for it ",[deleted],,1,4,2025-01-12 09:47:07+00:00,https://reddit.com/r/NepalStock/comments/1hzjdyy/pi_coin_those_whoever_have_it_i_will_pay_you_for/,Economy
NepalStock,1hzj8mu,"HEI SELL 5 kitta ,NBL SELL 3 kitta",withpeople,At cheapest rate.,1,0,2025-01-12 09:35:59+00:00,https://reddit.com/r/NepalStock/comments/1hzj8mu/hei_sell_5_kitta_nbl_sell_3_kitta/,Trading/Settlement/Payment
NepalStock,1hzj4ls,NICA ko 4 kittaaaaaaaaa,not-me-none,"Anyone interested...
Kasto mistake gare... sold but got left with 4 kitta...
Anyone willingly to get..?",1,0,2025-01-12 09:27:35+00:00,https://reddit.com/r/NepalStock/comments/1hzj4ls/nica_ko_4_kittaaaaaaaaa/,Trading/Settlement/Payment
NepalStock,1hzh94b,Is tms down for u all too?,Fresh_Helicopter_670,Internal server error bancha login garna khojda,1,0,2025-01-12 07:09:07+00:00,https://reddit.com/r/NepalStock/comments/1hzh94b/is_tms_down_for_u_all_too/,Trading/Settlement/Payment
NepalStock,1hzet70,Changing demat's default bank,Material-Aspect8617,I already have a demat account in NICA and I don't like that bank. Can I change to different bank for that demat number? or any other possible solution?,1,0,2025-01-12 04:31:53+00:00,https://reddit.com/r/NepalStock/comments/1hzet70/changing_demats_default_bank/,Market
NepalStock,1hzbu4b,Joining close memeber group really worth it?,NoRecognition6491,Around 2k fees for a month.are those class really helps to maximise portfolio or should i do it myself?,0,1,2025-01-12 01:47:30+00:00,https://reddit.com/r/NepalStock/comments/1hzbu4b/joining_close_memeber_group_really_worth_it/,Market
NepalStock,1hzb7wh,"Daily Discussion Thread (Sunday - Jan 12, 2025)",AutoModerator,"Use this post to discuss what to buy/sell/trade/avoid/watch today and in the coming days.

As always, the rules still apply.

**Have a TMS or Meroshare issue? Query about EDIS or collateral? Ask here instead of creating another thread. All queries regarding TMS, MeroShare, Broker issues, EDIS, Settlement and Payments should be asked here.** &gt;!DO NOT create another post.!&lt;

BEGINNER? [**Go here first!**](https://www.reddit.com/r/NepalStock/wiki/beginners-guide)

DO NOT MAKE SEPARATE **INDIVIDUAL** POSTS ASKING:

* what to buy or sell,
* or what bank to buy,
* or what insurance to buy,
* yo share kati samma mathi jancha hola
* IPO ma pareko yo share kun din bechda ramro hola, ajhai 1-2 din parkhine ki nai etc.

will be deleted. Repeat violators will be banned.

Happy Investing!",1,1,2025-01-12 01:15:28+00:00,https://reddit.com/r/NepalStock/comments/1hzb7wh/daily_discussion_thread_sunday_jan_12_2025/,Yo Kinda Kaso Hola
NepalStock,1hyulpm,I'm looking for someone to collect data for me. Willing to pay accordingly.,Hovercraft7318,Hi please DM me if interested.,1,0,2025-01-11 12:11:36+00:00,https://reddit.com/r/NepalStock/comments/1hyulpm/im_looking_for_someone_to_collect_data_for_me/,Market
NepalStock,1hyrem6,Prabhu cable car shares,[deleted],,1,3,2025-01-11 08:14:52+00:00,https://reddit.com/r/NepalStock/comments/1hyrem6/prabhu_cable_car_shares/,IPO/FPO
NepalStock,1hycsz2,What stocks  should I purchase for mid term hold,raymonnray,,2,2,2025-01-10 19:34:56+00:00,https://reddit.com/r/NepalStock/comments/1hycsz2/what_stocks_should_i_purchase_for_mid_term_hold/,Advice
NepalStock,1hy1c1z,Regarding CRN Number from NIC ASIA,ZestycloseSyrup159,"I made a demat and meroshare account from a broker.I registered for CRN number in NIC Asia. Now i have the CRN but they have linked it with demat from their bank.So, in my MEROSHARE profile it shows CRN number not registered.What should I do now?",1,0,2025-01-10 10:15:06+00:00,https://reddit.com/r/NepalStock/comments/1hy1c1z/regarding_crn_number_from_nic_asia/,Demat/MeroShare
NepalStock,1hxxzwd,Can we hold forever in nepse? ,imchillasff,Loss bhayo vaney auto stop loss hit huney hunxa ta?,1,0,2025-01-10 06:08:22+00:00,https://reddit.com/r/NepalStock/comments/1hxxzwd/can_we_hold_forever_in_nepse/,Market
NepalStock,1hxxn0t,NEPSE not opening in friday(2025)?,Winter_Building7129,"It's currently 11:30 AM on Friday, and I heard that NEPSE opens from 11:00 AM to 1:00 PM on Fridays. However, when I visit the site, it says it's closed. What am I doing wrong?",1,0,2025-01-10 05:46:33+00:00,https://reddit.com/r/NepalStock/comments/1hxxn0t/nepse_not_opening_in_friday2025/,Market
NepalStock,1hxrut8,Does anyone know Basanta Pandey from Bajarko Chirfar who gives his views on NEPSE? ,LearnKiran,"I’ve come across Basanta Pandey, known for sharing his thoughts on NEPSE, especially through Bajarko Chirfar. His opinions seem quite engaging, but I’m curious to know what others think about him.

-Have you followed his views on the stock market?
-Do you find his analysis accurate or insightful?
-How credible is he as a source of stock market information?

Would love to hear your thoughts and experiences if you’re familiar with his work!",1,0,2025-01-10 00:32:17+00:00,https://reddit.com/r/NepalStock/comments/1hxrut8/does_anyone_know_basanta_pandey_from_bajarko/,Advice
NepalStock,1hxfoqx,Is It Wise to Invest in a Low-Liquidity Stock Like NLO?,Winter_Building7129,"I recently discovered that NLO is a highly undervalued company with great potential. It's growing rapidly and currently ranks 4th in the manufacturing sector on NEPSE. However, nearly 100% of its shares are held by investors, leading to low liquidity.

When I checked how many are bought/sold there are around 50-70 shares bought/sold each month.

I plan to buy around 10 shares of NLO, but I'm concerned about liquidity. If I decide to sell later, will there be enough buyers interested in purchasing my 10 shares?

There isn’t much data available about the stock because it’s traded so infrequently, which makes it difficult to compare. Would love to hear your thoughts!",1,0,2025-01-09 15:47:18+00:00,https://reddit.com/r/NepalStock/comments/1hxfoqx/is_it_wise_to_invest_in_a_lowliquidity_stock_like/,Advice
NepalStock,1hxbofc,stock market guff gaaf anyone?,that_brutalMAN,,1,1,2025-01-09 12:26:36+00:00,https://reddit.com/r/NepalStock/comments/1hxbofc/stock_market_guff_gaaf_anyone/,Market
NepalStock,1hx9wdn,CDSC CKYC (Global Capital) ,Ok_Pirate4244,I just got a new Demat Account from Global IME Capital and the mail had a disclaimer to fill CDSC CKYC. I didn't need to do this during the other Demat accounts. Is it compulsory to fill it ? Will I not get my Meroshare ID password until then ?,2,1,2025-01-09 10:26:51+00:00,https://reddit.com/r/NepalStock/comments/1hx9wdn/cdsc_ckyc_global_capital/,Broker
NepalStock,1hx8nkh,FPO not allotted ko paisa return kailee hunxa ?,Sagar_kunwar764,,1,11,2025-01-09 08:51:31+00:00,https://reddit.com/r/NepalStock/comments/1hx8nkh/fpo_not_allotted_ko_paisa_return_kailee_hunxa/,IPO/FPO
NepalStock,1hx8104,Garima Sambriddhi fund not showing in my Meroshare yet!,reddit4rms,,0,0,2025-01-09 08:03:04+00:00,https://reddit.com/r/NepalStock/comments/1hx8104/garima_sambriddhi_fund_not_showing_in_my/,Market
NepalStock,1hx8091,"Why have regulatory bodies taken no action despite clear signs of manipulation? Is this practice prevalent in stock exchanges globally, or is it unique to NEPSE?",Top_Nectarine_146,,9,6,2025-01-09 08:01:38+00:00,https://reddit.com/r/NepalStock/comments/1hx8091/why_have_regulatory_bodies_taken_no_action/,Market
NepalStock,1hx3o0f,Subscription based services ,Ok-Background9860,"Has any one here taken subscription on ansu invest, money mitra or others is it worth it and has anyone  earned any money based on their advice and research yet please let me know i was in doubt if i should purchase it.",1,0,2025-01-09 03:33:02+00:00,https://reddit.com/r/NepalStock/comments/1hx3o0f/subscription_based_services/,Market
NepalStock,1hx0qwg,"Market Weekend Discussion (Thursday Jan 09 - Saturday Jan 11, 2025)",AutoModerator,"Use this post to discuss what to buy/sell/trade/avoid/watch this weekend and in the coming days.

As always, the rules still apply.

**Have a TMS or Meroshare issue? Query about EDIS or collateral? Ask here instead of creating another thread. All queries regarding TMS, MeroShare, Broker Issues, EDIS, Settlement and Payments should be asked here.** DO NOT create another post.

BEGINNER? [**Go here first!**](https://www.reddit.com/r/NepalStock/wiki/beginners-guide)

DO NOT MAKE SEPARATE **INDIVIDUAL** POSTS ASKING:

* what to buy or sell,
* or what bank to buy,
* or what insurance to buy,
* yo share kati samma mathi jancha hola
* IPO ma pareko yo share kun din bechda ramro hola, ajhai 1-2 din parkhine ki nai etc.

will be deleted. Repeat violators will be banned.

Happy Investing!",1,0,2025-01-09 01:15:30+00:00,https://reddit.com/r/NepalStock/comments/1hx0qwg/market_weekend_discussion_thursday_jan_09/,Yo Kinda Kaso Hola
NepalStock,1hwnbii,Share bought but not shown in meroshare,SignificantShallot58,After how days will my shares will update in meroshare account. Please tell me what to do?,1,0,2025-01-08 15:53:29+00:00,https://reddit.com/r/NepalStock/comments/1hwnbii/share_bought_but_not_shown_in_meroshare/,Trading/Settlement/Payment
NepalStock,1hwfu9h,NICA sold or hold huh,[deleted],,1,5,2025-01-08 09:05:16+00:00,https://reddit.com/r/NepalStock/comments/1hwfu9h/nica_sold_or_hold_huh/,Market
NepalStock,1hweucf,Sanima bankkkkkkkkkkkk,That-Vegetable5106,Is it wise to buy sanima ko shares in the current price and scenario?,1,0,2025-01-08 07:58:29+00:00,https://reddit.com/r/NepalStock/comments/1hweucf/sanima_bankkkkkkkkkkkk/,Market
NepalStock,1hwauxf,About River Falls Power Limited (RFPL),Small_Letter_5428,Do you have any idea how RFPL stock. It is Increasing daily. What can be the reason behind this? any news in the market?,1,0,2025-01-08 03:58:07+00:00,https://reddit.com/r/NepalStock/comments/1hwauxf/about_river_falls_power_limited_rfpl/,Market
NepalStock,1hw8jce,Hydro ko price ko barema ,FigureProper5303,The news of kulman ghising about government trying to remove him...will this effect in the share prices of hydros?,1,0,2025-01-08 01:59:50+00:00,https://reddit.com/r/NepalStock/comments/1hw8jce/hydro_ko_price_ko_barema/,Market
NepalStock,1hw7n1f,"Daily Discussion Thread (Wednesday - Jan 08, 2025)",AutoModerator,"Use this post to discuss what to buy/sell/trade/avoid/watch today and in the coming days.

As always, the rules still apply.

**Have a TMS or Meroshare issue? Query about EDIS or collateral? Ask here instead of creating another thread. All queries regarding TMS, MeroShare, Broker issues, EDIS, Settlement and Payments should be asked here.** &gt;!DO NOT create another post.!&lt;

BEGINNER? [**Go here first!**](https://www.reddit.com/r/NepalStock/wiki/beginners-guide)

DO NOT MAKE SEPARATE **INDIVIDUAL** POSTS ASKING:

* what to buy or sell,
* or what bank to buy,
* or what insurance to buy,
* yo share kati samma mathi jancha hola
* IPO ma pareko yo share kun din bechda ramro hola, ajhai 1-2 din parkhine ki nai etc.

will be deleted. Repeat violators will be banned.

Happy Investing!",1,0,2025-01-08 01:15:29+00:00,https://reddit.com/r/NepalStock/comments/1hw7n1f/daily_discussion_thread_wednesday_jan_08_2025/,Yo Kinda Kaso Hola
NepalStock,1hvtqy2,can we cancel the IPO application after successful application?,Laxman_12,"my friend mistakenly applied 100 units for the IPO instead of 10 units  
I know we can edit the IPO application before it is verified by the bank  
but can we cancel the IPO application once it is verified  
can we do it by contacting the bank or any other method   
or will the fund be blocked as usual up to the IPO Result  
has anyone faced this issue and found a solution regarding this issue?",1,0,2025-01-07 15:21:43+00:00,https://reddit.com/r/NepalStock/comments/1hvtqy2/can_we_cancel_the_ipo_application_after/,IPO/FPO
NepalStock,1hvpkzq,When will the turn for banks increase come?,Negative_Gur_4737,"4 years vayo aba next badne bank nai ho vanne suneko, aajai ne tye nai kura hunxa “aba ta bank nai badne ho”. Baru hydro and finance sector le kamaye.

Fundamental analysis ra basic principles kam nai xaina Nepse ma. World ko 90% financial market ma investment will win over trading. But there is no place for long term investment in nepse.",1,0,2025-01-07 11:41:13+00:00,https://reddit.com/r/NepalStock/comments/1hvpkzq/when_will_the_turn_for_banks_increase_come/,Market
NepalStock,1hvpe7u,anyone here using chukul for automatic portfolio system,Jazzlike-Cat-3714,"I came across one of chukul video that they are claiming they have automatic portfolio system. they are saying that we need to register tms for it.
anyone using it?? if so do you have to provide ur credential to them?",1,0,2025-01-07 11:28:42+00:00,https://reddit.com/r/NepalStock/comments/1hvpe7u/anyone_here_using_chukul_for_automatic_portfolio/,Softwares
NepalStock,1hvpccc,anyone here use chukul for automatic trading ,Effective-Quarter-95,,1,1,2025-01-07 11:25:15+00:00,https://reddit.com/r/NepalStock/comments/1hvpccc/anyone_here_use_chukul_for_automatic_trading/,Softwares
NepalStock,1hvn5fk,How prevelant do u think circle trading is in nepse? Does the government have any specific rules against it,Fresh_Helicopter_670,"Circle trading banale manche haru afu afanta sathi haru bich mei kin bech garera price badaune  raicha, yesko against ma niyam kei cha ta nepal ma?",1,0,2025-01-07 08:40:50+00:00,https://reddit.com/r/NepalStock/comments/1hvn5fk/how_prevelant_do_u_think_circle_trading_is_in/,Market
NepalStock,1hvj2by,kineko share khaata ma aayena ,Entire-Bookkeeper856,,1,1,2025-01-07 04:12:10+00:00,https://reddit.com/r/NepalStock/comments/1hvj2by/kineko_share_khaata_ma_aayena/,Market
NepalStock,1hvizpw,RFPL SHARE SOLD gareko Paisa kati paunu parxa??? Please Help,Key_Advance4080,,1,0,2025-01-07 04:08:11+00:00,https://reddit.com/r/NepalStock/comments/1hvizpw/rfpl_share_sold_gareko_paisa_kati_paunu_parxa/,Trading/Settlement/Payment
NepalStock,1hviwks,Payment NOT yet received after 15 days of selling,Unique-North9929,,1,1,2025-01-07 04:03:25+00:00,https://reddit.com/r/NepalStock/comments/1hviwks/payment_not_yet_received_after_15_days_of_selling/,Broker
NepalStock,1hvfkdr,"Daily Discussion Thread (Tuesday - Jan 07, 2025)",AutoModerator,"Use this post to discuss what to buy/sell/trade/avoid/watch today and in the coming days.

As always, the rules still apply.

**Have a TMS or Meroshare issue? Query about EDIS or collateral? Ask here instead of creating another thread. All queries regarding TMS, MeroShare, Broker issues, EDIS, Settlement and Payments should be asked here.** &gt;!DO NOT create another post.!&lt;

BEGINNER? [**Go here first!**](https://www.reddit.com/r/NepalStock/wiki/beginners-guide)

DO NOT MAKE SEPARATE **INDIVIDUAL** POSTS ASKING:

* what to buy or sell,
* or what bank to buy,
* or what insurance to buy,
* yo share kati samma mathi jancha hola
* IPO ma pareko yo share kun din bechda ramro hola, ajhai 1-2 din parkhine ki nai etc.

will be deleted. Repeat violators will be banned.

Happy Investing!",1,0,2025-01-07 01:15:08+00:00,https://reddit.com/r/NepalStock/comments/1hvfkdr/daily_discussion_thread_tuesday_jan_07_2025/,Yo Kinda Kaso Hola
NepalStock,1hv90rc,Anyone knows how to invest in India??,Dreammind6016,"Know it's a group for Nepal stuff but..

Just finished bachelors in India ani maybe will work here for experience. Don't know the rules here for investing as a foreigner. Google ko bhar chaina.  Je ni lekhdinchha. Haven't made reliable connections to learn about indian market. 

Kasailai process thha chha bhane help me out pls.",1,0,2025-01-06 20:32:11+00:00,https://reddit.com/r/NepalStock/comments/1hv90rc/anyone_knows_how_to_invest_in_india/,Market
NepalStock,1hv2kco,SIP bhaneko chai k ho ?,Ok_Assignment7951,Yo SIP garne bhanera bhaneko sun chu tara k ho nai bujhina. SIP garnu ramro ho ra ? Yo SIP bhanne kura how does it work ?,1,0,2025-01-06 16:10:32+00:00,https://reddit.com/r/NepalStock/comments/1hv2kco/sip_bhaneko_chai_k_ho/,Economy
NepalStock,1hv296i,Where do I invest currently?,Ok_Assignment7951,So I was planning to do some investment ani kata garne kata garne bhayo ? Share ma invest garam bhaneko aba trading garam ki invest? Ra kun ma garam ?,1,0,2025-01-06 15:57:37+00:00,https://reddit.com/r/NepalStock/comments/1hv296i/where_do_i_invest_currently/,Market
NepalStock,1huys3i,Software or AI tools for stock prediction,Front_Intention4392,"Are there any good software or AI-driven tools that are avalable to facilitate informed decisions regarding stock transactions (buy, sell, or hold)?  What level of effectiveness can be reasonably expected from such tools?",1,0,2025-01-06 13:18:14+00:00,https://reddit.com/r/NepalStock/comments/1huys3i/software_or_ai_tools_for_stock_prediction/,Market
NepalStock,1hutlg4,How does the cheque collateral work in TMS in NEPSE?,ceezaay,,1,0,2025-01-06 07:23:30+00:00,https://reddit.com/r/NepalStock/comments/1hutlg4/how_does_the_cheque_collateral_work_in_tms_in/,Broker
NepalStock,1hut1dw,Can someone explain me how the cheque collateral works in TMS?,ceezaay,,1,0,2025-01-06 06:44:09+00:00,https://reddit.com/r/NepalStock/comments/1hut1dw/can_someone_explain_me_how_the_cheque_collateral/,Trading/Settlement/Payment
NepalStock,1humz0w,"Daily Discussion Thread (Monday - Jan 06, 2025)",AutoModerator,"Use this post to discuss what to buy/sell/trade/avoid/watch today and in the coming days.

As always, the rules still apply.

**Have a TMS or Meroshare issue? Query about EDIS or collateral? Ask here instead of creating another thread. All queries regarding TMS, MeroShare, Broker issues, EDIS, Settlement and Payments should be asked here.** &gt;!DO NOT create another post.!&lt;

BEGINNER? [**Go here first!**](https://www.reddit.com/r/NepalStock/wiki/beginners-guide)

DO NOT MAKE SEPARATE **INDIVIDUAL** POSTS ASKING:

* what to buy or sell,
* or what bank to buy,
* or what insurance to buy,
* yo share kati samma mathi jancha hola
* IPO ma pareko yo share kun din bechda ramro hola, ajhai 1-2 din parkhine ki nai etc.

will be deleted. Repeat violators will be banned.

Happy Investing!",1,0,2025-01-06 01:15:08+00:00,https://reddit.com/r/NepalStock/comments/1humz0w/daily_discussion_thread_monday_jan_06_2025/,Yo Kinda Kaso Hola
NepalStock,1huag05,GrowMore Technical Analysis Course,CommunicationHot9904,What do u say regarding this ongoing technical analysis course of growmore/nepalipaisa.its a 30day long course of 2hr class.class miss bhayeni u get the class recorded everyday.they are also providing a dummy tms balance of 10lakh to practice trade.fee chai 10k rahecha 50%prepayment class sakesi other 50% ni tirna milcha re. should i join as a begineer to the market?,1,0,2025-01-05 16:14:54+00:00,https://reddit.com/r/NepalStock/comments/1huag05/growmore_technical_analysis_course/,Advice
NepalStock,1hu7nhd,Call for Members: Let's Learn Trading and Investment Together!,StunningEast5,"Hi all. I’ve been dabbling in trading with limited knowledge, and honestly, my profits and losses feel more like a coin toss. That’s why I’ve decided to take this seriously by learning more about trading strategies and long-term investment. And here’s where you come in—I’m looking for like-minded beginners who want to join me on this journey of learning and growth.

The goal is to build a supportive group where we can:

1. **Create a Learning Roadmap**: We’ll outline detailed topics to master the basics of trading and investment, especially focusing on **NEPSE (Nepal Stock Exchange)**.
2. **Seek Expert Guidance**: We’ll reach out to experienced traders and investors to see if they can share their insights and guide us along the way.
3. **Document and Share Resources**: As we learn, we’ll document everything and compile it into a resource that can help other beginners too.
4. **Regular Virtual Meetups**: We’ll meet once every two days (or daily, based on availability) to share findings, brainstorm ideas, and discuss what we’ve learned. I’ll make sure the sessions are structured to keep things focused and productive.

If this sounds interesting to you, drop me a DM or share your email, and let’s discuss how we can move forward. Whether you’re completely new or have some experience, all are welcome! Let’s learn, grow, and succeed together.

Note: For time commitment, apart from your self-learning, we could have a virtual call for up to maximum of 1 hour.",1,0,2025-01-05 14:01:10+00:00,https://reddit.com/r/NepalStock/comments/1hu7nhd/call_for_members_lets_learn_trading_and/,Advice
NepalStock,1hu7lhl,Can I buy mutual funds that were issued few years back? ,justwatchin__04,"Hi all, new to investing here. I want to invest in close ended mutual funds. Yesma invest Garda Kati capital needed cha? Ani can I buy the ones that are doing well or have to pick one that will be issued soon? Also where can I buy them from? Mero Share mai dekaucha ho?",1,0,2025-01-05 13:58:17+00:00,https://reddit.com/r/NepalStock/comments/1hu7lhl/can_i_buy_mutual_funds_that_were_issued_few_years/,Mutual Funds
NepalStock,1hu3h2d,Which is the Best Broker for Share Trading?,Ordinary-Concern-405,"Hello, I am trying to invest in a secondary share market. Not much but trying to invest steadily. Something like 5k every month. And I know nothing about Brokers in Nepal. So can you suggest to me which is the best broker account? Also, can I open these accounts online?",1,0,2025-01-05 09:56:33+00:00,https://reddit.com/r/NepalStock/comments/1hu3h2d/which_is_the_best_broker_for_share_trading/,Broker
NepalStock,1hu1dzr,Mutual Fund After Maturity Period.,LegitimateApricot790,How long does it take for a mutual fund to credit the money after its maturity period? I bought SAEF and it had its maturity on Dec 23 and still has not distributed the capital. Will there be any differences in distribution of capital in regards to NAV? Its NAV was 11.68 or something similar.,2,3,2025-01-05 08:07:42+00:00,https://reddit.com/r/NepalStock/comments/1hu1dzr/mutual_fund_after_maturity_period/,Market
NepalStock,1htzovu,Need to sell odd 5 kitta of TSHL.,LearnKiran,Anyone who is buying here? I will be selling it on minimum prize.,1,0,2025-01-05 06:36:00+00:00,https://reddit.com/r/NepalStock/comments/1htzovu/need_to_sell_odd_5_kitta_of_tshl/,Bonus Share/Dividend
NepalStock,1htzhjt,Is it good to sell mutual fund now,Unlikely_Ad_1776,I am a beginner and I didn't have any idea about the close ended mutual fund whether to fill it or not . So I have two mutual fund . After it shows up in portfolio. Will be I able to sell it or not . If yes will it be a loss.,1,0,2025-01-05 06:22:35+00:00,https://reddit.com/r/NepalStock/comments/1htzhjt/is_it_good_to_sell_mutual_fund_now/,IPO/FPO
NepalStock,1htz60f,Need to sell odd kitta ,[deleted],,0,3,2025-01-05 06:01:47+00:00,https://reddit.com/r/NepalStock/comments/1htz60f/need_to_sell_odd_kitta/,Bonus Share/Dividend
NepalStock,1htxmxi,ULBSL 6 KITTA ON SALE,Foreign_List485,Anyone there to buy UPAKAR LAGHUBITTA let me know willing to sell,1,0,2025-01-05 04:32:55+00:00,https://reddit.com/r/NepalStock/comments/1htxmxi/ulbsl_6_kitta_on_sale/,Bonus Share/Dividend
NepalStock,1httur0,"Daily Discussion Thread (Sunday - Jan 05, 2025)",AutoModerator,"Use this post to discuss what to buy/sell/trade/avoid/watch today and in the coming days.

As always, the rules still apply.

**Have a TMS or Meroshare issue? Query about EDIS or collateral? Ask here instead of creating another thread. All queries regarding TMS, MeroShare, Broker issues, EDIS, Settlement and Payments should be asked here.** &gt;!DO NOT create another post.!&lt;

BEGINNER? [**Go here first!**](https://www.reddit.com/r/NepalStock/wiki/beginners-guide)

DO NOT MAKE SEPARATE **INDIVIDUAL** POSTS ASKING:

* what to buy or sell,
* or what bank to buy,
* or what insurance to buy,
* yo share kati samma mathi jancha hola
* IPO ma pareko yo share kun din bechda ramro hola, ajhai 1-2 din parkhine ki nai etc.

will be deleted. Repeat violators will be banned.

Happy Investing!",1,0,2025-01-05 01:15:07+00:00,https://reddit.com/r/NepalStock/comments/1httur0/daily_discussion_thread_sunday_jan_05_2025/,Yo Kinda Kaso Hola
NepalStock,1htkaqu,Keeps getting deleted,LegitimatePatient143,My post keeps getting deleted. Pls see the commt for post. Thank.,1,0,2025-01-04 18:06:56+00:00,https://reddit.com/r/NepalStock/comments/1htkaqu/keeps_getting_deleted/,Broker
NepalStock,1htk3f3,help me guys to understand,Life_Reason_1532,,1,1,2025-01-04 17:58:28+00:00,https://reddit.com/r/NepalStock/comments/1htk3f3/help_me_guys_to_understand/,Broker
NepalStock,1htjw00,"help gara guys to understand, is my money gone?",LegitimatePatient143,,1,0,2025-01-04 17:49:20+00:00,https://reddit.com/r/NepalStock/comments/1htjw00/help_gara_guys_to_understand_is_my_money_gone/,Broker
NepalStock,1htj7gp,"Is my money gone, pls help me ",LegitimatePatient143,,1,0,2025-01-04 17:19:06+00:00,https://reddit.com/r/NepalStock/comments/1htj7gp/is_my_money_gone_pls_help_me/,Broker
NepalStock,1htj128,Help me understand the process ,LegitimatePatient143,,1,0,2025-01-04 17:11:20+00:00,https://reddit.com/r/NepalStock/comments/1htj128/help_me_understand_the_process/,Broker
NepalStock,1hthnxo,Collateral in tms cash and non cash ,LegitimatePatient143,,1,0,2025-01-04 16:11:20+00:00,https://reddit.com/r/NepalStock/comments/1hthnxo/collateral_in_tms_cash_and_non_cash/,Broker
NepalStock,1hthmh0,Type of collateral in broker,LegitimatePatient143,,1,0,2025-01-04 16:09:33+00:00,https://reddit.com/r/NepalStock/comments/1hthmh0/type_of_collateral_in_broker/,Broker
NepalStock,1hthl48,difference between cash and non cash collateral.,LegitimatePatient143,,1,0,2025-01-04 16:07:53+00:00,https://reddit.com/r/NepalStock/comments/1hthl48/difference_between_cash_and_non_cash_collateral/,Broker
NepalStock,1hthjrq,difference between cash and non cash collateral.,LegitimatePatient143,,1,0,2025-01-04 16:06:04+00:00,https://reddit.com/r/NepalStock/comments/1hthjrq/difference_between_cash_and_non_cash_collateral/,Market
NepalStock,1hthhy5,Difference between cash and non cash collateral ,LegitimatePatient143,,1,0,2025-01-04 16:03:46+00:00,https://reddit.com/r/NepalStock/comments/1hthhy5/difference_between_cash_and_non_cash_collateral/,Broker
NepalStock,1htfjvf,Is it good time to buy lec ? ,[deleted],,1,2,2025-01-04 14:31:46+00:00,https://reddit.com/r/NepalStock/comments/1htfjvf/is_it_good_time_to_buy_lec/,Market
NepalStock,1htd2tf,Sold shares Thursday but EDIS and transfer share still not showing in mero share. What should I do?,Top_Nectarine_146,20% penalty lagxa ra? I sold two scrips thrusday but euta ko matrai edis gareko xu maile. What can be done now?,1,0,2025-01-04 12:07:36+00:00,https://reddit.com/r/NepalStock/comments/1htd2tf/sold_shares_thursday_but_edis_and_transfer_share/,Demat/MeroShare
NepalStock,1htch7h,Logic behind broker analysis,Front_Intention4392,"Do you know if tracking broker accumulation helps? If yes, which broker in Nepal should I follow or watch? Can someone help me understand the logic behind tracking brokers (in layman's terms)?",1,0,2025-01-04 11:25:22+00:00,https://reddit.com/r/NepalStock/comments/1htch7h/logic_behind_broker_analysis/,Broker
NepalStock,1htazc0,MEN ko bonus share na ahko ho meroshare ma?,themonk134,As,1,0,2025-01-04 09:36:28+00:00,https://reddit.com/r/NepalStock/comments/1htazc0/men_ko_bonus_share_na_ahko_ho_meroshare_ma/,Demat/MeroShare
NepalStock,1htacgx,"Best free reliable app for IPO, FPO alerts?",FishMedical222,"Hey everyone,



I’m looking for reliable apps that provide notifications and alerts **for free** about IPOs, FPOs, and Right Share openings. I’ve tried a couple in the past, but either the alerts were not reliable, late or incomplete.

  
Do you know any app that’s good at this?



Thanks in advance! Dhanyabad!",1,0,2025-01-04 08:49:21+00:00,https://reddit.com/r/NepalStock/comments/1htacgx/best_free_reliable_app_for_ipo_fpo_alerts/,IPO/FPO
NepalStock,1ht743n,Share Pledge And Hold,After-Jelly-6886,i think i will benefiet more if i buy equities worth crores of banks and pledge them for liquidation to invest on my other business. i'm basically thinking about to gain profit in a year time period rather than short time. what do you guys think about it and how do you see things happening ?,1,0,2025-01-04 05:10:43+00:00,https://reddit.com/r/NepalStock/comments/1ht743n/share_pledge_and_hold/,Market
NepalStock,1ht5sdl,"I am 20 year old and i need some investing, saving ideas ",density044,"Hii everyone and good morning. I am 20 years old i do invest ali ali paisa.. i have stock like nabil,hdl,hrl dhereii ta haina all total like 70k jatii ko. Ani I don't know aailay ko situation ma kun company are safer kun company are not. Karnali bank, ani vakhar citizen bank ko pani paisa gayab vako kura sunya xu.
Ani sip pani garxu mailay ko 1k 
I need some new investment ways k k xa nepal ma ani help ma out.. k garnayy vanayy ra",1,0,2025-01-04 03:56:43+00:00,https://reddit.com/r/NepalStock/comments/1ht5sdl/i_am_20_year_old_and_i_need_some_investing_saving/,Advice
NepalStock,1ht5eb9,"Ready to invest 50K from foreign, but how?",GorkhaYeti,,1,1,2025-01-04 03:35:44+00:00,https://reddit.com/r/NepalStock/comments/1ht5eb9/ready_to_invest_50k_from_foreign_but_how/,Broker
NepalStock,1hsjlwh,Mahuli Laghubhitta Bittiya  Limite,[deleted],,1,6,2025-01-03 10:32:43+00:00,https://reddit.com/r/NepalStock/comments/1hsjlwh/mahuli_laghubhitta_bittiya_limite/,IPO/FPO
NepalStock,1hsh6n1,What sector is best for a long term investment,Fresh_Helicopter_670,Just wanna know your guys opinion on what u think the best sector or a company might be good for a long term holding in the current market and why so,1,0,2025-01-03 07:39:58+00:00,https://reddit.com/r/NepalStock/comments/1hsh6n1/what_sector_is_best_for_a_long_term_investment/,Market
NepalStock,1hrzukc,I am new to stock help me,Additional-Gift8296,,1,0,2025-01-02 17:59:20+00:00,https://reddit.com/r/NepalStock/comments/1hrzukc/i_am_new_to_stock_help_me/,Market
NepalStock,1hrx1jx,Garima Samriddhi Yojana ipo alloted what now?,jpthawa,So bought 100 kitta shares of the yojana wala and it was alloted ani my friends are saying tesma ghata matrai huncha ? Chito bechdeko ramro ? What to do? K k nai share pare vanera makkha parethe yar 😭,1,0,2025-01-02 16:03:56+00:00,https://reddit.com/r/NepalStock/comments/1hrx1jx/garima_samriddhi_yojana_ipo_alloted_what_now/,IPO/FPO
NepalStock,1hrvtrc,Should i create a acc for secondary trading/broker acc,bruhitzzzme,Ma sanga ahile chai dmat acc matra xa ani aba 2-3 mahina ma bidesh jadai xu should i create broker acc ani bidesh bata investment buy and sell garna milxa? And is it applicable to do it myself?,1,0,2025-01-02 15:10:41+00:00,https://reddit.com/r/NepalStock/comments/1hrvtrc/should_i_create_a_acc_for_secondary_tradingbroker/,Broker
NepalStock,1hrvl8e,I'm Buying 30 Kitta of Nabil every Month,flatchaiyo,"Dherai Paisa Sakaye, Now from this year, I'll be investing a certain amount each month.

Amount is Close to \~15k, Nabil ko Shares Kinchu. Why? Cause I love Nabil ko App lmao",25,36,2025-01-02 15:00:28+00:00,https://reddit.com/r/NepalStock/comments/1hrvl8e/im_buying_30_kitta_of_nabil_every_month/,Market
NepalStock,1hrsh8m,NIC dyanamic debt fund,Tough-Bit-6515,Redemption garnai mildainata… k vako yesto???,1,0,2025-01-02 12:20:34+00:00,https://reddit.com/r/NepalStock/comments/1hrsh8m/nic_dyanamic_debt_fund/,Market
NepalStock,1hrrqn5,Some queries about promoter share,Fresh_Helicopter_670,"New to share market,  watched some videos about what promoter shares are but now im curious, yo promoter share chai kasari kinbech huncha? Can it only be sold once the lock in period ends and its converted to ordinary shares?
Also yo company haru ko lockin period kaile end huncha ka bata herne?",1,0,2025-01-02 11:31:50+00:00,https://reddit.com/r/NepalStock/comments/1hrrqn5/some_queries_about_promoter_share/,Market
NepalStock,1hrrijd,Mutual Funds (Query..!),not-me-none,"Anyone, euta query regarding Mutual funds...

What's the major difference between purchasing it in sec market at lower price AND IPO batw varda...?

Ani, charges tw same as stock nai hola ni hai sec market??

Ani, if I'm missing anything, plss let me know...!!",1,0,2025-01-02 11:17:14+00:00,https://reddit.com/r/NepalStock/comments/1hrrijd/mutual_funds_query/,Mutual Funds
NepalStock,1hrp993,First IPO vareko mutual fund raixa.,Sensitive_Theory9360,"Hello everyone, As my title says this is my first time in IPO. I know I am late. Asti duita apply garna milney raixa garima samriddhi yojana and mahuli lagubitta. Mailey duitai ma haleko aaja message aayo garima ma chai alloted vanera. Can anyone explain why this differs from IPO? Malai IPO ko ni dherai knowledge chai xaina tei pani was garima a bad investment?",1,0,2025-01-02 08:30:19+00:00,https://reddit.com/r/NepalStock/comments/1hrp993/first_ipo_vareko_mutual_fund_raixa/,IPO/FPO
NepalStock,1hrmg2l,How do I know which broker is mapped with my DMAT account? ,Unable_Tie_2515,,1,1,2025-01-02 05:17:43+00:00,https://reddit.com/r/NepalStock/comments/1hrmg2l/how_do_i_know_which_broker_is_mapped_with_my_dmat/,Broker
NepalStock,1hrhwhc,"Market Weekend Discussion (Thursday Jan 02 - Saturday Jan 04, 2025)",AutoModerator,"Use this post to discuss what to buy/sell/trade/avoid/watch this weekend and in the coming days.

As always, the rules still apply.

**Have a TMS or Meroshare issue? Query about EDIS or collateral? Ask here instead of creating another thread. All queries regarding TMS, MeroShare, Broker Issues, EDIS, Settlement and Payments should be asked here.** DO NOT create another post.

BEGINNER? [**Go here first!**](https://www.reddit.com/r/NepalStock/wiki/beginners-guide)

DO NOT MAKE SEPARATE **INDIVIDUAL** POSTS ASKING:

* what to buy or sell,
* or what bank to buy,
* or what insurance to buy,
* yo share kati samma mathi jancha hola
* IPO ma pareko yo share kun din bechda ramro hola, ajhai 1-2 din parkhine ki nai etc.

will be deleted. Repeat violators will be banned.

Happy Investing!",1,0,2025-01-02 01:15:40+00:00,https://reddit.com/r/NepalStock/comments/1hrhwhc/market_weekend_discussion_thursday_jan_02/,Yo Kinda Kaso Hola
NepalStock,1hr9ts4,How to start SIP ? Have Zero,jungabahadurraya,"New to this, just want to start doing SIP and have zero knowledge. Aba ma sanga mero share ko khata NIC ko xa sabai tei bata garirako hunxu , and how to start doing sip ( meroshare kun ma xa matter garxa ? ) and which is the best one to invest ? Suru garda kheri ahile nai yeti barsa samma garxu vanera tokera garna parne hunxa ki pardaina jati garey pani huney ho jaile samma garepani huney ho. Need to do SIP to make habit on savings.",1,0,2025-01-01 19:05:54+00:00,https://reddit.com/r/NepalStock/comments/1hr9ts4/how_to_start_sip_have_zero/,Market
NepalStock,1hr7u3u,Current market scenario,Material-Aspect8617,What do you think of the current market guys? Kasto sentiment develop vairako xa vanincha ni sabai retailers panic bhayepachi matra market mathi jancha,1,0,2025-01-01 17:39:17+00:00,https://reddit.com/r/NepalStock/comments/1hr7u3u/current_market_scenario/,Market
NepalStock,1hr4tbs,Buying Pi Network coins,Stele21,,1,0,2025-01-01 15:15:29+00:00,https://reddit.com/r/NepalStock/comments/1hr4tbs/buying_pi_network_coins/,Trading/Settlement/Payment
NepalStock,1hr4pqv,Settlements problem vayo😭,Puzzled_Factor_7679,Maila bank Bata broker settlements payment gareko bank ko statement ma successful vayera paisa katisakyo...Tara TMS ma aajai settlements vako chaina..k garne hola? Bank Lai vaneko tapaiko successful vaisakyo hamle Kai garna mildaina vancha...Asto kasari vayoo? Help plz🙏,1,0,2025-01-01 15:10:08+00:00,https://reddit.com/r/NepalStock/comments/1hr4pqv/settlements_problem_vayo/,Trading/Settlement/Payment
NepalStock,1hr2uvp,Anybody based in the US on here?,6BIGGY9,,1,1,2025-01-01 13:23:56+00:00,https://reddit.com/r/NepalStock/comments/1hr2uvp/anybody_based_in_the_us_on_here/,Market
NepalStock,1hr2r95,Information about ipo allotment ,Over_Chemistry_1011,Yo muktinath mutual fund ipo ma parya raixa  .Mero share ma Pani aai sakyo .Aaba  secondary Market ma karobar garna Kaile milxa. Aaba yo paxi KO k k xa process,1,0,2025-01-01 13:17:16+00:00,https://reddit.com/r/NepalStock/comments/1hr2r95/information_about_ipo_allotment/,IPO/FPO
NepalStock,1hqzgw3,can anyone in this group help me understand SIP.,aseemax,,1,0,2025-01-01 09:11:46+00:00,https://reddit.com/r/NepalStock/comments/1hqzgw3/can_anyone_in_this_group_help_me_understand_sip/,Advice
NepalStock,1hqymxh,Anyone has taken technical analysis paid course by Nepse Kundali ?,scoobydoo090,"He's providing the while syllable for 3k including some live classes, which sounds like a good deal. Are paid courses like this actually worth it?",1,0,2025-01-01 08:06:43+00:00,https://reddit.com/r/NepalStock/comments/1hqymxh/anyone_has_taken_technical_analysis_paid_course/,Technical Analysis
NepalStock,1hqwlfr,Chart of NEPSE shares,LegitimatePatient143,Is there any website to see the live charts of NEPSE shares,1,0,2025-01-01 05:36:17+00:00,https://reddit.com/r/NepalStock/comments/1hqwlfr/chart_of_nepse_shares/,Market
NepalStock,1hquh0i,Does anyone know about this ?,KOH007,"So, the point is one of my very close relative has a ### amount of money invested into a sahakari(Savings). She is from an old generation so doesn't understand much terminologies. She has a paper/certificate that shows the amount of shares she has. 

I once stumbled upon a tiktok video about turning a physical share to meroshare kind of thing but didn't get to know more about it at the time. Is something like this possible? If so how ?",1,0,2025-01-01 03:13:12+00:00,https://reddit.com/r/NepalStock/comments/1hquh0i/does_anyone_know_about_this/,Demat/MeroShare
NepalStock,1hqskbm,"Daily Discussion Thread (Wednesday - Jan 01, 2025)",AutoModerator,"Use this post to discuss what to buy/sell/trade/avoid/watch today and in the coming days.

As always, the rules still apply.

**Have a TMS or Meroshare issue? Query about EDIS or collateral? Ask here instead of creating another thread. All queries regarding TMS, MeroShare, Broker issues, EDIS, Settlement and Payments should be asked here.** &gt;!DO NOT create another post.!&lt;

BEGINNER? [**Go here first!**](https://www.reddit.com/r/NepalStock/wiki/beginners-guide)

DO NOT MAKE SEPARATE **INDIVIDUAL** POSTS ASKING:

* what to buy or sell,
* or what bank to buy,
* or what insurance to buy,
* yo share kati samma mathi jancha hola
* IPO ma pareko yo share kun din bechda ramro hola, ajhai 1-2 din parkhine ki nai etc.

will be deleted. Repeat violators will be banned.

Happy Investing!",1,0,2025-01-01 01:15:08+00:00,https://reddit.com/r/NepalStock/comments/1hqskbm/daily_discussion_thread_wednesday_jan_01_2025/,Yo Kinda Kaso Hola
NepalStock,1hqk6n0,Just want some information and knowledge and some help too ,KOH007,,1,0,2024-12-31 17:59:09+00:00,https://reddit.com/r/NepalStock/comments/1hqk6n0/just_want_some_information_and_knowledge_and_some/,Trading/Settlement/Payment
NepalStock,1hqflpj,Is 5000 enough? Confused,Public-Preference132,"Hi, I have 5k on my collateral and I'm confused where to invest it. Suggest me some shares. 

Someone told me 5k wouldn't be enough. But I only want to learn and understand the market for now.",1,0,2024-12-31 14:19:23+00:00,https://reddit.com/r/NepalStock/comments/1hqflpj/is_5000_enough_confused/,Market
NepalStock,1hqcimu,A lesson for beginners!!,withpeople,"So, I am a beginner ,have been studying Fundamental analysis recently, and been doing really good.

So to start my way through , I placed an order to buy shares of Nabil  around 20 kitta,
It was my first time, so with the change in the Price table , I also cancelled my initial order ( i thought i did so,) it showed like partially cancelled. I didn’t think much.

I’m so I went and purchased 20 Kitta .

And guess guess,

I got message from my broker  , to settle my payment for 35 kitta .I’m like shocked and perplexed.so, I called the broker and explained all the situation, and they responded that “ its your mistake, there is nothing to be done”


To conclude:: learning the UI and how exactly the trading software and algorithm works is as important as learning to trade. I learned it the hard way.",1,0,2024-12-31 11:03:39+00:00,https://reddit.com/r/NepalStock/comments/1hqcimu/a_lesson_for_beginners/,Trading/Settlement/Payment
NepalStock,1hqa5sm,Question related to Fixed deposit ,MirrorFree767,Is there any chances that Central Bank will order to increase the interest rates on FD anytime soon?,1,0,2024-12-31 08:05:19+00:00,https://reddit.com/r/NepalStock/comments/1hqa5sm/question_related_to_fixed_deposit/,Economy
NepalStock,1hq659m,Whom do you look upon as a mentor?,CommunicationHot9904,"a question as begineer.Whom did you or whom do you look up the most and learn about the market?Any good youtubers,mentors or finance teacher you followed the most on your journey?

I mostly watch share durbar(shakti koirala),purabdarda.I think most of yall know them.How good are they?as i know and heard sanjog koirala is bad and always trolled",1,0,2024-12-31 03:55:44+00:00,https://reddit.com/r/NepalStock/comments/1hq659m/whom_do_you_look_upon_as_a_mentor/,Market
NepalStock,1hq52xi,Will there be daytrading in nepse anytime soon?,Fresh_Helicopter_670,"We all know know it takes t+2 days for shares to show up in your account so tei din ma kinchu ani tei shares bechu ta possible nai chaina, unless u already have shares of that company, why is there a t+2 settlement rule anyway and why it cant be instant?",1,0,2024-12-31 02:59:34+00:00,https://reddit.com/r/NepalStock/comments/1hq52xi/will_there_be_daytrading_in_nepse_anytime_soon/,Trading/Settlement/Payment
NepalStock,1hq310x,"Daily Discussion Thread (Tuesday - Dec 31, 2024)",AutoModerator,"Use this post to discuss what to buy/sell/trade/avoid/watch today and in the coming days.

As always, the rules still apply.

**Have a TMS or Meroshare issue? Query about EDIS or collateral? Ask here instead of creating another thread. All queries regarding TMS, MeroShare, Broker issues, EDIS, Settlement and Payments should be asked here.** &gt;!DO NOT create another post.!&lt;

BEGINNER? [**Go here first!**](https://www.reddit.com/r/NepalStock/wiki/beginners-guide)

DO NOT MAKE SEPARATE **INDIVIDUAL** POSTS ASKING:

* what to buy or sell,
* or what bank to buy,
* or what insurance to buy,
* yo share kati samma mathi jancha hola
* IPO ma pareko yo share kun din bechda ramro hola, ajhai 1-2 din parkhine ki nai etc.

will be deleted. Repeat violators will be banned.

Happy Investing!",1,0,2024-12-31 01:15:09+00:00,https://reddit.com/r/NepalStock/comments/1hq310x/daily_discussion_thread_tuesday_dec_31_2024/,Yo Kinda Kaso Hola
NepalStock,1hpmkcm,Brothers/sisters please help me out,derpnation4,,1,0,2024-12-30 12:50:35+00:00,https://reddit.com/r/NepalStock/comments/1hpmkcm/brotherssisters_please_help_me_out/,Advice
NepalStock,1hpky4c,WallStreetBets Spotlight: $PDYN Palladyne Stock Soars Thanks to Influential Trader Grandmaster-Obi,Major_Access2321,,1,0,2024-12-30 11:05:03+00:00,https://reddit.com/r/NepalStock/comments/1hpky4c/wallstreetbets_spotlight_pdyn_palladyne_stock/,Market
NepalStock,1hpk8cf,Narayan Ki Sagar Kahani | Underwater Myth and Magical Turtle | Hindi Story | नारायण और सागर | कहानी,Current_Finding528,,1,0,2024-12-30 10:14:28+00:00,https://reddit.com/r/NepalStock/comments/1hpk8cf/narayan_ki_sagar_kahani_underwater_myth_and/,Market
NepalStock,1hph685,Property Wizard-No.67,After-Jelly-6886,,1,1,2024-12-30 06:37:56+00:00,https://reddit.com/r/NepalStock/comments/1hph685/property_wizardno67/,Broker
NepalStock,1hpg6vv,Why nepse closed today,Deep_Internal_4262,Aaja kina nepse closed,1,0,2024-12-30 05:36:08+00:00,https://reddit.com/r/NepalStock/comments/1hpg6vv/why_nepse_closed_today/,Market
NepalStock,1hpei6p,SIP in NIMB is confusing me,bipinbam22,"ok so I'm new to all this. NIMB ko SIP gareko aaba 4 months huna lagyo (maybe next 2-3 days ma 4th installment pay garchu). NIMB Ace capital ma login garera herda chai Unit holdings haru dekhaucha, lock unit vanera dekhaucha tara feri meroshare ma chai tyo kei dekhaudaina. Yesko barema internet ma khojda ni vetina kei so here i am. Monthly pay garera choddinchu ma. Is there anything further that i need to do? Unit Purchase Request vanera ni k k raicha (found out while exploring the every component of the website trying to get the hint about what's going on). What is wrong that I'm doing?",1,0,2024-12-30 04:01:29+00:00,https://reddit.com/r/NepalStock/comments/1hpei6p/sip_in_nimb_is_confusing_me/,Mutual Funds
NepalStock,1hpb9lp,"Daily Discussion Thread (Monday - Dec 30, 2024)",AutoModerator,"Use this post to discuss what to buy/sell/trade/avoid/watch today and in the coming days.

As always, the rules still apply.

**Have a TMS or Meroshare issue? Query about EDIS or collateral? Ask here instead of creating another thread. All queries regarding TMS, MeroShare, Broker issues, EDIS, Settlement and Payments should be asked here.** &gt;!DO NOT create another post.!&lt;

BEGINNER? [**Go here first!**](https://www.reddit.com/r/NepalStock/wiki/beginners-guide)

DO NOT MAKE SEPARATE **INDIVIDUAL** POSTS ASKING:

* what to buy or sell,
* or what bank to buy,
* or what insurance to buy,
* yo share kati samma mathi jancha hola
* IPO ma pareko yo share kun din bechda ramro hola, ajhai 1-2 din parkhine ki nai etc.

will be deleted. Repeat violators will be banned.

Happy Investing!",1,0,2024-12-30 01:15:08+00:00,https://reddit.com/r/NepalStock/comments/1hpb9lp/daily_discussion_thread_monday_dec_30_2024/,Yo Kinda Kaso Hola
NepalStock,1hox4q9,Rights share issue related to BHL,IisMEdoYOUdoHOW,"Hi, I am not being able to apply for BHL's RS; though I have 10 shares from IPO. Is anyone having the same problem?",1,0,2024-12-29 14:31:12+00:00,https://reddit.com/r/NepalStock/comments/1hox4q9/rights_share_issue_related_to_bhl/,Demat/MeroShare
NepalStock,1how4ky,Can anyone tell me about IPOs and SIP,The_Lazy_Godd,I am new to this and don't have any information about it.,1,0,2024-12-29 13:35:20+00:00,https://reddit.com/r/NepalStock/comments/1how4ky/can_anyone_tell_me_about_ipos_and_sip/,IPO/FPO
NepalStock,1hovg5h,How much do a broker earn and what are the qualifications to become one?,National-Error96,"I believe the staffs in the brokerage firm is called broker as well.  
  
1.What are there salaries and is there any hierarchy / level ?  
2.What qualification does one need to get that role ?",1,0,2024-12-29 12:54:10+00:00,https://reddit.com/r/NepalStock/comments/1hovg5h/how_much_do_a_broker_earn_and_what_are_the/,Broker
NepalStock,1houpu3,PRABHU STEELS AND HYDROPOWER INVESTMENT COMPANY LTD.,Decent-Garage5999,What’s the scoop on this company? I heard they’re issuing promoter shares—any thoughts on whether that’s a positive or negative move? I’d love to gather some insights on this!,1,0,2024-12-29 12:05:12+00:00,https://reddit.com/r/NepalStock/comments/1houpu3/prabhu_steels_and_hydropower_investment_company/,Market
NepalStock,1horp78,Nabil SIP cancellation ,pramodnpl,"I have submitted SIP online cancellation form online through Nabil bank sip portal, but it's been 2 week, I didn't received any confirmation. I have mailed to there department official mail but I didn't got any mails. I have tried to contact through calls but the automated response keep waiting and at end it cut my call. Any idea what to do now?",1,0,2024-12-29 08:23:30+00:00,https://reddit.com/r/NepalStock/comments/1horp78/nabil_sip_cancellation/,Mutual Funds
NepalStock,1hopibz,How to increase sip amount in NIBLSF?,Lazy-Set2711,J,1,0,2024-12-29 05:53:43+00:00,https://reddit.com/r/NepalStock/comments/1hopibz/how_to_increase_sip_amount_in_niblsf/,Mutual Funds
NepalStock,1hokina,"Daily Discussion Thread (Sunday - Dec 29, 2024)",AutoModerator,"Use this post to discuss what to buy/sell/trade/avoid/watch today and in the coming days.

As always, the rules still apply.

**Have a TMS or Meroshare issue? Query about EDIS or collateral? Ask here instead of creating another thread. All queries regarding TMS, MeroShare, Broker issues, EDIS, Settlement and Payments should be asked here.** &gt;!DO NOT create another post.!&lt;

BEGINNER? [**Go here first!**](https://www.reddit.com/r/NepalStock/wiki/beginners-guide)

DO NOT MAKE SEPARATE **INDIVIDUAL** POSTS ASKING:

* what to buy or sell,
* or what bank to buy,
* or what insurance to buy,
* yo share kati samma mathi jancha hola
* IPO ma pareko yo share kun din bechda ramro hola, ajhai 1-2 din parkhine ki nai etc.

will be deleted. Repeat violators will be banned.

Happy Investing!",1,0,2024-12-29 01:15:08+00:00,https://reddit.com/r/NepalStock/comments/1hokina/daily_discussion_thread_sunday_dec_29_2024/,Yo Kinda Kaso Hola
NepalStock,1ho463l,Update on LSL Interpretation,[deleted],,1,0,2024-12-28 11:50:59+00:00,https://reddit.com/r/NepalStock/comments/1ho463l/update_on_lsl_interpretation/,Fundamental Analysis
NepalStock,1ho3ck8,Guide on selecting an appropriate broker in Butwal ,GarageFit131,"Hey guys,

I am beginning to start my investment journey but struggling to find a good broker in Butwal. 

If you have any suggestions regarding this, please let me know.....",1,0,2024-12-28 10:50:02+00:00,https://reddit.com/r/NepalStock/comments/1ho3ck8/guide_on_selecting_an_appropriate_broker_in_butwal/,Broker
NepalStock,1ho1ks9,Need Some Financial Advice,Suitable_Weekend6756,"Hey guys, I’m 21M, and what if I told you that I save a bit more than 20 lakhs a year? What should I do with my money as a Nepali citizen? I’m new to managing finances and would really appreciate some advice. Are there any books, podcasts, courses, or other resources you’d recommend?",2,1,2024-12-28 08:35:07+00:00,https://reddit.com/r/NepalStock/comments/1ho1ks9/need_some_financial_advice/,Advice
NepalStock,1hnyw76,About portfolio management services,Ok-Background9860,"Has anyone  here, tried doing portfolio management service, is it any good or anyone has better alternatives!?,",1,0,2024-12-28 05:30:19+00:00,https://reddit.com/r/NepalStock/comments/1hnyw76/about_portfolio_management_services/,Market
NepalStock,1hny504,SWP vs Fixed Deposit ,Admirable-Self6350,"Its been about a year, father retired from gov job and had received lumpsum amount of abt 30L. It had been kept in FD for this whole time. But with the decrease in interest rate, it is really making us think a lot. Will SWP be better? Not really need like a monthly withdrawal amount since father receives monthly pension amount as well. How does SWP compare to FD. Might not be able to tranfer whole funds from FD to SWP, but thinking to start the transition. If SWP is better, which SWP would be the best suited in terms of fund growth?

Thank you.",1,0,2024-12-28 04:46:42+00:00,https://reddit.com/r/NepalStock/comments/1hny504/swp_vs_fixed_deposit/,Mutual Funds
NepalStock,1hnv0h3,Guide to get started in market ,Ok-Background9860,"Hello everyone, I'm 24 years old i have worked on multiple job from 18 in Nepal and saved up 10lakhs i don't have a bachelor's degree I'm even confused if i should pursue it in fully loat lost in life i don't have any support from parents as they aren't together but from 2025 i am planning to go full time on trading and investing. Any of your experiences suggestion might help me . Thank you everyone.",1,0,2024-12-28 01:53:48+00:00,https://reddit.com/r/NepalStock/comments/1hnv0h3/guide_to_get_started_in_market/,Market
NepalStock,1hnhq7i, Does anyone know who is operating PHCL stock? Has anyone seen the shareholding list or knows the names behind it?,Excellent-Ad-5156,"Namaste😊

has anyone seen the latest shareholding list or has any insight into the key players behind this stock? If anyone knows the name of the person or entity managing or influencing this stock, I’d really appreciate it if you could share",1,0,2024-12-27 15:49:21+00:00,https://reddit.com/r/NepalStock/comments/1hnhq7i/does_anyone_know_who_is_operating_phcl_stock_has/,Market
NepalStock,1hnga0p,Can anyone explain me how can price drop from 3922 to 3622 by only 10 kitta ,Notify1221,,1,1,2024-12-27 14:41:35+00:00,https://reddit.com/r/NepalStock/comments/1hnga0p/can_anyone_explain_me_how_can_price_drop_from/,Market
NepalStock,1hnd5qd,few questions about NEPSE system,make1e10,"If we buy shares from NEPSE, how much time does it take to appear it in portfolio?

How do you guys manage targets or stop-losses? Like if you reach your target or stop-loss before shares appear in your portfolio, how do you deal with it?

Can we trade those shares whose order and other process is completed but are not in portfolio?

  
PS: My broker uses ATrad instead of NEPSE TMS, so anyone has experience on this? I am only selling IPOs till now and planning to enter secondary market soon. Thank you!",1,0,2024-12-27 11:42:09+00:00,https://reddit.com/r/NepalStock/comments/1hnd5qd/few_questions_about_nepse_system/,Trading/Settlement/Payment
