subreddit,id,title,author,selftext,score,num_comments,created_utc,permalink,flair
Nepal,1kiee56,Adsense Approval Services,Potential_Net_3122,Is there anyone who can get an adsense approval for my site. Ready to pay significant amount. Or anyone who is willing to sell their approved site for reasonable price??,1,0,2025-05-09 09:34:37+00:00,https://reddit.com/r/Nepal/comments/1kiee56/adsense_approval_services/,Help/सहयोग
Nepal,1kiee1x,Resorts in Nepal with a river side,1nfernap3,"Hello, I am planning to travel outside valley for few days to a resort with a riverside access. Could you please recommend some resorts under 3k / per person. With nice property and a swimming pool. 
Thank you in advance. 🙏🏽",1,0,2025-05-09 09:34:26+00:00,https://reddit.com/r/Nepal/comments/1kiee1x/resorts_in_nepal_with_a_river_side/,Help/सहयोग
Nepal,1kieav1,anyone available for phone call,Showertruecolours,"lets just hang out blindly on phone call. Anyone can call me creep ,just want to test the vibe ,not male hai ta female koi chha lonely feel huney can dm me , not low effort with high effort",1,0,2025-05-09 09:28:03+00:00,https://reddit.com/r/Nepal/comments/1kieav1/anyone_available_for_phone_call/,
Nepal,1kiearc,How do i buy flight tickets in India from Nepal?,OnlyfansNepaliModel,,1,0,2025-05-09 09:27:51+00:00,https://reddit.com/r/Nepal/comments/1kiearc/how_do_i_buy_flight_tickets_in_india_from_nepal/,Question/प्रश्न
Nepal,1kidws7,Your thoughts/POV in brief,JamesJohan022,"Indian people are celebrating their dominance over Pakistan, and they are enjoying it. What are your thoughts on this? Is war a solution? Will it affect Nepal in any way? Do you think the Nepalese government has any backup plans or at least any strategy if Nepal is affected?",1,0,2025-05-09 09:00:06+00:00,https://reddit.com/r/Nepal/comments/1kidws7/your_thoughtspov_in_brief/,Discussion/बहस 
Nepal,1kided7,"“First time getting a tattoo in Nepal – recommendations for clean, reputable tattoo studios?”",Rikal_23,,1,1,2025-05-09 08:21:10+00:00,https://reddit.com/r/Nepal/comments/1kided7/first_time_getting_a_tattoo_in_nepal/,
Nepal,1kid3t6,Where do I report this date bug in NID site?,CanIGoNegativeKarma,"It says Jestha starts from Wednesday but actaully it starts from Thrusday, Baisakh has up to 31 gatey, so this might be the reason. Where to raise issue and report this bug? Couldn't select date.",1,0,2025-05-09 07:59:12+00:00,https://reddit.com/r/Nepal/comments/1kid3t6/where_do_i_report_this_date_bug_in_nid_site/,Help/सहयोग
Nepal,1kid36i,will missing my subject code affect my  +2 exam?,Ill_Woodpecker1217,,1,1,2025-05-09 07:57:53+00:00,https://reddit.com/r/Nepal/comments/1kid36i/will_missing_my_subject_code_affect_my_2_exam/,
Nepal,1kicvnc,Looking for some female friends !!,Signal-Dress140,,1,1,2025-05-09 07:42:04+00:00,https://reddit.com/r/Nepal/comments/1kicvnc/looking_for_some_female_friends/,Relationship/सम्बन्ध
Nepal,1kicmb3,Class 12 math paper check in board examination,Decent_Leave_6578,Maile chai math mah around 30 to 35 garya xa right minimum jodera pani 27 katxa jasto xa.Yesto vako bela teacher le pass,1,0,2025-05-09 07:22:14+00:00,https://reddit.com/r/Nepal/comments/1kicmb3/class_12_math_paper_check_in_board_examination/,
Nepal,1kicl31,Neb grade 12 math examination paper check,Decent_Leave_6578,,1,0,2025-05-09 07:19:48+00:00,https://reddit.com/r/Nepal/comments/1kicl31/neb_grade_12_math_examination_paper_check/,
Nepal,1kicfgj,+2 NEB boards Maths exam today,Amreet01,"aja ko exam khatrai hane😭bang bung A+ aune gari Tara paper add gareko lekhna birse, stapler majale lagako xa, chance xaina haraune, k hola ta? keihunna holani?",1,0,2025-05-09 07:08:46+00:00,https://reddit.com/r/Nepal/comments/1kicfgj/2_neb_boards_maths_exam_today/,Question/प्रश्न
Nepal,1kicd7y,Reality of Work Experience,aveenassh,"Suppose hai, ma sanga 3 month internship experience kunai field such as full stack web dev ma xa. Aba maile arko internship kunai company ma 3 month ko lagi gare. Tespaxi kunai arkai company ma same post as before ma 6 month ko lagi gare vane.

(3 + 3 + 6 = 12) Am i a full stack web dev with 1 year work experience or am i still a novice.

Does internship count as work experience ?

And, which one is preferred:

1. 12 month experience in same company

2. 6 + 6 month experience in two different companies

3. 3 + 3 + 3 + 3 month experience in multi different companies

so on.",1,0,2025-05-09 07:04:21+00:00,https://reddit.com/r/Nepal/comments/1kicd7y/reality_of_work_experience/,
Nepal,1kic7yg,Batti Gayo - Data based reporting for power cuts,sinner_93,"There's a lot of conversation going around whether power cuts are more frequent right now after the change in management in NEA. NEA says no, but we've been experiencing this ourselves. 

We built a simple tracker 'Batti Gayo' to see exactly how many times people experience power cuts. It's a simple to use website, just enable location and submit the report whenever the power goes out wherever you are. We can also see the total reports we've received and which locations are seeing those power cuts.

Link: [https://www.ev-nepal.com/batti-gayo](https://www.ev-nepal.com/batti-gayo)

P.S. The main website is focused on EVs, if anyone wants to check specs and pricing for EVs they are considering purchasing, the home page might be useful. Thanks!",1,0,2025-05-09 06:54:41+00:00,https://reddit.com/r/Nepal/comments/1kic7yg/batti_gayo_data_based_reporting_for_power_cuts/,Discussion/बहस 
Nepal,1kic7ni,"Fu** man , I lost my 12th prabesh patra😵",Relative-Orange-3848,,1,1,2025-05-09 06:54:03+00:00,https://reddit.com/r/Nepal/comments/1kic7ni/fu_man_i_lost_my_12th_prabesh_patra/,
Nepal,1kic0cg,Nepalese people are silently earning money from crypto !!!,Isurugi_Noe,,1,1,2025-05-09 06:39:38+00:00,https://reddit.com/r/Nepal/comments/1kic0cg/nepalese_people_are_silently_earning_money_from/,Discussion/बहस 
Nepal,1kibv15,How do I study smart and hard?,Sam98576,,1,1,2025-05-09 06:29:38+00:00,https://reddit.com/r/Nepal/comments/1kibv15/how_do_i_study_smart_and_hard/,
Nepal,1kibsfu,"For Nepal, India is the real terrorist organization",piyus_007,,1,1,2025-05-09 06:24:44+00:00,https://reddit.com/r/Nepal/comments/1kibsfu/for_nepal_india_is_the_real_terrorist_organization/,Rant/गुनासो
Nepal,1kibojp,The Anglo Nepal War in the words of a contemporary British officer in India,pahadibahadur,"Amidst all the misinformation on the Anglo Nepal war I would like to bring up a contemporary source from back then to describe the war from the British POV, written by a Lieutenant of the Bengal Native Infantry, LT. A White called considerations on the state of British India in 1822

https://archive.org/details/in.ernet.dli.2015.41289

It's a fairly reputable source

https://www.cambridge.org/core/books/abs/considerations-on-the-state-of-british-india/contents/AA8F0063FC49E49BCA4FCBDD08515925
I will say this **Nepal Lost**, **Nepal absolutely lost the war**, don't bring it up, but some people deny the war happened at a large scale and that Nepal actually fought back, which we have to disprove

His descriptions begin with the cause of war and all which aren't interesting to us, he begins with the description of the Unit sizes, the British had deployed 24,000 men but along the 600 mile border so that Nepal/Gorkha  may be attacked from 4 different points (Page 151 onwards)
&gt;This nobleman, Lord Hastings, resolved to employ arms as the only effectual means of coercing these savage mountaineers ; and thus manifested a deeper insight into the Asiatic character than his predecessor. The most extensive preparations were accordingly made for the invasion of Nepaul. Four divisions of the army were destined for this enterprise, amounting in all to about 84,000 men.  It was intended that this force should penetrate the enemy's frontier at four different points

But he believes that it was actually a mistake and only extended the war

&gt;This widely-extended scale of operations could  only have been planned from the supreme contempt entertained for the enemy, and the utter ignorance  which prevailed respectilig tlicir character and resources. It was known that the Nepaulese had succumbed to the Chinese in 1794, a people whom  we are accllstolned to regard with sovereign contempt ; and that, with respect to tactical skill, their troops were prodigiously inferior to our own. Their courage and military daring-that lofty collfidelice in themselves wllich a long career of conquest had inspired their pride as an ancient and unsubdued people-the impregnable defilnces of their country ;  all these powerfully exciting causes, which roused their noblest feelings and called forth every energy  in defence of their couiltry, were unlooked for, unknown, or disregarded by us. 

Because it offered vast advantages to the Nepali defenders in the Hills/Lower Himalayan region

&gt;Otherwise it  must have been obvious, that the plan of operations  offered vast advantages  to an active and enterprising enemy.Operating upon so extensive a base, with  such weak divisions, would it not have becn easy  for a daring ehemy to have beaten them in detail?  What support could these uncorlnected bodies have  afforded each other? [...] it was altogether impossible to regulate the movements of divisions operating upoil a base of 500 or 600 miles

He then goes on to say that the Gorkhalis were conquerors like them ruling over a vast occupied population and that directly attacking our capital would be more fruitful not the territories 

&gt;It was known, that the Goorkhas (in  that quarter) were a handful of conquerors, like ourselves, amidst a population eager to throw off their  yoke, and that they never had, nor could make inroads on our territory-being entirely occupied in guarding against the imminent hazard of a revolt [...] Instead of consuming our strength in these attacks upon the extremity of their empire, would it not have been  wiser to have concentrated a powerful force [...] Had 14 or 15,000 men been concentrated under General Marley, instead  of 6000, in all probability the first success on his part would have terminated the contest : As it was, the war was protracted to two cornpaigns

Indeed in some places of the country, the forts were never conquered but vacated after Sugauli, particularly in Sikkim and other eastern territories 
&gt; A letter from Gajendra Karki and the Lepcha chief Ekunda (Konga) from Nagari indicates that about six thousand ryots had revolted and the disruption in movement was caused by the  destruction of bridges.But Jayanta Khatri and his men were never  dislodged. One of the terms* of the Sugauli treaty signed by the British  and Nepal after the war clearly indicates this

&gt;The Gorkha Conquests 
The Process and Consequences of the 
Unification of Nepal, 
with particular reference to Eastern Nepal 
KUMAR PRADHAN 

Back to our contemporary account 
He mentions of the demoralisations in the initial campaign for this reason, Their soldiers would just be butchered in Sumunpoor (?)

&gt;In the spirit of a barbarian people, the bodies of our sepoys, who had fallen, were cruelly maimed and  disfigured by the Goorkhahs. These unlooked-for  disasters having paralyzed the movements of the  first division of the army, it was deemed inexpedient to advance with a force so materially reduced in numbers ; all offensive operations were therefore suspended until the army should be reinforced.

In Butwal it was actually a gunfight which stalled and turned the British around with a 100 killed on their side


&gt;This division,  commanded by Major-general Sullivan Wood of his  Majesty's service, did not advance before the end of  December 1814. It then halted at a village within  four or five miles of the Bootwul Pass

And then in 1815.

&gt;The Nepaulese commenced a heavy fire upon our  troops, which was briskly returned on our part ; but  the unexpected resistance and the vivacity of the fire appear to have embarrassed our operations. No  disposition was made for turning the redoubt. Indeed, the scene of action being a thick jungle, was eminently unfavourable for the display of any superiority of discipline or valour. A general of superior military talent might, therefore, easily fail in  such a situation. After sustaining a loss of about  100 men in killed and wounded, orders were given  to retire. 

Similar descriptions of battle are given throughout the book it is Interesting 

I will end with the very next thing he says after describing the unsuccessful attack on Butwal, that it seemed to have destroyed (in his mind) the idea of British Invincibility in South Asia

&gt;**The knowledge of these  disastrous surprises at Pursah and Sumunpoor (together with the unsuccessful attempt on Bootwul),  coming at the same moment to most stations in India, coupled with the lamented death and failure  of Major-general Gillespie, at Kalunga, produced a  deep gloom in society. It seemed as if the spell of  British invincibility had been dissolved by the daring onset of a few resolute mountaineers ;as  if that powerfill hold on public opinion, which the reputation of superior valour had obtained us-that mighty  charm which enabled us to rule the minds of' men,  would operate no longer in our favour.An apprehension was entertained that the native states were ready to pour in upon us ;-and that thus that stupendous fabric which tlie genius, and enterprise, and  heroism of the national character had erected in the  East, was likely to pass away like "" the baseless fabric of' a vision.""**",1,0,2025-05-09 06:17:35+00:00,https://reddit.com/r/Nepal/comments/1kibojp/the_anglo_nepal_war_in_the_words_of_a/,History/इतिहास
Nepal,1kibn9r,Android studio/ Android studio/ flutter,Ill_Shake_3873,Android studio haru chalaune koi sanga ramro experience xa bhni dm me guys i have work for you,1,0,2025-05-09 06:15:04+00:00,https://reddit.com/r/Nepal/comments/1kibn9r/android_studio_android_studio_flutter/,
Nepal,1kiblkr,Where to find shoes for woman feet size 40,happynamu,,1,1,2025-05-09 06:11:45+00:00,https://reddit.com/r/Nepal/comments/1kiblkr/where_to_find_shoes_for_woman_feet_size_40/,
Nepal,1kibfd5,Can I try to get admission on MBBS,issanagayoh,"after failing in maths? ( if i pass the re exam, can I get admission )",1,0,2025-05-09 06:00:29+00:00,https://reddit.com/r/Nepal/comments/1kibfd5/can_i_try_to_get_admission_on_mbbs/,
Nepal,1kib0gj,When will this rat race end?,Minimum-Regular-6638,J ko dar thyo tei vairaxa. Robot jasari bihana utha. Job ma aau. Tei kam gara same pattern ma. Khaja khau feri tei kam. Feri kei interesting vayeni hune ni tei boring kam k. 9-5 ni haina 9-6 xa tei mathi. Bus duita duita change gara ghar jau. Jyan tired hunxa. Kei productive vairako xaina zindagi ma. Afulai tha vairaxa feri yesto vairaxa vanera tei ni kei garnu sakeko xaina...,1,0,2025-05-09 05:32:58+00:00,https://reddit.com/r/Nepal/comments/1kib0gj/when_will_this_rat_race_end/,
Nepal,1kiaomj,"What is the procedure to obtain original TU certificate without participating in the convocation, after it has concluded",ceezaay,"How can I obtain my original TU certificate without attending the convocation, even after it has taken place?

Thank you",1,0,2025-05-09 05:11:39+00:00,https://reddit.com/r/Nepal/comments/1kiaomj/what_is_the_procedure_to_obtain_original_tu/,
Nepal,1kiakiz,why you think worldlink user drop and come to classictech?,Bright_Brilliant8295,,1,1,2025-05-09 05:04:15+00:00,https://reddit.com/r/Nepal/comments/1kiakiz/why_you_think_worldlink_user_drop_and_come_to/,
Nepal,1kiajyt,"Moving to Sydney, Australia in June. Need help!",Astroman2727,"Hello guys I’m M20
I’m moving to Sydney June ma and want some help from you guys even if you’re in Sydney or Yetai any help will be highly appreciated 
How can we find a room for rent jana sath basnu ko lagi Yetai Nepal bata kei garera jana parcha hola ni? Anyone has idea how to do it 
Ani Kam kolai kam kasari khojne hola and as a male k skills chai sikera jada best huncha initially nai kam pauna help garna lai 
Any Help and suggestion will highly be appreciated guys 
Thank youuu",1,0,2025-05-09 05:03:18+00:00,https://reddit.com/r/Nepal/comments/1kiajyt/moving_to_sydney_australia_in_june_need_help/,
Nepal,1kiajwu,Why you thing worlldink and vianet user drop and go to classictech?,Bright_Brilliant8295,,1,1,2025-05-09 05:03:13+00:00,https://reddit.com/r/Nepal/comments/1kiajwu/why_you_thing_worlldink_and_vianet_user_drop_and/,
Nepal,1kiadsk,OnePlus Nord CE 3 Lite 5G को मूल्य नेपालमा,ArachnidNo8293,,1,1,2025-05-09 04:52:28+00:00,https://reddit.com/r/Nepal/comments/1kiadsk/oneplus_nord_ce_3_lite_5g_क_मलय_नपलम/,News/समाचार
Nepal,1kia5bf,Miras Academy or Smart GK,PoisonIvyyy21,I’m thinking about taking classes for my banking preparations and I’m confused between these two. Help me chose the right one!,1,0,2025-05-09 04:38:02+00:00,https://reddit.com/r/Nepal/comments/1kia5bf/miras_academy_or_smart_gk/,
Nepal,1kia4tu,Is it safe to travel to Nepal right now?,chemgloom,,1,0,2025-05-09 04:37:12+00:00,https://reddit.com/r/Nepal/comments/1kia4tu/is_it_safe_to_travel_to_nepal_right_now/,Travel/यात्रा
Nepal,1ki9uu1,Do you guys know any school that teaches (unofficially) elder people in Kathmandu?,frustratedman32,"One of my aunts is on her 40's and want to study. She can study basic Nepali but nothing more than that and thus wants to study officially (doesn't want to study in home lol). I was hoping if you guys know any such schools near Nayabazaar area? You can drop any such places you know.

Any kind of response would be appreciated. 🙏",1,0,2025-05-09 04:20:20+00:00,https://reddit.com/r/Nepal/comments/1ki9uu1/do_you_guys_know_any_school_that_teaches/,
Nepal,1ki9sq5,why does nepali people hate india and Indians,hurricane99966,"people in this sub hates india and Indians dk y just now nepal government has issued a statement regarding supporting india ""indirectly"" and the people here in this sub calling it fake and are inclined towards not supporting india dude a Nepalese has also died in it and indian government is taking revenge for all of the victims. if they wanted they could have just compensate the indians only and would have left the one victim to the nepal government for taking the revenge against Pakistan",1,0,2025-05-09 04:16:44+00:00,https://reddit.com/r/Nepal/comments/1ki9sq5/why_does_nepali_people_hate_india_and_indians/,Discussion/बहस 
Nepal,1ki9osa,Premium comedy shows......,Any-Opportunity-6843,,1,1,2025-05-09 04:10:17+00:00,https://reddit.com/r/Nepal/comments/1ki9osa/premium_comedy_shows/,Humor/हाँस्य
Nepal,1ki9mum,Where do rich people hangout in Kathmandu?,thelittleredditer,,1,1,2025-05-09 04:07:07+00:00,https://reddit.com/r/Nepal/comments/1ki9mum/where_do_rich_people_hangout_in_kathmandu/,
Nepal,1ki9lvu,Any musician here making music with FL Studio?,BrightDay2012,I am looking for a tutor who can teach FL Studio online. Do you know someone?,1,0,2025-05-09 04:05:30+00:00,https://reddit.com/r/Nepal/comments/1ki9lvu/any_musician_here_making_music_with_fl_studio/,Help/सहयोग
Nepal,1ki9bvl,Flexing my collection of 1100 pcs of re 1,Infamous-Clock6466,,1,0,2025-05-09 03:49:19+00:00,https://reddit.com/r/Nepal/comments/1ki9bvl/flexing_my_collection_of_1100_pcs_of_re_1/,
Nepal,1ki9b7o,Flexing my collection 😌 1100 piece of re 1,[deleted],,1,1,2025-05-09 03:48:14+00:00,https://reddit.com/r/Nepal/comments/1ki9b7o/flexing_my_collection_1100_piece_of_re_1/,
Nepal,1ki8pis,Why do some nepali nobles act so humble online but so entitled IRL?,Downtown_Bunch9798,"I'm not from kathamandu so sorry if I get any info wrong but I have been kinda confused lately. Why do some of these so called “noble” influencers act all humble and classy online but in reality they’re just chasing money and clout?

So I did a little digging and found out that Nepal barely had a few ruling families in the past and that too mostly just the ranas and the shahs. That kinda explains why they have connections with our royal families in the princely states. Like our sawai apparently went to school with some ranas and shahs from Nepal so they visit here pretty often. Since the city palace is open to the public you’ll spot them sometimes.

But here’s the annoying part, these (your nobles) guys don’t even talk to other nobles unless someone’s in politics or has influence. It’s like they’re addicted to power. And the way they act so HUMBLE and DOWN TO EARTH on social media is honestly gross when you know how they behave in real life. One of them, this short dude who's like super popular in bombay just for being openly gay. Like cool live your truth, but don’t pretend you're some saint when you act all elitist off camera.

Tbh besides our sawai no one really cares about them here. They’re just from the himalayas, what even gives them that attitude? [not even hating on nepalis,I actually love them. I'm just calling out these fake elitists] They act all royal but truth is they’re barely even that. Most of them are fallen nobles trying to hold on to status by marrying into actual royal families.

If you’ve seen them in person you’d get it. Social media is all a big show. Stay alert, people. Not everything that glitters is royal.",1,0,2025-05-09 03:13:48+00:00,https://reddit.com/r/Nepal/comments/1ki8pis/why_do_some_nepali_nobles_act_so_humble_online/,Rant/गुनासो
Nepal,1ki8knc,"Only for CS, IT students/graduates",Dear-Record9157,"Hey everyone,i am currently a 2nd sem bca student in tu and i am starting to regret this. nowadays.Like i came to bca to make computer and mobile apps not learn stupid sociology and account and the generic English that we've been reading from class 6. The only coding that we have learned till now is like..how to find the factorial of a number, check odd or even number like..wtf...I learned that in class 11. Plus C isn't even used for application development nowadays.Even when i asked my seniors and even the teachers that if i do everything that college says and graduate with at least a 3.71 will i able to build apps or build websites? They straightly answered...No!!..So, i am planning to drop and join Bachelor's in data science in tu next intake. I think that this degree is more valuable and more future proof but i am just a kid. I need your suggestions.",1,0,2025-05-09 03:06:13+00:00,https://reddit.com/r/Nepal/comments/1ki8knc/only_for_cs_it_studentsgraduates/,Question/प्रश्न
Nepal,1ki8hmb,Hashimotos friendly diet in Nepal,Visual_Dimension439,,1,0,2025-05-09 03:01:31+00:00,https://reddit.com/r/Nepal/comments/1ki8hmb/hashimotos_friendly_diet_in_nepal/,
Nepal,1ki8bz8,"ONLY FOR CS, IT STUDENTS/ GRADUATES",Dear-Record9157,,1,1,2025-05-09 02:53:02+00:00,https://reddit.com/r/Nepal/comments/1ki8bz8/only_for_cs_it_students_graduates/,Question/प्रश्न
Nepal,1ki7xkd,Road conditions to kulekhani from kathmandu,Ok_Construction_4840,"Kata ko bato ramro xa hola aaile ?

Aaja jana lageko bike ma",1,0,2025-05-09 02:30:58+00:00,https://reddit.com/r/Nepal/comments/1ki7xkd/road_conditions_to_kulekhani_from_kathmandu/,Question/प्रश्न
Nepal,1ki7qwi,Military nepal thoughts .,whitedevlop,"Hamro Nepal ko military organization ma age limit alik badaidinu hai. Since bachelor 4 years hunxa, tehi pani payenna. Ani jhan CSIT, faculty chai alik ki engineering hunu ki k ho. Nilnu na nikalnu vako xa degree. Sabai ma engineer nai chainey.",1,0,2025-05-09 02:21:14+00:00,https://reddit.com/r/Nepal/comments/1ki7qwi/military_nepal_thoughts/,
Nepal,1ki7lrf,Need Help to Understand the Company Registration Process,Confident-Bass2260,"Hi guys, I am in process of company registration. Mero naam registration already approved vayo (Company name reservation complete), aba MOA ra AOA banayera company register garnu parcha.

Ma Pokhara bata ho, ra ma sabai process afai garna khojdaichu without going to a lawyer, so asking for help from you guys who already went through all these processes.

Kunai AOA/MOA ko sample document haru share garna milcha? Aba online bata document submit garye pachi next step ke hunchha? Physical documents submit garnu parcha vane, Kathmandu nai janu parcha ki Pokhara bata kei garna milcha? And kati time lagcha whole process ko lagi?

Kunai helpful tips xa vane, please share. Yo sabai kura ma afai handle garna khojirako chu, so any guidance would mean a lot!

Thanks in advance 🙏",1,0,2025-05-09 02:13:37+00:00,https://reddit.com/r/Nepal/comments/1ki7lrf/need_help_to_understand_the_company_registration/,
Nepal,1ki6ojs,modern technical college sanpel lalitpur le salary nadiyeko 2 barsha bhayo. Adazi 1.5 -1.6 lakh jati hola. part time.,Particular-Pension47,"Modern techncal college sanepa lalitpur le salary nadiyera hairan. tanab. Paisa dine kuro nia chhiana . Kati complain kati ke Kati hello sarkar Kati CDO office kati sanepa ko police station. sanepa ko police inspector le arthik mamla hami le herna mildina bhanchha. Kasto tori lahure chha ki ke bhanne. As a last resort, I am making them famous in reddit. His number is **नौ अर्ब असी करोड एकतीस लाख बाउन्न हजार छ सय चौरासी**. reddit do your thing. Paisa na paye pani i want his peace gone",1,0,2025-05-09 01:24:07+00:00,https://reddit.com/r/Nepal/comments/1ki6ojs/modern_technical_college_sanpel_lalitpur_le/,
Nepal,1ki6itx,modern technical collge is salary nadiyeko 2 barsha bhayo .ris uthera,Particular-Pension47,"As in title Modern technical colllege sanepal lalitpur le lecturer ko salary nadiyeko jug bhayo . ris uthne , kati complain gare. Kati ke gare, Kehi upaya lagena. Aba mero last shot make them famous. his number is नौ अर्ब असी करोड पन्ध्र लाख छब्बीस हजार आठसय चौरासी. his name is synonym of air, hawa, atomsophere and lives in harisiidhi. make him famous",1,0,2025-05-09 01:15:35+00:00,https://reddit.com/r/Nepal/comments/1ki6itx/modern_technical_collge_is_salary_nadiyeko_2/,
Nepal,1ki6g76,Modern Technical College Sanepa Lalitpur le teacher ko salary nadiyeko jhadai 2 barsha bhayo. I am beyond pissed off,Particular-Pension47,,1,0,2025-05-09 01:11:44+00:00,https://reddit.com/r/Nepal/comments/1ki6g76/modern_technical_college_sanepa_lalitpur_le/,
Nepal,1ki6d04,Modern Technical College Sanepa Lalitpur le teacher ko salary nadiyeko jhadai 2 barsha bhayo. I am beyond pissed off,Particular-Pension47,,1,0,2025-05-09 01:07:03+00:00,https://reddit.com/r/Nepal/comments/1ki6d04/modern_technical_college_sanepa_lalitpur_le/,
Nepal,1ki55lw,३ लाख भन्दा कममा पाइने १० उत्कृष्ट बाइकहरू | 10 best bikes under 3 lakhs In Nepal,ArachnidNo8293,https://yokha.com/10-best-bikes-under-3-lakhs-in-nepal/,1,0,2025-05-09 00:04:25+00:00,https://reddit.com/r/Nepal/comments/1ki55lw/३_लख_भनद_कमम_पइन_१०_उतकषट_बइकहर_10_best_bikes/,Help/सहयोग
Nepal,1ki2pw7,Pakistan military delegates were invited to visit Nepal before the war between Indian and Pakistan started.,TuneUpMe,,1,1,2025-05-08 22:09:17+00:00,https://reddit.com/r/Nepal/comments/1ki2pw7/pakistan_military_delegates_were_invited_to_visit/,
Nepal,1ki2l4f,Why was Pakistan military delegation invited to visit Nepal just prior to the war started between India and Pakistan?,TuneUpMe,,1,1,2025-05-08 22:03:12+00:00,https://reddit.com/r/Nepal/comments/1ki2l4f/why_was_pakistan_military_delegation_invited_to/,
Nepal,1ki1lwg,How can I become a CPA studying bachelors in Nepal? Can amyone give me complete plan?,StrategicStalemate,"As the title suggest, anyone has done any research on becoming CPA doing undergrad from Nepal. I saw that CPA requires 150 credits but can that be in any program. Please let me know which programs are best in Nepal to pursue CPA in future? 
Thanks in advance.",1,0,2025-05-08 21:21:00+00:00,https://reddit.com/r/Nepal/comments/1ki1lwg/how_can_i_become_a_cpa_studying_bachelors_in/,
Nepal,1khydqx,pakistan udaide lamo muje,RaceResponsible9393,,1,1,2025-05-08 19:07:43+00:00,https://reddit.com/r/Nepal/comments/1khydqx/pakistan_udaide_lamo_muje/,Promotion/प्रवर्धन
Nepal,1khxdkf,Here's what happened in jammu today exactly around 8:30pm,Kitchen-Category-769,"Situation is tense here. Complelte blackout sounds of  shellings and sirens

Official info awaited regarding damage and casualities",1,0,2025-05-08 18:27:13+00:00,https://reddit.com/r/Nepal/comments/1khxdkf/heres_what_happened_in_jammu_today_exactly_around/,News/समाचार
Nepal,1khxb42,Career as Police Inspector,ComfortableFail1389,,1,0,2025-05-08 18:24:29+00:00,https://reddit.com/r/Nepal/comments/1khxb42/career_as_police_inspector/,Question/प्रश्न
Nepal,1khwl4m,I fold my hands to my Nepali Brothers and sisters 🙏,captain_nemo_77,,1,1,2025-05-08 17:55:58+00:00,https://reddit.com/r/Nepal/comments/1khwl4m/i_fold_my_hands_to_my_nepali_brothers_and_sisters/,
Nepal,1khwjm4,Nepal comes out officially in support of India,Flimsy-Leg-6397,,1,0,2025-05-08 17:54:20+00:00,https://reddit.com/r/Nepal/comments/1khwjm4/nepal_comes_out_officially_in_support_of_india/,
Nepal,1khvkpc,"Mofa didnt attest my nata pramanit, as I directly tried to verify my relation with uncle",isha18,"As the title suggests, I'm in bit of a bind. I am applying for student visa and am putting my dad and uncle(dad's brother) as the sponsors. I made my nata pramanit from my VDC but due to the rules of the country I am applying to, I need to do a full diplomatic legalization of the documents. However, MOFA didn't attest my document because acc to them I cannot put my uncle as my relative directly. I then made a separate nata pramanit for my dad and uncle stating them as brothers in hope that it will act as a supportive document for my main one but alas, no. The only way that I can prove my relation to uncle is by putting my dad as applicant, me as applicant's daughter and my uncle as applicant's brother as shown in the picture.

My question is when applying for student visa, typically student themselves are stated as applicant and their sponsors as the applicant's relative. But in my case, the only way I can prove my relation to my uncle and make it possible to be attested by MOFA is by putting my father as an applicant. Will this reject my chances? I am applying to EU and I dont want to take any risk regarding anything. Please help me fellow",1,0,2025-05-08 17:15:40+00:00,https://reddit.com/r/Nepal/comments/1khvkpc/mofa_didnt_attest_my_nata_pramanit_as_i_directly/,Question/प्रश्न
Nepal,1khv2oo,"MOFA didnt attest my NATA PRAMANIT, what can be done??",isha18,,1,1,2025-05-08 16:55:21+00:00,https://reddit.com/r/Nepal/comments/1khv2oo/mofa_didnt_attest_my_nata_pramanit_what_can_be/,Question/प्रश्न
Nepal,1khv1v9,"MOFA didnt attest my NATA PRAMANIT, need help!!!!",isha18,,1,1,2025-05-08 16:54:24+00:00,https://reddit.com/r/Nepal/comments/1khv1v9/mofa_didnt_attest_my_nata_pramanit_need_help/,Help/सहयोग
Nepal,1khv0v5,"MOFA didnt attest my NATA PRAMANIT, need help!!!!",isha18,,1,1,2025-05-08 16:53:15+00:00,https://reddit.com/r/Nepal/comments/1khv0v5/mofa_didnt_attest_my_nata_pramanit_need_help/,
Nepal,1khui7c,Recommendations for cheap hotels around ktm with swimming pool,solardevil121,,1,1,2025-05-08 16:32:31+00:00,https://reddit.com/r/Nepal/comments/1khui7c/recommendations_for_cheap_hotels_around_ktm_with/,
Nepal,1khu72r,Any afu students out here,circle_sananas,"Koi xau bhane maile afu ko students ko lagi sub reddit kholya xu 
Just dm or cmt for the link",1,0,2025-05-08 16:19:48+00:00,https://reddit.com/r/Nepal/comments/1khu72r/any_afu_students_out_here/,Question/प्रश्न
Nepal,1khu2rz,Any Ps5 rental place in ktm?,Estaihoyaar,Is there any PS5 rental in ktm? Need it for a day. Anyone?,1,0,2025-05-08 16:15:04+00:00,https://reddit.com/r/Nepal/comments/1khu2rz/any_ps5_rental_place_in_ktm/,Help/सहयोग
Nepal,1khtz4z,Anyone knows how to solve issue on selecting appointment location and date for NID Nepal?,najus21,,1,0,2025-05-08 16:11:03+00:00,https://reddit.com/r/Nepal/comments/1khtz4z/anyone_knows_how_to_solve_issue_on_selecting/,Question/प्रश्न
Nepal,1khtuyo,Anyone knows how to solve issue on selecting appointment location and date for NID Nepal?,najus21,,1,0,2025-05-08 16:06:11+00:00,https://reddit.com/r/Nepal/comments/1khtuyo/anyone_knows_how_to_solve_issue_on_selecting/,
Nepal,1khtqtp,India and Pakistan on terrorism,bhalu-dai,"First of all I don't support any act of terrorism by any country.
We all know Pakistan is supporting militant in Kashmir but India did same to Sri Lanka with Tamil tigers LTTE. They trained them  and also provided weapons to them but eventually Rajiv Gandhi got killed by LTTE whom he supported. In Nepal they supported maoist, gave them shelter and helped them to overthrow m*n*r*hy but we all suffered from maoist and many people got killed. And in 1971 they did same with west Pakistan by supporting Bengalis. India might say they were helping freedom fighters but Pakistan can say same for kashmiri militants as well.",1,0,2025-05-08 16:01:35+00:00,https://reddit.com/r/Nepal/comments/1khtqtp/india_and_pakistan_on_terrorism/,Rant/गुनासो
Nepal,1khtpmz,"India, Pakistan and terrorism",bhalu-dai,,1,1,2025-05-08 16:00:28+00:00,https://reddit.com/r/Nepal/comments/1khtpmz/india_pakistan_and_terrorism/,Rant/गुनासो
Nepal,1khtoo1,Act of terrorism by Pakistan and India?,bhalu-dai,,1,1,2025-05-08 15:59:20+00:00,https://reddit.com/r/Nepal/comments/1khtoo1/act_of_terrorism_by_pakistan_and_india/,Rant/गुनासो
Nepal,1khtndj,Just curious about India vs Pakistan and terrorism,bhalu-dai,,1,1,2025-05-08 15:57:51+00:00,https://reddit.com/r/Nepal/comments/1khtndj/just_curious_about_india_vs_pakistan_and_terrorism/,Rant/गुनासो
Nepal,1khtnan,Medical certificate for nut allergy,Bank-Typical,"Mero bhai lai usko canteen bata khaja khana man pardaina re, ani allergy ko reason le cancel garne re, kata banauna milxa yo allergy ko certificate.",1,0,2025-05-08 15:57:46+00:00,https://reddit.com/r/Nepal/comments/1khtnan/medical_certificate_for_nut_allergy/,Help/सहयोग
Nepal,1kht2os,Is exortstore.com legit??,ipaneru,,1,1,2025-05-08 15:34:02+00:00,https://reddit.com/r/Nepal/comments/1kht2os/is_exortstorecom_legit/,
Nepal,1khszkg,Court decisions information in Kathmandu,kid_zabka,"Hi all,

I am trying to retrieve publicly accessible legal information about a case in Nepal for a project. But the website is in Nepalese and I am having issues navigating it. Is anyone a law student or recommend a cheap/free way to access the information?

Thank you!",1,0,2025-05-08 15:30:21+00:00,https://reddit.com/r/Nepal/comments/1khszkg/court_decisions_information_in_kathmandu/,
Nepal,1khsz5p,So i wrote a poem for my imaginary love,Late-Permission8800,"So , there was a 10-minute electricity cutout, and I went to my roof just to look around and saw the moon. I started to rhyme about my imaginary love (maya) 😂 and ended up like this .

माया का छौ  तिमी 
यो अधेरी रातमा 
जुनेरी माजमा, हावाको भाजमा 
या मेरो कलपनाको साधमा

माया
तिमी जुनेली रातमा रमाउछै
अधेरी साजमा  डराउदै 
मेरो भावनालाई झस्कौछै
तर नजिक आउन खोजदा हराउछै

सपनाको काखमा निदरी निदाउछै 
आखाँ खोली तिमी जिसमीसाउछै
र मलाई फेरी आसा देखाउछै
कहाँ छौ माया तिमी",1,0,2025-05-08 15:29:53+00:00,https://reddit.com/r/Nepal/comments/1khsz5p/so_i_wrote_a_poem_for_my_imaginary_love/,Literature/साहित्य
Nepal,1khsubq,Bassist needed for a band (baneshwor area only),valehcfuhd,"we are looking for a bassist for a nepali band. there's drummer and main guitarist and we are looking for a male singer and rhythm guitarist but it's for the future. this band is planning for making English songs covers and to post on social media and to create English songs in the future. anyone near old baneshwor area whos dedicated to be a great bassist and loves music, please contact me",1,0,2025-05-08 15:24:22+00:00,https://reddit.com/r/Nepal/comments/1khsubq/bassist_needed_for_a_band_baneshwor_area_only/,
Nepal,1khsl6v,"MOFA didn't attest my NATA PRAMANIT, need help!",Professional_Garden6,,1,0,2025-05-08 15:14:07+00:00,https://reddit.com/r/Nepal/comments/1khsl6v/mofa_didnt_attest_my_nata_pramanit_need_help/,
Nepal,1khskzk,"Je sukai hos, rati ma kura garna lai keti chainxa !!",LetInternational3523,,1,1,2025-05-08 15:13:53+00:00,https://reddit.com/r/Nepal/comments/1khskzk/je_sukai_hos_rati_ma_kura_garna_lai_keti_chainxa/,
Nepal,1khsfa5,Where can I buy anabolic/oral steroids here in nepal?,pervert_dwag,,1,1,2025-05-08 15:07:20+00:00,https://reddit.com/r/Nepal/comments/1khsfa5/where_can_i_buy_anabolicoral_steroids_here_in/,
Nepal,1khsco7,electronics allowance for work visa returnee,Low_Host_3146,,1,1,2025-05-08 15:04:30+00:00,https://reddit.com/r/Nepal/comments/1khsco7/electronics_allowance_for_work_visa_returnee/,
Nepal,1khs60t,I got scammed and here a little update,YoungCurious9898,I don't think Nepal cyber bureau works. I sent an email there was no response. I couldn't go to police station cause of exams and I was already so stressed. But someone messaged me and gave me a photo saying it was the scammer. I don't have any idea if it is really the scammers photo or some online photo of others. Here is what I got and I am thinking it won't work because there is no proof it is the person who is scammer. Do you think it will work if I go and file a complaint?,1,0,2025-05-08 14:56:56+00:00,https://reddit.com/r/Nepal/comments/1khs60t/i_got_scammed_and_here_a_little_update/,Question/प्रश्न
Nepal,1khs5jg,Recommendations for a budget phone(around 25k).,Jamelious_momo,,1,1,2025-05-08 14:56:23+00:00,https://reddit.com/r/Nepal/comments/1khs5jg/recommendations_for_a_budget_phonearound_25k/,Technology/प्रविधि
Nepal,1khs596,Looking for old Nepali children’s TV game show footage (2002–2004),mina1596,"Hi everyone,  
I’m hoping someone here might be able to help me identify and find old footage from a Nepali children’s game TV show that likely aired between 2002 and 2004. I remember there were three rows of children seated, and the host would call kids up to the front to play games. I think there may have been clowns or other fun characters involved.

I appeared on this show with my cousin/sister, who sadly passed away in a plane crash in 2018. Though I’m an only child, she was like a true sister to me, and like a second daughter to my parents. While I have many memories of her, this would be one of the few captured on video. I moved abroad when I was still a child and didn’t have the chance to see her again, she was studying overseas when I returned 10 years later, and I came back to Nepal just a month after her passing.

I vividly remember being scared that day, some of the other children teased me, saying my mom had abandoned me after she dropped us off. But my sister stood up for me right away and basically told them off. That moment has stayed with me all these years and says everything about the kind of person she was.

If anyone can help me identify the show, remembers being on it, or has any way to contact the producers or access old footage, I’d be incredibly grateful for any leads.

Thank you so much for reading and for any help you can offer",1,0,2025-05-08 14:56:02+00:00,https://reddit.com/r/Nepal/comments/1khs596/looking_for_old_nepali_childrens_tv_game_show/,Help/सहयोग
Nepal,1khs3c7,Recommendations for a budget phone ( around 25k NPR ),Jamelious_momo,,1,1,2025-05-08 14:53:46+00:00,https://reddit.com/r/Nepal/comments/1khs3c7/recommendations_for_a_budget_phone_around_25k_npr/,Technology/प्रविधि
Nepal,1khrrpp,Pls help what should I do now,jyayayaya,"I'm gonna give my see this year, and like my school is requesting a ble report card but I lost it

Do we really need a ble report card for that? What should I dooooo I'm doomed",1,0,2025-05-08 14:40:12+00:00,https://reddit.com/r/Nepal/comments/1khrrpp/pls_help_what_should_i_do_now/,
Nepal,1khrqyr,scooter servicing centerr,Lonely_Joke944,"can you please recommend best scooter servicing centers in and around bhaktapur.

i have a honda dio and i used to give the scooter for servicing in the suryabinayak authorized honda showroom and i dont feel like they are doing a good job. 

so, please",1,0,2025-05-08 14:39:19+00:00,https://reddit.com/r/Nepal/comments/1khrqyr/scooter_servicing_centerr/,Help/सहयोग
Nepal,1khrlp6,Help pls what do I do for this,Round-Hearing3458,,1,1,2025-05-08 14:33:08+00:00,https://reddit.com/r/Nepal/comments/1khrlp6/help_pls_what_do_i_do_for_this/,
Nepal,1khrkwh,What do you guys think of this ? Let’s quit monarchy to stop dictatorship in future,Ok_Attitude_5840,,1,1,2025-05-08 14:32:10+00:00,https://reddit.com/r/Nepal/comments/1khrkwh/what_do_you_guys_think_of_this_lets_quit_monarchy/,Discussion/बहस 
Nepal,1khrhj6,Suggest me an itinerary for a week long Nepal trip,PerfectAd3786,,1,0,2025-05-08 14:28:16+00:00,https://reddit.com/r/Nepal/comments/1khrhj6/suggest_me_an_itinerary_for_a_week_long_nepal_trip/,Help/सहयोग
Nepal,1khrd8n,नेपालको भूमि आफ्नोतिर पारेर भारतले तटबन्ध बनायो|| Nepal Times,pahadibahadur,,1,1,2025-05-08 14:23:07+00:00,https://reddit.com/r/Nepal/comments/1khrd8n/नपलक_भम_आफनतर_परर_भरतल_तटबनध_बनय_nepal_times/,News/समाचार
Nepal,1khqlts,"Nepal 2100, the Asian Superpower? Manifesto Is Coming in 15 Days. Here’s Why I’m Dead Serious.",GenZRevolutionary,"I’m an international student from Nepal studying finance, history, international relations, and maths as my minor. I’ve spent years analyzing what makes nations rise and fall. And honestly? I’m angry and I agree with every bad thing said about our government.

But not the kind of angry that burns things down. The kind that builds.

I look at Nepal and I see potential rotting. A land where gods were born. A nation of peace. Yet we’ve been trapped in internal chaos, corruption, and short-term politics while our neighbors zoom forward.

A whole civil war, not to uplift people, but to fill a few pockets. It was avoidable. And unforgivable.

As someone who’s spent time researching global trends, leaders and governments I believe militarism is where humanity began writing its own downfall. In this age, when we call ourselves the Land of Buddha, why do we chase the illusion of greed?

I’m not here to run for office. I’m still young for that.

In 15 days, I’ll post a full blueprint A manifesto of sorts outlining how Nepal can:

Build regional partnerships instead of rivalries
Kill corruption by reducing cash-flow opacity and simplifying bureaucracy
Create jobs through smart economic zones
Use soft power and neutrality to become a regional hub of peace and culture
Change education systems and help promote efforts more than results
Spread Awareness about social problems 
Nurture the West Nepal
Increase National Investments
Boost ECA curriculum 
Increase tourism aspects of the country 
Manage pollution

I’ll name regions, propose project types, and suggest policies rooted in my studies and current global trends. It won’t be perfect, but it’ll be a start and I believe the best path for our kind of society.

It’s time we start building Nepal as a peaceful, powerful, sovereign voice in Asia.

Ask me anything. Disagree. Support. Challenge and Problems you want addressed. Let’s start now.",1,0,2025-05-08 13:50:22+00:00,https://reddit.com/r/Nepal/comments/1khqlts/nepal_2100_the_asian_superpower_manifesto_is/,
Nepal,1khq6k2,How to make money online in Nepal ?,Immediate-Try6387,,1,0,2025-05-08 13:30:58+00:00,https://reddit.com/r/Nepal/comments/1khq6k2/how_to_make_money_online_in_nepal/,
Nepal,1khq63z,"12th re exam tomorrow, what to expect",SeaProgram4576,,1,0,2025-05-08 13:30:26+00:00,https://reddit.com/r/Nepal/comments/1khq63z/12th_re_exam_tomorrow_what_to_expect/,Education/शिक्षा
Nepal,1khptag,Looking for Nepali voice actors,Irisewin,,1,1,2025-05-08 13:14:30+00:00,https://reddit.com/r/Nepal/comments/1khptag/looking_for_nepali_voice_actors/,
Nepal,1khpo1h,What is Nepal turning into?,imposteract,[View Poll](https://www.reddit.com/poll/1khpo1h),1,1,2025-05-08 13:07:38+00:00,https://reddit.com/r/Nepal/comments/1khpo1h/what_is_nepal_turning_into/,Question/प्रश्न
Nepal,1khplc1,Police Brutality at Kohalpur. Question:guilty/innocent but WHY? Is Nepal turning to be Autocratic and soft dictatorship?,imposteract,"Boycott all NGO and INGO who are blind on dollars and don't see how humanity has been crushed on so called powerful people.
Irony is, so called people's leaders are now turning to be autocratic.",1,0,2025-05-08 13:04:01+00:00,https://reddit.com/r/Nepal/comments/1khplc1/police_brutality_at_kohalpur/,Discussion/बहस 
Nepal,1khphpp,I don't know what to do help,Personal_State3362,For the context so ma Pokhara Bata KTM aaudai Garda euta 19/20 yrs ko Kta lay ma same lane vako manxay rw arko euta tourist gadi Lai thakar deyo Ani since he have to pay uslay  scooter rw mero scooter larako cost xuttai xa bt jati actual bill ho tyo vanda 80% ko deya xa bakki insurance ko aauxa Ani dinxu vanara aba yo accident vako 2 months vayo mailay paisa eak rupya Pako xaina usko vinaju is saying tyo joslay accident garya ho tyo Japan gaysakyo police Lai contact garya police is saying action linxu hajur tension nalinus it's already been 2 months tourist gadi is also hasn't done anything Ani ma aba k garnay garnay vaysakyo give me ideas to deal with this,1,0,2025-05-08 12:59:34+00:00,https://reddit.com/r/Nepal/comments/1khphpp/i_dont_know_what_to_do_help/,Help/सहयोग
Nepal,1khp3e9,Can someone translate this for me,Sir_Proud,,1,0,2025-05-08 12:40:11+00:00,https://reddit.com/r/Nepal/comments/1khp3e9/can_someone_translate_this_for_me/,
Nepal,1khovaa,Importing from china? easy way kun hola,Sea_Supermarket3354,"I am always fascinated by the growth of china in tech revolution, mass productions and have kept eye on it. aile balla ali ali paisa collect garera aba yeta import garera niche market ma try garne ki socheko specially in stem toys for children's, and mini gadgets, tool. paile aliexpress alibaba ma delivery charge thorai dekhauthyo  budget thiyena, aile ta sample piece ko 10000  15000 dekhauxa for product of 2 3 dollar. So i am looking for affordable and reliable option, kasari garda best hola and if mah afaile complete process follow garnu paryo vane kati jati lagxa in legal part and agent haru kati ko reliable hunxan in terms of delivery and cost",1,0,2025-05-08 12:28:52+00:00,https://reddit.com/r/Nepal/comments/1khovaa/importing_from_china_easy_way_kun_hola/,Question/प्रश्न
Nepal,1khou9r,थोपा थोपा मिलेर सागर बन्छ ।,Expensive_Young7343,,1,1,2025-05-08 12:27:29+00:00,https://reddit.com/r/Nepal/comments/1khou9r/थप_थप_मलर_सगर_बनछ/,
Nepal,1khopa4,Do you guys know any company that can build rigs/systems like these?,nilax1,"[Automated photogrammetry rig](https://www.youtube.com/watch?v=jvW5vd2VAfM)

https://preview.redd.it/7l7owyitvjze1.png?width=768&amp;format=png&amp;auto=webp&amp;s=641af31a5789f3d2ddac3b27ed0f12af39f281d7

[Another example](https://www.youtube.com/watch?v=kUT82YBX_s8)

https://preview.redd.it/jk9c9ohvvjze1.png?width=1920&amp;format=png&amp;auto=webp&amp;s=9f5d580b737f39d99ddd0fdb88c5f8cf41f52468",1,0,2025-05-08 12:20:30+00:00,https://reddit.com/r/Nepal/comments/1khopa4/do_you_guys_know_any_company_that_can_build/,
Nepal,1khoj8x,Any suggestions regarding exam,yhhhhhhhhh88,Math ko exam ma k garnu hauu 11 ko math ko exam ma kasari pass hunu malai kei nai aaudina aauta kei nai k garnu garnu fail vaye vane ni ghar ma basi khanu didainaa,1,0,2025-05-08 12:11:51+00:00,https://reddit.com/r/Nepal/comments/1khoj8x/any_suggestions_regarding_exam/,
Nepal,1khod9d,Grade improvement Exam dina pauxu ki nai????,Less_Koala4649,,1,1,2025-05-08 12:03:15+00:00,https://reddit.com/r/Nepal/comments/1khod9d/grade_improvement_exam_dina_pauxu_ki_nai/,
Nepal,1khob42,Daraz product return during delivery?,yes-reply,,1,0,2025-05-08 12:00:21+00:00,https://reddit.com/r/Nepal/comments/1khob42/daraz_product_return_during_delivery/,Question/प्रश्न
Nepal,1khnyrh,Looking for coding courses for a school kid,_Greenpeas,,1,0,2025-05-08 11:41:22+00:00,https://reddit.com/r/Nepal/comments/1khnyrh/looking_for_coding_courses_for_a_school_kid/,Help/सहयोग
Nepal,1khn35h,"Bishalnagar, Kathmandu Nepal",Appropriate-Win9722,,1,0,2025-05-08 10:50:23+00:00,https://reddit.com/r/Nepal/comments/1khn35h/bishalnagar_kathmandu_nepal/,Help/सहयोग
Nepal,1khmnlg,Let's study for CEE together,Educational_Cup889,,1,0,2025-05-08 10:23:26+00:00,https://reddit.com/r/Nepal/comments/1khmnlg/lets_study_for_cee_together/,
Nepal,1khmes5,What Certificate Do I Get After Completing Bachelor in Technical Education (Civil Engineering) and B.Tech.Ed.IT?,distracted404,"Hi everyone,

I'm a student currently enrolled in the Bachelor in Technical Education (Civil Engineering) program, and I have some confusion regarding the certificate I will receive after completing the program.

1. Will I receive a degree certificate, diploma, or something else?
2. Who is the official issuing authority for the certificate?

Additionally, I am also curious about the Bachelor in Technical Education (Information Technology) \[B.Tech.Ed.IT] program.

1. Is B.Tech.Ed.IT considered a certificate program, a degree program, or something else?
2. What is the difference between B.Tech.Ed (Civil Engineering) and B.Tech.Ed.IT in terms of certification?

I would really appreciate insights from anyone who has completed these programs or has accurate information about them.

Thank you in advance!",1,0,2025-05-08 10:07:24+00:00,https://reddit.com/r/Nepal/comments/1khmes5/what_certificate_do_i_get_after_completing/,Question/प्रश्न
Nepal,1khmai4,Camera suggestions for beginner,Lyferux,"I am looking for camera for vlogging and photoshoot. Since i am just the beginner, so i dont have much ideas about camera setting and feature but can learn eventually. As of now, i have been using Go pro and iphone for vlogging and some casual photoshoot. Want to level up from existing (gopro &amp; phone). Any suggestions please. 
Budget 80-90k.",1,0,2025-05-08 09:59:52+00:00,https://reddit.com/r/Nepal/comments/1khmai4/camera_suggestions_for_beginner/,
Nepal,1khm3qv,Help! I'm a Beginner Content Writer Intern in Travel &amp; Tourism and Need Advice to Improve My Skills,Zestyclose-March9978,"Hi everyone,

I’m a complete beginner currently pursuing a Bachelor’s in Travel and Tourism Management in Nepal. I recently got an internship at a new travel agency as a content writer, which is super exciting but also overwhelming. My boss expects content (like itineraries, trek descriptions, and website blogs) very fast, often within a day. At first, I relied heavily on AI tools to churn out content quickly to meet deadlines, and it worked to impress my boss. But now, I’m worried my actual writing skills aren’t growing, and I’m just copy-pasting AI outputs with minor tweaks.

I want to develop my own voice and create authentic, engaging content about Nepal’s treks, culture, and tourism spots, but I’m struggling with:

* How to research and write original travel content without leaning on AI.
* Balancing speed with quality under tight deadlines.
* Building confidence in my writing as a total newbie.

Has anyone been in a similar spot? How did you transition from using AI tools to writing independently? Any tips on improving travel writing skills, finding reliable sources for tourism content, or managing a boss’s high expectations as an intern? I’d love practical advice or resources to help me grow. Thanks in advance!",1,0,2025-05-08 09:46:45+00:00,https://reddit.com/r/Nepal/comments/1khm3qv/help_im_a_beginner_content_writer_intern_in/,Help/सहयोग
Nepal,1khm247,Should I study Economics in KU or ACCA?,LadderLonely2873,"Hi, I’m currently choosing between studying Economics at KU and pursuing ACCA here in Nepal. Do you have any advice on which path to take? I'd love to hear about the career trajectories, internship and job opportunities, and your personal experiences with either one of them",1,0,2025-05-08 09:43:30+00:00,https://reddit.com/r/Nepal/comments/1khm247/should_i_study_economics_in_ku_or_acca/,
Nepal,1khln5z,Advice for applying for USA,OneTreacle9426,,1,1,2025-05-08 09:13:09+00:00,https://reddit.com/r/Nepal/comments/1khln5z/advice_for_applying_for_usa/,
Nepal,1khlj0o,Should we move from KTM to Surkhet? Advice Needed.,vicodinislife,,1,1,2025-05-08 09:04:43+00:00,https://reddit.com/r/Nepal/comments/1khlj0o/should_we_move_from_ktm_to_surkhet_advice_needed/,Help/सहयोग
Nepal,1khlagt,This Laptop seems suspicious according to its price. Is this worth buying?,LifeIsAwesome0,"[https://cplanetnp.com/product/lenovo-legion-i7-4060-laptop-price-in-nepal/](https://cplanetnp.com/product/lenovo-legion-i7-4060-laptop-price-in-nepal/)

This laptop has specs that aren't available on laptops of 175k+ or 180k+  
This also has a discount of 21% making it good in almost every aspect in the price of NRS 165k.   
Lately, I've found cheaper versions of the same company called ""Lenovo LOQ"" series but these are equipped with motherboard issues. Hence, they're cheaper than other. But the Lenovo Legion series don't have such issues. I think this might be the rebranding of the LOQ into Legion and they're selling it. If anyone knows anything about this matter, please comment. That'd be a lot helpful.

Also, I tried searching this on Youtube but I always end up finding the 2024th version of this Laptop. This one is the 2023 version and literally nobody has the video of this exact model.",1,0,2025-05-08 08:47:15+00:00,https://reddit.com/r/Nepal/comments/1khlagt/this_laptop_seems_suspicious_according_to_its/,
Nepal,1khkytm,"Jobs in Damak, Jhapa. (Around Damak 9)",Flimsy_Computer9602,,1,0,2025-05-08 08:22:39+00:00,https://reddit.com/r/Nepal/comments/1khkytm/jobs_in_damak_jhapa_around_damak_9/,Question/प्रश्न
Nepal,1khkylf,Mobile Phone suggestion needed : Budget  Around 85k,Aalufryz,"Budget  - Around 85k 

* Should not heat much after playing game for around 1 and half hours 
* Picture taken during evening should be of good quality",1,1,2025-05-08 08:22:10+00:00,https://reddit.com/r/Nepal/comments/1khkylf/mobile_phone_suggestion_needed_budget_around_85k/,Technology/प्रविधि
Nepal,1khkxlb,Help me with this survey.,cosmic_being_,"I'm currently doing a coursework for Master's and need your help guys, Please feel out this form and Thank You in advance.  
This survey aims to explore the factors influencing consumer decisions in using Pathao’s ride-sharing services in Kathmandu Valley. Your responses will be anonymous and confidential.

Form Link: [https://forms.gle/8xDDPZiKd7BAXWK99](https://forms.gle/8xDDPZiKd7BAXWK99)",1,0,2025-05-08 08:20:05+00:00,https://reddit.com/r/Nepal/comments/1khkxlb/help_me_with_this_survey/,Education/शिक्षा
Nepal,1khkvbl,Different name in Citizenship card and citizenship linked in nagarik app,utsavvv007,Hi. I just realized that my father's name in citizenship linked with nagarik app differs slightly than that of the citizenship card. I tried Citizenship correction request but that doesn't work. Does anyone know where and how can I correct the name?,1,0,2025-05-08 08:15:21+00:00,https://reddit.com/r/Nepal/comments/1khkvbl/different_name_in_citizenship_card_and/,
Nepal,1khkb6s,Suggest retinol cream or serum for beginners,ComfortableLow1298,Please suggest retinal creams or serum that are safe of begineer and sensitive skin.,1,0,2025-05-08 07:33:46+00:00,https://reddit.com/r/Nepal/comments/1khkb6s/suggest_retinol_cream_or_serum_for_beginners/,
Nepal,1khkayh,Aiming to pursue Environment-related field in KU,Successful-Size-8366,"Aile 12 ko exams didaixu. Exam ko ek din paxi dekhi nai entrance class haru suru hune raixa. I'm planning for either of these fields: B.Environment Science/ B.Environment engineer/ B.Tech Environmental engineering. 
What should i study for? Engineering or CEE or is it just university based entrance for this field.
If so kasto kasto requirements haru xa esko lagi ani kati ko garo xa?",1,0,2025-05-08 07:33:17+00:00,https://reddit.com/r/Nepal/comments/1khkayh/aiming_to_pursue_environmentrelated_field_in_ku/,Question/प्रश्न
Nepal,1khk1tv,Is Nepal only for people with generational wealth ?,iknowallthetee,,1,1,2025-05-08 07:14:38+00:00,https://reddit.com/r/Nepal/comments/1khk1tv/is_nepal_only_for_people_with_generational_wealth/,
Nepal,1khjo1l,Struggling to Learn CSS – Any Good Websites or YouTube Channels to Recommend?,Ok_Active_816,,1,0,2025-05-08 06:47:29+00:00,https://reddit.com/r/Nepal/comments/1khjo1l/struggling_to_learn_css_any_good_websites_or/,Help/सहयोग
Nepal,1khj9dc,Help with Thailand tour????,Cute-Construction279,,1,1,2025-05-08 06:19:13+00:00,https://reddit.com/r/Nepal/comments/1khj9dc/help_with_thailand_tour/,Question/प्रश्न
Nepal,1khj4lu,Looking for Nepali girls in Sydney,Federal-Meet-8933,just hoping to meet some Nepali girls in Sydney for friendship or chats. Let me know if this isn’t the right place.,1,0,2025-05-08 06:10:22+00:00,https://reddit.com/r/Nepal/comments/1khj4lu/looking_for_nepali_girls_in_sydney/,
Nepal,1khit6h,Looking for a girl in Sydney.,Federal-Meet-8933,,1,0,2025-05-08 05:49:11+00:00,https://reddit.com/r/Nepal/comments/1khit6h/looking_for_a_girl_in_sydney/,
Nepal,1khirbp,Failed in my subject. help!,Content-Top2470,,1,0,2025-05-08 05:45:44+00:00,https://reddit.com/r/Nepal/comments/1khirbp/failed_in_my_subject_help/,
Nepal,1khip5v,M22 Want to meet a girl in Sydney,Federal-Meet-8933,,1,1,2025-05-08 05:41:37+00:00,https://reddit.com/r/Nepal/comments/1khip5v/m22_want_to_meet_a_girl_in_sydney/,Discussion/बहस 
Nepal,1khin34,Failed in my subject! help!,Content-Top2470,,1,0,2025-05-08 05:37:47+00:00,https://reddit.com/r/Nepal/comments/1khin34/failed_in_my_subject_help/,
Nepal,1khimj0,KWS Fee Structure for +2 Management,vulgarminor,,1,1,2025-05-08 05:36:47+00:00,https://reddit.com/r/Nepal/comments/1khimj0/kws_fee_structure_for_2_management/,
Nepal,1khiitb,NOC confusion and help needed,Scousey_son4,,1,0,2025-05-08 05:30:02+00:00,https://reddit.com/r/Nepal/comments/1khiitb/noc_confusion_and_help_needed/,
Nepal,1khiaio,Top 8 most popular Massages in Nepal - Summit Wellness,Last-You-3172,,1,1,2025-05-08 05:14:52+00:00,https://reddit.com/r/Nepal/comments/1khiaio/top_8_most_popular_massages_in_nepal_summit/,
Nepal,1khi1w7,Nepal should strict boderside,nepalstockshiksha,Nepal should strict boderside of India and Bangladesh.,1,0,2025-05-08 04:59:32+00:00,https://reddit.com/r/Nepal/comments/1khi1w7/nepal_should_strict_boderside/,Discussion/बहस 
Nepal,1khhxxz,Kosai sanga board KO Physics chem and math KO questions xa vane please share,Exact_Culture_1042,,1,1,2025-05-08 04:52:16+00:00,https://reddit.com/r/Nepal/comments/1khhxxz/kosai_sanga_board_ko_physics_chem_and_math_ko/,
Nepal,1khhxqf,Need baby kittens for adoption,Comingback69,"1 weeks aagadi mero biralo harayo
I cant get over if anyone have baby biralo please can i get it",1,0,2025-05-08 04:51:52+00:00,https://reddit.com/r/Nepal/comments/1khhxqf/need_baby_kittens_for_adoption/,
Nepal,1khhwv4,Board paper need PHYSICS CHEM AND MATH PLEASE 🙏,Exact_Culture_1042,,1,1,2025-05-08 04:50:15+00:00,https://reddit.com/r/Nepal/comments/1khhwv4/board_paper_need_physics_chem_and_math_please/,
Nepal,1khhut8,Solo Male Traveler for Friends June 25-30,guynew88,,1,1,2025-05-08 04:46:35+00:00,https://reddit.com/r/Nepal/comments/1khhut8/solo_male_traveler_for_friends_june_2530/,Question/प्रश्न
Nepal,1khhsqw,Solo Male Traveler (35 years old) for Friends July 25-30,guynew88,,1,1,2025-05-08 04:43:01+00:00,https://reddit.com/r/Nepal/comments/1khhsqw/solo_male_traveler_35_years_old_for_friends_july/,
Nepal,1khhpv9,Solo Traveler for June 25-30,guynew88,,1,1,2025-05-08 04:37:54+00:00,https://reddit.com/r/Nepal/comments/1khhpv9/solo_traveler_for_june_2530/,Question/प्रश्न
Nepal,1khhmub,Just out of curiosity—how important is vibe matching to you,Known_Word985,,1,1,2025-05-08 04:32:48+00:00,https://reddit.com/r/Nepal/comments/1khhmub/just_out_of_curiosityhow_important_is_vibe/,Discussion/बहस 
Nepal,1khhjbs,Solo Traveler for June 25-30,guynew88,,1,1,2025-05-08 04:26:55+00:00,https://reddit.com/r/Nepal/comments/1khhjbs/solo_traveler_for_june_2530/,
Nepal,1khhbx8,Preparation for +2 Entrance Exam in bnks and sxj,Opposite-Spinach-802,I am trying to prepare for entrance exam for budhanilkantha and saint xaviers for +2. Should i join a bridge course? What should i study? How much should i daily study? Is it that hard to get into these two? Should i have a backup college? If so then which?,1,0,2025-05-08 04:14:44+00:00,https://reddit.com/r/Nepal/comments/1khhbx8/preparation_for_2_entrance_exam_in_bnks_and_sxj/,Help/सहयोग
Nepal,1khglat,Beads in Nepal for Embroidery,Particular_Lion2317,PLEASEEEE can anyone tell me where I can purchase beads in small amount. Cuz everywhere I went they told me to purchase 1/2kg and I don't want that. So pleasee can you tell me kasailai thaha cha bhane specific location or store name if you know. Thank you so much for your helppp,1,0,2025-05-08 03:32:07+00:00,https://reddit.com/r/Nepal/comments/1khglat/beads_in_nepal_for_embroidery/,Help/सहयोग
Nepal,1khg9po,Struggling to Learn CSS – Any Good Websites or YouTube Channels to Recommend?,Username_Helloo,,1,0,2025-05-08 03:14:15+00:00,https://reddit.com/r/Nepal/comments/1khg9po/struggling_to_learn_css_any_good_websites_or/,
Nepal,1khg9cx,Can you please suggest some good online stores/thrift stores to buy dresses?,manav_yantra,"Hi everyone!
Can you please suggest some good online stores to buy dresses? I’ve checked out Doraz, they have some nice options, but most of the dresses I like have the ""overseas"" tag, so they’re a bit pricey and take longer to arrive. I’ve added a few to my cart there, but I need other suggestions too!

Also, if you know any online thrift stores that deliver, or even let you order online and pick up locally from their store, that would be amazing!

P.S. I’m from Kathmandu.",1,0,2025-05-08 03:13:45+00:00,https://reddit.com/r/Nepal/comments/1khg9cx/can_you_please_suggest_some_good_online/,Discussion/बहस 
Nepal,1khg36z,is it ?gsgdgsststsgsgsgsgsgsg,ApprehensivePark7594,,1,1,2025-05-08 03:04:24+00:00,https://reddit.com/r/Nepal/comments/1khg36z/is_it_gsgdgsststsgsgsgsgsgsg/,
Nepal,1khfzzr,Any advice for a freshly graduated civil engineer,Ill-News-6012,Just completed my bachelors in civil engineering. Any advices to like what to do or anything to learn by myself?,1,0,2025-05-08 02:59:51+00:00,https://reddit.com/r/Nepal/comments/1khfzzr/any_advice_for_a_freshly_graduated_civil_engineer/,
Nepal,1khfxwi,Petrol ra cylinder Varnuu sab jana.,Suspicious-Goal7770,,1,0,2025-05-08 02:56:36+00:00,https://reddit.com/r/Nepal/comments/1khfxwi/petrol_ra_cylinder_varnuu_sab_jana/,News/समाचार
Nepal,1khfp7q,Questions regarding nepse,One_Village_2201,"So, I am just learning about shares and stuff hai
Ani kehi time bhayo ali ali shares haru herna thaleko ani ipo bharnu thaleko(kunai ni parena aaile samma🤣) 
Maile chai specially dividends ko barema matra jannu khojeko ramro Company ko shares kineu bhane 
Dividends lai matra ni as a small income source banauna sakinxa ?
Ani specific company haru",1,0,2025-05-08 02:43:48+00:00,https://reddit.com/r/Nepal/comments/1khfp7q/questions_regarding_nepse/,Question/प्रश्न
Nepal,1khetk7,k chha ta Late 20s haru??,CherishedPirate,,1,1,2025-05-08 01:58:31+00:00,https://reddit.com/r/Nepal/comments/1khetk7/k_chha_ta_late_20s_haru/,
Nepal,1kheqkr,k chha ta late 20s early 30s ko??,CherishedPirate,,1,1,2025-05-08 01:54:15+00:00,https://reddit.com/r/Nepal/comments/1kheqkr/k_chha_ta_late_20s_early_30s_ko/,
Nepal,1khehzh,"phone harayo mero, aaba k garam",babupushpaaa,"anyone frm **maitrinagar**? (**kashyap academy tir**a) hijo mah teta tira gako the ani maile mero phone haraye teta i mean mero phone switched off cha hijo charge ni thiyena. aaba tyo phone ko location chai on nei thiyo tara switched off cha, k tyo phone bhetiyela? **sky blue khalko cover cha tyo phone ko** ( if koi tya maitrinagar bata chha bhane bhannu hola )

mah aaba complaint garam bhane mah sanga **imei** number chaina plus im **under age** ( kati barsa hunu parcha police complaint garna)",1,0,2025-05-08 01:41:37+00:00,https://reddit.com/r/Nepal/comments/1khehzh/phone_harayo_mero_aaba_k_garam/,Rant/गुनासो
Nepal,1kheg9j,lost my phone hijo rati....,babupushpaaa,,1,1,2025-05-08 01:39:15+00:00,https://reddit.com/r/Nepal/comments/1kheg9j/lost_my_phone_hijo_rati/,Help/सहयोग
Nepal,1khdzdl,"Weekly relationship, sex and sexuality megathread",AutoModerator,"Please ask your questions on relationship, sex and sexuality in this thread. Examples:""How do I get a girlfriend?"", ""Is my 5 inch pecker too small?"", ""Are there girls in Reddit?"", ""What is the best affordable hotel to have sex in Kathmandu?"", ""What do Nepali girls look for in guys?"", ""Why are Nepali boys so boring?"", ""How to last long?"" etc. etc. You get the gist.  

Posts in the main sub will be removed if they are generic and/or are frequently asked questions such as the above. 

[Previous Threads Collection](https://www.reddit.com/r/Nepal/collection/d445b3b8-cba7-4c8e-b73b-fd4bfd07a1cb)",1,0,2025-05-08 01:15:29+00:00,https://reddit.com/r/Nepal/comments/1khdzdl/weekly_relationship_sex_and_sexuality_megathread/,Megathread
Nepal,1kh78ds,Shooting for Tenzing Norgay’s biography starts,FearlessAd9580,,1,0,2025-05-07 20:10:14+00:00,https://reddit.com/r/Nepal/comments/1kh78ds/shooting_for_tenzing_norgays_biography_starts/,
Nepal,1kh699z,I need help about fishing gear and location.,deadpoolfarts,"Hi!
Fishing is something I’ve always wanted to try since I was a kid, but I never really got the chance. I'm finally looking to give it a shot and was wondering—does anyone know a good spot near Kathmandu where I can go fishing?

I don’t have any gear, so ideally, I’m looking for a place that also offers equipment rentals. If there’s a spot that handles both fishing and rentals, that would be perfect!

Also, if you’ve been fishing yourself, I’d love to hear about your experience—what it was like, any tips, or just how it felt to finally do it. Thanks a lot in advance!",1,0,2025-05-07 19:30:33+00:00,https://reddit.com/r/Nepal/comments/1kh699z/i_need_help_about_fishing_gear_and_location/,
Nepal,1kh39un,Struggling to Learn CSS – Any Good Websites or YouTube Channels to Recommend?,Username_Helloo,,1,0,2025-05-07 17:31:35+00:00,https://reddit.com/r/Nepal/comments/1kh39un/struggling_to_learn_css_any_good_websites_or/,Help/सहयोग
Nepal,1kh2qiy,Two Nuclear-Armed Neighbors at Odds: How Nepal Could Be Caught in the Crossfire,NepaliFactos,"With rising tensions between India and Pakistan—both nuclear powers—Nepal may be facing more than just a geopolitical headache. India recently carried out an airstrike targeting Pakistan-based terrorists, and Pakistan has responded with threats of retaliation. The risk of this escalating into full-scale war is growing by the day, and as a neighbor to both, Nepal can’t sit back and pretend it won’t be affected.

This isn’t just speculation. We've already felt the ripple effects of global conflicts before. In the recent Pahalgam terrorist attack in Kashmir (April 22), a Nepali citizen, 27-year-old Sudip Neupane, lost his life while visiting with his family.

Go further back to October 2023, when a Hamas attack on southern Israel killed 10 Nepali students. One more—Bipin Joshi—is still held hostage. These students were part of a ""Learn and Earn"" program from Far Western University and had nothing to do with politics. Yet they became victims of a war thousands of miles from home. Israel's retaliation has since claimed over 52,000 Palestinian lives in Gaza, and the conflict shows no signs of slowing.

And let’s not forget the Russia–Ukraine war. Since it began in February 2022, at least 43 Nepali nationals—many lured into joining the Russian army through illegal channels—have died. Around 1,000 Nepalis are believed to have been recruited, though the Nepalese government lacks concrete numbers. Seven of them are confirmed to be held as prisoners of war by Ukraine.

Besides the human cost, these wars have also wrecked global food supply chains and economies—hitting developing countries like Nepal the hardest.

So while it might seem like a distant political drama between India and Pakistan, any potential war between them will drag Nepal into the chaos—economically, socially, and tragically, very likely with more Nepali lives lost in the crossfire.

We may not be the ones pulling the trigger, but history shows we often pay the price.",1,0,2025-05-07 17:10:07+00:00,https://reddit.com/r/Nepal/comments/1kh2qiy/two_nucleararmed_neighbors_at_odds_how_nepal/,
Nepal,1kh28nl,Alevels math line haru ko lagi,Fancy_Gift4327,"mechanics ko paper leak vako kura. Tannai nepali le pani pako raixa. maile alevel deko yo 3rd varsa vayo. last year ni p1 leak le garda threshold high vayo. yo pali pani report garena vane pak ma matra cancel garera m1 ko threshold high hola jasto xa so honest padeko manxe haru le milera cambridge ra british council lai report garnu parxa. 

maile ta email gardi sake. aru pani ma jasto pidit ho bhane yo email haru ma gara. 

cambridge - info@cambridgeinternational.org
british council - general.enquiry@britishcouncil.org.np 

email ko template :

To Whom It May Concern,

I am writing this statement as an A Level student who sat for the AS Level Mathematics M1 examination on the 7th of May, 2025. It has come to light that, before the paper on the same day, rumours began to circulate online alleging a l*ak of the Mechanics paper.The questions had been circulated in social media hours before the exam. 

Students, including myself, have dedicated months—sometimes years—of hard work, sleepless nights, and emotional stress preparing for these exams. We are not at fault. We are victims of a system that has repeatedly failed to ensure the integrity and confidentiality of its own students.

This is not a mere academic inconvenience—it is a matter of fairness, mental health, and trust in a system we are forced to rely upon. If Cambridge International Examinations is to maintain its global credibility and respect, it must prioritize the protection of student interests over administrative convenience.

We are not just candidates—we are people who deserve to be treated with dignity and justice.Even though the questions were not leaked from Nepal, us students here have been heavily affected due to the disparity caused by majority getting a hold of the paper through the internet. 

sincerely,
your name 
center no 
candidate no 
kathmandu, nepal 

ss pani attach garne vaye r alevel ma tannai xa. yo pali ni threshold high vayo vane ta ma feri fail ho aba ta parents le ni retake garna didaina.",2,0,2025-05-07 16:50:29+00:00,https://reddit.com/r/Nepal/comments/1kh28nl/alevels_math_line_haru_ko_lagi/,
Nepal,1kh20id,One day Trek around valley,Aggressive_Rub432,Ghar basda basda allxi lagyo yeso ghumna dadha tira janu paryo. Valley bata 1 din ma gayera farkina milne thau kun kun xa and how to reach their ?? Thank you.,1,0,2025-05-07 16:41:23+00:00,https://reddit.com/r/Nepal/comments/1kh20id/one_day_trek_around_valley/,
Nepal,1kh1ble,I feel like I’m falling behind in life and I don’t know what to do anymore.,No_Bit_4578,,1,1,2025-05-07 16:13:26+00:00,https://reddit.com/r/Nepal/comments/1kh1ble/i_feel_like_im_falling_behind_in_life_and_i_dont/,Relationship/सम्बन्ध
Nepal,1kh18v1,Gorkhali Empire at its peak: 1805 C.E.,shubhbro998,,1,1,2025-05-07 16:10:22+00:00,https://reddit.com/r/Nepal/comments/1kh18v1/gorkhali_empire_at_its_peak_1805_ce/,History/इतिहास
Nepal,1kh18p9,Gorkha Empire at its peak: 1805 C.E.,shubhbro998,,1,1,2025-05-07 16:10:12+00:00,https://reddit.com/r/Nepal/comments/1kh18p9/gorkha_empire_at_its_peak_1805_ce/,History/इतिहास
Nepal,1kh0lnl,Need video editor and video grapher (1 person),sandipgyawali,"I'm looking for someone who can capture and edit a 1–2 minute promotional video for a watch. If you're interested, please send samples of your previous work and your pricing to thedeepastronomy@gmail.com.

Thank you!
Location: Kathmandu Nepal",1,0,2025-05-07 15:44:43+00:00,https://reddit.com/r/Nepal/comments/1kh0lnl/need_video_editor_and_video_grapher_1_person/,Help/सहयोग
Nepal,1kh00wt,Nepal's immigration for solo Nepali women travellers,Chemical_Conflict_48,"I've heard that many Nepali women that travel solo get a lot of shit in Nepal's immigration esp for countries like Thailand, Vietnam, Dubai, Indonesia etc. 

They are asked to clarify a lot of things, visa huda hudai pani unnecessary questions sodhney, required documents dekhauda ni unnecessarily jhulaune, the immigrant officers keep asking for tons of reassurances. Women trafficking or some illegal business ma jaana lagya ho ki k thaha hamilai bhandai question garera jhulaune trend ni raichha. Isn't that too much? 

I remember 2-3 years agadi ni women lai country bahira solo travel garna usko bau ki budo ko written approval chainu parney bill ko kura ni propose bhako thyo, which obviously didn't pass. But isn't it too shitty and regressive? What do you think about it? Has anyone been through the same?",1,0,2025-05-07 15:21:25+00:00,https://reddit.com/r/Nepal/comments/1kh00wt/nepals_immigration_for_solo_nepali_women/,Discussion/बहस 
Nepal,1kgzhfy,Watch suggestion for all occasion,FeelingPost5686,,1,0,2025-05-07 15:00:07+00:00,https://reddit.com/r/Nepal/comments/1kgzhfy/watch_suggestion_for_all_occasion/,
Nepal,1kgzhaw,"Startup garna chahanchhu — sathiko khojima chhu (18 years, College student),KTM",Light_From_Hell,,1,1,2025-05-07 14:59:59+00:00,https://reddit.com/r/Nepal/comments/1kgzhaw/startup_garna_chahanchhu_sathiko_khojima_chhu_18/,Society/समाज
Nepal,1kgz7uy,"I have created ""NepaliCinemaTalk"" community. I desperately need any movie nerds to manage and build.",trytobefool,"My daily dose is to watch one movie. I feel there is not any community to discuss about Nepali movies. Our Nepali movies are featured and recognised at big major festivals like Cannes, Venice, Berlin, Locarno, Sundance and many others. Is anyone willing to give contribute to build this community?",1,0,2025-05-07 14:48:55+00:00,https://reddit.com/r/Nepal/comments/1kgz7uy/i_have_created_nepalicinematalk_community_i/,Help/सहयोग
Nepal,1kgy6vr,Trying to find book that i have read,Historical_Ad2270,"I got a chance to read a book that focuses on raw(Research and Analysis Wing), it was written in nepali. its the second edition as mentioned on its aabhar page. it contain about raw, its formation, its activity, its failures and achievement. its work on dividing east and west pakistan, how they are able to take control of bhutan, and trying to spark instability in nepal. includes a topic नेपाल र भुटानको भुटानीकरण. Now i have forgotten to remember the title and its author but the cover has brownish shades. any body who has read the book, I would be glad to know.",1,0,2025-05-07 14:05:03+00:00,https://reddit.com/r/Nepal/comments/1kgy6vr/trying_to_find_book_that_i_have_read/,
Nepal,1kgxywe,Which ISP is best in Nepal?,International-Yard31,I'm currently using vianet and it's going to expire soon so I want to change to new ISP and want to know about which ISP is the best currently according to price.,1,0,2025-05-07 13:55:30+00:00,https://reddit.com/r/Nepal/comments/1kgxywe/which_isp_is_best_in_nepal/,
Nepal,1kgxvd7,How do I start freelancing as a BBA student who has no idea about coding?,screwme_99,"Okay so I'm a 19M trying to figure out ways to enhance my skills, learn and also earn a little for my pocket money. I am a BBA student and I don't have any experience in coding or programming. I may not have any skill whatsoever but I'm open to learning online/offline.
Freelancing sounded like a good option for earning from home but with little to no skills to offer, I have no idea what to do.
All I have is a broken laptop which still works and a decent phone.
I have college in mid day from 10pm-4pm so working somewhere part-time is ruled out as I live alone so I need to do the household chores as well. 
All I need is suggestions, criticisms anything that'll help me.",1,0,2025-05-07 13:51:07+00:00,https://reddit.com/r/Nepal/comments/1kgxvd7/how_do_i_start_freelancing_as_a_bba_student_who/,Help/सहयोग
Nepal,1kgxhky,Any Tiffin Service in Imadol or KTM Valley that delivers in Imadol too?,ZebraMuch6653,"Hi Guys, I recently shifted to kathmandu, and I'm very bad at cooking, it takes a lot of my time and doesn't event tastes that good.

If anyone uses or know any tiffin service that delivers veg food 1/2 time, would love to get a referral.

Thankyou!",1,0,2025-05-07 13:34:04+00:00,https://reddit.com/r/Nepal/comments/1kgxhky/any_tiffin_service_in_imadol_or_ktm_valley_that/,
Nepal,1kgxcle,Illegal Bangladeshi immigrants,That-Tap-1026,What's your opinion on illegal Bangladeshi immigrants entrying into Nepal.,1,0,2025-05-07 13:27:42+00:00,https://reddit.com/r/Nepal/comments/1kgxcle/illegal_bangladeshi_immigrants/,Discussion/बहस 
Nepal,1kgx6jp,himalayan java bakery school,No_Tank_7851,"Im thinking of joining javas bakery school 
If anyone has any prior experience please share
and I would also appreciate any details or alternatives.",1,0,2025-05-07 13:20:21+00:00,https://reddit.com/r/Nepal/comments/1kgx6jp/himalayan_java_bakery_school/,Question/प्रश्न
Nepal,1kgx41b,Laptop suggestions for a student?,Every-Cranberry-1302,I'm studying my bachelors rn and been thinking about buying a decent laptop. My main subject is not IT so I don't rlly need an expensive one. Any laptop suggestions under 50k?,1,0,2025-05-07 13:17:07+00:00,https://reddit.com/r/Nepal/comments/1kgx41b/laptop_suggestions_for_a_student/,
Nepal,1kgx3wl,www.soleencounterstrek.com,Far_Emotion6085,,1,1,2025-05-07 13:16:57+00:00,https://reddit.com/r/Nepal/comments/1kgx3wl/wwwsoleencounterstrekcom/,
Nepal,1kgwwde,Yolo sneakers! Worth the hype or nah?,inquisitive_aura,"Been eyeing this sneaker line from the Yolo brand and was wondering—has anyone here actually tried them out? Would love to know how your experience was. 

Are they comfortable? Do they hold up well over time? And most importantly… are they worth the money?

  
Drop your thoughts (or roasts) below! 😄",1,0,2025-05-07 13:07:02+00:00,https://reddit.com/r/Nepal/comments/1kgwwde/yolo_sneakers_worth_the_hype_or_nah/,Question/प्रश्न
Nepal,1kgwwcp,A levels in Islington. Any advice?,Definitelynotminee,,1,0,2025-05-07 13:07:01+00:00,https://reddit.com/r/Nepal/comments/1kgwwcp/a_levels_in_islington_any_advice/,Discussion/बहस 
Nepal,1kgwmc3,Is anyone heading to the Netherlands for the September 2025 intake (from Nepal)?,Life-Still9112,"Is anyone heading to the Netherlands for the September 2025 intake (from Nepal)? which uni? If you're flying into Amsterdam Schiphol Airport, maybe we can travel together! 😊",1,0,2025-05-07 12:53:40+00:00,https://reddit.com/r/Nepal/comments/1kgwmc3/is_anyone_heading_to_the_netherlands_for_the/,Question/प्रश्न
Nepal,1kgwlr2,Is anyone heading to the Netherlands for the September 2025 intake (from Nepal)?,Life-Still9112,,1,0,2025-05-07 12:52:50+00:00,https://reddit.com/r/Nepal/comments/1kgwlr2/is_anyone_heading_to_the_netherlands_for_the/,
Nepal,1kgw8hj,Jade dipika miss universe nepal looool,Consistent_Ship1463,,1,0,2025-05-07 12:34:54+00:00,https://reddit.com/r/Nepal/comments/1kgw8hj/jade_dipika_miss_universe_nepal_looool/,
Nepal,1kgw5g3,importing from china to nepal ( Alibaba),Iderkwiah,"hello, ma chai alibaba bata saman order garne sochiraxu via dollar card, tya ko import fee lastai mahango xa, aani nepal ma ni import garne kati dherai dekhirako hunxu !  DTD ra DDP ship garna lai , sab se ramro platform/company kun hola? yei nepal ko rodhi sources /all seller import export jasto service use garda better ki tya alibaba ma vhayeko aaru importer/exporter haru sanga contact garda ramro ? kasaile China bata saman order garnu vhako xa vhane sabse affordable kun hunxa vhandinu na boru time lagosh!! 500$ vhanexi kassai dherai saman ni haina , it is related to jewelleries !!!",1,0,2025-05-07 12:30:45+00:00,https://reddit.com/r/Nepal/comments/1kgw5g3/importing_from_china_to_nepal_alibaba/,
Nepal,1kgvwa3,Unfair charge of bill in school,Solid-Quality3694,"I am a 10th grader studying in little angel's school located in hattiban lalitpur and we recently got the bill for the new year, and the charge is so unfair, Come take a look at this first the normal ones 1:Tuition 2:Transport 3:Computer lab ( which btw is 700 for 4: labs which it def doesnt cost that much) 5:Extra curicular activities AND NOW

6:GAMES? ( MIND U ECA CHARGE AND GAMES CHARGE IS SEPERATE EVEN THOUGH THROUGHTOUT THE YEAR THERE HAVE BEEN NO GAMES AND EVEN IF THERE WAS WE STUDENTS SHOULDNT BE THE ONE SPONSORING THEM)

7: MAINTAINANCE? ( THE SCHOOL HAS BEEN BROKEN EVER SINCE THE FLOOD THEY HAVE NOT REPAIRED THE ASSEMBLY GROUND EVEN AFTER NEARLY 7 MONTHS THE SCHOOL TOILETS R SHIT, I BET YOU IF YOU GO IN THERE A SANE PERSON YOU WONT GO OUT THE SAME, THE SMELL IS SO FOUL ITS ABSOLUTELY DISGUSTING AND EVEN IF THEY WERE FIXING THIS, WHY SHOULD STUDENTS BE THE ONE FIXING THE SCHOOL)

8: LIBRARY ( MIND YOU, I HAVE NOT USED THE LIBRARY ONCE, I AM CHARGED FOR SOMETHING I HAVEN'T USED, THERE SHOULD BE A SEPERATE FORM FOR LIBRARY BECAUSE WE STUDENTS WHO DO NOT STUDY FROM THE LIBRARY SHOULD NOT BE PAYING FOR IT)

9: LABORATORY: WE HAVE GONE TO THE SCIENCE LAB TWICE AND ONCE THE TEACHER JUST SHOWED US AROUND, AND SECOND, WE HAD DEREVATION OF HYDROGEN GAS WHICH WAS SO SHIT, THE WHOLE SETUP WAS BROKEN

ALL OF THESE UNNECESSARY CHARGES ADD UPTO 18000 NPR, DO YOU THINK THIS IS JUSTIFIED, CHARGING US FOR GAMES THEY HAVEN'T MADE US PLAY, CHARGING US FOR MAINTAINCE BECAUSE AM I THERE TO STUDY OR FIX THEIR SHITTY SCHOOL? are there any actions i could do against the school, please list what i should do, cuz this is just unfair..",1,0,2025-05-07 12:17:43+00:00,https://reddit.com/r/Nepal/comments/1kgvwa3/unfair_charge_of_bill_in_school/,
Nepal,1kgvvcm,unfair charge of bill in school,Solid-Quality3694,,1,0,2025-05-07 12:16:23+00:00,https://reddit.com/r/Nepal/comments/1kgvvcm/unfair_charge_of_bill_in_school/,
Nepal,1kgvqyq,How to remove black heads,clouldibeanymorecool,mero dherai black heads aauxa specially mero nose ma and oily xa face. asti samma nose bahek aaru sab clear thyo and suddenly mero sunscream ra mosturizer bigryo and atti nai itchy huna thalyo face and red bumps aauna thalyo now kei laudina but still alik dekhinxa asar so can anyone help. also night cream too suggest gariye hunthyo alik sensitive xa face mero. 18 barsa ko xu ma,1,0,2025-05-07 12:10:05+00:00,https://reddit.com/r/Nepal/comments/1kgvqyq/how_to_remove_black_heads/,
Nepal,1kgvq96,unfair charge of bill in school,Solid-Quality3694,"I am a 10th grader studying in little angel's school located in hattiban lalitpur and we recently got the bill for the new year, and the charge is so unfair, 
Come take a look at this
first the normal ones
1:Tuition
2:Transport
3:Computer lab ( which btw is 700 for 4: labs which it def doesnt cost that much)
5:Extra curicular activities 
AND NOW

6:GAMES? ( MIND U ECA CHARGE AND GAMES CHARGE IS SEPERATE EVEN THOUGH THROUGHTOUT THE YEAR THERE HAVE BEEN NO GAMES AND EVEN IF THERE WAS WE STUDENTS SHOULDNT BE THE ONE SPONSORING THEM)

7: MAINTAINANCE? ( THE SCHOOL HAS BEEN BROKEN EVER SINCE THE FLOOD THEY HAVE NOT REPAIRED THE ASSEMBLY GROUND EVEN AFTER NEARLY 7 MONTHS 
THE SCHOOL TOILETS R SHIT, I BET YOU IF YOU GO IN THERE A SANE PERSON YOU WONT GO OUT THE SAME, THE SMELL IS SO FOUL ITS ABSOLUTELY DISGUSTING AND EVEN IF THEY WERE FIXING THIS, WHY SHOULD STUDENTS BE THE ONE FIXING THE SCHOOL)

8: LIBRARY ( MIND YOU, I HAVE NOT USED THE LIBRARY ONCE, I AM CHARGED FOR SOMETHING I HAVEN'T USED, THERE SHOULD BE A SEPERATE FORM FOR LIBRARY BECAUSE WE STUDENTS WHO DO NOT STUDY FROM THE LIBRARY SHOULD NOT BE PAYING FOR IT)

9: LABORATORY: WE HAVE GONE TO THE SCIENCE LAB TWICE AND ONCE THE TEACHER JUST SHOWED US AROUND, AND SECOND, WE HAD DEREVATION OF HYDROGEN GAS WHICH WAS SO SHIT, THE WHOLE SETUP WAS BROKEN

ALL OF THESE UNNECESSARY CHARGES ADD UPTO 18000 NPR, DO YOU THINK THIS IS JUSTIFIED, CHARGING US FOR GAMES THEY HAVEN'T MADE US PLAY, CHARGING US FOR MAINTAINCE BECAUSE AM I THERE TO STUDY OR FIX THEIR SHITTY SCHOOL? are there any actions i could do against the school, please list what i should do, cuz this is just unfair..",1,0,2025-05-07 12:09:01+00:00,https://reddit.com/r/Nepal/comments/1kgvq96/unfair_charge_of_bill_in_school/,
Nepal,1kgvlvy,Is it weird that I still value virginity and emotional connection while everyone around me seems into hookup culture?,Warm_Hurry4547,,1,1,2025-05-07 12:02:41+00:00,https://reddit.com/r/Nepal/comments/1kgvlvy/is_it_weird_that_i_still_value_virginity_and/,Relationship/सम्बन्ध
Nepal,1kgvl32,Massage with happy ending in ktm,FerretAcceptable7381,If anyone knows spa with happy ending please dm. Asking for a friend lol,1,0,2025-05-07 12:01:35+00:00,https://reddit.com/r/Nepal/comments/1kgvl32/massage_with_happy_ending_in_ktm/,
Nepal,1kgvjdh,Is it weird that I still value virginity and emotional connection while everyone around me seems into hookup culture?,Warm_Hurry4547,,1,1,2025-05-07 11:59:26+00:00,https://reddit.com/r/Nepal/comments/1kgvjdh/is_it_weird_that_i_still_value_virginity_and/,Discussion/बहस 
Nepal,1kgvdm5,Any other Nepali movie with similar humour to Resham Filili?,Glass_Sea_4194,,1,0,2025-05-07 11:50:45+00:00,https://reddit.com/r/Nepal/comments/1kgvdm5/any_other_nepali_movie_with_similar_humour_to/,
Nepal,1kgvbo0,how to find sugar daddy in nepal?,Alternative-Camp5163,,1,0,2025-05-07 11:47:46+00:00,https://reddit.com/r/Nepal/comments/1kgvbo0/how_to_find_sugar_daddy_in_nepal/,
Nepal,1kgvbkw,hello all my brothers and sisters,MindlessLetter8618,,1,1,2025-05-07 11:47:39+00:00,https://reddit.com/r/Nepal/comments/1kgvbkw/hello_all_my_brothers_and_sisters/,
Nepal,1kgvb5g,Seeking Support During a Tough Time as a Student,MindlessLetter8618,,1,0,2025-05-07 11:46:55+00:00,https://reddit.com/r/Nepal/comments/1kgvb5g/seeking_support_during_a_tough_time_as_a_student/,
Nepal,1kgv968,Is it embarrassing to take food home from events,togachii,"So Idk if what I did was embarrassing as everyone in my family says I was being one but I don't understand it because we were invited to eat and is it wrong if I take some snacks with me home 😔 It was a bertaman, it's close to our house so we went since we were invited now I'm thinking if what I did was wrong and embarrassing",1,0,2025-05-07 11:43:50+00:00,https://reddit.com/r/Nepal/comments/1kgv968/is_it_embarrassing_to_take_food_home_from_events/,
Nepal,1kgv3qz,Thinking of getting a continental gt 650,WiseProfession4126,"I'm honestly thinking of getting a bike mainly for looks and performance too And this bike has intrigued me, looks like a headturner and significantly good performance wise. I know it has not been launched yet but By the end of the year i might order one. 
Is it worth the hassel? 


Provide alternative recommendations too if plausible&lt;3",1,0,2025-05-07 11:35:01+00:00,https://reddit.com/r/Nepal/comments/1kgv3qz/thinking_of_getting_a_continental_gt_650/,
Nepal,1kgv1jg,help me stay in college (student),MindlessLetter8618,,1,0,2025-05-07 11:31:30+00:00,https://reddit.com/r/Nepal/comments/1kgv1jg/help_me_stay_in_college_student/,
Nepal,1kguztq,help me stay in college (student),MindlessLetter8618,,1,0,2025-05-07 11:28:51+00:00,https://reddit.com/r/Nepal/comments/1kguztq/help_me_stay_in_college_student/,
Nepal,1kguyx7,a small help to let me continue my studies,MindlessLetter8618,,1,0,2025-05-07 11:27:19+00:00,https://reddit.com/r/Nepal/comments/1kguyx7/a_small_help_to_let_me_continue_my_studies/,
Nepal,1kguxvg,hello all of my brother and sisters,MindlessLetter8618,,1,1,2025-05-07 11:25:40+00:00,https://reddit.com/r/Nepal/comments/1kguxvg/hello_all_of_my_brother_and_sisters/,
Nepal,1kguwhl,appeal for help to let me stay in college ( student),MindlessLetter8618,,1,0,2025-05-07 11:23:21+00:00,https://reddit.com/r/Nepal/comments/1kguwhl/appeal_for_help_to_let_me_stay_in_college_student/,
Nepal,1kguucp,Just wanna die tbh.......,luckxis,,1,1,2025-05-07 11:20:02+00:00,https://reddit.com/r/Nepal/comments/1kguucp/just_wanna_die_tbh/,
Nepal,1kguua0,Hiking three passes together,sers1000,,1,0,2025-05-07 11:19:55+00:00,https://reddit.com/r/Nepal/comments/1kguua0/hiking_three_passes_together/,
Nepal,1kgus2p,Tips for taking life peacefully?,luckxis,,1,1,2025-05-07 11:16:25+00:00,https://reddit.com/r/Nepal/comments/1kgus2p/tips_for_taking_life_peacefully/,
Nepal,1kgurxy,urgent appeal for support (student),MindlessLetter8618,,1,0,2025-05-07 11:16:11+00:00,https://reddit.com/r/Nepal/comments/1kgurxy/urgent_appeal_for_support_student/,
Nepal,1kguprq,Why is Classictech best ISP of Nepal?,Straight_Fennel3231,,1,1,2025-05-07 11:12:50+00:00,https://reddit.com/r/Nepal/comments/1kguprq/why_is_classictech_best_isp_of_nepal/,
Nepal,1kguo7j,humble request to all my brothers and sisters,MindlessLetter8618,,1,0,2025-05-07 11:10:16+00:00,https://reddit.com/r/Nepal/comments/1kguo7j/humble_request_to_all_my_brothers_and_sisters/,
Nepal,1kguecq,Yo Fresh Cream kata payinchha?,Honest_Prune_2452,Amul Fresh Cream kata payiney rechha? Thahachha bhaney yeso bazaar ma payiney aru brand pani suggest gardinu hola. Thank you in advance,1,0,2025-05-07 10:54:40+00:00,https://reddit.com/r/Nepal/comments/1kguecq/yo_fresh_cream_kata_payinchha/,Question/प्रश्न
Nepal,1kgucs6,help me stay in college (urgent),MindlessLetter8618,,1,0,2025-05-07 10:52:03+00:00,https://reddit.com/r/Nepal/comments/1kgucs6/help_me_stay_in_college_urgent/,
Nepal,1kgu5d0,a humble request to help me stay in college,MindlessLetter8618,,1,1,2025-05-07 10:38:50+00:00,https://reddit.com/r/Nepal/comments/1kgu5d0/a_humble_request_to_help_me_stay_in_college/,
Nepal,1kgtv7o,help me find tourist spots,Ok-Information3610,,1,0,2025-05-07 10:20:35+00:00,https://reddit.com/r/Nepal/comments/1kgtv7o/help_me_find_tourist_spots/,Help/सहयोग
Nepal,1kgtqpp,Laptop recommendation for 160k budget,Speed-11,"I am an engineering student and I am looking currently looking for a laptop.Mero plan chai suru ma nitro 16 leune theyo ra aaijhai tei xa.Specs chai Ryzen 7 amd edition 8845 hs wala ho  rtx 4060 hai Tara Wqxga display wala ho.Aaba maile yo bhanda Aru laptop haru Testo ramro nabhako jasto lageyo.Maile chai mainly tei editing sikene coding garne Ani bela bela game garne ho.

Maile windows chai tei Halka game khelna nai rw halka apps ra sites chaluna I mean pirated Tara Mac ma Testo xaina.Aaba tei game nai nakhelne ho bhanne Mac linda hunxa ki k ho.Halka recommend garnu pareyo",1,0,2025-05-07 10:12:32+00:00,https://reddit.com/r/Nepal/comments/1kgtqpp/laptop_recommendation_for_160k_budget/,Discussion/बहस 
Nepal,1kgtkxs,What do you guys think of this ?,Ok_Attitude_5840,,1,1,2025-05-07 10:01:55+00:00,https://reddit.com/r/Nepal/comments/1kgtkxs/what_do_you_guys_think_of_this/,Discussion/बहस 
Nepal,1kgtfv9,Why is my post getting flagged?,itss_leviosa,,1,1,2025-05-07 09:52:26+00:00,https://reddit.com/r/Nepal/comments/1kgtfv9/why_is_my_post_getting_flagged/,Rant/गुनासो
Nepal,1kgtbhg,"""There are no Terrorist camp in Pakistan""",h_holmes0000,,1,0,2025-05-07 09:43:49+00:00,https://reddit.com/r/Nepal/comments/1kgtbhg/there_are_no_terrorist_camp_in_pakistan/,
Nepal,1kgt7da,Need some insight; legal if possible,itss_leviosa,,1,1,2025-05-07 09:35:22+00:00,https://reddit.com/r/Nepal/comments/1kgt7da/need_some_insight_legal_if_possible/,Help/सहयोग
Nepal,1kgt6zf,Need some insight; legal if possible,itss_leviosa,,1,1,2025-05-07 09:34:35+00:00,https://reddit.com/r/Nepal/comments/1kgt6zf/need_some_insight_legal_if_possible/,Relationship/सम्बन्ध
Nepal,1kgt5s4,Need some insight; legal if possible,itss_leviosa,,1,1,2025-05-07 09:32:00+00:00,https://reddit.com/r/Nepal/comments/1kgt5s4/need_some_insight_legal_if_possible/,Relationship/सम्बन्ध
Nepal,1kgt3ru,"Customized Family Tour in Nepal, Bhutan, and Tibet",[deleted],,1,0,2025-05-07 09:28:08+00:00,https://reddit.com/r/Nepal/comments/1kgt3ru/customized_family_tour_in_nepal_bhutan_and_tibet/,Travel/यात्रा
Nepal,1kgt279,Trial centres in Kathmandu,relevoid69,KTM ma trial centre haru kata kata xa. Which one is the easiest ?,1,0,2025-05-07 09:24:56+00:00,https://reddit.com/r/Nepal/comments/1kgt279/trial_centres_in_kathmandu/,Help/सहयोग
Nepal,1kgstwt,Need phone recommendation *_*,WiseProfession4126,"Hey guys can you recommend me phone, I have a budget of 1.5 lakhs what should i buy and where?",1,0,2025-05-07 09:08:06+00:00,https://reddit.com/r/Nepal/comments/1kgstwt/need_phone_recommendation/,
Nepal,1kgsc11,I lost my passport. Anyone with same issue please help.,inf-10,Hello Nepal ma naya passport claim garna k cha procedure? I lost it a week ago. Documents k k chaincha?,1,0,2025-05-07 08:31:06+00:00,https://reddit.com/r/Nepal/comments/1kgsc11/i_lost_my_passport_anyone_with_same_issue_please/,Help/सहयोग
Nepal,1kgsbjz,We need to close our borders now.,[deleted],,1,0,2025-05-07 08:30:12+00:00,https://reddit.com/r/Nepal/comments/1kgsbjz/we_need_to_close_our_borders_now/,Discussion/बहस 
Nepal,1kgs9al,CLOSE THE BORDERS OF NEPAL NOW,[deleted],,1,1,2025-05-07 08:25:23+00:00,https://reddit.com/r/Nepal/comments/1kgs9al/close_the_borders_of_nepal_now/,
Nepal,1kgs5dy,Shops in Nepal to buy electronic stuffs,OmLamichhane,"Where can i buy arduino, break boards, jump wires, raspberry pi, etc in Nepal? I searched in a lot of places but no one even knows what an arduino is. I know I can buy them in daraz but i wanna buy it from a physical shop

It would help me a lot. Thankyou",1,0,2025-05-07 08:17:13+00:00,https://reddit.com/r/Nepal/comments/1kgs5dy/shops_in_nepal_to_buy_electronic_stuffs/,
Nepal,1kgs36z,How to Find and Apply for Overseas Job Opportunities from Nepal?,Kaal_vairab,"Hey guys, I have a few questions. Some of my friends are working in international companies from Nepal ghar basi basi, like insurance and real estate companies based in Australia and the USA. Does anyone know how we can apply for such jobs from Nepal? And how can we find out about these kinds of vacancies? My friends haven't shared much, so I’m hoping you all can help me out!",1,0,2025-05-07 08:12:41+00:00,https://reddit.com/r/Nepal/comments/1kgs36z/how_to_find_and_apply_for_overseas_job/,Question/प्रश्न
Nepal,1kgrv4w,"Available for sell hai , US Audience, Women 70% audience.",[deleted],,1,0,2025-05-07 07:56:36+00:00,https://reddit.com/r/Nepal/comments/1kgrv4w/available_for_sell_hai_us_audience_women_70/,
Nepal,1kgrrwn,How to find groups to do EBC trek,asif_98,"I'll be travelling to kathmandu shortly, coming in solo. Any idea about how can I find and join groups for EBC trek? Dont want to be scammed by agencies honestly. 

Or if this is not the right place to ask, can anyone share me where to?

Thanks in advance.",1,0,2025-05-07 07:49:51+00:00,https://reddit.com/r/Nepal/comments/1kgrrwn/how_to_find_groups_to_do_ebc_trek/,
Nepal,1kgread,Your thoughts on doing A-Levels In Nepal?,[deleted],,0,0,2025-05-07 07:21:27+00:00,https://reddit.com/r/Nepal/comments/1kgread/your_thoughts_on_doing_alevels_in_nepal/,Discussion/बहस 
Nepal,1kgr689,Confused between byd atto 3 advanced and superior. Please help.,Puzzled_Loquat_8445,,1,0,2025-05-07 07:05:09+00:00,https://reddit.com/r/Nepal/comments/1kgr689/confused_between_byd_atto_3_advanced_and_superior/,
Nepal,1kgr2jb,Can’t decide between byd atto 3 advanced or superior. Please help.,Puzzled_Loquat_8445,,1,0,2025-05-07 06:58:26+00:00,https://reddit.com/r/Nepal/comments/1kgr2jb/cant_decide_between_byd_atto_3_advanced_or/,
Nepal,1kgr243,Torn between atto 3 advanced and superior. Can’t decide. Please help. 🙏,Puzzled_Loquat_8445,,1,1,2025-05-07 06:57:28+00:00,https://reddit.com/r/Nepal/comments/1kgr243/torn_between_atto_3_advanced_and_superior_cant/,
Nepal,1kgr079,Zebra Crossing ma uni sanga najar judyo !!,LetInternational3523,,1,1,2025-05-07 06:53:48+00:00,https://reddit.com/r/Nepal/comments/1kgr079/zebra_crossing_ma_uni_sanga_najar_judyo/,
Nepal,1kgql6e,how to cheat in SLC math exam?,issanagayoh,"using phone? ( 80% of time ) no glue, no borax, no wax, no laxatives.

someone sigmas told me —
1. start begging on teacher's feet to let you use phone &amp; quietly use phone
2. established your dominance and cheat right Infront of teacher like an alpha female.


can anyone give me a real valid answer?",1,0,2025-05-07 06:25:25+00:00,https://reddit.com/r/Nepal/comments/1kgql6e/how_to_cheat_in_slc_math_exam/,
Nepal,1kgqgc9,Lovaroo Date-aroo ईलेक्त्रिक् बूगालू,dzjiktra,,1,1,2025-05-07 06:16:16+00:00,https://reddit.com/r/Nepal/comments/1kgqgc9/lovaroo_datearoo_ईलकतरक_बगल/,Humor/हाँस्य
Nepal,1kgqes9,sad after finishing 'the hunger games',elbat_table,,4,3,2025-05-07 06:13:28+00:00,https://reddit.com/r/Nepal/comments/1kgqes9/sad_after_finishing_the_hunger_games/,
Nepal,1kgqczr,about NEB Nepali exam today,Amreet01,"Maile byakaran sab milaye, 1-2 marks max bigriyo, aru sabbai acc to format gare, bas lastko 8/8 marks ko 1.5/1.5 page matra lekhe, A auxa ta.?? arubela chai aauthyo mero jaile.. I'm worried this time",1,0,2025-05-07 06:10:10+00:00,https://reddit.com/r/Nepal/comments/1kgqczr/about_neb_nepali_exam_today/,Discussion/बहस 
Nepal,1kgqcba,Can I do a week-long tour in nepal within 70k bdt?,Bluebird_16,"Hello, 27M, from Bangladesh. I have been saving up some money and wanting to visit nepal for a week-long tour next month.

Can I do a week-long tour within 70k? I'll be travelling alone, and I want to visit ghandruk, mustang and pokhara. 

Please share your thoughts and tips. Thanks in advance",1,0,2025-05-07 06:08:50+00:00,https://reddit.com/r/Nepal/comments/1kgqcba/can_i_do_a_weeklong_tour_in_nepal_within_70k_bdt/,Question/प्रश्न
Nepal,1kgqbzr,ABOUT NEB 12 NEPALI EXAM TODAY,Amreet01,,1,1,2025-05-07 06:08:16+00:00,https://reddit.com/r/Nepal/comments/1kgqbzr/about_neb_12_nepali_exam_today/,Education/शिक्षा
Nepal,1kgq0br,Have you used your student email?,Heavy_Screen3111,,1,0,2025-05-07 05:46:22+00:00,https://reddit.com/r/Nepal/comments/1kgq0br/have_you_used_your_student_email/,
Nepal,1kgpl0b,Feeling guilty about moving abroad leaving my parents behind.,Infamous_Koala8378,,1,0,2025-05-07 05:18:36+00:00,https://reddit.com/r/Nepal/comments/1kgpl0b/feeling_guilty_about_moving_abroad_leaving_my/,Discussion/बहस 
Nepal,1kgphvw,IT traning courses institute,Extreme_Charity6358,Data analyst professional traning dine ramro institute sawyambhu najik kunai cha hola? Yeso recommendations haru chayeyo. Dhanyabad,4,1,2025-05-07 05:13:14+00:00,https://reddit.com/r/Nepal/comments/1kgphvw/it_traning_courses_institute/,Question/प्रश्न
Nepal,1kgpgrv,Suggestion for starting Construction materials buisness,EstablishmentSad7972,,1,1,2025-05-07 05:11:17+00:00,https://reddit.com/r/Nepal/comments/1kgpgrv/suggestion_for_starting_construction_materials/,
Nepal,1kgp5l7,love with an younger age girl.,Emergency_Fail3371,hi i am 26 years old boy and talking with 19yrs old girl point she she is 6 years younger than me and she is in love with me?what do i do this 6 yrs gap is eating me alive.i kinda like her but this age gap is killing me?will society say anything?,1,0,2025-05-07 04:51:55+00:00,https://reddit.com/r/Nepal/comments/1kgp5l7/love_with_an_younger_age_girl/,Help/सहयोग
Nepal,1kgp0uj,I am at the big age of 25 and stuck in the tax mess,Numerous-Corgi-7218,"So I’ve somehow found myself managing my father's local shop (registered as a sole proprietorship in Nepal) and things have gone south with the taxes. It's a VAT-registered firm. After speaking to auditors I found out we have outstanding taxes for the past two fiscal years along with interest and penalties.

I have studied BBA but I lag behind whatever this situation is.....

The shop's annual turnover is way beyond the 3 million threshold, so we’re not eligible for the 1% simplified tax. But here’s the real issue — even though sales are high, the profit margin is tiny (around 0.6%), so we're barely making anything. Still, the tax liability looks huge.

I’ve been trying to figure things out on the IRD portal, but it’s a nightmare to navigate. I don’t understand which forms to file (D1, D2, D3?), how to deal with the penalties, or how to even approach this situation. 

Honestly, I have zero idea how I ended up in this mess, but I want to fix it properly. If anyone here is familiar with tax filing in Nepal — especially for sole proprietorships with low profit margins and high turnover — I’d really appreciate some guidance.

Should I talk to the tax office directly? The auditors I speak only speak money, even though i am putting in money there is no clear indication of where the money is going.

Is there any room to reduce penalties or pay in installments?

Ma kina eti lato ho malai nai taha chaina",1,0,2025-05-07 04:43:49+00:00,https://reddit.com/r/Nepal/comments/1kgp0uj/i_am_at_the_big_age_of_25_and_stuck_in_the_tax/,Help/सहयोग
Nepal,1kgozhz,I’m 25 and stuck with my father's shop's tax mess — no idea what to do 😩,Numerous-Corgi-7218,,1,1,2025-05-07 04:41:35+00:00,https://reddit.com/r/Nepal/comments/1kgozhz/im_25_and_stuck_with_my_fathers_shops_tax_mess_no/,
Nepal,1kgoo1w,"Indian armed forces strike nine terrorist sites in Pakistan, PoK",NASAISRO8645,,1,1,2025-05-07 04:22:25+00:00,https://reddit.com/r/Nepal/comments/1kgoo1w/indian_armed_forces_strike_nine_terrorist_sites/,
Nepal,1kgonin,"Indian armed forces strike nine terrorist sites in Pakistan, PoK",NASAISRO8645,,1,0,2025-05-07 04:21:34+00:00,https://reddit.com/r/Nepal/comments/1kgonin/indian_armed_forces_strike_nine_terrorist_sites/,
Nepal,1kgomoo,"India attacks Pakistan, targets 9 terrorist locations, 30 killed - World - Kantipur News",NASAISRO8645,,1,0,2025-05-07 04:20:10+00:00,https://reddit.com/r/Nepal/comments/1kgomoo/india_attacks_pakistan_targets_9_terrorist/,
Nepal,1kgoll7,University at London?????,Key_Chocolate50,,1,1,2025-05-07 04:18:25+00:00,https://reddit.com/r/Nepal/comments/1kgoll7/university_at_london/,Help/सहयोग
Nepal,1kgocyo,Scam alert from pink_dream clothing company Nepal,Eastern-Trifle8145,"Just wanted to share my experience to warn others. I recently got scammed by a company called Pink Dream based in Nepal. They took Rs. 12,000 from me and now are completely denying that they ever received the payment.

At first, everything seemed legit — good communication, professional behavior — but once I paid, their attitude changed. Now they’re refusing to acknowledge the transaction and are even asking me to pay again.

This is not just unprofessional — it’s fraud. I have proof of payment and conversations, yet they keep gaslighting me and giving me the runaround.

Please be careful if you’re dealing with any such companies or individuals claiming to be from Pink Dream. If anyone else has had a similar experience, please comment or message me — we may be able to take joint action or at least spread awareness.

Stay alert. Don’t trust too quickly.",1,0,2025-05-07 04:04:25+00:00,https://reddit.com/r/Nepal/comments/1kgocyo/scam_alert_from_pink_dream_clothing_company_nepal/,
Nepal,1kgoay1,Why isn't there any discussion about Pahalgam terrorist attack on this sub?,funkynotorious,,1,0,2025-05-07 04:01:30+00:00,https://reddit.com/r/Nepal/comments/1kgoay1/why_isnt_there_any_discussion_about_pahalgam/,Question/प्रश्न
Nepal,1kgo1i9,Does college student needs part time jobs ?,aveenassh,"Ma sanga euta platform idea xa, just like Fiverr, but it is localized and specially for college students who want part time or want to earn some money for their lunches. 

Info: I am csit 2nd semester student.

The idea is:
A platform where even another student can post their gigs and other students can apply to their and complete their tasks.

Suppose a student from college A has an assignment and is difficult for him/her to complete, they can take help from students from college B or they will do their work for some sum of money.
This can help both party of the students.

If I can get a suggestion, I can try it.

Kei ajhai bujhnu xa vane ma comment ma ni explain gardinxu.",1,0,2025-05-07 03:46:40+00:00,https://reddit.com/r/Nepal/comments/1kgo1i9/does_college_student_needs_part_time_jobs/,Help/सहयोग
Nepal,1kgo107,Operation sindoor :- 9 terrorist launch pads distroyed,Ok-Scar-1105,,1,0,2025-05-07 03:45:52+00:00,https://reddit.com/r/Nepal/comments/1kgo107/operation_sindoor_9_terrorist_launch_pads/,Politics/राजनीति
Nepal,1kgnf70,What is you opinion on India's attack on Pakistan? And what impact can it have in Nepal?,MeAmPi,India launched a attack at Pakistan earlier today. What do you think about it? Was it reasonable? And what impact can it have on Nepal?,1,0,2025-05-07 03:12:23+00:00,https://reddit.com/r/Nepal/comments/1kgnf70/what_is_you_opinion_on_indias_attack_on_pakistan/,Discussion/बहस 
Nepal,1kgnc6q,Need Advice for Saving Money.,Pe_Pe_5665,"Hey guys, it's been a few months since I started earning small money and I want to build a habit of saving money, I did some research and found SIP. I don't know if this is the good idea or bad idea to go with. I don't have any plan for this saving other than building that habit. Is this is good or is there other schemes which I missed?",1,0,2025-05-07 03:07:47+00:00,https://reddit.com/r/Nepal/comments/1kgnc6q/need_advice_for_saving_money/,Help/सहयोग
Nepal,1kgn9l3,Is KIST College good for BIT? What’s the current fee structure?,Warm_Hurry4547,"I’m considering applying to KIST College for the BIT (Bachelor in Information Technology) program, but I wanted to get some honest opinions first.

How is the overall quality of education, faculty, and facilities for BIT?

What’s the current fee structure for the full BIT program (admission + tuition + other fees)?",1,0,2025-05-07 03:03:49+00:00,https://reddit.com/r/Nepal/comments/1kgn9l3/is_kist_college_good_for_bit_whats_the_current/,
Nepal,1kgmslx,Does college student needs part time jobs ?,aveenassh,"Ma sanga euta platform idea xa, just like Fiverr, but it is localized and specially for college students who want part time or want to earn some money for their lunches. 

Info: I am csit 2nd semester student.

The idea is:
A platform where even another student can post their gigs and other students can apply to their and complete their tasks.

Suppose a student from college A has an assignment and is difficult for him/her to complete, they can take help from students from college B or they will do their work for some sum of money.
This can help both party of the students.

If I can get a suggestion, I can try it.

Kei ajhai bujhnu xa vane ma comment ma ni explain gardinxu.",1,0,2025-05-07 02:39:08+00:00,https://reddit.com/r/Nepal/comments/1kgmslx/does_college_student_needs_part_time_jobs/,
Nepal,1kgmrm4,Any hot girl for fuck right now in thamel kathmandu,gymratadi,,1,1,2025-05-07 02:37:43+00:00,https://reddit.com/r/Nepal/comments/1kgmrm4/any_hot_girl_for_fuck_right_now_in_thamel/,Relationship/सम्बन्ध
Nepal,1kgmmp9,Raul B is the third lead of GTA VI,Hades-GG,The additional info given at the trailer takes us to a site where I have noticed a character called Raul B who is seen shooting with Lucia and Jason wearing the same mask shown in the trailer 2. I might be wrong but there is a chance! Hehe tyo navayeni he must be important!,1,0,2025-05-07 02:30:36+00:00,https://reddit.com/r/Nepal/comments/1kgmmp9/raul_b_is_the_third_lead_of_gta_vi/,
Nepal,1kgmhki,BIKE ACCIDENT vayera haat vachiyo,VeterinarianSolid788,Mero recently bike accident vayera haat vachiyeko ani steel plate rakhera thik pareko aailey steel plate hatai sakyo tara yo daag basi rako xa kasari hatauna sakinxa  hola its ugly 🥲,1,0,2025-05-07 02:23:01+00:00,https://reddit.com/r/Nepal/comments/1kgmhki/bike_accident_vayera_haat_vachiyo/,Question/प्रश्न
Nepal,1kgmb99,app where I can log my food experiences at restaurants,mister_nice_69,"Whenever I eat out — especially at new places — I often forget *how* it went. Sometimes the food was good, but the place was too crowded. Sometimes the momo was perfect but the chowmein was meh. Next time I go to the same place, I can't remember what to order or avoid.  
Also, I just want a space to reflect on experiences, maybe build a list of my go-to dishes or chill places.

So, I’ve been looking for an app that lets me keep track of places I’ve eaten at — mostly restaurants, cafes, local food joints around Nepal — and record how the experience went. I don’t just want to rate the food, but also note things like:

* How affordable the place was
* The ambience and environment
* Whether it was crowded or private
* The overall aesthetic or vibe
* And maybe even upload a receipt or photo for future reference

It would be awesome if I could mark which dishes I liked (or didn’t), and the app could help me remember what to order again if I visit later. Even better if it could scan receipts and let me rate individual food items.

Does anything like this exist?",3,3,2025-05-07 02:13:48+00:00,https://reddit.com/r/Nepal/comments/1kgmb99/app_where_i_can_log_my_food_experiences_at/,
Nepal,1kglumn,Kathmandu on second week of June. How will the weather most probably be? Thank you (smiling emoji),[deleted],,1,0,2025-05-07 01:49:44+00:00,https://reddit.com/r/Nepal/comments/1kglumn/kathmandu_on_second_week_of_june_how_will_the/,Travel/यात्रा
Nepal,1kglt7c,"Sunset view from Nagdhunga, Kathmandu",fotosbybishal,,1,0,2025-05-07 01:47:45+00:00,https://reddit.com/r/Nepal/comments/1kglt7c/sunset_view_from_nagdhunga_kathmandu/,
Nepal,1kglqu2,Kathmandu on second week of June🪬. How will the weather most probably be? Thank you ☺️,[deleted],,1,1,2025-05-07 01:44:23+00:00,https://reddit.com/r/Nepal/comments/1kglqu2/kathmandu_on_second_week_of_june_how_will_the/,Travel/यात्रा
Nepal,1kglnsg,According to my analysis Nepal stock will bullish in 2082,[deleted],,1,1,2025-05-07 01:40:02+00:00,https://reddit.com/r/Nepal/comments/1kglnsg/according_to_my_analysis_nepal_stock_will_bullish/,Discussion/बहस 
Nepal,1kglj3a,Why Nepal doesn't make any Tv series?,[deleted],,4,20,2025-05-07 01:33:13+00:00,https://reddit.com/r/Nepal/comments/1kglj3a/why_nepal_doesnt_make_any_tv_series/,
Nepal,1kgldek,Does hardwork pay off at the end?,Sam98576,"I, a 17f am currently in year 11th. I've always tried my best, and worked my butt off to be where I am.
Just the other day, during my physics exam, I saw half of the students cheating off of eachother. It really struck me, and I thought to myself if working hard was really worth it. It's such a demotivating aspect; a slap straight to the face of those who are really honest with what they do.",1,0,2025-05-07 01:25:13+00:00,https://reddit.com/r/Nepal/comments/1kgldek/does_hardwork_pay_off_at_the_end/,
Nepal,1kgken5,"Mugshot of Prasan Nepa Leonidas Varagiannis, a.k.a. “War,” 21.",Complete-Process-597,https://nypost.com/2025/05/06/us-news/neo-nazi-sextortion-ring-764-has-open-cases-in-every-fbi-field-office/?utm_campaign=iphone_nyp&amp;utm_source=pasteboard_app,1,0,2025-05-07 00:36:07+00:00,https://reddit.com/r/Nepal/comments/1kgken5/mugshot_of_prasan_nepa_leonidas_varagiannis_aka/,
Nepal,1kgk100,Escalation of ind and pak comfict,Arockstar11,,9,7,2025-05-07 00:17:27+00:00,https://reddit.com/r/Nepal/comments/1kgk100/escalation_of_ind_and_pak_comfict/,Politics/राजनीति
Nepal,1kgjiob,"🇳🇵 “Nepal 2100, the Asian Superpower?” Manifesto Is Coming in 15 Days. Here’s Why I’m Dead Serious.",GenZRevolutionary,,1,1,2025-05-06 23:52:48+00:00,https://reddit.com/r/Nepal/comments/1kgjiob/nepal_2100_the_asian_superpower_manifesto_is/,Discussion/बहस 
Nepal,1kghvtj,India-Pakistan War| What's next?,RollWorried4229,,1,0,2025-05-06 22:37:11+00:00,https://reddit.com/r/Nepal/comments/1kghvtj/indiapakistan_war_whats_next/,Question/प्रश्न
Nepal,1kghlo1,Is this scam or I am just tripping . Mbbs in Nepal.,yellowlayys,"Yo hello neighbours 😭 
Proloque: read kar lena thora bada context hai to madad kar dena iss lachar ki mitron.

Yours truly Another hopium addicted survivor.

Mec is the nta equivalent.

Basically from all the official sources of mbbs abroad I could get on nepal and stuff (please don't kill me I am just researching I am in pinch my bad if you think mbbs abroad people are shit. I am sorry). So I was saying using every source and chatgpt deep search and aistudios deep search and etc etc.

1. You register mec then you fill form and then neet score then you get a councelling date and then you visit Katmandu office you tell them this college if there is seat reaminanin you get it if not say different college. The councelling number is rank based so like first the nepal national who gave neet equivalent and merit based. Second the neet score wale . These are also ranked on the basis of neet marks more neet marks you are on top of list. BUT THE MAIN PROBLEM IS THIS GUY SAYS YOU COULD PAY 5 LAC AND GET A SEAT. ISNT THIS A SCAM. I even asked gtp and bro said that is kinda sus, anything that's isn't in the mec counselling official could result in loss of money. Basically this is what gtp said and I also confirmed that gov has set a limit to the fees of colleges and anything beyond that is illegal. Idk if anyone is studying there please confirm.
Gtp deepsearch. Official MEC Admissions: Indian students must clear NEET and follow Nepal's Medical Education Commission (MEC) admission process. All MBBS seats (Kathmandu University affiliates and BPKIHS) are allocated centrally by MEC through the MECEE-BL exam and counseling. For example, MEC's 2024/25 academic calendar shows the UG entrance exam held in mid-August 2024, results by late August, online choice-filling by mid-September, and final admissions by mid-December. Foreign candidates can apply under Subcategory I (take the MEC exam) or Subcategory II (use their NEET/national exam score). In both cases, no seat is booked before the exam results - allocation is done via MEC's merit-based matching.

Example: MEC's official notice (24 Oct 2024) scheduled foreign (Subcategory II) MBBS matching on 27-29 Oct 2024 and set admission confirmation from 10-14 Nov 2024 [14t]. In practice, the MEC ""open house"" matching allocates leftover seats (often for those with NEET scores) in late Oct-Nov, and only then do students officially book/ purchase seats.

""Pre-booking"" Deposits - Not Official: Some colleges (particularly KU-affiliates) advertise advance deposit schemes. For instance, Kathmandu Medical College (KU-affiliate) published a fee structure requiring a ₹5,00,000 + ₹5,00,000 deposit before MEC's entrance notice. They even state that after MEC's official notice the fee jumps to ~$75-80k USD. However, this ""pre-booking"" is not part of the MEC process. In fact, Nepal's fee regulations set a fixed MBBS ceiling (~NRs 1.34-1.48 million on admission), and any extra charge is illegal. A Kathmandu Post investigation notes colleaes (e.a. Nepalauni. Nobel) .",1,0,2025-05-06 22:24:44+00:00,https://reddit.com/r/Nepal/comments/1kghlo1/is_this_scam_or_i_am_just_tripping_mbbs_in_nepal/,Help/सहयोग
Nepal,1kgh4yr,"Nepal trip, exploring help",Own-Bite-9304,,1,0,2025-05-06 22:04:27+00:00,https://reddit.com/r/Nepal/comments/1kgh4yr/nepal_trip_exploring_help/,Question/प्रश्न
Nepal,1kggtse,Nuclear War has come to South Asia. Who will you support?,BandsAndCommas,India has started launching bombs into Pakistan. Pakistan has vowed to retaliate. Both are nuclear powers. It will soon turn into a proxy war. Nepal will have to choose a side or close the border from large amount of Indian refugees. Thoughts?,1,0,2025-05-06 21:51:26+00:00,https://reddit.com/r/Nepal/comments/1kggtse/nuclear_war_has_come_to_south_asia_who_will_you/,Discussion/बहस 
Nepal,1kggpx0,Barca VS Inter was better than Segggs,wave--god,Absolute goosebumps. Football Won it guys. Being Barca fan is tough,1,0,2025-05-06 21:46:57+00:00,https://reddit.com/r/Nepal/comments/1kggpx0/barca_vs_inter_was_better_than_segggs/,Discussion/बहस 
Nepal,1kggntb,Barca VS Inter was better than S*x,wave--god,,1,1,2025-05-06 21:44:25+00:00,https://reddit.com/r/Nepal/comments/1kggntb/barca_vs_inter_was_better_than_sx/,Discussion/बहस 
Nepal,1kggldw,Barca VS Inter was better than sex,wave--god,,1,1,2025-05-06 21:41:30+00:00,https://reddit.com/r/Nepal/comments/1kggldw/barca_vs_inter_was_better_than_sex/,Discussion/बहस 
Nepal,1kgg8w0,Was Nepal ever part of Tibet?,Practical-Chest-1996,I was reading autobiography of Dalai lama and came across this where he claims vast majority of Nepal used to be part of Tibet. Is this even true? As far as I know Nepal was never part of Tibet.,0,14,2025-05-06 21:26:57+00:00,https://reddit.com/r/Nepal/comments/1kgg8w0/was_nepal_ever_part_of_tibet/,Question/प्रश्न
Nepal,1kgffq8,Late night thoughts and music?,[deleted],,1,0,2025-05-06 20:53:20+00:00,https://reddit.com/r/Nepal/comments/1kgffq8/late_night_thoughts_and_music/,Music/सङ्गीत
Nepal,1kgfd78,Late night thoughts and music?🎵 🎶,[deleted],,1,1,2025-05-06 20:50:26+00:00,https://reddit.com/r/Nepal/comments/1kgfd78/late_night_thoughts_and_music/,Music/सङ्गीत
Nepal,1kgeet5,NEB ko grading up garne examination dinu nasakda kasto result aauchha hola?,curiouscat0001,"Mero 2074 ko +2 ho. Tesko accounting subject maa D aayeko thiyo jasko kaaran maile tyo bela transcript paayeko thyina kinaki tyo year ko D bhanya fail thiyo. Maile padhai lai testo dherai focus garina ra I started doing something else.

Yo year chai maile tyo subject ko grading up garnu paryo bhanera form bharera submit garidiye. Exams ta start bhayo. Tara malai lagdaina ki ma tesko exam dina pauchhu.

So aba exam dinu nasakeko khanda maa mero results maa k aaucha hola? D nai aaune hoki? Feri D bhanya ahile ta pass rahechha ra transcipt pani paaune rahechha. Ki absent hune ho ki. Kasailai kehi jaankaari bhaye dinu hola. Thank you.",1,0,2025-05-06 20:11:35+00:00,https://reddit.com/r/Nepal/comments/1kgeet5/neb_ko_grading_up_garne_examination_dinu_nasakda/,Help/सहयोग
Nepal,1kgcqrt,I am doing MBBS.What should I do to earn money from now?,Intelligent_Weight66,,1,1,2025-05-06 19:03:33+00:00,https://reddit.com/r/Nepal/comments/1kgcqrt/i_am_doing_mbbswhat_should_i_do_to_earn_money/,
Nepal,1kgbqih,Kathmandu to Muktinath AC bus,iqra_00,"I'm planning to visit NEPAL in the upcoming days. Will be heading to Muktinath from Kathmandu directly by bus. Basically I'm looking for a comfortable AC bus that will take me there within 17~18hrs.

I found these 3 options in the 12Go app. My question is, does the Ghoda Ghodi 2x2 Sofa Deluxe has AC? If not, then are there any other better bus options?",1,0,2025-05-06 18:22:57+00:00,https://reddit.com/r/Nepal/comments/1kgbqih/kathmandu_to_muktinath_ac_bus/,Help/सहयोग
Nepal,1kgar23,"Indian planning first trek in Nepal – not Everest, just want an Everest-like experience. Suggestions?",Shot-Advertising-751,"Hi everyone! 👋

I’m from India and planning my first trekking trip to Nepal. I’m not looking to climb Mt. Everest itself, but I really want to experience the Himalayas, get great mountain views, and feel the vibe of a serious trek—something close to Everest but more realistic and beginner-friendly.

Here’s a bit about me:

I’ve never done high-altitude trekking before, but I’m fit and motivated.

I can spare 8–12 days.

Prefer a mix of natural beauty, some challenge, and maybe cultural exposure.

I’ve heard about Everest Base Camp, Annapurna Base Camp, Mardi Himal, and Gokyo Lakes, but not sure what’s best for a first-time trekker from India.

Would love suggestions for:

The best trek for this type of experience

Costs (permits, food, accommodation, guides)

Whether I need to book with a company or can plan it myself

Tips for first-timers!

Thanks in advance! 🙏 I really appreciate any help you can give.",1,0,2025-05-06 17:43:55+00:00,https://reddit.com/r/Nepal/comments/1kgar23/indian_planning_first_trek_in_nepal_not_everest/,Travel/यात्रा
Nepal,1kgado1,POV of Cybersecurity Professional on Recent Hacks,icontrolpolitics,"You all might have heard about recent database hacks of Nepal Police, the same hacker have hacked Nepal’s NationalGeoPortal, Government Schools Database, Datas of 150,000 Patients and more. Why am i saying this?

This is not a full scale hack or any attacks its just Nepal’s websites are not configured correctly and anyone can get access to most of the websites just by tempering url, the directory are not protected, the datas are not protected. Just a url and some small changes to it will compromise all of your datas. how i know this?

I got to know this from one of my friends, anyone who understands URL and its workings can easily get access to datas without full scale hacking attack its that simple.",1,0,2025-05-06 17:29:13+00:00,https://reddit.com/r/Nepal/comments/1kgado1/pov_of_cybersecurity_professional_on_recent_hacks/,Discussion/बहस 
Nepal,1kg9utm,The conspiracy theory that didn't let me sleep during my childhood days,Few_Positive7516,,1,1,2025-05-06 17:08:24+00:00,https://reddit.com/r/Nepal/comments/1kg9utm/the_conspiracy_theory_that_didnt_let_me_sleep/,
Nepal,1kg9szg,Best phone for 30k in Nepal?,Cla_m,"What's the best phone in Nepal for the budget of 30k? Personally thinking about the One Plus Nord 4 CE 5G Lite.

Please drop in your suggestions! Also where could I get them? Phone prices so uncertain these days in Nepal",1,1,2025-05-06 17:06:21+00:00,https://reddit.com/r/Nepal/comments/1kg9szg/best_phone_for_30k_in_nepal/,Technology/प्रविधि
Nepal,1kg9sbe,"In Nepal, patient counselling is a myth !",Kitchen_Night_7067,"I'm an MBBS student, and today I came across a TB patient in our hospital. The patient was completely unaware of his condition TB lagya cha matra thaa vayera ta vayena ni , TB vanya k ho pani tya thaa huna paryo). The doctor had told him, “Testo kei infection vako chaina"", what!?La thik cha yo vannu pani thikai ho patient lai mentally strong rakhna tara at least aafulai k vaako cha tesko ta ramro sanga gyan hunu paryo aafno ek dui minutes ta dinu paryo patient lai ramro sanga bujhauna .Aba symptoms start vaisakya cha TB ko vanesi ta aba it's highly infectious ni ta suru ma ta.. 2-3 hapta separated nai basna parcha ki, k k khanu parcha , k k khanu hunna kei chaina. Sirf liver function test garaunus 2 hapta pachi thats it. 

No one explained how TB spreads, what precautions to take, what to eat, or what not to do. 

I've hardly ever seen doctors actually counsel their patients. Most of the time, they just write a prescription and move on. There's rarely any effort to explain the diagnosis, treatment plan, possible side effects, or necessary lifestyle changes. It's like patient education doesn’t even exist in our healthcare system. I blame the healthcare system more for it rather than the doctors.

Our health care system never ceases to shock me! The level of negligence is unbelievable. Our healthcare system is so messed up. Just because a doctor sees a large number of patients in a day doesn’t make them a good doctor. The misconception that quantity equals quality is dangerous.",1,0,2025-05-06 17:05:37+00:00,https://reddit.com/r/Nepal/comments/1kg9sbe/in_nepal_patient_counselling_is_a_myth/,Education/शिक्षा
Nepal,1kg9d6a,is orient a level in basundhara a good college?,Electronic_Fix_4460,can y'all tell me the fee spent in a year with all the exams and shit included?And pls do tell how the teachers are there and overall its strictness .If I go there should I take science or non science?(I didn't take opt maths),1,0,2025-05-06 16:49:00+00:00,https://reddit.com/r/Nepal/comments/1kg9d6a/is_orient_a_level_in_basundhara_a_good_college/,
Nepal,1kg9d2c,Solo Annapurna Circuit Trek,_explorer___,,1,0,2025-05-06 16:48:53+00:00,https://reddit.com/r/Nepal/comments/1kg9d2c/solo_annapurna_circuit_trek/,
Nepal,1kg8uv4,My day today before I sleep,Tricky-Control9556,"It was 6:30 in the morning when I left my home in Lagankhel. The sky was still sleepy, pale with a hint of blue, and the streets were slowly waking up. I had a flight to Pokhara at 9:15 AM, and my backpack felt heavier with excitement than with clothes.

I hopped onto a Sajha Yatayat bus heading toward Ratnapark. The windows were foggy from the inside, and I wiped a small circle with my sleeve to see the world outside. We passed through Jawalakhel, where the dogs were still stretching after their night watch, and vendors were setting up their stalls. It smelled like fresh aalu chop and early morning dew.

At Tripureshwor, I saw a couple holding hands—silent, but smiling at each other like the world didn’t exist beyond them. That kind of love, I thought, only grows in moments like this—ordinary places, extraordinary silences.

I got down at Ratnapark and took a cab to the airport. The driver was an old man with a warm smile and a deep love for Narayan Gopal songs. He played ""Euta Manchhe Ko Maya Le Kati"" on the stereo, and I hummed along, looking out at the city I grew up in. I told him I was going to Pokhara to meet my friends for a short break. He nodded, ""Jindagi ma yestai chhoto yatra haru le thulo samjhana bancha."" I smiled. He was right.

As we reached the airport, I watched planes take off, slicing through the morning sky. My heart felt light. After checking in, I sat by the big glass windows with a cup of milk tea. A child nearby was pointing at planes and laughing, eyes wide with wonder. I remembered my first flight—how magical it all felt. That magic hadn’t left me.

When I boarded the plane, I took a window seat. The Kathmandu Valley looked like a faded watercolor from above. I took a deep breath, closed my eyes, and whispered to myself, ""Yo pal lai samjhi rakhnuhos... because these are the moments that make life feel full.""

And just like that, the city faded behind me—but the feeling stayed.

Embrace the moment. Always.",1,0,2025-05-06 16:28:24+00:00,https://reddit.com/r/Nepal/comments/1kg8uv4/my_day_today_before_i_sleep/,Rant/गुनासो
Nepal,1kg8sk9,Any Kurt Cobain Fans here?!,Tricky-Control9556,,1,1,2025-05-06 16:25:49+00:00,https://reddit.com/r/Nepal/comments/1kg8sk9/any_kurt_cobain_fans_here/,
Nepal,1kg8s37,any fans of kurt cobain here ?? 🇳🇵,Tricky-Control9556,,1,1,2025-05-06 16:25:18+00:00,https://reddit.com/r/Nepal/comments/1kg8s37/any_fans_of_kurt_cobain_here/,
Nepal,1kg8n5f,need old cpu around 4k or lower i will negotiate according to cpu/laptop tho,miku-chwan,"must be working

just need one old cpu must be duo core or higher (laptop also works)",1,0,2025-05-06 16:19:42+00:00,https://reddit.com/r/Nepal/comments/1kg8n5f/need_old_cpu_around_4k_or_lower_i_will_negotiate/,
Nepal,1kg8kdq,Finding good colleges along with hostel as well,RemarkableNothing597,"Hello guys k vannu yr ma Eti confused ani lost feel gardeixu I don’t know what the  should I do na koi ktm ma chinne manxey na ta sathi naii xa

If you guys know your brother or if you are yourself that person I need friend in kathmandu with same stream (pcm) science stream lera padhne ani hostel ma basne cause mero ghar ktm ma xaina

So if you guys know then it will help me a lot

WHAT I NEED nice hostel with affordable price

College I want to go is in basundhara it’s Herald college so if you guys could give me any kinds of idea it would be amazing

Thank you",1,0,2025-05-06 16:16:27+00:00,https://reddit.com/r/Nepal/comments/1kg8kdq/finding_good_colleges_along_with_hostel_as_well/,
Nepal,1kg8g47,How can i get rid of these red bump on my arm and back,[deleted],,19,16,2025-05-06 16:11:43+00:00,https://reddit.com/r/Nepal/comments/1kg8g47/how_can_i_get_rid_of_these_red_bump_on_my_arm_and/,Help/सहयोग
Nepal,1kg8dem,dating nepali guys who just came from nepal....,HotConclusion6174,,1,1,2025-05-06 16:08:44+00:00,https://reddit.com/r/Nepal/comments/1kg8dem/dating_nepali_guys_who_just_came_from_nepal/,
Nepal,1kg86vd,Introducing MeroSub. Monetize your Content Online From Nepal 🇳🇵,Tricky-Control9556,,1,1,2025-05-06 16:01:26+00:00,https://reddit.com/r/Nepal/comments/1kg86vd/introducing_merosub_monetize_your_content_online/,
Nepal,1kg7u8q,I am done with this stupidity,Pathetic_yapper,,1,1,2025-05-06 15:47:33+00:00,https://reddit.com/r/Nepal/comments/1kg7u8q/i_am_done_with_this_stupidity/,Covid-19
Nepal,1kg7q90,Have you Joined Nepal's Most Exclusive Adult Community⭐️ BabesNepal ?,Tricky-Control9556,"Join now. Just google Search ""BabesNepal""

Thank me later (kandahub dot com for discord)",1,0,2025-05-06 15:43:09+00:00,https://reddit.com/r/Nepal/comments/1kg7q90/have_you_joined_nepals_most_exclusive_adult/,Question/प्रश्न
Nepal,1kg7hh5,"Mt. Gaurishankar, Tsho Rolpa Trek",Infinite-Frame-4389,"Gaurishankar Himal as seen en route to Tsho Rolpa, Dolakha.",1,0,2025-05-06 15:33:29+00:00,https://reddit.com/r/Nepal/comments/1kg7hh5/mt_gaurishankar_tsho_rolpa_trek/,Travel/यात्रा
Nepal,1kg7fjf,Art supplies in KTM near Lazimpat ?,444_lemons,,1,0,2025-05-06 15:31:19+00:00,https://reddit.com/r/Nepal/comments/1kg7fjf/art_supplies_in_ktm_near_lazimpat/,Help/सहयोग
Nepal,1kg7cm7,How to learn Nepali as a Indian,IndependentPension36,,1,0,2025-05-06 15:28:05+00:00,https://reddit.com/r/Nepal/comments/1kg7cm7/how_to_learn_nepali_as_a_indian/,Help/सहयोग
Nepal,1kg75gy,How hard is to get student visa (Australia🇦🇺),Plenty-Repair-7773,,1,1,2025-05-06 15:20:14+00:00,https://reddit.com/r/Nepal/comments/1kg75gy/how_hard_is_to_get_student_visa_australia/,
Nepal,1kg75b3,How hard is to get student visa (Australia🇦🇺),Plenty-Repair-7773,,1,1,2025-05-06 15:20:02+00:00,https://reddit.com/r/Nepal/comments/1kg75b3/how_hard_is_to_get_student_visa_australia/,
Nepal,1kg6phf,"Does any one know where exactly is this Love Garden in Pulchowk, lalitpur?",meiyei_,,1,1,2025-05-06 15:02:32+00:00,https://reddit.com/r/Nepal/comments/1kg6phf/does_any_one_know_where_exactly_is_this_love/,
Nepal,1kg6l90,Which Nepali eWallets can be loaded with money from Indian credit cards (HDFC - Visa),attractive_toad,,1,1,2025-05-06 14:58:04+00:00,https://reddit.com/r/Nepal/comments/1kg6l90/which_nepali_ewallets_can_be_loaded_with_money/,
Nepal,1kg6c4h,Do you recommend vaping ?,Fantastic_Position_1,"Occasional smoker here ..trying to quit . 

Need your insights on this . 

Cig chodera vape garna khojeko for some time .",1,0,2025-05-06 14:47:20+00:00,https://reddit.com/r/Nepal/comments/1kg6c4h/do_you_recommend_vaping/,Help/सहयोग
Nepal,1kg69md,Why is it that the songs that go viral in Nepal across platforms like Instagram and Tiktok always so bad?,Away_Explanation4986,"I hate the direction that music has taken in Nepal  
It's been a forever since I have seen good songs get any attention in the Nepali media. Most of the songs that get attention target to a certain audience with a certain attention span across short form platforms. Most of the songs that go viral are bad beyond description, lacking any lyrical or production value. The so called lok dohori songs, teej songs and typical Nepali folk songs are mostly the same stuff over and over again, new stuff and experimental music is not given any credit at all.  
Songs like Timi nacha na, Dushman hereko herai, Daryam daryam, and Hyatterika saili are exactly what music should not be.  
Artists like Sushant KC and Sajjan Raj Vaidya that had their own special thing have become more commercial.  
It feels like I have to rely entirely on older songs if I want to listen to good Nepali songs.  
That's my take on it, drop your opinion",1,0,2025-05-06 14:44:30+00:00,https://reddit.com/r/Nepal/comments/1kg69md/why_is_it_that_the_songs_that_go_viral_in_nepal/,
Nepal,1kg5vcx,Ma taw alamla vayie yo kurra ma,Prestigious-Hat6026,Ma raw mero sanno dekhi ko sathi sangai bachelor padhai xam . Hami sathi vayo lagh vagh 15 barsha vayo . Sani dekhi sanghi padhai ayem. Taraw ajkal u clz ayudeiina . Malie phone hanisi matrai vanxa ki ayunna vannera . 5 din taw estai vayoo . 1 din ayuxu vanno paxi ayudeinna . Ani clz ayesi balla vanxa kinna na ayeko vannera. Feri pani 2 din ayenna aja ekdin phone haneko utheyenna.  Abha yo kura  euta sathi sangha phone ma vayoo . Usla sodhyo ki ma tyo saathi sanga bolxaxu ki nai vannera ani malie nai vannne ani kura garda kherri vanne ki u taw clz ayexan 1 haapta jatti . Kaile ayuxa kaile ayunna vannera ani group ma kattai ghummna janni plan vayio tyo phone paxi ani tyo sangai padhhe ko sathi  lai tawi ja vannyo ani double sided vannyo . Ani ma ekdin clz janne uslai vanam ki nai vayooo. Mero galti k xa raw . Mah double sided vayeeee esma. Ani tehyi mathi euta sathi ko birthday ko laghi cake kinne ko paisa ni deyye ko xaina.  Ek taffa kura garda berisaxu vannyo ani paxi paisa vayesi denxu vannyo taraw tyo din kahile ni ayenna.,1,0,2025-05-06 14:28:03+00:00,https://reddit.com/r/Nepal/comments/1kg5vcx/ma_taw_alamla_vayie_yo_kurra_ma/,Help/सहयोग
Nepal,1kg566i,Should we have to pay extra money to build roads near our house?,Vivid_Top_7093,"Hamro ghar cheuko road khane pani ko pipe halna lai bigareko theo, aaba aahile pitch garna lai sab ghar haru sanga paisa magirachan. Yo ta government le aafei handle garna parne haina ra?
location: Budhanilkantha",1,0,2025-05-06 13:58:54+00:00,https://reddit.com/r/Nepal/comments/1kg566i/should_we_have_to_pay_extra_money_to_build_roads/,
Nepal,1kg5084,Air India Infant Baggage Allowance – Is an Extra Carry-On Allowed?,Ajingardev,"I'm traveling from Kathmandu to New York with Air India and just realized that they only allow **10 kg of checked baggage for infants**, unlike the 23 kg allowance on many other international airlines. I checked my ticket, but it's unclear whether an **extra carry-on is allowed specifically for the infant**.

Has anyone traveled internationally with Air India recently? How was their service?

Do they permit an additional carry-on for the infant? For adults, I understand it's the standard **2 checked bags (23 kg each)** and **1 carry-on**, but the infant policy is a bit confusing.

Thanks in advance for any insights!",1,0,2025-05-06 13:51:30+00:00,https://reddit.com/r/Nepal/comments/1kg5084/air_india_infant_baggage_allowance_is_an_extra/,Help/सहयोग
Nepal,1kg4y5d,Am I panauti or will I die soon?,Neither-Potato3514,,1,0,2025-05-06 13:49:03+00:00,https://reddit.com/r/Nepal/comments/1kg4y5d/am_i_panauti_or_will_i_die_soon/,Help/सहयोग
Nepal,1kg4md6,Where can I get this exact specs LOQ Laptop? Can anyone help me?,delphinusmaximus,"I want to buy LOQ laptop with this specifications 
 Can anyone please help me if anyone knows the distributor. 

LENOVO LOQ 15IAX9 | INTEL CORE I5-13450HX | 24GB DDR5 RAM | 1 TB PCIE NVME SSD | NVIDIA® GeForce® RTX 4050 6GB | 15.6 INCH FHD 144Hz DISPLAY",1,0,2025-05-06 13:34:34+00:00,https://reddit.com/r/Nepal/comments/1kg4md6/where_can_i_get_this_exact_specs_loq_laptop_can/,
Nepal,1kg4m23,Cost of dental implant and crown,Livid-Animator24,"Hi dentists (or those working with dentists) in this group, what would a dental implant and crown costs in Nepal in average? 

Pahila kasaile garnu vako vaye, kati expenses lageko thyo? 

Appreciate your help in advance!",1,0,2025-05-06 13:34:11+00:00,https://reddit.com/r/Nepal/comments/1kg4m23/cost_of_dental_implant_and_crown/,Question/प्रश्न
Nepal,1kg4l65,Looking to Buy Second-Hand GRE Official Books (Kathmandu),Plastic-Energy9625,"Hey everyone! I'm preparing for the GRE and looking to buy second-hand GRE official books (ETS materials preferred). If anyone in Kathmandu has a set in good condition and is willing to sell, please let me know. Would really appreciate it. Thanks in advance!",1,0,2025-05-06 13:33:09+00:00,https://reddit.com/r/Nepal/comments/1kg4l65/looking_to_buy_secondhand_gre_official_books/,
Nepal,1kg3prb,Mero baba ra mummy ko divorce huna lagya xa and its affecting me!!!,Strong_Guard1207,,1,1,2025-05-06 12:53:14+00:00,https://reddit.com/r/Nepal/comments/1kg3prb/mero_baba_ra_mummy_ko_divorce_huna_lagya_xa_and/,
Nepal,1kg3knv,What online job are available in Nepal?,austin_red012,I study in bbs 3rd year. Part-time ma online job garum bhaneko Nepal ma k k opportunities xa ra kashari apply garne. Ani General requirement k k hunxa.,1,0,2025-05-06 12:46:05+00:00,https://reddit.com/r/Nepal/comments/1kg3knv/what_online_job_are_available_in_nepal/,Question/प्रश्न
Nepal,1kg3jx5,Looking for a good friend in this generation...,casual_-_user,,1,1,2025-05-06 12:45:06+00:00,https://reddit.com/r/Nepal/comments/1kg3jx5/looking_for_a_good_friend_in_this_generation/,Help/सहयोग
Nepal,1kg3jus,Aile bachelor level 1st year KO admission linxan hola ta??,Cute_Swan4657,,1,1,2025-05-06 12:45:01+00:00,https://reddit.com/r/Nepal/comments/1kg3jus/aile_bachelor_level_1st_year_ko_admission_linxan/,
Nepal,1kg3itx,Jeep from Kathmandu to Salleri  08.05.,Ramen_OnTheRocks,"Hello, I want to ask if there are 2-3 people that would be down to share a jeep on that day. 
Me and a friend want to get our own jeep so we can go with 4-5 people instead of 10 people in a jeep. (To start Everest track) 

Someone interested in that?",1,0,2025-05-06 12:43:37+00:00,https://reddit.com/r/Nepal/comments/1kg3itx/jeep_from_kathmandu_to_salleri_0805/,Help/सहयोग
Nepal,1kg3cg5,Something interesting hope you enjoy,Plus-Bee-2529,I am an student in Japan . And I am a second semester i wanted to learn about the culture and costumes and how safe is Japan so I walked to Osaka from my university town were I am currently studying . It’s a distance around 700 km I made a vlog about it . If r/nepal have any one who want to see a Japan without the light and exposure of light that influencer show i will love to share the link to the channel and i can have subscribe too win win,1,0,2025-05-06 12:34:44+00:00,https://reddit.com/r/Nepal/comments/1kg3cg5/something_interesting_hope_you_enjoy/,Help/सहयोग
Nepal,1kg3836,PC BUILD For Rs. 215k in Nepal,Opposite-Spinach-802,I have a budget of 215k rs. I want to build a best performing gaming pc with monitor. What are some sites that give the best deals and price? Also recommend me parts and monitor.,1,1,2025-05-06 12:28:37+00:00,https://reddit.com/r/Nepal/comments/1kg3836/pc_build_for_rs_215k_in_nepal/,Technology/प्रविधि
Nepal,1kg32bb,Baneshowr multiple campus ma center loose xa ki tight?,zoro_with_googlemap,,1,1,2025-05-06 12:20:27+00:00,https://reddit.com/r/Nepal/comments/1kg32bb/baneshowr_multiple_campus_ma_center_loose_xa_ki/,
Nepal,1kg2ewa,Struggling with Pimples in Nepal? Here’s What Actually Works,Impressive_Film_1590,,1,0,2025-05-06 11:46:41+00:00,https://reddit.com/r/Nepal/comments/1kg2ewa/struggling_with_pimples_in_nepal_heres_what/,
Nepal,1kg2e5g,Struggling with Pimples in Nepal? Here’s What Works,Impressive_Film_1590,,1,0,2025-05-06 11:45:33+00:00,https://reddit.com/r/Nepal/comments/1kg2e5g/struggling_with_pimples_in_nepal_heres_what_works/,Help/सहयोग
Nepal,1kg2cpa,Pimples and Acne in Nepal – What Actually Works?,Impressive_Film_1590,,1,0,2025-05-06 11:43:19+00:00,https://reddit.com/r/Nepal/comments/1kg2cpa/pimples_and_acne_in_nepal_what_actually_works/,Discussion/बहस 
Nepal,1kg2aom,"I don't want to be a content creator, but i feel like i could write a content.",Previous_Channel_360,"I can never be an influencer. I never wanted to come in front of the camera. That's just not me. But sometimes, being on the internet makes me feel like I could write content for someone else. I get ideas, I notice patterns, and I start thinking about what I would’ve done differently. I don’t want the spotlight never have but I do want to see how my ideas would work if someone actually used them.
Does anyone else feel this way?",8,3,2025-05-06 11:40:13+00:00,https://reddit.com/r/Nepal/comments/1kg2aom/i_dont_want_to_be_a_content_creator_but_i_feel/,Rant/गुनासो
Nepal,1kg207n,Can I change/remove my surname?,False-Elephant-3234,I wanna get rid of my surname. Is it possible to do it in nepal?,1,0,2025-05-06 11:24:02+00:00,https://reddit.com/r/Nepal/comments/1kg207n/can_i_changeremove_my_surname/,
Nepal,1kg1zoy,TU transcript??????????????,Professional_Tax_393,,1,1,2025-05-06 11:23:10+00:00,https://reddit.com/r/Nepal/comments/1kg1zoy/tu_transcript/,
Nepal,1kg1tw2,12 ko final ma registration no lekhna birsiyo,Fantastic-Ice6574,,3,8,2025-05-06 11:13:28+00:00,https://reddit.com/r/Nepal/comments/1kg1tw2/12_ko_final_ma_registration_no_lekhna_birsiyo/,Help/सहयोग
Nepal,1kg1lkv,Pte ko date book ma mistake,Striking_Ad5445,"Hello guys I need help, so the problem is I told a consultancy to book my Pte exam on 16th of may but today I got notification and got to know that she booked it  for 9th of may. She did told me we can reschedule tara is it possible?",1,0,2025-05-06 10:59:55+00:00,https://reddit.com/r/Nepal/comments/1kg1lkv/pte_ko_date_book_ma_mistake/,
Nepal,1kg1hml,Third party sellers in nepal?,Effective_Art_9600,"I wanted to buy some ai subscription from nepal(claude pro), made dollar card , didnt work out,  
is there any genuine third party sellers you would know",1,0,2025-05-06 10:52:52+00:00,https://reddit.com/r/Nepal/comments/1kg1hml/third_party_sellers_in_nepal/,
Nepal,1kg1gwi,Genuine third party sellers??,Effective_Art_9600,,1,1,2025-05-06 10:51:31+00:00,https://reddit.com/r/Nepal/comments/1kg1gwi/genuine_third_party_sellers/,
Nepal,1kg1f6z,Genuine third party sellers??,Effective_Art_9600,,1,1,2025-05-06 10:48:28+00:00,https://reddit.com/r/Nepal/comments/1kg1f6z/genuine_third_party_sellers/,
Nepal,1kg0vng,"urgent help plz: TU or nepal bhari ma euta particular subject matra padhna paainxa?
help",NoAge215,,1,0,2025-05-06 10:13:18+00:00,https://reddit.com/r/Nepal/comments/1kg0vng/urgent_help_plz_tu_or_nepal_bhari_ma_euta/,Help/सहयोग
Nepal,1kfzizo,SELLING BOOKS FOR A LEVELS,Pixel_Pancakez,,1,1,2025-05-06 08:37:19+00:00,https://reddit.com/r/Nepal/comments/1kfzizo/selling_books_for_a_levels/,
Nepal,1kfzhtv,Getting braces soon feeling scared.,Speed-11,"I am getting or planning to get braces here in nepal.My doctor suggested that I may have to remove my two lower teeth since there is no space.I am afraid that my face will look a bit different if my two lower teeth gets removed.I dont think that my upper teeth needs to be removed.

So please tell me guys who recently removed their lower teeth.Does it change your face alignment a little bit or even more.",1,0,2025-05-06 08:34:56+00:00,https://reddit.com/r/Nepal/comments/1kfzhtv/getting_braces_soon_feeling_scared/,Discussion/बहस 
Nepal,1kfzgi4,The conspiracy theory that didn't let me sleep during my childhood days,Few_Positive7516,,1,1,2025-05-06 08:32:03+00:00,https://reddit.com/r/Nepal/comments/1kfzgi4/the_conspiracy_theory_that_didnt_let_me_sleep/,
Nepal,1kfyzen,I am travelling from abroad. I am looking to sell my brand new iPhone 16 pro max 256/512 GB.,i1suz,,1,1,2025-05-06 07:55:56+00:00,https://reddit.com/r/Nepal/comments/1kfyzen/i_am_travelling_from_abroad_i_am_looking_to_sell/,
Nepal,1kfyxh6,Cheaper iphone pro max 256/512 GB,i1suz,,1,1,2025-05-06 07:51:56+00:00,https://reddit.com/r/Nepal/comments/1kfyxh6/cheaper_iphone_pro_max_256512_gb/,
Nepal,1kfyr3p,Your review on intel bridge course (or any other alternative?),Comfortable-Wall-465,"So I have decided to join bridge course in the hopes that it will help me in entrance and scholarship stuff. I have intel (online) in mind for the course.

Yes, I myself think that bridge courses are kinda scam, or not for a competitive student like me. But still I am trying it so it will help even a bit for entrance like SXC and Sainik.

So are here any students who have took the intel (**online**) bridge course? Is it worth it?",1,0,2025-05-06 07:38:26+00:00,https://reddit.com/r/Nepal/comments/1kfyr3p/your_review_on_intel_bridge_course_or_any_other/,Question/प्रश्न
Nepal,1kfyqum,घरमा बसी बसी मोबाइल चलाएर बिना लगानी आम्दानी गर्न सकिने प्ल्याटफर्म,FormalCold8021,,1,1,2025-05-06 07:37:52+00:00,https://reddit.com/r/Nepal/comments/1kfyqum/घरम_बस_बस_मबइल_चलएर_बन_लगन_आमदन_गरन_सकन_पलयटफरम/,
Nepal,1kfyq3d,My relationship is going well,Academic-Radio-3769,,1,1,2025-05-06 07:36:08+00:00,https://reddit.com/r/Nepal/comments/1kfyq3d/my_relationship_is_going_well/,
Nepal,1kfypqz,About earnings money online,Odd_Conversation7000,,1,1,2025-05-06 07:35:24+00:00,https://reddit.com/r/Nepal/comments/1kfypqz/about_earnings_money_online/,Question/प्रश्न
Nepal,1kfyefn,"Nepali Relatives: Experts in Judging, Useless at Helping",yoursmostcandidly,,1,0,2025-05-06 07:11:51+00:00,https://reddit.com/r/Nepal/comments/1kfyefn/nepali_relatives_experts_in_judging_useless_at/,Rant/गुनासो
Nepal,1kfyahi,Is SEO a good career in Nepal?,Agile_Imagination532,"I’ve been working in the SEO field for more than 4 years, so here’s my honest take.

If you’re planning to work only for Nepali companies, I wouldn’t say SEO is a great career financially. Even[ as seo Expert](https://sujitchaulagain.com.np/seo-specialist-in-nepal/) , the salary usually maxes out at around NPR 50–70K per month. For junior to mid-level roles, it's even lower—usually around 15–30K. That’s the reality in most companies here.

But if you’re aiming to work on foreign projects—either freelance or remote jobs—then SEO can be a solid and high-paying career. Clients abroad value SEO skills more and are willing to pay well if you can deliver results.

So yes, SEO is a good career only if you're thinking beyond the Nepali market. If not, fields like programming or IT generally offer better long-term growth and pay within Nepal. Hope that helps!",1,0,2025-05-06 07:04:31+00:00,https://reddit.com/r/Nepal/comments/1kfyahi/is_seo_a_good_career_in_nepal/,
Nepal,1kfy19p,Returning back to Nepal permanently,Aggravating_End1496,,1,1,2025-05-06 06:46:13+00:00,https://reddit.com/r/Nepal/comments/1kfy19p/returning_back_to_nepal_permanently/,
Nepal,1kfxxqs,About Tarot Reading In Nepal,No-Percentage7410,"Hello Reditors,
Do you guys believe in tarot reading?Is this reallyyyyyyy true? Does it workss???? 
Please let me know in comments &amp; drop me a tarot reader you guys would suggest me :)",1,0,2025-05-06 06:39:00+00:00,https://reddit.com/r/Nepal/comments/1kfxxqs/about_tarot_reading_in_nepal/,Question/प्रश्न
Nepal,1kfxxj2,Pound pound around kathamndu,KingMsd1,"Hi everyone!
I’m looking to exchange some currency — I need British Pounds (£). If anyone has pounds and is willing to exchange or knows a reliable way/place to do it, please let me know. Any help would be greatly appreciated. 
Thanks in advance!",1,0,2025-05-06 06:38:36+00:00,https://reddit.com/r/Nepal/comments/1kfxxj2/pound_pound_around_kathamndu/,Help/सहयोग
Nepal,1kfxr8w,Questions about Nepali Typing in Loksewa Practical Examination,Miretasmay4_16,,1,0,2025-05-06 06:26:02+00:00,https://reddit.com/r/Nepal/comments/1kfxr8w/questions_about_nepali_typing_in_loksewa/,
Nepal,1kfxqh8,About Nepali Typing in Loksewa Practical Examination,Miretasmay4_16,,1,0,2025-05-06 06:24:33+00:00,https://reddit.com/r/Nepal/comments/1kfxqh8/about_nepali_typing_in_loksewa_practical/,Question/प्रश्न
Nepal,1kfxpzl,About Nepali Typing in Loksewa Practical Examination,[deleted],,1,0,2025-05-06 06:23:31+00:00,https://reddit.com/r/Nepal/comments/1kfxpzl/about_nepali_typing_in_loksewa_practical/,Question/प्रश्न
Nepal,1kfxewk,Thai e-visa  aauna kati time lagchha?,jhumrikomote,"Hi, mero arko monday thailand janu parne chha and I managed to apply for thai e-visa today only. Normally kati din lagchha e-visa aauna? The lady at visa center says chances are few and I am scared.",1,0,2025-05-06 06:02:21+00:00,https://reddit.com/r/Nepal/comments/1kfxewk/thai_evisa_aauna_kati_time_lagchha/,Help/सहयोग
Nepal,1kfwngm,"Best laptop unter rs 1,10,000",Intelligent_sanket_1,,2,5,2025-05-06 05:10:31+00:00,https://reddit.com/r/Nepal/comments/1kfwngm/best_laptop_unter_rs_110000/,
Nepal,1kfwkpj,Sapana pura hunna ki kya ho?,LetInternational3523,,1,1,2025-05-06 05:05:31+00:00,https://reddit.com/r/Nepal/comments/1kfwkpj/sapana_pura_hunna_ki_kya_ho/,Relationship/सम्बन्ध
Nepal,1kfwjl7,Sapana pura hunna ki kya ho 🥺,LetInternational3523,,1,1,2025-05-06 05:03:34+00:00,https://reddit.com/r/Nepal/comments/1kfwjl7/sapana_pura_hunna_ki_kya_ho/,Relationship/सम्बन्ध
Nepal,1kfw0jd,Question regarding hair growth,throwawaynep1199,,1,1,2025-05-06 04:30:19+00:00,https://reddit.com/r/Nepal/comments/1kfw0jd/question_regarding_hair_growth/,Help/सहयोग
Nepal,1kfvg8l,Need to know the cost of making one and half floor house. total are is around 40 sqaure meters. all cost.,Particular-Pension47,"I just wanna know the total cost to construct house which is on land which is about 40 square meters, Ana ma kati chha tha chhana. total cost kati jati lagchha. Kathmandu ma ho. nothing fancy. just bare minimums.",1,0,2025-05-06 03:56:49+00:00,https://reddit.com/r/Nepal/comments/1kfvg8l/need_to_know_the_cost_of_making_one_and_half/,
Nepal,1kfvg51,Part time job/assignment offer for students (has to be good in excel),oneusualsuspect,,1,0,2025-05-06 03:56:40+00:00,https://reddit.com/r/Nepal/comments/1kfvg51/part_time_jobassignment_offer_for_students_has_to/,Help/सहयोग
Nepal,1kfvbb8,[image processing failed],[deleted],,1,0,2025-05-06 03:48:47+00:00,https://reddit.com/r/Nepal/comments/1kfvbb8/image_processing_failed/,
Nepal,1kfur7c,"CTEVT Job Ready Program on IT program like web development, Machine learning",0002love,,1,0,2025-05-06 03:17:14+00:00,https://reddit.com/r/Nepal/comments/1kfur7c/ctevt_job_ready_program_on_it_program_like_web/,Question/प्रश्न
Nepal,1kfunp0,Private space in Bharatpur,MinimumAd4651,"Hi everyone, Can you guys recommend some good places like restaurants , cafe where there is private space for couples. Like private cabin with door or something like that because some random person pulls certain in every 1 minutes lol.

 Also, Please recommend some good places for date where there won't be much public.",1,0,2025-05-06 03:11:50+00:00,https://reddit.com/r/Nepal/comments/1kfunp0/private_space_in_bharatpur/,
Nepal,1kfuljg,Advice on Picking laptop in Nepal,ujayalo-adt,"Suggest me a Laptop with in 80-90 k for best performance  for data data analytics .

Your Advice will be very Helpful !!!",1,0,2025-05-06 03:08:37+00:00,https://reddit.com/r/Nepal/comments/1kfuljg/advice_on_picking_laptop_in_nepal/,Help/सहयोग
Nepal,1kfuhr6,Quality Skateboard to buy in Kathmandu?,4life4juice,,1,0,2025-05-06 03:02:59+00:00,https://reddit.com/r/Nepal/comments/1kfuhr6/quality_skateboard_to_buy_in_kathmandu/,
Nepal,1kftg4h,"Anyone have experience in jupyter notebook, datasets, etc?",Big_Equivalent_9985,,1,1,2025-05-06 02:08:35+00:00,https://reddit.com/r/Nepal/comments/1kftg4h/anyone_have_experience_in_jupyter_notebook/,
Nepal,1kft6vt,"Any have experience in jupyter notebook, yfinance, and datasets?",Proof-Meal-349,,1,1,2025-05-06 01:55:53+00:00,https://reddit.com/r/Nepal/comments/1kft6vt/any_have_experience_in_jupyter_notebook_yfinance/,
Nepal,1kfsztl,Is someone can help me to receive money through KTT payment methods?,West_Inspection1317,,1,1,2025-05-06 01:45:35+00:00,https://reddit.com/r/Nepal/comments/1kfsztl/is_someone_can_help_me_to_receive_money_through/,
Nepal,1kfszj7,Library Near Kalanki or Kalimati,This_Table_7364,yesso kalimati wa kalanki ko najik kunai public library xa bhane bhanau na,1,0,2025-05-06 01:45:08+00:00,https://reddit.com/r/Nepal/comments/1kfszj7/library_near_kalanki_or_kalimati/,
Nepal,1kfsvet,Any nepali nurses or nursing students in USA?,Smooth_Enthusiasm_87,,1,0,2025-05-06 01:39:09+00:00,https://reddit.com/r/Nepal/comments/1kfsvet/any_nepali_nurses_or_nursing_students_in_usa/,Help/सहयोग
Nepal,1kfsu6z,How to secure funding for Olympiad participation?,ImmediateGuitar4909,,1,0,2025-05-06 01:37:22+00:00,https://reddit.com/r/Nepal/comments/1kfsu6z/how_to_secure_funding_for_olympiad_participation/,Help/सहयोग
Nepal,1kfsf2v,Weekly abroad studies and immigration queries,AutoModerator,"Ask your question related to abroad studies.

Ask you question about immigration to greener pasture.

Rant about the process.

[Previous Threads Collection](https://www.reddit.com/r/Nepal/collection/8622cbf3-250b-4c81-b8fa-b1aba984012a)",1,0,2025-05-06 01:15:45+00:00,https://reddit.com/r/Nepal/comments/1kfsf2v/weekly_abroad_studies_and_immigration_queries/,Megathread
Nepal,1kfq994,Highway to Everest status ?,deltaval4p,,1,0,2025-05-05 23:30:15+00:00,https://reddit.com/r/Nepal/comments/1kfq994/highway_to_everest_status/,Help/सहयोग
Nepal,1kfngou,Versatile Designer Wanted,Few_Violinist_2879,,1,0,2025-05-05 21:26:01+00:00,https://reddit.com/r/Nepal/comments/1kfngou/versatile_designer_wanted/,
Nepal,1kfmw8k,Can we promote another subreddit for nepali people here?,luffy-hokage,,1,1,2025-05-05 21:03:09+00:00,https://reddit.com/r/Nepal/comments/1kfmw8k/can_we_promote_another_subreddit_for_nepali/,Promotion/प्रवर्धन
Nepal,1kfm7w4,Searching tool / machine for making momo at home,Flat-Raspberry-7496,"Hey everyone,  
I'm looking for some kind of help or machine to make momos. I've already tried or seen a bunch of tools and machines, but most of them either don't really work well or don't make the process any faster. I know handmade momos taste the best, but after a while it just gets really exhausting.  
Has anyone here found a good solution—especially for the folding part?",1,0,2025-05-05 20:35:59+00:00,https://reddit.com/r/Nepal/comments/1kfm7w4/searching_tool_machine_for_making_momo_at_home/,
Nepal,1kfm4co,I have budget around 200k-230k. Where should I build custom pc in Nepal?,InfiniteAside333,"I want to build a gaming based pc. Im skeptical about 4060ti, if possible i'd prefer 4070. Kun components kata kinna hunxa hola components? Help please.",1,0,2025-05-05 20:32:03+00:00,https://reddit.com/r/Nepal/comments/1kfm4co/i_have_budget_around_200k230k_where_should_i/,Help/सहयोग
Nepal,1kfl12z,Advice for Annapurna Circuit in June,FloorIllustrious5304,Hiya! I’m booked to do a shortened version of the Annapurna circuit in the first two weeks of June. I’m a little concerned because it’ll be the start of monsoon season too… Is this a bad idea?,1,0,2025-05-05 19:48:31+00:00,https://reddit.com/r/Nepal/comments/1kfl12z/advice_for_annapurna_circuit_in_june/,
Nepal,1kfklnn,dating nepali guys who just came from Nepal...,HotConclusion6174,,1,1,2025-05-05 19:31:17+00:00,https://reddit.com/r/Nepal/comments/1kfklnn/dating_nepali_guys_who_just_came_from_nepal/,
Nepal,1kfj8yy,Best school around Baneshwor area for class 9?,TourZealousideal9609,,1,0,2025-05-05 18:37:59+00:00,https://reddit.com/r/Nepal/comments/1kfj8yy/best_school_around_baneshwor_area_for_class_9/,Question/प्रश्न
Nepal,1kfj6ll,Best school around Baneshwor area for class 9?,HiddenGem7445,,1,1,2025-05-05 18:35:20+00:00,https://reddit.com/r/Nepal/comments/1kfj6ll/best_school_around_baneshwor_area_for_class_9/,
Nepal,1kfid5t,Let’s talk about ghost guys,me-marsh-1234,,1,1,2025-05-05 18:03:09+00:00,https://reddit.com/r/Nepal/comments/1kfid5t/lets_talk_about_ghost_guys/,
Nepal,1kfi7f3,How can I close my old Facebook account without access?,AdolfGandhii,"I have an old Facebook account from school days floating around with some cringy stuff I'd rather not have out there. Don't even use Facebook much nowadays, with my own account locked but this old account remains at large and I don't have access to it anymore (no password or recovery options). Is there any way to close it permanently? Have you guys faced similar situations or had the problem sorted? 

- 𝒹𝒽𝒶𝓃𝓎𝒶𝓌𝒶𝒶𝒹",1,0,2025-05-05 17:57:08+00:00,https://reddit.com/r/Nepal/comments/1kfi7f3/how_can_i_close_my_old_facebook_account_without/,Help/सहयोग
Nepal,1kfhs71,how to build ur career as a trader in nepal,wolalaa,"so anyone who has experience in this .. can anyone give me some tips and tricks i just know basics and wanna trade in nepse as aru testo kei xaina nepal ma trading ko lagi... if xa vane please let me know ani youtube ma videos ne tannai herxu but now can anyone guide me here  more ani share their some experience koi professional trader hunuhunxa yaha..........

  
ani tyo euta paper trading app ne raixa tya ne join ta vako thiye bruhh people have made like 6ook 800k from 100k in like a week or 2 ... ke kei glitch vayera testo va ho idk but leaderboard ma dekhya thiye testai professional trader kasari huni...

I wish tyo app ma chat ko ne option hunthiyo to chat with the ones who are leading the market...

  
ani yo capital haruma job garyo vane halka knowledge hunthiyo hola tya chai kasari jani k k sikna parxa anyone here????",1,0,2025-05-05 17:40:10+00:00,https://reddit.com/r/Nepal/comments/1kfhs71/how_to_build_ur_career_as_a_trader_in_nepal/,
Nepal,1kfhnxq,Undergraduate degree: Nepal or Abroad?,hereforstorie,"I am facing a big dilemma regarding whether I should complete my undergrad in Nepal or study at a foreign university abroad. I wholeheartedly wanted to move abroad as soon as I completed my highschooI but now that I'm 18, I have started to understand the struggle and hardship our दिदी and दाई have to face abroad, which I am not mature enough to tackle yet. On the other hand, if I do decide to stay in Nepal, I will be missing out on so many wonderful opportunities abroad that would help me grow.",1,0,2025-05-05 17:35:31+00:00,https://reddit.com/r/Nepal/comments/1kfhnxq/undergraduate_degree_nepal_or_abroad/,Discussion/बहस 
Nepal,1kfhlbb,"The difference between our generation and there's is, They don't know what situations ship is.",nikhilxettri,,1,0,2025-05-05 17:32:34+00:00,https://reddit.com/r/Nepal/comments/1kfhlbb/the_difference_between_our_generation_and_theres/,
Nepal,1kfhjr0,In and Around Patan Durbar Square,code_platinum,These are some of my favourite pictures captured during an afternoon stroll in the Patan Durbar Square area. Its always great to look for interesting subjects and trying to capture it in the right frame.,1,0,2025-05-05 17:30:52+00:00,https://reddit.com/r/Nepal/comments/1kfhjr0/in_and_around_patan_durbar_square/,Picture/तस्वीर
Nepal,1kfhidh,Should I Learn Sketchup at Naksa hub or Pts cad expert (india),Impossible-Nebula-87,"As per title i'm considering taking either the PTS CAD or Naksa Hub course. Has anyone here taken either one? I noticed PTS CAD is much cheaper than Naksa Hub.""",1,0,2025-05-05 17:29:31+00:00,https://reddit.com/r/Nepal/comments/1kfhidh/should_i_learn_sketchup_at_naksa_hub_or_pts_cad/,
Nepal,1kfhg0t,"nepal in २० years, positive",[deleted],,1,0,2025-05-05 17:27:00+00:00,https://reddit.com/r/Nepal/comments/1kfhg0t/nepal_in_२०_years_positive/,
Nepal,1kfgv1c,"Hamropatro was a necessary evil, now unusable",youNeed2p,"tldr:  the ads have become so intrusive and annoying, I've decided to uninstall it from parent's phone. check your parents phone too.

I've taught my parents to use Hamro-patro and they use it for radio, bbc, ujyaalo, kantipur, calendars and some times news from notifications. i've taught them to check for ekadashi, purnima, etc. on the app itself, as they are quite religious. Its not new habit, they have been using the app for many years now.

Recently, I saw my mother use Hamro-patro for radio/news (not sure) and when she opened, an annoying ad appeared and out of her habit she pressed install. (My mom is not so tech literate to identify ads, so she presses whatever to skip, as with many Nepalese i guess). When i asked her not to do so and checked her phone, there were many such apps installed, which i guess are results of such similar incidents and who even knows what data those apps collect, making me worry about their privacy. i instructed them not to use the app. don't know similar alternatives for now.

I understand that ads are their source of income, but such intrusive and annoying ads every steps of the way and at every visual part, not skippable and some almost 1minute ads (some interactive), has made hamropatro unusable.  i'm not even talking about the stupid bloated features that have been added like payments, chats (don't know who uses them), making users like my parents hard to use the app.

the least you can do is add a premium ad free mode for a reasonable price (subscription maybe).",1,0,2025-05-05 17:04:33+00:00,https://reddit.com/r/Nepal/comments/1kfgv1c/hamropatro_was_a_necessary_evil_now_unusable/,
Nepal,1kfg6ds,"International ADN Graduate Seeking Advice: NCLEX Prep, Visa Status, and Day 1 CPT RN-to-BSN Programs",Cheap-Mud8445,,1,1,2025-05-05 16:37:08+00:00,https://reddit.com/r/Nepal/comments/1kfg6ds/international_adn_graduate_seeking_advice_nclex/,Help/सहयोग
Nepal,1kfg1c2,Looking for literature on rural development in Nepal,EngineTraditional735,"I want to understand the history of rural development in Nepal. More specifically, I am looking for literature regarding how life has changed for those living in the most rural places over time. Books, research papers, statistics or videos -- anything works, so if anyone has recommendations, I would be eternally grateful.",1,0,2025-05-05 16:31:25+00:00,https://reddit.com/r/Nepal/comments/1kfg1c2/looking_for_literature_on_rural_development_in/,
Nepal,1kffxuv,"Tiji Festival, Upper Mustang 2024",fotosbybishal,"Tiji Festival is the grand Tibetan-Buddhist festival celebrated in the Lo-Manthang City of Upper Mustang. The festival remains endemic to the people of Upper Mustang. The term ""Tiji"" stands for “Tenchi."" Both of these are the short forms of Tenpa Chirim, which means prayer for world peace.
The festival started over 300 years ago as a celebration of the victory of good over evil.",1,0,2025-05-05 16:27:38+00:00,https://reddit.com/r/Nepal/comments/1kffxuv/tiji_festival_upper_mustang_2024/,Picture/तस्वीर
Nepal,1kffwfr,Coumputer System Cybersecurity,EnergyJust8402,"Hiring: IAM (Identity &amp; Access Management) Rockstar!
Yo, we’re looking for an IAM pro to join our crew! If you’re all about Identity Security Cloud, Active Directory, Azure, and CyberArk, let’s talk.",1,0,2025-05-05 16:26:03+00:00,https://reddit.com/r/Nepal/comments/1kffwfr/coumputer_system_cybersecurity/,
Nepal,1kffffd,Is KIST College good for BIT? What’s the current fee structure?,Warm_Hurry4547,"I’m considering applying to KIST College for the BIT (Bachelor in Information Technology) program, but I wanted to get some honest opinions first.

How is the overall quality of education, faculty, and facilities for BIT?

Is the college supportive in terms of internships, projects, and placements?

What’s the current fee structure for the full BIT program (admission + tuition + other fees)?",1,0,2025-05-05 16:07:19+00:00,https://reddit.com/r/Nepal/comments/1kffffd/is_kist_college_good_for_bit_whats_the_current/,
Nepal,1kfevbz,Westford consultancy baneswhor incident,9Hendrix9,,1,0,2025-05-05 15:45:06+00:00,https://reddit.com/r/Nepal/comments/1kfevbz/westford_consultancy_baneswhor_incident/,
Nepal,1kfem27,Anyone ahile e passport banaune process and cost for Emergency DOP ma process,Radiant-Shelter275,Kehi tahah chha pani vandimna urgency chha tesaile,1,0,2025-05-05 15:34:54+00:00,https://reddit.com/r/Nepal/comments/1kfem27/anyone_ahile_e_passport_banaune_process_and_cost/,Question/प्रश्न
Nepal,1kfe1tw,"Dingboche, Nepal – Clear skies and epic views on the way to Everest Base Camp",nepalhikingteam,"Just wanted to share a few shots from Dingboche (4,410m) during my trek to Everest Base Camp last week. We got incredibly lucky with the weather — clear blue skies and stunning visibility across the valley.

The village sits perfectly between towering peaks, and Ama Dablam dominates the skyline like something out of a dream. After a few tough days of hiking and altitude gain, Dingboche was the perfect place to slow down, soak in the views, and let the altitude settle.

If you’re planning the EBC trek, make sure to take time here. It’s not just a rest stop — it’s one of the most beautiful spots on the trail.",1,0,2025-05-05 15:12:28+00:00,https://reddit.com/r/Nepal/comments/1kfe1tw/dingboche_nepal_clear_skies_and_epic_views_on_the/,Travel/यात्रा
Nepal,1kfe05f,How old to get a motorcycle licence,Regular-Food-2567,"I know that, it's supposed to be 16 but I heard that they were trying to make it to 18 so I wanted to know if this rule is already implemented",1,1,2025-05-05 15:10:38+00:00,https://reddit.com/r/Nepal/comments/1kfe05f/how_old_to_get_a_motorcycle_licence/,
Nepal,1kfdogz,Please help me to get this project ?,NoBlackberry3264,"If anyone has the drive link or source files for this **Smart Face Attendance System with Python &amp; Computer Vision** (Udemy course), please share it. Really need it for learning.",1,0,2025-05-05 14:57:38+00:00,https://reddit.com/r/Nepal/comments/1kfdogz/please_help_me_to_get_this_project/,Help/सहयोग
Nepal,1kfd7ps,Would you rather live extravagant life and die with Guilt/remorse or Mediocre life and die with full contentment,bloodymerchant,"For shake of the argument in your youth days, if you choose former option- living extravagantly doesn’t intervene with peace within yourself, you are quite contended and you live full adventurously  however when the Old age sets you back from all your bodily passion that were maintaining your peace of mind, then you plummet into chaos. If you choose latter you’ll live mediocre life however it’ll be worthy to look back in delight and pride that keeps you contented and sane. 

Guilt is reasonable, you’re old and matured so obviously you cannot escape in ignorance.. You’ll suffer but It’s only about 10 or 15 years of your life in internal chaos, rest in extravagant adventure",0,0,2025-05-05 14:38:02+00:00,https://reddit.com/r/Nepal/comments/1kfd7ps/would_you_rather_live_extravagant_life_and_die/,
Nepal,1kfd67g,Help Shape the Ultimate Event‑Planning App for India &amp; Nepal Quick 2‑Min Survey!,relativistic_mass,,1,0,2025-05-05 14:36:15+00:00,https://reddit.com/r/Nepal/comments/1kfd67g/help_shape_the_ultimate_eventplanning_app_for/,Help/सहयोग
Nepal,1kfd40x,Help Shape the Ultimate Event‑Planning App for India &amp; Nepal Quick 2‑Min Survey!,FintriqueSystems,,1,1,2025-05-05 14:33:37+00:00,https://reddit.com/r/Nepal/comments/1kfd40x/help_shape_the_ultimate_eventplanning_app_for/,
Nepal,1kfczkm,Is having this problem common among teenagers?,Critical-Credit-5210,,1,0,2025-05-05 14:28:14+00:00,https://reddit.com/r/Nepal/comments/1kfczkm/is_having_this_problem_common_among_teenagers/,Question/प्रश्न
Nepal,1kfcxl7,Beautiful Annapurna Base Camp,elaskamiig,,14,0,2025-05-05 14:25:56+00:00,https://reddit.com/r/Nepal/comments/1kfcxl7/beautiful_annapurna_base_camp/,Travel/यात्रा
Nepal,1kfcvff,Capcut pro subscriptions in nepal,MediocreFishing5161,Is there anyway to buy subscription of capcut pro in nepal give me some genuine recommendations (not scam platforms),1,5,2025-05-05 14:23:22+00:00,https://reddit.com/r/Nepal/comments/1kfcvff/capcut_pro_subscriptions_in_nepal/,
Nepal,1kfchoi,Epassport making process new passport,PurpleContribution28,,1,0,2025-05-05 14:07:00+00:00,https://reddit.com/r/Nepal/comments/1kfchoi/epassport_making_process_new_passport/,
Nepal,1kfceb9,Room near Sanepa height and Dhobighat,Aggressive_Company42,"Hello everyone,  I am moving from my current room and looking for new room near sanepa height or dhobighat, lalitpur. My house owner has given me the deadline of baisakh 31. So, does anyone knows if there is any single room available in those area. Or contact information of any reliable agent?",1,0,2025-05-05 14:03:02+00:00,https://reddit.com/r/Nepal/comments/1kfceb9/room_near_sanepa_height_and_dhobighat/,
Nepal,1kfbyew,This is how I destroyed my EX normal life and i feel bad about it,Strong_Guard1207,,1,0,2025-05-05 13:43:31+00:00,https://reddit.com/r/Nepal/comments/1kfbyew/this_is_how_i_destroyed_my_ex_normal_life_and_i/,
Nepal,1kfb67d,Letterboxd user? Lets get connected cinephiles,Mysterious_Pitch2628,,1,1,2025-05-05 13:07:20+00:00,https://reddit.com/r/Nepal/comments/1kfb67d/letterboxd_user_lets_get_connected_cinephiles/,Movies/चलचित्र
Nepal,1kfauws,How to earn money in Nepal,Plenty-Repair-7773,,10,13,2025-05-05 12:52:40+00:00,https://reddit.com/r/Nepal/comments/1kfauws/how_to_earn_money_in_nepal/,Discussion/बहस 
Nepal,1kfaqla,"""Need Advice: Is Studying Bachelor's Abroad a Good Option Before Master's in Australia?""",[deleted],,1,1,2025-05-05 12:46:33+00:00,https://reddit.com/r/Nepal/comments/1kfaqla/need_advice_is_studying_bachelors_abroad_a_good/,Question/प्रश्न
Nepal,1kfamtb,How to get in a bank after +2,GeologistPhysical414,Since the Beginning I always wanted to work in a bank. Can anyone help me and explain me how Can I get in a bank after +2. I have no idea on this. I am just going to complete +2.,7,8,2025-05-05 12:41:18+00:00,https://reddit.com/r/Nepal/comments/1kfamtb/how_to_get_in_a_bank_after_2/,Question/प्रश्न
Nepal,1kfamcv,Planning yo study abroad - which will be the best choice?,[deleted],,1,1,2025-05-05 12:40:37+00:00,https://reddit.com/r/Nepal/comments/1kfamcv/planning_yo_study_abroad_which_will_be_the_best/,Question/प्रश्न
Nepal,1kfalto,"Baदर (Pashupatinath, Nepal)",nikhilxettri,,13,1,2025-05-05 12:39:51+00:00,https://reddit.com/r/Nepal/comments/1kfalto/baदर_pashupatinath_nepal/,
Nepal,1kfal74,Please help me decide country 🇬🇧🇰🇷🇦🇺🇯🇵 for my study,[deleted],,1,1,2025-05-05 12:38:56+00:00,https://reddit.com/r/Nepal/comments/1kfal74/please_help_me_decide_country_for_my_study/,Question/प्रश्न
Nepal,1kfa9pd,Does somebody want to move in with me?,Few-Bet-9941,"Hi there, I finished my undergraduate in USA and idk why I even came to Nepal. But I am currently living with my parents and at this point I am so done. I am thinking of moving out from here but I am broke af. I have a beautiful place that I saw near Imadol. Is someone facing the similar situation and wants to move in together as a roommate?",6,23,2025-05-05 12:22:42+00:00,https://reddit.com/r/Nepal/comments/1kfa9pd/does_somebody_want_to_move_in_with_me/,
Nepal,1kfa3oy,Guitar Classes near Mid-Baneshwor?,Pitiful_Bug_861,Looking for recommendations for guitar classes in or around Mid-Baneshwor or Sinamangal area.Any suggestions on good teachers/schools? Info on cost and contact details would be great. Thanks,2,0,2025-05-05 12:14:09+00:00,https://reddit.com/r/Nepal/comments/1kfa3oy/guitar_classes_near_midbaneshwor/,
Nepal,1kf9kqt,Should I get 2nd hand bike or new scooter ? 300k,IndependentChannel35,"I have 2 options, mero ranger ko ma, which I think is good for me.  
  
little background - I'm on my 2nd sem of my bachelor's, so I don't have any income right now.  
mero main reason to get transportation chai clz ra daily use lai ho.

1st, I'm thinking about getting Rayzr high variant wala 315k ko I guess.

2nd, To get 2nd-hand bike 2024 model ko showroom condition justtai new. I'm thinking about getting N160. 

Or yo range ma ramro vako bike recommend ni gardha hunxa.

Thanks in advance.",2,7,2025-05-05 11:46:09+00:00,https://reddit.com/r/Nepal/comments/1kf9kqt/should_i_get_2nd_hand_bike_or_new_scooter_300k/,Help/सहयोग
Nepal,1kf9ebn,How can we make Nepal Better? An Opinion,Chazos_partha,"## How Can we Make Nepal better as a country?

### Aspects
 - I would love to start an open discussion about the aspects that make Nepal special as a country. Art, culture, history, geography, and all other things. What more there might be? What are we missing.

### Why Bother?
 - I want to understand what the general public might need in Nepal. After that, our team will try to apply these things, however small they might be. We must start working. 

Jay Nepal!
https://voicesatyagraha.substack.com/",0,3,2025-05-05 11:36:07+00:00,https://reddit.com/r/Nepal/comments/1kf9ebn/how_can_we_make_nepal_better_an_opinion/,
Nepal,1kf914c,Who is the best dermatologist in kathmandu?,hothead03,,1,0,2025-05-05 11:15:10+00:00,https://reddit.com/r/Nepal/comments/1kf914c/who_is_the_best_dermatologist_in_kathmandu/,
Nepal,1kf8ojj,not a debate. cocacola vs pesi. Nepal ma pepsi unpopular ho? What's your preferred choice between these two?,Chomusuke_99,,1,0,2025-05-05 10:54:43+00:00,https://reddit.com/r/Nepal/comments/1kf8ojj/not_a_debate_cocacola_vs_pesi_nepal_ma_pepsi/,Discussion/बहस 
Nepal,1kf8o59,Laptop between 130K to 180k,Ok-Lengthiness3565,"Hi, as the title suggests, I am planning to buy the laptop around 130k to 180k. Here are my use-cases:
1. programming(50 to 60%) of the time
2. normal web browsing(20 to 30%)
3. gaming(5 to 10%)

My priorities are good battery, build quality. Can anyone recommend me the laptop fitting my use-cases and scenario ?",2,22,2025-05-05 10:54:00+00:00,https://reddit.com/r/Nepal/comments/1kf8o59/laptop_between_130k_to_180k/,
Nepal,1kf8drk,Everest + gokyo still possible without guide,EstablishmentFree219,"Title says it all. I know annapurna region is still possible without a guide. But what about everest region? 
Thanks!",1,3,2025-05-05 10:35:56+00:00,https://reddit.com/r/Nepal/comments/1kf8drk/everest_gokyo_still_possible_without_guide/,Question/प्रश्न
Nepal,1kf8d01,Topic:Mental Health. ( Depression and Anxiety,False-Opening-9068,"I’ve been struggling deeply with Major Depressive Disorder and Generalized Anxiety Disorder. Suicidal thoughts have been part of my life since childhood — I’ve acted on them before and survived, though barely. I’ve been on medication for over three years now, but nothing seems to truly help.

I’m reaching out to see if anyone who has been through similar mental health challenges has found a way forward. It feels like this illness is slowly consuming my life, and I honestly don’t know how much longer I can keep going like this.

If anyone can recommend a compassionate and skilled psychiatrist or psychologist, I would really appreciate it. I’m looking for someone who can help guide me through this — especially someone who can support me in safely tapering off medication and finding more sustainable, long-term healing.",8,13,2025-05-05 10:34:35+00:00,https://reddit.com/r/Nepal/comments/1kf8d01/topicmental_health_depression_and_anxiety/,
Nepal,1kf7uxk,"[HIRING] Part-Time Remote Accountant (Tally Expert, Female Preferred)",[deleted],,1,0,2025-05-05 10:02:30+00:00,https://reddit.com/r/Nepal/comments/1kf7uxk/hiring_parttime_remote_accountant_tally_expert/,Help/सहयोग
Nepal,1kf7p9e,Do you guys fancy going for cycling?,hothead03,,1,0,2025-05-05 09:52:16+00:00,https://reddit.com/r/Nepal/comments/1kf7p9e/do_you_guys_fancy_going_for_cycling/,
Nepal,1kf774d,Which laptop should I try to get at 160k?,Speed-11,,1,1,2025-05-05 09:16:16+00:00,https://reddit.com/r/Nepal/comments/1kf774d/which_laptop_should_i_try_to_get_at_160k/,
Nepal,1kf71wx,Ncell - I did not call but my contacts are receiving missed calls from my calle ID,battisputali,,1,1,2025-05-05 09:05:47+00:00,https://reddit.com/r/Nepal/comments/1kf71wx/ncell_i_did_not_call_but_my_contacts_are/,Question/प्रश्न
Nepal,1kf704a,What is the process to scrape a vehicle? If anyone has experience or expertise in these matters?,sanadaai,"I have a motorcycle which is old and I want to scrape this what is the process and what should be done?
The vehicle was ideal for last 4 years so the tax is also due. 
I cannot sale the vehicle( it is old and useless) and tax and fine is huge that I don't want to invest on anything. How to write off this thing from books? 
If anyone has any experience in these matters please help.",1,0,2025-05-05 09:02:17+00:00,https://reddit.com/r/Nepal/comments/1kf704a/what_is_the_process_to_scrape_a_vehicle_if_anyone/,Help/सहयोग
Nepal,1kf6p67,Sab ley kata Bata 12 ko leak paira ho,Adventurous_Note3621,,1,1,2025-05-05 08:40:14+00:00,https://reddit.com/r/Nepal/comments/1kf6p67/sab_ley_kata_bata_12_ko_leak_paira_ho/,
Nepal,1kf6npa,Acclimatization in Everest Base Camp Trek,Famous_Cheek_5840,,1,1,2025-05-05 08:37:05+00:00,https://reddit.com/r/Nepal/comments/1kf6npa/acclimatization_in_everest_base_camp_trek/,
Nepal,1kf6jfi,Curiously worried about people here,Historical-Sea224,,1,1,2025-05-05 08:28:15+00:00,https://reddit.com/r/Nepal/comments/1kf6jfi/curiously_worried_about_people_here/,
Nepal,1kf6brf,Top Benefits of Using Ping Monitoring for Uptime and Performance,Otherwise_Plane_4021,,1,0,2025-05-05 08:12:14+00:00,https://reddit.com/r/Nepal/comments/1kf6brf/top_benefits_of_using_ping_monitoring_for_uptime/,Help/सहयोग
Nepal,1kf65on,Dravya Chiya Courtyard | Naxal | Kathmandu,Aasishroshansoni,,7,3,2025-05-05 08:00:12+00:00,https://reddit.com/r/Nepal/comments/1kf65on/dravya_chiya_courtyard_naxal_kathmandu/,
Nepal,1kf5pfa,Buying first car need suggestions,[deleted],,1,0,2025-05-05 07:25:58+00:00,https://reddit.com/r/Nepal/comments/1kf5pfa/buying_first_car_need_suggestions/,
Nepal,1kf5o02,"HARAYO😭😭 SCOOTY KO CHAPI HARAYO , DUPLICATE KEY PANI XAINA ,ABA NAYA KASARI BANAUNA MILXA , BUTWAL AREA MA KUNAI PASAL",Active-Childhood9548,,1,1,2025-05-05 07:23:11+00:00,https://reddit.com/r/Nepal/comments/1kf5o02/harayo_scooty_ko_chapi_harayo_duplicate_key_pani/,Help/सहयोग
Nepal,1kf5lzv,Anyone who has Keratoconus in Nepal?,Elegant_Extension_69,,2,1,2025-05-05 07:19:24+00:00,https://reddit.com/r/Nepal/comments/1kf5lzv/anyone_who_has_keratoconus_in_nepal/,
Nepal,1kf5ded,Looking for a place in Kathmandu for a group gathering (25-30 people),qwerztyt123,"looking for a place in kathmandu for a gathering of around 25-30 people(its for dinner). something with a nice vibe, not too fancy, but decent enough. price should be reasonable, nothing over the top. suggestions?",3,7,2025-05-05 07:01:52+00:00,https://reddit.com/r/Nepal/comments/1kf5ded/looking_for_a_place_in_kathmandu_for_a_group/,Question/प्रश्न
Nepal,1kf5ckb,Intermediate level(+2)vs Bachelor's,Beginning_Till7351,"What are the pros and cons of going abroad after +2 vs. after bachelor's? Which is better in terms of opportunities, PR chances, affordability, and quality of education?

 What do you prefer? 
And what are your experiences as international student after intermediate level/pursuing undergraduate degree in Nepal.",10,10,2025-05-05 07:00:29+00:00,https://reddit.com/r/Nepal/comments/1kf5ckb/intermediate_level2vs_bachelors/,
Nepal,1kf565z,Understanding Ecommerce and customer behavior in Nepal,Either_Ad1000,"I am doing a small survey to understand how customer feel about ecommerce in Nepal. If you have 2 mins please help me by filling the form. It would be of great help.

[https://docs.google.com/forms/d/e/1FAIpQLScx-f3E6DeU-2bf5HeWn95xgWCOxJxySsuOXg-2MV3zidUuqg/viewform?usp=sharing](https://docs.google.com/forms/d/e/1FAIpQLScx-f3E6DeU-2bf5HeWn95xgWCOxJxySsuOXg-2MV3zidUuqg/viewform?usp=sharing)

Thank you !!",4,0,2025-05-05 06:47:57+00:00,https://reddit.com/r/Nepal/comments/1kf565z/understanding_ecommerce_and_customer_behavior_in/,
Nepal,1kf51oo,Topic afai bujhera bujhnu hola,Showertruecolours,"Maile socheko ma arkai chhu ra tei soch lai express garda ma arkai manchhe banchhu , tei bhayera pani express garna man lagdaina , tara expresss nagarum vane manchhe le arkai  perception banai sakchha",1,3,2025-05-05 06:38:46+00:00,https://reddit.com/r/Nepal/comments/1kf51oo/topic_afai_bujhera_bujhnu_hola/,
Nepal,1kf51be,AI GTA kathmandu poster by ChatGPT,Flat_Departure6256,,53,27,2025-05-05 06:38:00+00:00,https://reddit.com/r/Nepal/comments/1kf51be/ai_gta_kathmandu_poster_by_chatgpt/,Humor/हाँस्य
Nepal,1kf50j5,ChatGPT generated GTA Kathmandu poster.,[deleted],,1,0,2025-05-05 06:36:23+00:00,https://reddit.com/r/Nepal/comments/1kf50j5/chatgpt_generated_gta_kathmandu_poster/,Art/कला
Nepal,1kf474b,"CTEVT Job Ready Program on IT program like web development, Machine learning",[deleted],,1,0,2025-05-05 05:39:20+00:00,https://reddit.com/r/Nepal/comments/1kf474b/ctevt_job_ready_program_on_it_program_like_web/,Question/प्रश्न
Nepal,1kf3pii,Is my uncle nuts or what?,[deleted],,1,1,2025-05-05 05:07:10+00:00,https://reddit.com/r/Nepal/comments/1kf3pii/is_my_uncle_nuts_or_what/,Rant/गुनासो
Nepal,1kf3g9o,Insta 360 Flow 2 Pro required in Kathmandu.,rr1r2r3r,,1,0,2025-05-05 04:50:52+00:00,https://reddit.com/r/Nepal/comments/1kf3g9o/insta_360_flow_2_pro_required_in_kathmandu/,Help/सहयोग
Nepal,1kf3e2h,Anyone else having trouble with Ncell ????,Raisin_Dangerous,,1,1,2025-05-05 04:46:55+00:00,https://reddit.com/r/Nepal/comments/1kf3e2h/anyone_else_having_trouble_with_ncell/,
Nepal,1kf35tz,Khukhuri displayed in Canadian warplane heritage museum Gallery.,Brave_Lettuce6275,,1,0,2025-05-05 04:32:15+00:00,https://reddit.com/r/Nepal/comments/1kf35tz/khukhuri_displayed_in_canadian_warplane_heritage/,
Nepal,1kf2lkx,"Which is the best short easy trekking route in Nepal for may, june, july?",Necessary_Study_2602,,1,0,2025-05-05 03:58:35+00:00,https://reddit.com/r/Nepal/comments/1kf2lkx/which_is_the_best_short_easy_trekking_route_in/,
Nepal,1kf21hj,Looking to make friends in sharjah,SomewherePrimary7753,,1,2,2025-05-05 03:26:19+00:00,https://reddit.com/r/Nepal/comments/1kf21hj/looking_to_make_friends_in_sharjah/,Relationship/सम्बन्ध
Nepal,1kf1thp,2nd hand car options at around 12 lakhs,Candid-Scheme1835,"license jhikiyo abo euta thikka khalko reliable, resell value ni ramro aune 2nd hand kinnu paryo hat basaunako lagi. 2 3 barsa jati use garera bechne plan xa. kun thik hola yo range ma? please recommend gardinus na. ani kasto khalko scam haru bata aware hunu parxa ni vandinus na. thank you",8,18,2025-05-05 03:14:18+00:00,https://reddit.com/r/Nepal/comments/1kf1thp/2nd_hand_car_options_at_around_12_lakhs/,
Nepal,1kezcpx,Weekly Creativity showcase.,AutoModerator,"Hi all,

Please share your recent creation in this thread. It could be your painting, photos, digital art, VFX, vlog, apps, crafts, decoration, poems, stories or any other creative pursuit. 

Posts on this topic in the main sub might still be allowed if it is substantial work, but will otherwise be removed as per moderator discretion. 

Note: Make sure to include a brief caption/description for your links.",1,0,2025-05-05 01:00:30+00:00,https://reddit.com/r/Nepal/comments/1kezcpx/weekly_creativity_showcase/,
Nepal,1kethbu,is this actually normal or what ?,NextReflection4968,"so, i am a just a kid. i am rlly rlly interested in cybersecurity and i was learning doing grey hat stuff and all from the last maybe 10-12 months. ani like april 8-10 idr majjale dekhi i started to get into bug hunt and bug bounties ani 1 mahina vako xina ani aile samma i have already done 140-170k+ ig (like aile samma pako almost 70k ho tara 2-3 ta bata bug fix ho bounty chai decide gareko xina ani like maybe typa sochera yeti hola vaneko) from hackerone, bugcrowd ani some nepali and indian companies and all ani aba like idk what to do, like is this normal ? idk koi ni testo cybersec kai manxe so, income and all kati hunx idk maybe i am just getting lucky n all tara i haven't still completed my +2 like ani these are not those logical bugs and all typa shi these are f technical asf bugs. ani last can someone help me with the hackerone bata paisa jhikne process ? (bugcrowd bata vayo, hackerone ko bujheko xina aile samma kei )",9,14,2025-05-04 20:25:01+00:00,https://reddit.com/r/Nepal/comments/1kethbu/is_this_actually_normal_or_what/,
Nepal,1ketglt,"helpp, is this normal or whattt ??",NextReflection4968,,1,1,2025-05-04 20:24:09+00:00,https://reddit.com/r/Nepal/comments/1ketglt/helpp_is_this_normal_or_whattt/,
Nepal,1kesroa,Siddai Bhanna - Lyric Cicero,StickNo8077,I didn’t know where else to promote my song. Hope it is not offending anyone and you like it. Thank you. 🙏,1,0,2025-05-04 19:54:54+00:00,https://reddit.com/r/Nepal/comments/1kesroa/siddai_bhanna_lyric_cicero/,Music/सङ्गीत
Nepal,1kesphb,ELECTRIC VEHICLES CATEGORISATION IN NEPAL,slim-hoodie77,,1,1,2025-05-04 19:52:22+00:00,https://reddit.com/r/Nepal/comments/1kesphb/electric_vehicles_categorisation_in_nepal/,Question/प्रश्न
Nepal,1keslzc,Siddai Bhanna - Lyric video,StickNo8077,,1,0,2025-05-04 19:48:07+00:00,https://reddit.com/r/Nepal/comments/1keslzc/siddai_bhanna_lyric_video/,Music/सङ्गीत
Nepal,1keqp7q,In Kathmandu for 1 more day,Hungry-Green-5349,,1,1,2025-05-04 18:26:22+00:00,https://reddit.com/r/Nepal/comments/1keqp7q/in_kathmandu_for_1_more_day/,Help/सहयोग
Nepal,1keqb9l,डिग्रि भनेको कागजको खोस्टो बराबर त हो - First Lady Quotes,UsedZookeepergame473,"The first lady ( wife of PM KP Oli )
“थुप्रै मान्छेलाई सघाएर सिकाएर डिग्रि लिन लगाएर आफुले डिग्रि भनेको कागजको खोस्टो बराबर त हो त्यो भने उहाँले लिने जमर्को गर्नु भएन।तर आज पढेको छु जानेको छु भन्नेहरुले उहाँलाई अनपढ भन्दा मलाई सार्है नै चित्त दुख्दछ।”",1,0,2025-05-04 18:10:08+00:00,https://reddit.com/r/Nepal/comments/1keqb9l/डगर_भनक_कगजक_खसट_बरबर_त_ह_first_lady_quotes/,Rant/गुनासो
Nepal,1keptx8,socializing - nepali student in US,be_cum,"Almost all of my friends are outside Nepal, and I'm going back to Nepal this summer. I was wondering if there are spaces/events to meet and socialize with people in my age group (basically undergrad and grad students). Preferably inside Kathmandu valley,  but if you know of a decent place/event outside the valley, all ears.",1,0,2025-05-04 17:50:23+00:00,https://reddit.com/r/Nepal/comments/1keptx8/socializing_nepali_student_in_us/,Question/प्रश्न
Nepal,1kepp2s,Kathmandu | Street | Photography,Aasishroshansoni,,1,0,2025-05-04 17:44:39+00:00,https://reddit.com/r/Nepal/comments/1kepp2s/kathmandu_street_photography/,
Nepal,1keourr,What genres you liked to see in Nepali cinemas?,Low_Cryptographer706,"I personally want them to explore more hardcore actions like Indian film industry is recently doing with movies like kill,macro and animal and also a huge inspiration from Korean movie industry who has been doing this for ages. A movie with crazzy stunts, bloodbath and badass characters and what not. Last time I remember that fitted my expectation was LOOT 1 not 2 as it was a disappointment. Testai kei chaiyo but more relevant more today expectations.  
Ani ramro actors ni lyanu paryo, jasto dami script vaye pain, one Anmol KC is enough to destroy it.",1,0,2025-05-04 17:09:21+00:00,https://reddit.com/r/Nepal/comments/1keourr/what_genres_you_liked_to_see_in_nepali_cinemas/,Art/कला
Nepal,1keo6ld,Share the most ridiculous/irritating bureaucratic events that you had to encounter while visiting a Sarkari Karyalaya?,ParamedicEastern159,"I’ll start. I remember visiting a transport office in Bhaktapur to apply for my drivers license years ago and I was in queue. The crowd was building up as the time went by. I had already entered the building and my turn was due in the next 5 minutes. Suddenly one staff member announced that there’s no electricity and we stopped for 40 minutes. Also, in one of the multiple stages of application of drivers license, we needed to pay fee for the application. The guy that was verifying the receipts said , “Do not come one by one, collect ten receipts and hand me those 10 receipts.” I was like WTF does that make sense? So one of us had to collect 10 receipts from the people around us, then hand over the receipts to the guy and then get and distribute it back to those 10. It was a fucking chaos. I never wanted to enter that building again and fortunately never had to. 
What are your such ridiculous stories in such sarkaari karyalaya?",1,0,2025-05-04 16:40:50+00:00,https://reddit.com/r/Nepal/comments/1keo6ld/share_the_most_ridiculousirritating_bureaucratic/,Discussion/बहस 
Nepal,1kenhu2,Thoughtful conversation in need of,Historical-Sea224,,1,1,2025-05-04 16:11:39+00:00,https://reddit.com/r/Nepal/comments/1kenhu2/thoughtful_conversation_in_need_of/,Discussion/बहस 
Nepal,1kenf0j,Confused about which visa type to apply for attending 2 days conference in Japan,Inner_Awareness_5386,"So, I'm planning on attending a two-day conference in Japan this June and probably staying for four days. The company has sent me only the invitation letter, and while checking the business visa requirements, it requires a lot of documents. And since they invited me as a scholarship recipient individually without associating with any business company, I think a tourist visa is good to go. But I'm very confused. Do help me out!",1,0,2025-05-04 16:08:18+00:00,https://reddit.com/r/Nepal/comments/1kenf0j/confused_about_which_visa_type_to_apply_for/,
Nepal,1kemzcj,2nd hand car ........................,Candid-Scheme1835,,1,1,2025-05-04 15:49:58+00:00,https://reddit.com/r/Nepal/comments/1kemzcj/2nd_hand_car/,
Nepal,1kemy4r,2nd hand car suggestions .....,Candid-Scheme1835,,1,1,2025-05-04 15:48:31+00:00,https://reddit.com/r/Nepal/comments/1kemy4r/2nd_hand_car_suggestions/,
Nepal,1keml1t,Debate a Vegan. It's been a year I have turn vegan for ethical and environmental reason. What are your take on veganism?,[deleted],,1,0,2025-05-04 15:32:55+00:00,https://reddit.com/r/Nepal/comments/1keml1t/debate_a_vegan_its_been_a_year_i_have_turn_vegan/,Discussion/बहस 
Nepal,1kem4im,Wholesale business in nepal,Artistic-Host7158,,1,1,2025-05-04 15:13:07+00:00,https://reddit.com/r/Nepal/comments/1kem4im/wholesale_business_in_nepal/,Help/सहयोग
Nepal,1kelwcl,Live music on a weekday in ktm,Mia4847,"Hi guys, can anyone suggest me a nice place that might have live music on a weekday in Kathmandu with good dinner options for a small group? Thanksss",1,0,2025-05-04 15:03:13+00:00,https://reddit.com/r/Nepal/comments/1kelwcl/live_music_on_a_weekday_in_ktm/,Question/प्रश्न
Nepal,1kelp1w,Best cruiser bikes in Nepal,JO_KinG034,I am a slow and enjoy kind of rider and I mostly ride around the city go out the valley weekly but nothing intensely offroad so what bikes might be good irrespective of budget and try not to mention RE's (not a big fan),1,0,2025-05-04 14:54:38+00:00,https://reddit.com/r/Nepal/comments/1kelp1w/best_cruiser_bikes_in_nepal/,Question/प्रश्न
Nepal,1kelmwm,"How to use a NTC SIM card to call a number in Colorado, United States?",sstewie69,"Hello and Namaste guys. I have a very peculiar condition for which I need your advise/expertise and recommendations. The context is that I have to make a call to a person in Colorado, United States. But the constraint is that this person in particular only uses mail or cellular SIM card for communication. Because of this, mediums like Whatsapp, Viber and other services of similar nature are off the table. I researched the websites and found terms like Roaming and Tariffs rates which threw me off because they are new concepts to me and the information varied according to websites. So, I have two questions in particular,

* What would be the most effective process for me to get this done and is there a way for me to be sure what rates will apply to me during the call? (very confused because some websites have said it's Rs. 15 -20 for a few seconds while some have rates like Rs.50 per min).
* Would the process be easier and more economical if I have a US based SIM card?

Any ideas and on-hands experience would be really appreciated. Thankyouu!",1,0,2025-05-04 14:52:03+00:00,https://reddit.com/r/Nepal/comments/1kelmwm/how_to_use_a_ntc_sim_card_to_call_a_number_in/,Question/प्रश्न
Nepal,1kelfio,Sudhir Chaudhary sets the gold standard for video journalism others should take notes!,trytobefool,"Just watched [this video](https://www.youtube.com/watch?v=AY3qGwUmLrk) by Sudhir Sharma and I have to say—hats off to you, Sudhir ji! 🙌

In an era where sensationalism dominates digital media, Sudhir Sharma stands out with his calm, factual and breakthrough analysis. His in-depth reporting doesn’t just scratch the surfaces it dives deep into the core issues, offering clarity in a cluttered media landscape.

Other YouTube journalists and video creators should really learn from his journalistic integrity and storytelling.

Honestly, with the kind of quality content he consistently puts out, I feel he deserves far more views and subscribers.

If you're someone who values substance over noise, give this a watch and share your thoughts.",1,0,2025-05-04 14:42:48+00:00,https://reddit.com/r/Nepal/comments/1kelfio/sudhir_chaudhary_sets_the_gold_standard_for_video/,Discussion/बहस 
Nepal,1kelasr,What am i supposed to do with the money in my e-wallets without kyc?,MeAmPi,"I have like 1000 rs on my khalti account and 200 on esewa.
The problem is i dont have kyc verification 
I like really need to use the money but this kyc shit is making me lose my mind.
Im 15 but legally 14 because parents changed my age for some unknown reason
So is there any way to bypass this shit or do i need to painfully wait another 2 years.",1,0,2025-05-04 14:36:58+00:00,https://reddit.com/r/Nepal/comments/1kelasr/what_am_i_supposed_to_do_with_the_money_in_my/,Discussion/बहस 
Nepal,1kel9y5,Is it safe to travel to Nepal in July?,Ok_Drive5739,,1,1,2025-05-04 14:35:54+00:00,https://reddit.com/r/Nepal/comments/1kel9y5/is_it_safe_to_travel_to_nepal_in_july/,Question/प्रश्न
Nepal,1kel1n6,What are the best skills to learn while doing a Mechanical Engineering degree?,Turbulent-Reveal-840,"Hey everyone!

I’m currently pursuing a degree in Mechanical Engineering (3rd year), and I’ve been thinking a lot about building valuable skills alongside my core studies. While I do enjoy the technical side of my branch, I also want to explore additional skills—both related and unrelated to my degree—that can help me:

* Strengthen my resume
* Open up more job/freelance opportunities
* Possibly switch or blend into other domains in the future

I’m already exploring include SolidWorks . I’m also curious about fields like coding, data analysis, cybersecurity, and freelancing .

So my question to you all is:

**What are the most useful or high-demand skills to learn while doing a Mechanical Engineering degree?**  
They can be technical (like simulation, CAD, programming, etc.) or non-technical (like communication, freelancing skills, etc.)

Would love to hear your personal experiences, recommendations, or even regrets about what you wish you had learned earlier.

Thanks in advance!",1,0,2025-05-04 14:25:49+00:00,https://reddit.com/r/Nepal/comments/1kel1n6/what_are_the_best_skills_to_learn_while_doing_a/,Question/प्रश्न
Nepal,1kekvrz,From recent trip to Pokhara,code_platinum,"My favourite pictures from recent trip to Pokhara.
Both clicked with phone and slightly edited with snapseed.",1,0,2025-05-04 14:18:40+00:00,https://reddit.com/r/Nepal/comments/1kekvrz/from_recent_trip_to_pokhara/,
Nepal,1keksjy,My favourite pictures from recent trip to Pokhara,code_platinum,,1,1,2025-05-04 14:14:36+00:00,https://reddit.com/r/Nepal/comments/1keksjy/my_favourite_pictures_from_recent_trip_to_pokhara/,Picture/तस्वीर
Nepal,1kekmmx,Regarding tax clearance for abroad,Lord_Voldermorttt,"I am planning to go abroad and need the tax clearance certificate for the fiscal year 2081 as part of the required documentation. However, since it is currently only 2082 Baisakh and I’ve been informed that tax clearance for 2081 is generally issued only after the end of the fiscal year in 2082 Ashad, I would like to know if there is any provision to obtain it earlier or any alternative process available for individuals in urgent situations like mine. Additionally, please let me know what documents or steps I should prepare in advance to ensure the process goes smoothly.",1,0,2025-05-04 14:07:00+00:00,https://reddit.com/r/Nepal/comments/1kekmmx/regarding_tax_clearance_for_abroad/,
Nepal,1keked8,Net ko issues vayo gyan dinus,Itchy-Gur-6011,"Ma eklai baschu chimeki ko pani WiFi chalauna mileyna range chaina. Aauta device ko lagi k thik hola data package or WiFi?
Kun data package? Kun WiFi? Sasto and speed 

Internet usage ali high nai cha garo vayo",1,0,2025-05-04 13:56:43+00:00,https://reddit.com/r/Nepal/comments/1keked8/net_ko_issues_vayo_gyan_dinus/,
Nepal,1kekbha,"Ride Review, Rubi Valley from Rasuwa",Zepporollo,"TLDR: Kathmandu, Nuwakot, Syafrubesi, Gatlang, Somdang, Pangsang Pass, Tpling, Sertung, Borang, Jharlang, Darkha, Katunje, Nuwakot, Kathmandu\~300 km\~11 hrs total riding time completed over two days. First Night stay at Somdang and second night back home to Kathmandu. One of the challenging offroad rides, especially the uphill part  from Somdang to Pangsang Pass, and the Downhill part on newly constructed parts while descending from Tipling and Sertung



So we decided to go on an impromptu ride to Rubi Valley last weekend on my new Xpulse 200 4V. It was May Day Holiday and we departed home at around 7 30 in the morning. We took the tokha route to Nuwakot, then went towards betrawati where the pitch roads ended. We then took the trishuli corridor to Syafrubesi, saving us a lot of time bypassing kalikasthan and dhunche, but the offroad part started about 10 kms from Betrawati. We reached Syafrubesi at around 11 and had masubhat lunch there.

The road from Syafru to Gatlang is decent for a adventure bike but still we managed to have a low speed crash over some loose gravel breaking the tips of my crash guard which did its job by saving the radiator. We pickup ourself up and headed towards the Chilime dam site on the way to Gatlang. The current view of Gatlang has deteriorated as it is not a ""black village"" as it is famously know as the reconstruction after the earthquake has meant brick and mortar buildings with colorful tin roof. Anyways, we headed towards parbati kunda and took a small break there. It would have been better if the alpine wetland was left on its own without any gaudy concrete embellishment but I digress..

The road leads towars a burnt forest which looks alien to the max, very eerie feeling as we stopped for some reflection and photos in the middle of the destruction. You can find the link towards how this happened and some insight on ecological succession [here](https://www.onlinekhabar.com/2025/05/1674159/a-glimmer-of-light-within-the-black-hole?fbclid=IwY2xjawKC8T9leHRuA2FlbQIxMQABHm894LemLfGYldsFqInQceViZkNyZ2Sf-r_1I7q1FmmgR39VUgyiVx7yU115_aem_1T_03ISm93jimT9uM_PMUQ).  The uphill part from here to Somdang was tough but my bike's performance was satisfactory and could easily do a pillion climb. However the pass was very foggy and we did not have a view of the cliff face below so we could not really tell how precarious the road was for the better.

We stayed the night in Somdang at the Somdang Valley Guest house which was a testament to the remoteness of the place. The guest house was operated by a mother and her daughter in law and their newborn Habil Ghale. We were told that guests were few and far between in that place which was quite different from other rides near kathmandu valley which are getting ever more popular in recent times. There was no electricity in the place and no network coverage, neither Nepal Telecom nor Ncell. We bought a chicken for 2500 in the village and shared the evening meal with the family. The normal cost for food was 350 for veg dal bhat and 400 for the room.

In the morning the skies cleared around Somdang and we could see the peaks near Paldor from our balcony. I added three teaspoon full of instant coffee to my tea in the morning, had some granola bars and readied for the tough climb ahead. We had been warned by a vlog about the terrible road conditions and it was a test for the motorcycle. As you know, as further away from civilization you go, roads turn to tracks and it is mostly a matter of bricolage than engineering in road construction leading to over the code grades and sharp hairpin bends. On top of that the road was very rocky and broken which tested the motorcycle to its limit.. and it kind of gave up as well as the balancer gear seems broken after that leading to some vibrations at low rpms.

Anyways, after about a little more than an hour we reached pangsang pass which was worth the treacherous climb up. Although we only got a fleeting glimplse of the Ganesh Himal massif the cloudplay in the pass was beyond words. We immersed ouself into the atmosphere by hiking up a ridge which we reckoned must have added at least a 150 m altitutude to the 3850 m altitude of Pangsang pass making our climb to 4000m landmark. There was one teahouse in the pass which was closed (we knew about this closure as we were advised at somdang). You can catch Nepal telecom reception at Pangsang which gave us an opportunity to call home as we were off grid last night.

We descended from Pangsang to Tipling through a dense rhododendron forest where you can find red, white, pink and purple rhododendron. The downhill part is fun and technical from here to Tipling, you can find solitary shelter huts for shepherds and stone paved downhill tracks whih will test your vehicle's suspension and gears, and your spinal compression. After about an hour downhill from Pangsang pass near Tipling we finally met another person. We stopped there and talked to him about five minuted just with the sheer joy of seeing another person after Somdang.

We stopped in Tipling for lunch and some rest. After the meal we watched the Augusta Westland helicopter of Home Minister Ramesh Lekhak land in Tipling to inagurate a Armed Police Force Border Outpost there. But the irony of the fact is that with all the gold smuggling going on from Rasuwa, we just made a detour from Rasuwa towards Dhading and the security presence was nonexistant in this part of the Northern Border. Maybe it is a testament to the toughness of the route we took, in retrosepct.

The road down from Tipling to Sertung was treacherous as the grade was sheer and it was akin to ploughing a rocky field with the handlebars as your plough and the engine with its bovine potential at first gear. The structure of the road is such that you have to start at the higher ward numbers of Rubi Valley Rural municipality and traverse each ward, with a river in between and the hairpin bends connecting them. Anyways, we traversed through Sertung which also had its newly constructed road to challenge us in the downhill portion.

After Sertung, the roads do get better after Jharlang following the Aankhu Khola towards Darkha and Lapang. From Lapang, we headed towards katunje to meet the Pushpalal highway which is ready forr its final layer of asphalt giving us a comfortable ride at careful speeds to avoid the deposited aggregate for several kilometers, after which the highway was completed most of Dhading District. However, the highway abruptly ends at the border of Nuwakot giving us some more opportunity to ride on offroad track.

We met blacktopped roads again near Trishuli, and headed back through Tokha. Reached home at about 730 in the evening.",1,0,2025-05-04 13:52:54+00:00,https://reddit.com/r/Nepal/comments/1kekbha/ride_review_rubi_valley_from_rasuwa/,
Nepal,1kek70l,PU after Yubaraj Sangroula scandal?,[deleted],,1,5,2025-05-04 13:46:53+00:00,https://reddit.com/r/Nepal/comments/1kek70l/pu_after_yubaraj_sangroula_scandal/,Question/प्रश्न
Nepal,1kek5ea,Civil Hospital Baneshwor OPD ticket,saila69,"Bihana kattiko xitto januparxa opd ticket paauna ko lagi? I was planning to reach there at about 9, teti bela gayera ta dherai dhilo hunxa bhanne sune. What time should i go? 
ENT ko lagi ho.",1,0,2025-05-04 13:44:47+00:00,https://reddit.com/r/Nepal/comments/1kek5ea/civil_hospital_baneshwor_opd_ticket/,
Nepal,1kek3c9,PU after Yubaraj Sangroula scandal???,[deleted],,1,1,2025-05-04 13:42:01+00:00,https://reddit.com/r/Nepal/comments/1kek3c9/pu_after_yubaraj_sangroula_scandal/,Question/प्रश्न
Nepal,1kejuyk,Thinking about mbbs in nepal any suggestions? ...,much_two74,,1,1,2025-05-04 13:30:38+00:00,https://reddit.com/r/Nepal/comments/1kejuyk/thinking_about_mbbs_in_nepal_any_suggestions/,
Nepal,1kejnng,Best laptop shop in Kathmandu,SlowParticular5393,,1,0,2025-05-04 13:20:48+00:00,https://reddit.com/r/Nepal/comments/1kejnng/best_laptop_shop_in_kathmandu/,
Nepal,1kej1uk,am I even being realistic ?,[deleted],,1,1,2025-05-04 12:49:59+00:00,https://reddit.com/r/Nepal/comments/1kej1uk/am_i_even_being_realistic/,Help/सहयोग
Nepal,1keirw0,नेपाली वाक्यरचनाको प्रश्न,cittasatva,"If you wanted to say ""Who do you think he likes?"", which of the following would be ""acceptable"" (key word - doesn't matter if it sounds अनौठो as long as it's grammatical)?

१. तिमीले सोच्यौ उसले कसलाई मनपराउँछन?
२. के तिमीले सोच्यौ कि उसले कसलाई मनपराउँछन?
३. के तिमीले सोच्यौ कि के उसले कसलाई मनपराउँछन?
४. के तिमीले उसले कसलाई मनपराउँछन सोच्यौ?
५. तिमीले के उसले कसलाई मनपराउँछन सोच्यौ?
६. तिमीले कि उसले कसलाई मनपराउँछन सोच्यौ? (कि being used in the same way it's used in २ and ३)
७. तिमीले उसले कसलाई मनपराउँछन कि सोच्यौ? (same as above)
८. तिमीले सोच्यौ कि के उसले कसलाई मनपराउँछन?

मेरो बुझाईआनुसार, ""के"" can be used as an expletive question marker, मतलब it doesn't actually ""stand in"" for another thing (like ""कसले"" in the above examples) - is this true?

I wanted to double check this for an assignment 💀 I ""feel"" that  कृपया मद्दत गर्नुहोला॥",1,0,2025-05-04 12:34:48+00:00,https://reddit.com/r/Nepal/comments/1keirw0/नपल_वकयरचनक_परशन/,Question/प्रश्न
Nepal,1keikz9,Nepali wedding cost ranging fro. Simple to middle -Mens side,[deleted],,1,0,2025-05-04 12:24:01+00:00,https://reddit.com/r/Nepal/comments/1keikz9/nepali_wedding_cost_ranging_fro_simple_to_middle/,Help/सहयोग
Nepal,1keihuc,I got around 50k from my father!,RepulsiveWing1067,,1,0,2025-05-04 12:19:10+00:00,https://reddit.com/r/Nepal/comments/1keihuc/i_got_around_50k_from_my_father/,Question/प्रश्न
Nepal,1keiaaw,Earning 70k remotely at age 21,Quick-Egg-6408,"Context before question- I just reached 21 and working remotely for us based client. I manage and build their websites, web scrap etc. In my last month of final year ( 3 years of bachelors in computing) islington, anyways so the question is idk what to do should I invest and open business or should I deposit in bank fixed account and etc like the salary is too much for me I barely use 5 10k a month. I started working since I was grade 10 and finally landed this remote 5 days job which I give like few hours time in a week :) But right now I swear I am not trying to boast or anything I just have no idea what do I do like rather than the money staying in the bank. Whats the best thing u did with your saved salary? Like for a long term? Anyone knows about some good investment plans in banks or idk any ideas are appreciated thank uu",1,0,2025-05-04 12:07:28+00:00,https://reddit.com/r/Nepal/comments/1keiaaw/earning_70k_remotely_at_age_21/,
Nepal,1kei9qw,Is this the best time to buy gold at it lowest ?,BrotherUpbeat3880,"Gold prices in Nepal have surged sharply. Hallmark gold rose from **NPR 106,500** per tola in Oct 2023 to **NPR 197,000** by Apr 2025. This nearly **85%** jump. also if i want to buy gold where do i buy pure gold like in from of coin or biscuits. also is there a difference in appreciation of ***24k jewelry gold*** vs ***24k gold coin***,",1,0,2025-05-04 12:06:34+00:00,https://reddit.com/r/Nepal/comments/1kei9qw/is_this_the_best_time_to_buy_gold_at_it_lowest/,
Nepal,1kei4sd,Tax Clearance for FY 2081,Artistic-Host7158,,1,1,2025-05-04 11:58:58+00:00,https://reddit.com/r/Nepal/comments/1kei4sd/tax_clearance_for_fy_2081/,Help/सहयोग
Nepal,1kei3qd,CA in Nepal or Finance in USA,Kind_Fall_7317,,1,0,2025-05-04 11:57:07+00:00,https://reddit.com/r/Nepal/comments/1kei3qd/ca_in_nepal_or_finance_in_usa/,
Nepal,1kei394,Looking for an authentic monastery to stay at,No_Stress7227,,1,1,2025-05-04 11:56:20+00:00,https://reddit.com/r/Nepal/comments/1kei394/looking_for_an_authentic_monastery_to_stay_at/,
Nepal,1kei1ro,labim mall ko traffic light,empe_casa,"Nobody is talking about how messed up the traffic signal is in this whole area? 
Seriously, who in their right mind thought a traffic signal should blip “G0” after each second???

FYI- i dont usually go this route, 4 paiya bhayera matrai gaathiye to avoid UN park.

i was driving from Ekantakuna when i suddenly saw a traffic light right after exiting roundabout. luckily I stopped or the campers would have got me. 
Then right when i was about to go right towards labim mall, i got confused. All i saw was GO, and when i took the exit BOOM, red light. Not even yellow!!!
This is why I am losing my sympathy for traffic police as they do have lot going on with paychecks, oppression and other things. 
But when they dont consider basic fault in the system it just make me lose it.
I tried to explain to them that i was already on exit when the light was green. For explanation, I was in almost in other side when the opposite lane started moving.
But like a typical traffic behavior, that man ignored me till he gave me a ticket (online).
I waited to observe what was going on and as predicted, the light keeps blipping go inbetween seconds and just goes red instantly.

Its not the fact that I got a ticket, its the fact that this seems intentional to trap regular people going about their day.

Ani trust me, iam not a guy that rushes k. majjaley gairabela tanau matrai. 

And most of these traffic lights that are either placed way above the stopping line or just work when the cops want which is very inconsistent. kahiley chalni kahiley nachalni lights.",1,0,2025-05-04 11:53:55+00:00,https://reddit.com/r/Nepal/comments/1kei1ro/labim_mall_ko_traffic_light/,
Nepal,1kehm5w,Applying for Masters in Germany,lunaria_100,,1,0,2025-05-04 11:27:34+00:00,https://reddit.com/r/Nepal/comments/1kehm5w/applying_for_masters_in_germany/,
Nepal,1kehlh3,Bangladesh sending mix signals.,AccidentOk5928,,1,0,2025-05-04 11:26:21+00:00,https://reddit.com/r/Nepal/comments/1kehlh3/bangladesh_sending_mix_signals/,
Nepal,1kehjqi,Garo xa yettekai khale basna ne,diffanatomy,"So bored right now,yeso girl friend vayane chill ma kura gardei basna huntheyo😆,daily routine clz gayo,clz xutti vayase yeso kta haru sanga basera chiya sutta combo hanyo  ane ghar aayo khana khayo sutyo ane uthda 4 bajxa ane fere pre workout meal khayo jym gayo aauda belka 8 baajxa so this is how my life is going, am 18 right now soon will be 19 ane arko barsa pane yehi routine mai bitla jasto xa,khela kahi xutti ko bela ma futsal hanna gayo and sometimes sathe haru ko ma hangout hanna gayo,ghar pane yesto thau ma xa ke kohe sathe ne xaina ori pari vetna jum vane ne 😑 skills haru ne sekxu khale time ma got lots of musical instruments to play in my house and pohela pohela ta movie series haru herera ne din beettheyo ahela ta herna ne jhau lagxa ,kehi kam garera khale time utilize garum and some how it will also help my family vaneko clz paddh dei gareko student le kam pauna ne halka garo pardo raixa and nothing to say yestai chle raxa 😂",1,0,2025-05-04 11:23:16+00:00,https://reddit.com/r/Nepal/comments/1kehjqi/garo_xa_yettekai_khale_basna_ne/,Rant/गुनासो
Nepal,1kehe35,"What to do,any tips?guysss",diffanatomy,,1,1,2025-05-04 11:13:28+00:00,https://reddit.com/r/Nepal/comments/1kehe35/what_to_doany_tipsguysss/,Discussion/बहस 
Nepal,1keh9pw,Why study hard when questions are getting leaked.,letjungkook7,Idk if it's true or not but chances are very high. Currently Vai rakhya 12 KO boards ma literally questions haru leak Vai rakhya xa. Those average students who have studied diligently will be getting A/A+ while those who don't even know the syllable will get A+ wo even trying. This is making me so mad rn,1,0,2025-05-04 11:05:29+00:00,https://reddit.com/r/Nepal/comments/1keh9pw/why_study_hard_when_questions_are_getting_leaked/,
Nepal,1keh7gl,Copper or brass sheets near hetauda or lalitpur ?,Imaginary-Hornet5464,"Hello all!

I am in need of copper or brass sheets big enough to make a door with some design elements.

Does anybody know where I can find them?

Thanks!",1,0,2025-05-04 11:01:19+00:00,https://reddit.com/r/Nepal/comments/1keh7gl/copper_or_brass_sheets_near_hetauda_or_lalitpur/,
Nepal,1keh6f0,Any tips for shitty life like this?,diffanatomy,,1,1,2025-05-04 10:59:45+00:00,https://reddit.com/r/Nepal/comments/1keh6f0/any_tips_for_shitty_life_like_this/,Relationship/सम्बन्ध
Nepal,1kegxnn,How to write research paper ?,[deleted],,1,3,2025-05-04 10:43:27+00:00,https://reddit.com/r/Nepal/comments/1kegxnn/how_to_write_research_paper/,Education/शिक्षा
Nepal,1kegxdl,Overwhelmed Student quietly asking for help.,Dense_Competition653,,1,1,2025-05-04 10:42:54+00:00,https://reddit.com/r/Nepal/comments/1kegxdl/overwhelmed_student_quietly_asking_for_help/,
Nepal,1kefyux,"मेरो बैनी गलत केटा मा फसेकी छिन् — घर टुट्ने स्थितिमा छ, म के गरुँ?",okaychha,,1,1,2025-05-04 09:37:39+00:00,https://reddit.com/r/Nepal/comments/1kefyux/मर_बन_गलत_कट_म_फसक_छन_घर_टटन_सथतम_छ_म_क_गर/,
Nepal,1kefriu,Repping the motherland abroad.,Pras-CFC,"Yo man ta mero Nepali ho 💪🏽
Namaste hai sabai jana lai 🙏",1,0,2025-05-04 09:23:13+00:00,https://reddit.com/r/Nepal/comments/1kefriu/repping_the_motherland_abroad/,
Nepal,1kefl9i,Leaning towards opening a clothing brand.,hellogaurav_,"Hi everyone,
My friends and I are in the early stages of building a clothing brand. While our long-term vision is to operate globally, we're currently focused on getting started locally and understanding consumer behavior. We're all new to the fashion and retail industry, and although our plans and budget are still taking shape, we're genuinely serious about making this work.

We’re starting small, just enough to test the waters, learn, and adapt based on real customer feedback. We're looking for insights from those who’ve been in the clothing business and can share their practical experiences.

Specifically, we’d love to know:

1. What are the biggest do's and don'ts when starting a clothing brand?


2. What common mistakes should we avoid early on?


3. What are the most important things to focus on during the first few months?


4. How should we approach understanding and reacting to consumer behavior?


5. Any advice on how to stay lean, efficient, and adaptable in the early phase?



Any hard-earned wisdom, tips, or even lessons from failed experiments would be incredibly valuable to us. Thanks in advance to anyone willing to share!",0,6,2025-05-04 09:10:47+00:00,https://reddit.com/r/Nepal/comments/1kefl9i/leaning_towards_opening_a_clothing_brand/,Question/प्रश्न
Nepal,1kefjcr,Looking for reliable Nepali organizations that help with overseas work opportunities – any suggestions?,Dapper_Tourist_5201,,1,0,2025-05-04 09:06:59+00:00,https://reddit.com/r/Nepal/comments/1kefjcr/looking_for_reliable_nepali_organizations_that/,
Nepal,1keff9s,Photography at rudramati roadside.,Public_Anything_79,"Saw these girls, holding flower bouquet on rudramati roadside trying to get photo along with the roadside flowers. They were their for around 30 mnts just to capture her photo holding flower bouquet and along with  flowers tree on their background. 
How can someone do that just for a sake of photo in a busy road, I'm amazed.",1,0,2025-05-04 08:59:13+00:00,https://reddit.com/r/Nepal/comments/1keff9s/photography_at_rudramati_roadside/,
Nepal,1kefc2g,Is there any solution for dandruff?,Silent_Village_131,,1,0,2025-05-04 08:52:44+00:00,https://reddit.com/r/Nepal/comments/1kefc2g/is_there_any_solution_for_dandruff/,
Nepal,1kef9ye,Civil or Architecture Engineering?,ayo477,gaaro sajilo kun hola yo dui ota maa? ani scope kattiko cha yo dui madhye?,1,0,2025-05-04 08:48:26+00:00,https://reddit.com/r/Nepal/comments/1kef9ye/civil_or_architecture_engineering/,
Nepal,1kef9sx,Yo man ta mero Nepali ho 🙏,Pras-CFC,,1,1,2025-05-04 08:48:08+00:00,https://reddit.com/r/Nepal/comments/1kef9sx/yo_man_ta_mero_nepali_ho/,
Nepal,1kef5kw,Anyone from basundhara can share their experience it would be great,RemarkableNothing597,Hey guys i need help I’ve to move Kathmandu for further study i think it’s the best place and a lot of opportunities anyone from basundhara if they know best hostel and also if you’ve study in herald international college can you share your experience it would be really great .I’m so confused I have to take decision fast,1,0,2025-05-04 08:39:55+00:00,https://reddit.com/r/Nepal/comments/1kef5kw/anyone_from_basundhara_can_share_their_experience/,Help/सहयोग
Nepal,1kef3uy,Need college recommendation for MBA,Inevitable_Deal_1871,Best college for MBA in Nepal? Or should I try abroad for the course?,1,0,2025-05-04 08:36:33+00:00,https://reddit.com/r/Nepal/comments/1kef3uy/need_college_recommendation_for_mba/,Question/प्रश्न
Nepal,1kef1lo,Giveaway in the video in the celebration of 23k views),Civil_Problem_491,,1,0,2025-05-04 08:32:06+00:00,https://reddit.com/r/Nepal/comments/1kef1lo/giveaway_in_the_video_in_the_celebration_of_23k/,
Nepal,1keewxi,How can I get a job with 0 experience in Nepal?,Cute_Swan4657,Currently I am Studying bachelor .I want to help my parents with some money .I want to get Carrer in accounting .,1,0,2025-05-04 08:22:28+00:00,https://reddit.com/r/Nepal/comments/1keewxi/how_can_i_get_a_job_with_0_experience_in_nepal/,
Nepal,1keeukc,IT in government jobs ? Is it even worth it?,First_Asparagus_9043,,1,0,2025-05-04 08:17:31+00:00,https://reddit.com/r/Nepal/comments/1keeukc/it_in_government_jobs_is_it_even_worth_it/,Help/सहयोग
Nepal,1keesfb,Solo Trek Recommendation from Pokhara? Mardi Himal vs Poon Hill + Rental &amp; Group Info Needed,flashsharjeel,"Hey everyone,
I’m currently in Pokhara and planning to go on a solo trek, but I’m a bit confused about which one to pick. I was leaning towards Poon Hill, but a few people at my hostel strongly recommended Mardi Himal instead.

The catch is—I’m not very well-prepared. I don’t have proper warm clothes or trekking gear, but I’m okay with renting if there are reliable shops in Pokhara.

So a few questions for the community:
	1.	Which trek would you recommend for a solo traveler—Mardi Himal or Poon Hill?
	2.	Are there any good rental places in Pokhara for warm clothes and gear?
	3.	Is there a way to join a group trek with a guide without booking a full package in advance?

Any tips or personal experiences would be super helpful! Thanks in advance.",1,0,2025-05-04 08:13:19+00:00,https://reddit.com/r/Nepal/comments/1keesfb/solo_trek_recommendation_from_pokhara_mardi_himal/,Question/प्रश्न
Nepal,1keeq0l,Anyone from Kathmandu ???,Artistic_Low_6845,,1,1,2025-05-04 08:08:30+00:00,https://reddit.com/r/Nepal/comments/1keeq0l/anyone_from_kathmandu/,Discussion/बहस 
Nepal,1keejik,Need PDF of अन्धवेग (Andhabeg) by Balkrishna Sama - Can Anyone Share?,vivek956_,,1,0,2025-05-04 07:55:22+00:00,https://reddit.com/r/Nepal/comments/1keejik/need_pdf_of_अनधवग_andhabeg_by_balkrishna_sama_can/,Education/शिक्षा
Nepal,1keehkw,Flat 1/2BHK needed in pulchowk area,No_Grade5170,,1,1,2025-05-04 07:51:25+00:00,https://reddit.com/r/Nepal/comments/1keehkw/flat_12bhk_needed_in_pulchowk_area/,
Nepal,1keecu9,"[Help] Anyone who has previous bridge course books, help!",Comfortable-Wall-465,"So basically the thing is I don't wanna do physical bridge course and wanna self study the material. My main priority is entrance/scholarship.

So if anyone here joined bridge course previous years and has the books and materials unused, please reach out to me.

Thanks in advance.

(Won't take for absolute free, let's discuss in DM)",1,0,2025-05-04 07:41:55+00:00,https://reddit.com/r/Nepal/comments/1keecu9/help_anyone_who_has_previous_bridge_course_books/,Education/शिक्षा
Nepal,1keeav1,"[Suggestion] Current/Previous students of Sainik Bhaktapur and SOS, are they good for science stream in +2?",Comfortable-Wall-465,"So I live in Bhaktapur and these two are very close to me and also are decently affordable. So as they are government colleges (i guess), how is the education system and environment there. Are the teachers and stuff good? Please give me a basic overview and whether they are good options or not.

Also what about any other affordable colleges?",1,0,2025-05-04 07:38:01+00:00,https://reddit.com/r/Nepal/comments/1keeav1/suggestion_currentprevious_students_of_sainik/,Education/शिक्षा
Nepal,1kee2qa,Bike retrial and reform process,Alarming-Vehicle-642,"so maile out of ktm valley bata 1 choti bike trial deko fail vaya tesapaxi ktm aaihale jana Pako xain
aba ktm ma suru bata form varera written dekhi dina milxa ki nai?
ki baki 2 ota trial  dinai parne ho?
3 months vaisakyo 1 st trial deko
I'll be thankful if anyone knows",1,0,2025-05-04 07:22:19+00:00,https://reddit.com/r/Nepal/comments/1kee2qa/bike_retrial_and_reform_process/,
Nepal,1kedt9a,Getting Tretinoin for Acne in Nepal? Share Your Experience/Advice!,Impressive_Film_1590,,1,0,2025-05-04 07:04:27+00:00,https://reddit.com/r/Nepal/comments/1kedt9a/getting_tretinoin_for_acne_in_nepal_share_your/,Discussion/बहस 
Nepal,1kedquo,How to Start Retinol in Kathmandu’s Climate: A Beginner’s Guide,Impressive_Film_1590,,1,0,2025-05-04 07:00:13+00:00,https://reddit.com/r/Nepal/comments/1kedquo/how_to_start_retinol_in_kathmandus_climate_a/,
Nepal,1keddyc,Looking for a recruitment agency for work in Europe – any opinions on Glocal Workforce Nepal and Global Recruit Experts?,Dapper_Tourist_5201,,1,0,2025-05-04 06:35:07+00:00,https://reddit.com/r/Nepal/comments/1keddyc/looking_for_a_recruitment_agency_for_work_in/,
Nepal,1keddl0,Introducing your ideas into Aether AI,goodies_here,,1,0,2025-05-04 06:34:24+00:00,https://reddit.com/r/Nepal/comments/1keddl0/introducing_your_ideas_into_aether_ai/,
Nepal,1kedcwa,"""Creating Nepali Discord Server living with Type 1 diabetes? Join our new Discord Server!""",[deleted],,1,0,2025-05-04 06:33:01+00:00,https://reddit.com/r/Nepal/comments/1kedcwa/creating_nepali_discord_server_living_with_type_1/,
Nepal,1kedc2a,"""Creating Nepali Discord Server living with Type 1 diabetes? Join our new Discord Server!""",[deleted],,1,1,2025-05-04 06:31:28+00:00,https://reddit.com/r/Nepal/comments/1kedc2a/creating_nepali_discord_server_living_with_type_1/,
Nepal,1ked9st,Condition of Mugling-Pokhara road,himalayanZombie,"Rainy season is rapidly approaching and this road whose reconstruction was started in 2021, still hasn't been completed.",1,0,2025-05-04 06:27:01+00:00,https://reddit.com/r/Nepal/comments/1ked9st/condition_of_muglingpokhara_road/,Travel/यात्रा
Nepal,1ked9gh,Tarbuj vs kharbuja confusion !,FamousCell4834,"So in Kathmandu I hear everyone saying ""kharbuja"" to watermelon, but what I knew was Muskmelon is called ""Kharbuja"" and watermelon is called "" tarbuj"". I belong to pahadi family so I was 15 when I had my first watermelon in butwal. There I heard people calling it Tarbuj but here in Kathmandu people call it kharbuja. 
Can anyone tell me what is correct?",1,0,2025-05-04 06:26:20+00:00,https://reddit.com/r/Nepal/comments/1ked9gh/tarbuj_vs_kharbuja_confusion/,Question/प्रश्न
Nepal,1kecb3s,"विदेश(Australia, UK, USA) जान को लागि कुन Consultancy बाट Apply गर्दा ठिक हुन्छ Guys?",[deleted],,1,0,2025-05-04 05:21:02+00:00,https://reddit.com/r/Nepal/comments/1kecb3s/वदशaustralia_uk_usa_जन_क_लग_कन_consultancy_बट/,Question/प्रश्न
Nepal,1kec08b,Need Help From Linen Expert asap,RandyRajan,"Khasma Mero chai chaddi chyattiyo and still dhoyekoxainw, koi kapda silauni expert The mai Lord hunhunxavane stitch gardinu paryo i will let you drink water fromvillage tap for real.",1,0,2025-05-04 05:01:22+00:00,https://reddit.com/r/Nepal/comments/1kec08b/need_help_from_linen_expert_asap/,Rant/गुनासो
Nepal,1kebya2,Nepal Electricity Authority’s White Paper Reveals Zero Cash Reserves – Creative Accounting Concerns,trytobefool,"The Nepal Electricity Authority (NEA) released a white paper (linked below) revealing **zero cash reserves**, prompting allegations of “creative accounting” reminiscent of ENRON. A tweet by [Dipak Gwayali ](https://x.com/dipak_gyawali/status/1918870228551045423)highlights this issue and urges auditors to provide interpretive commentary on the document: [NEA White Paper](http://nea.org.np/admin/assets/uploads/supportive_docs/64262981.pdf).

Has anyone reviewed the white paper? What accounting practices might lead to such a situation? Could this indicate deeper financial mismanagement? Curious to hear from auditors or those familiar with public utility accounting!

[https://www.onlinekhabar.com/2025/05/1673658/electricity-authority-has-zero-cash-balance-taking-a-loan-of-10-billion](https://www.onlinekhabar.com/2025/05/1673658/electricity-authority-has-zero-cash-balance-taking-a-loan-of-10-billion)",1,0,2025-05-04 04:57:58+00:00,https://reddit.com/r/Nepal/comments/1kebya2/nepal_electricity_authoritys_white_paper_reveals/,Discussion/बहस 
Nepal,1kebx2n,Nepal Electricity Authority’s White Paper Reveals Zero Cash Reserves – Creative Accounting Concerns,trytobefool,,1,0,2025-05-04 04:55:44+00:00,https://reddit.com/r/Nepal/comments/1kebx2n/nepal_electricity_authoritys_white_paper_reveals/,Discussion/बहस 
Nepal,1kebid5,How to prepare for law entrance exam in Nepal ?,[deleted],,1,0,2025-05-04 04:29:46+00:00,https://reddit.com/r/Nepal/comments/1kebid5/how_to_prepare_for_law_entrance_exam_in_nepal/,
Nepal,1keb65w,Boiler Chicken getting injection to make the breast large - True or Not?,InterestingPurple296,,1,0,2025-05-04 04:08:42+00:00,https://reddit.com/r/Nepal/comments/1keb65w/boiler_chicken_getting_injection_to_make_the/,
Nepal,1keay4g,Nepali Passport Expiring In 1 Month,Jacksparrowl03,,1,0,2025-05-04 03:55:26+00:00,https://reddit.com/r/Nepal/comments/1keay4g/nepali_passport_expiring_in_1_month/,
Nepal,1kearr9,If anyone trying to sell their bike,luminary46,"If anyone trying to sell their bike than dm me.
Kasailai bike bechna man xa afno vane malai msg garnus athawa dm garnus hola I want to buy it bcoz I want to ride it.
Joke grya jsto lagla tara hoina maile post lamo banauna ko lagi k k lekhdaixu kina ki low effort lt post vanera fyaldinx tara I really need a bike.",1,0,2025-05-04 03:45:08+00:00,https://reddit.com/r/Nepal/comments/1kearr9/if_anyone_trying_to_sell_their_bike/,
Nepal,1keaouz,Building a wall doesn’t always need an engineer and mistri,me-marsh-1234,"I should build a wall 
I should be like a rock ,
Falling from above yet unbroken
, not a single stretch to itself,
Rigid , with a soft smile that’s hard to catch, with an attitude that’s even harder to break, unbroken to be exact
This was Iam 
This is I need to be to protect myself
My dignity ,
Even though, in recent time iam in a path where broken things are amended if passed through me
Even though , if passed through me rock melts
It’s enough now
I should not be melting, now I should be in the verse of contrary
The unbroken 
The needed me for myself
The unwanted though , 
The necessity 
To protect me myself 
I have had enough of myself 
The soul is hurt which should not have been
I melted in shapes people wanted
And yet they broke me to other shapes constantly,   
Yo chai mero notes ma thyo hai guys ani chatgpt chatgpt navana halka ai ta use grne pryo ni ali Kati vocab matra change grya ho",1,0,2025-05-04 03:40:25+00:00,https://reddit.com/r/Nepal/comments/1keaouz/building_a_wall_doesnt_always_need_an_engineer/,
Nepal,1keanqd,Building a wall doesn’t always need an engineer and mistri 🤣,[deleted],,1,1,2025-05-04 03:38:34+00:00,https://reddit.com/r/Nepal/comments/1keanqd/building_a_wall_doesnt_always_need_an_engineer/,
Nepal,1kealfu,Need to buy 2nd hand bike,luminary46,,1,1,2025-05-04 03:34:54+00:00,https://reddit.com/r/Nepal/comments/1kealfu/need_to_buy_2nd_hand_bike/,
Nepal,1ke9t7g,"J gara jaso gara, yo man ta mero Nepali ho",jonsnow________,,1,0,2025-05-04 02:48:50+00:00,https://reddit.com/r/Nepal/comments/1ke9t7g/j_gara_jaso_gara_yo_man_ta_mero_nepali_ho/,
Nepal,1ke9llk,Finding room agent number,Impressive-Try-8977,"Kathmandu ma room pauna kate garo ho 
Please guys give me local room finder agent ko number provide gardinus na 
Room area( manamaiju baniyatar gongabu samkhusi ranibari )
Advance ma thanks a lot",1,0,2025-05-04 02:36:50+00:00,https://reddit.com/r/Nepal/comments/1ke9llk/finding_room_agent_number/,Help/सहयोग
Nepal,1ke946b,Going to for a startup Advice needed.,Key-Database-7094,"I previously worked as a blockchain developer for an international company. About a month ago, I developed a small microservice based on Layer 1 blockchain technology. After successfully launching this service, my colleagues encouraged me to start my own startup. My idea also received support from the company's founder and senior engineers.

Following several discussions and meetings, the Layer 1 blockchain company agreed to provide a bootstrap grant of around $13,000 USD for my Minimum Viable Product (MVP). This funding will be provided either in their native blockchain token or in a stable currency (USDT or USDC).

However, I am facing challenges regarding how to officially register my startup in Nepal and legally accept this bootstrap funding. The blockchain-related regulations in Nepal are very strict, which complicates this process. While I've considered registering the startup in India, it requires obtaining both a PAN card and an Aadhaar card. Acquiring a PAN card is straightforward, but obtaining an Aadhaar card is more difficult for non-residents.

Additionally, an angel investor recently expressed interest in providing seed funding for my idea within the next few months, as they were impressed by the concept.

Any suggestions or advice regarding this situation would be greatly appreciated.",1,0,2025-05-04 02:09:12+00:00,https://reddit.com/r/Nepal/comments/1ke946b/going_to_for_a_startup_advice_needed/,Help/सहयोग
Nepal,1ke945b,"Working on a Nepali sci-fi animation, would love your thoughts and ideas!",Ill-Translator-3174,"Hey everyone, I’m making a Nepali sci-fi animation that mixes futuristic tech, Himalayan mythology, and local stories kind of like a Yeti with AI, aliens with Nepali style names, and a young group of Nepali characters trying to save their future world.

It’s still in early writing/design stages, but I’d love to hear any ideas on story, visuals, or cultural elements that could make it even better. If you’re into Nepali culture, storytelling, sci-fi, or animation, I’d really appreciate your input.

Also, if you’ve ever shared or worked on something like this before, I’d be curious to know how you got others to hear about it.

Thanks",1,0,2025-05-04 02:09:09+00:00,https://reddit.com/r/Nepal/comments/1ke945b/working_on_a_nepali_scifi_animation_would_love/,
Nepal,1ke92fr,masu pasale attempted to scam me,[deleted],,7,8,2025-05-04 02:06:29+00:00,https://reddit.com/r/Nepal/comments/1ke92fr/masu_pasale_attempted_to_scam_me/,Discussion/बहस 
Nepal,1ke91gb,Looking for a good travel agency to visit Mt. Kailash and lake Mansarovar.,hungryforknoweledge,"Kta keti ho malai euta ramro, bharpardo travel agency recommend garaum na please. One of my Reddit friends wants to visit there and they want a good, reliable, affordable package for that. I would take them myself but ma aaile Nepal aauna mildaina. Koi cha bhaney bhanum na hai, will be highly appreciated.",1,0,2025-05-04 02:04:53+00:00,https://reddit.com/r/Nepal/comments/1ke91gb/looking_for_a_good_travel_agency_to_visit_mt/,
Nepal,1ke8y3t,"I'm creating a Nepali sci-fi animated story, open to suggestions &amp; collaboration.",[deleted],,1,0,2025-05-04 01:59:52+00:00,https://reddit.com/r/Nepal/comments/1ke8y3t/im_creating_a_nepali_scifi_animated_story_open_to/,Question/प्रश्न
Nepal,1ke8umf,"I’m creating a Nepali sci-fi animated story, open to suggestions &amp; collaboration.",Glittering-Pen-7943,,1,0,2025-05-04 01:54:26+00:00,https://reddit.com/r/Nepal/comments/1ke8umf/im_creating_a_nepali_scifi_animated_story_open_to/,
Nepal,1ke8t78,"I’m creating a Nepali sci-fi animated story, open to suggestions &amp; collaboration.",Glittering-Pen-7943,,1,0,2025-05-04 01:52:10+00:00,https://reddit.com/r/Nepal/comments/1ke8t78/im_creating_a_nepali_scifi_animated_story_open_to/,
Nepal,1ke6fpo,Free Web Hosting in Nepal: The Best Options &amp; How to Get Started,tbnparu,"**Get Started with Free Web Hosting at KohinoorHosting.com!**

**Sign Up Now at** [**KohinoorHosting.com**](https://kohinoorhosting.com) 

Are you ready to take your website live without breaking the bank? Look no further! [KohinoorHosting.com](http://KohinoorHosting.com) is here to make your website journey smooth and affordable. As one of the top-rated web hosting providers, KohinoorHosting is revolutionizing the industry with their FREE web hosting offer!

**Why Choose** [**KohinoorHosting.com**](http://KohinoorHosting.com) **for Your Website?**

KohinoorHosting offers an incredible 5GB of storage completely for free! Whether you're a beginner or an experienced developer, you can easily set up your website without any hassle. It’s time to launch your online presence without spending a single penny!

**How to Get Your Free Web Hosting with KohinoorHosting:**

1. **Visit** [**KohinoorHosting.com**](http://KohinoorHosting.com) Open your browser and go to [KohinoorHosting.com](https://kohinoorhosting.com) to begin your website journey.
2. **Sign Up for a Free Account** On the homepage, look for the ""Sign Up"" or ""Create Account"" button. Click it, and you'll be directed to a simple registration page. Enter your name, email address, and create a password. After filling out the details, hit ""Sign Up""!
3. **Email Verification** After registering, check your inbox for a verification email from KohinoorHosting. Click the link inside to verify your account and activate your free hosting.
4. **Log in to Your New Account** Once your email is verified, return to [KohinoorHosting.com](http://KohinoorHosting.com) and log in with your newly created credentials. You’re just a few steps away from your hosting setup.
5. **Order Your Free Web Hosting** Once logged in, navigate to the hosting section. You’ll easily find the free hosting offer with 5GB storage. Click on ""Order Now"" to proceed.
6. **Choose Your Plan** Customize your free hosting plan! You’ll get 5GB of space, but you can choose extra features or add-ons to enhance your hosting experience. Review the details, terms, and conditions before finalizing your order.
7. **Complete the Order** After confirming your plan, click ""Order"" to complete the setup. You may need to add a domain name or other details. Follow the easy instructions from KohinoorHosting to finalize your hosting order.
8. **Congratulations, Your Free Web Hosting Is Ready!** That’s it! You now have 5GB of free web hosting and can start building your website right away. Upload files, create pages, and get your site live!

**Why KohinoorHosting is the Best Choice for You**

[KohinoorHosting.com](http://KohinoorHosting.com) is more than just free web hosting – it’s a complete solution that’s easy to use and reliable. Whether you’re starting a blog, launching an online store, or building a personal site, KohinoorHosting provides all the tools you need to succeed. Plus, with 24/7 LIVE CHAT SUPPORT, you’ll always have help at your fingertips.

**No Hidden Fees, No Complicated Steps – Just Free Web Hosting**

Why pay for expensive hosting when you can get everything you need for FREE? With KohinoorHosting, you get the same high-quality services as premium providers, but at absolutely no cost.

**Perfect for Beginners &amp; Small Businesses**

Starting a website can be daunting, but with KohinoorHosting, you can start simple and grow your website as you learn. It’s perfect for personal projects, small businesses, and anyone who wants to launch their online presence without worrying about hosting costs.

**Ready to Get Started?**

Don’t miss out on this amazing offer! Click the link below to sign up now and start building your free website today!

 **Sign Up Now at** [**KohinoorHosting.com**](https://kohinoorhosting.com) 

Join thousands of satisfied users who have already experienced the ease and reliability of KohinoorHosting. Your website’s success starts here – for FREE!",1,0,2025-05-03 23:43:28+00:00,https://reddit.com/r/Nepal/comments/1ke6fpo/free_web_hosting_in_nepal_the_best_options_how_to/,
Nepal,1ke6ewo,Free Web Hosting in Nepal: The Best Options &amp; How to Get Started,[deleted],,1,1,2025-05-03 23:42:21+00:00,https://reddit.com/r/Nepal/comments/1ke6ewo/free_web_hosting_in_nepal_the_best_options_how_to/,
Nepal,1ke3hg7,F1 visa interview availability,rubberman444,,1,1,2025-05-03 21:20:16+00:00,https://reddit.com/r/Nepal/comments/1ke3hg7/f1_visa_interview_availability/,Question/प्रश्न
Nepal,1ke2zce,She seems to carry more dictatorial trait the KP oli,UsedZookeepergame473,"She is wife of PM KP sharma oli and her recent speech quotes “जो जो मान्छेहरूले अध्यक्ष ओलीलाई गालि पाएर खुसि हुन्छ्न उहाहरूको भविष्य अन्धकार हुन्छ!  “. As per her KP oli cannot be criticized, what he does is always right and thise who criticized him will not have better future. 😞😞",1,0,2025-05-03 20:57:13+00:00,https://reddit.com/r/Nepal/comments/1ke2zce/she_seems_to_carry_more_dictatorial_trait_the_kp/,
Nepal,1ke2wnk,वो मा गो True Love !! She seems more dictatorial then Oli,UsedZookeepergame473,,1,1,2025-05-03 20:53:42+00:00,https://reddit.com/r/Nepal/comments/1ke2wnk/व_म_ग_true_love_she_seems_more_dictatorial_then/,Rant/गुनासो
Nepal,1ke2kgw,anyone have idea about internship abroad???,Ok_Dingo_3935,,1,1,2025-05-03 20:38:10+00:00,https://reddit.com/r/Nepal/comments/1ke2kgw/anyone_have_idea_about_internship_abroad/,
Nepal,1ke1c4x,HR Agencies or individuals,dizel_gazela435,"Hello, what are your recommendations for the best Vietnamese HR agencies or individuals? What are the procedures for bringing workers to Europe? Does anyone have some info from first hand?

Thank you",1,0,2025-05-03 19:41:46+00:00,https://reddit.com/r/Nepal/comments/1ke1c4x/hr_agencies_or_individuals/,Question/प्रश्न
Nepal,1ke0vve,"New, Exciting and disappointing App  (uptrendly)",manishmancity,"Someone suggested me this app and its kind of new, impressive and disappointing at same time. This app is basically 99% paid app, ani the prices are too much expensive, basic nai 10k bata suru raicha. Have anyone used this app? Is it worth subscribing? Koi cha bhane please reply",1,0,2025-05-03 19:20:57+00:00,https://reddit.com/r/Nepal/comments/1ke0vve/new_exciting_and_disappointing_app_uptrendly/,
Nepal,1ke0dh3,My best Friend's first UKG love,[deleted],,0,5,2025-05-03 18:58:52+00:00,https://reddit.com/r/Nepal/comments/1ke0dh3/my_best_friends_first_ukg_love/,Rant/गुनासो
Nepal,1kdzs3m,Best option iphone nepal maa kasari import garne?? Suggest me a best option,Miserable_Play8264,,1,1,2025-05-03 18:32:48+00:00,https://reddit.com/r/Nepal/comments/1kdzs3m/best_option_iphone_nepal_maa_kasari_import_garne/,Help/सहयोग
Nepal,1kdzr0b,Why Is Japan the Most Popular Study Destination for Nepali Students?,Due_Activity_5115,,1,0,2025-05-03 18:31:28+00:00,https://reddit.com/r/Nepal/comments/1kdzr0b/why_is_japan_the_most_popular_study_destination/,Question/प्रश्न
Nepal,1kdzodz,"IPhone, Usa maa kine tra lyaidine manxe koe vayena😭 suggest me a best option nepal import garne",Miserable_Play8264,,1,1,2025-05-03 18:28:15+00:00,https://reddit.com/r/Nepal/comments/1kdzodz/iphone_usa_maa_kine_tra_lyaidine_manxe_koe_vayena/,Help/सहयोग
Nepal,1kdxv7w,Class 12 ko paper leak vayo vane please do share hai !!,Jenith1,,1,1,2025-05-03 17:10:16+00:00,https://reddit.com/r/Nepal/comments/1kdxv7w/class_12_ko_paper_leak_vayo_vane_please_do_share/,Help/सहयोग
Nepal,1kdxqzv,1990s Bicycle 🚲 Modifications: Turning Basic Bikes into Personal Projects,TikliChor,,1,1,2025-05-03 17:05:04+00:00,https://reddit.com/r/Nepal/comments/1kdxqzv/1990s_bicycle_modifications_turning_basic_bikes/,Discussion/बहस 
Nepal,1kdxg50,Coming from delhi to kathmandu via flight,Exact-Abrocoma5809,As a nepali citizen with hand written negarikta as the only id. will i get any trouble at the delhi airport??i don't want to loose my ticket money.,1,0,2025-05-03 16:51:47+00:00,https://reddit.com/r/Nepal/comments/1kdxg50/coming_from_delhi_to_kathmandu_via_flight/,
Nepal,1kdx991,java runventure event 10th may,bishnuparajuli,"hey guys, there’s a running event where you have to run from one java to the other, around 7 outlets and you claim free mug and coffee along with goodies along the way

who’s interested?",1,0,2025-05-03 16:43:21+00:00,https://reddit.com/r/Nepal/comments/1kdx991/java_runventure_event_10th_may/,
Nepal,1kdx79w,Help regarding Masters in Germany (Computer Science),___lethean___,"Namaste everyone !

I wanted to hear experiences from people who have been studying computer science related masters courses in Germany but are from BEX background like me.

I completed my BEX degree from IOE pulchowk long time back 2018 with 75% ...taken both the GRE and TOEFL. .......been working as a software developer every since (yeah like 6 years). I have been applying to Germany for masters in computer science and related fields (like Computer Science itself, Software Engineering, Data Science etc.) .....Most of these unis are free from application fee and such other verified documents. But some require applying from uni-assist ....so they ask for things like VPD n for which I need to pay. It hit me today. Most unis have strict Credit Point requirement.  Does our BEX degree gain any sort of consideration for the masters in computer science related fields. Is it waste paying money to uni assist knowing that you'll most likely get a ""Not qualified for admission"" type of letter..??? Please any sort of suggestion would be helpful.",1,0,2025-05-03 16:40:52+00:00,https://reddit.com/r/Nepal/comments/1kdx79w/help_regarding_masters_in_germany_computer_science/,Help/सहयोग
Nepal,1kdwsnw,Photography in Pokhara anyone ?,[deleted],,1,0,2025-05-03 16:22:31+00:00,https://reddit.com/r/Nepal/comments/1kdwsnw/photography_in_pokhara_anyone/,
Nepal,1kdwms9,What is this 'Satyagraha'?,Chazos_partha,"No, this movement is not affiliated to any political party or region. We are opening an open-source newsletter that will allow people to express their opinions and freely express their thoughts. So why not join? Nepal is in much need of open-speech and inclusiveness. This will help us promote literacy and awaken civil consciousness.   
To all Nepalese, lets join this journey together, subscribing is free.   
[https://voicesatyagraha.substack.com/publish/home](https://voicesatyagraha.substack.com/publish/home)

To know more about us: [https://x.com/voicesatyagraha/status/1914567877991997549](https://x.com/voicesatyagraha/status/1914567877991997549)",1,0,2025-05-03 16:15:02+00:00,https://reddit.com/r/Nepal/comments/1kdwms9/what_is_this_satyagraha/,
Nepal,1kdwepf,"place to sit, discuss and code near sorakhutte area",ineffableaf,"do you guys know some chill places to sit and code with friends near sorakhutte, nayabazar area with a good ambiance, affordable price and friendly environment...",1,0,2025-05-03 16:05:05+00:00,https://reddit.com/r/Nepal/comments/1kdwepf/place_to_sit_discuss_and_code_near_sorakhutte_area/,
Nepal,1kdwebo,Photography in Pokhara anyone,Unusual-Low-3756,,1,1,2025-05-03 16:04:37+00:00,https://reddit.com/r/Nepal/comments/1kdwebo/photography_in_pokhara_anyone/,Help/सहयोग
Nepal,1kdwdjp,Laptop Recommendation for CA Articleship,cherryboicoups,"I’m a CA student looking to buy a laptop for video lectures and work-related tasks. My budget is about 1 lakh. I’m not into gaming or heavy editing so, i just need something reliable and smooth for recorded classes and Articleship.",1,0,2025-05-03 16:03:45+00:00,https://reddit.com/r/Nepal/comments/1kdwdjp/laptop_recommendation_for_ca_articleship/,
Nepal,1kdwb9e,My two friends are dumping crap about each other to me and I don't know how to deal with it,Alarming-One2989,"So this has been going on for a while now, but recently it's getting worse. I have two friends—let’s call them A and B—and they're clearly not vibing anymore. Instead of talking it out or distancing peacefully, they’ve both decided that *I’m* the designated emotional dumping ground.

A tells me all the things B does that annoy them. B comes to me later complaining about A like I’m their personal diary. They don’t know the other is doing it too (at least I think they don’t), and I'm just stuck in the middle absorbing all this negativity.

I honestly don't even know who’s ""right"" or if that even matters. I just feel mentally exhausted. I'm not a therapist. I'm not trying to play mediator. I just want to keep both friendships without having to deal with their crap. But if I tell them to stop, I’m scared it’ll make things worse or come off like I’m taking sides. And i just wish that this doesn't end horribly i'm like i might slip up mistakenly and end up making it worse. its crazy!!!!!",1,0,2025-05-03 16:01:03+00:00,https://reddit.com/r/Nepal/comments/1kdwb9e/my_two_friends_are_dumping_crap_about_each_other/,
Nepal,1kdw7ol,Need some Female friends for cafe hopping or to travel enjoy lol,theuserisnothoty,Im M 22 From ktm i dont know k vako ho ramrai xu good looking xu rich pani xu flex gareko haina hai koi connection garna manlageko bhayera hola koi kt sanga boleko nee hudina so anyone intrested to enjoy with me or travel with me haha anyone intrested comment me down i will dm you asap. ani what does specially girls like on boys?,1,0,2025-05-03 15:56:40+00:00,https://reddit.com/r/Nepal/comments/1kdw7ol/need_some_female_friends_for_cafe_hopping_or_to/,
Nepal,1kdvtbr,"Ex lovers, how long did you wait/talked to him/her to get them back?",krit6668,"If you got them back, was it worth it? If no, do you regret it?",1,0,2025-05-03 15:38:59+00:00,https://reddit.com/r/Nepal/comments/1kdvtbr/ex_lovers_how_long_did_you_waittalked_to_himher/,Question/प्रश्न
Nepal,1kdvp6z,The cycle of life and death: A poignant scene of Hindu cremation rituals observed by mourners at Pashupatinath,nikhilxettri,,1,0,2025-05-03 15:33:59+00:00,https://reddit.com/r/Nepal/comments/1kdvp6z/the_cycle_of_life_and_death_a_poignant_scene_of/,
Nepal,1kdvny9,The cycle of life and death: A poignant scene of Hindu cremation rituals observed by mourners at Pashupatinath🕊️,[deleted],,1,1,2025-05-03 15:32:28+00:00,https://reddit.com/r/Nepal/comments/1kdvny9/the_cycle_of_life_and_death_a_poignant_scene_of/,
Nepal,1kdvl3w,Help me choose a stream in nepal,_bidu4shi,,1,1,2025-05-03 15:29:02+00:00,https://reddit.com/r/Nepal/comments/1kdvl3w/help_me_choose_a_stream_in_nepal/,Education/शिक्षा
Nepal,1kdvfef,Kindly suggest. Planning a trip from India.,Business-Log1511,"Hello Everyone, 

I'm Planning a trip to visit Pashupatinath temple with my family in September. (read weather will be good) 

How does the following itinerary looks? And wanted to know do I need to carry Nepalese rupee or INR will work? Also, does UPI work? 

Day1:
Travel from Delhi
Visit to Pashupatinath Temple

Day2:
Guhyeshwari Temple
Swayambhunath
Patan Durbar Square
Garden of Dreams

Day3:
Nagarkot
Bhaktapur Durbar Square
Nyatapola Temple
Pottery square

Day4:
Return.


Any suggestions are welcome. I believe I don't need a visa? Please correct me if I'm wrong.",1,0,2025-05-03 15:21:48+00:00,https://reddit.com/r/Nepal/comments/1kdvfef/kindly_suggest_planning_a_trip_from_india/,
Nepal,1kdv5bs,Anyone studying in Germany?,Initial_Drawer_3998,"I am currently studying mechanical engineering (recent 1st sem ko exam deko) in Nepal. Nepal ma 1 barsha padhyo bhane Germany gaera 1 barsha ko extra course(student guideline something) garnu pardaina bhanne suneko thie. Ani Germany ma mechanical engineering garna/teha gaera padhna k k garnu parne ho. Anyone has any ideas? Please share, k kasto procedure haru hunchha, cost kati lagchha, worth it hunchha ki nai.",1,0,2025-05-03 15:09:11+00:00,https://reddit.com/r/Nepal/comments/1kdv5bs/anyone_studying_in_germany/,Help/सहयोग
Nepal,1kdv2il,Need Some Female Friends to travel or cafe hopping,theuserisnothoty,Im M 22 From ktm i dont know k vako ho ramrai xu good looking xu rich pani xu flex gareko haina hai koi connection garna manlageko bhayera hola koi kt sanga boleko nee hudina so anyone intrested to enjoy with me or travel with me haha anyone intrested comment me down i will dm you asap,1,0,2025-05-03 15:05:40+00:00,https://reddit.com/r/Nepal/comments/1kdv2il/need_some_female_friends_to_travel_or_cafe_hopping/,Help/सहयोग
Nepal,1kdv27m,A good college for science in Nepal?,TipppyToeee,Just gave my SEE examination and i am leaning towards choosing Science. A good college for science inside KTM valley?,1,0,2025-05-03 15:05:17+00:00,https://reddit.com/r/Nepal/comments/1kdv27m/a_good_college_for_science_in_nepal/,
Nepal,1kduw3q,Need someone to travel or cafe hopping,theuserisnothoty,,1,1,2025-05-03 14:57:48+00:00,https://reddit.com/r/Nepal/comments/1kduw3q/need_someone_to_travel_or_cafe_hopping/,
Nepal,1kduh63,Anyone know a good NRN lawyer in Nepal?,AdFew4769,"Hey everyone,

I’m an Aussie citizen (originally from Nepal, NRN) and planning to visit Nepal later this year. I’m trying to set up a private limited company there under my name (as an NRN) and include a small share for my daughter, who’s a minor.

The company’s going to be used to buy a property and run a small outsourcing office. I need a good lawyer who understands NRN law, knows the company registration process, and can help sort out everything properly, including the banking and legal paperwork.

I’ve tried emailing a few big-name firms, but no replies so far — so I’m hoping someone here has a personal recommendation or has worked with a lawyer who’s actually responsive and experienced with this kind of NRN setup.

If you know someone, I’d really appreciate the referral! Feel free to drop names here or DM me.",1,0,2025-05-03 14:38:51+00:00,https://reddit.com/r/Nepal/comments/1kduh63/anyone_know_a_good_nrn_lawyer_in_nepal/,Help/सहयोग
Nepal,1kduftp,Are the mainstream media not able to sustain with normal ads,Additional-Gift8296,"Kantipur is openly promoting a betting site during IPL discussions. These types of promotions are directly contributing to the rise of betting addiction among Nepali youths. It's concerning that Nepal Police have not taken any action. Some may argue that this is surrogate advertising, but when you search for ""Melbat""—the name promoted—it directly leads to Melbet, a well-known betting website. In the advertisements, they disguise themselves as a news portal, but even if that were true, why would a major media house like Kantipur be promoting another so-called 'news portal'? This appears to be a clear violation of advertising ethics and possibly the law.",1,0,2025-05-03 14:37:06+00:00,https://reddit.com/r/Nepal/comments/1kduftp/are_the_mainstream_media_not_able_to_sustain_with/,Discussion/बहस 
Nepal,1kdubof,Nepal tour of UK Match Schedule,Necessary-Ground9325,,1,0,2025-05-03 14:31:57+00:00,https://reddit.com/r/Nepal/comments/1kdubof/nepal_tour_of_uk_match_schedule/,Sports/खेलकुद
Nepal,1kduarm,Bo level - frozen for debit,Imaginary-Target-686,Meroshare maile lagvag 6 months paxi login gareko thye. Ani tyo renew garna lai 2ta tirnu parne pani tirisake asti 5/6 din agadi tara pani yesto dekhauxa myshares ma gayera herda. What can be the solution?,1,0,2025-05-03 14:30:43+00:00,https://reddit.com/r/Nepal/comments/1kduarm/bo_level_frozen_for_debit/,Question/प्रश्न
Nepal,1kdtylw,To the mods and their lil power trip,Electrical_Lake8083,,1,0,2025-05-03 14:15:08+00:00,https://reddit.com/r/Nepal/comments/1kdtylw/to_the_mods_and_their_lil_power_trip/,News/समाचार
Nepal,1kdtmcs,How to use Wise in Nepal? (Especially for E-commerce),hereforstorie,I tried to open a Wise account butI'm only able to receive payments.,1,0,2025-05-03 13:59:35+00:00,https://reddit.com/r/Nepal/comments/1kdtmcs/how_to_use_wise_in_nepal_especially_for_ecommerce/,Question/प्रश्न
Nepal,1kdtctl,"A Balanced Government System for Nepal – Non-Partisan, Directly Elected Prime Minister Focused on Development",[deleted],,1,1,2025-05-03 13:46:36+00:00,https://reddit.com/r/Nepal/comments/1kdtctl/a_balanced_government_system_for_nepal/,Politics/राजनीति
Nepal,1kdt0zf,Place recommendations. In Kathmandu,phatbawlzz,,1,1,2025-05-03 13:30:41+00:00,https://reddit.com/r/Nepal/comments/1kdt0zf/place_recommendations_in_kathmandu/,Help/सहयोग
Nepal,1kdt0dz,Help Help Help help help help help,heroprg1,Looking for someone who can provide a camera on rent for 24 hours in the Itahari area. Please let me know if available,1,0,2025-05-03 13:29:54+00:00,https://reddit.com/r/Nepal/comments/1kdt0dz/help_help_help_help_help_help_help/,
Nepal,1kdstnj,Amm idk (25 characters nsjejs),[deleted],,1,1,2025-05-03 13:20:49+00:00,https://reddit.com/r/Nepal/comments/1kdstnj/amm_idk_25_characters_nsjejs/,
Nepal,1kdsmua,"Where can I find affordable men's pants of size 27-28""?",Illustrious_Emu_919,"I have a waist size of 27 inches, online stores I have looked at don't have size 27"" or 28"" and others are expensive regardless of the size. I have no pants that fit me, where can I find size 27 or 28?

Preferably less than Rs. 2500.",1,0,2025-05-03 13:11:25+00:00,https://reddit.com/r/Nepal/comments/1kdsmua/where_can_i_find_affordable_mens_pants_of_size/,Help/सहयोग
Nepal,1kds6kc,I destroyed my EX's Life unknowingly,Strong_Guard1207,,1,1,2025-05-03 12:48:31+00:00,https://reddit.com/r/Nepal/comments/1kds6kc/i_destroyed_my_exs_life_unknowingly/,Relationship/सम्बन्ध
Nepal,1kds3yv,"The hottest Nepali server you’re not in yet  (yes, you’re missing out)",rasputin_13,"Single? Taken? Situationship? Doesn’t matter.  
If you’re Nepali and you’re not in this gc, you’re seriously playing yourself.

Daily chaotic memes  
Late-night VC rants  
Flirting you didn’t ask for (but secretly enjoy)  
New friends (and *maybe* more)  
Events, games, giveaways, and pure madness

It’s like the streets of Kathmandu at 2 AM, but in Discord form.  
Come vibe with the wildest, funniest, most unhinged Nepalis on the internet.

 [JOIN THE GC HERE](https://discord.gg/A4s3Zy3JtV)

You *know* you're curious.",1,0,2025-05-03 12:44:41+00:00,https://reddit.com/r/Nepal/comments/1kds3yv/the_hottest_nepali_server_youre_not_in_yet_yes/,
Nepal,1kds2m9,"The hottest Nepali server you’re not in yet 🔥 (yes, you’re missing out)",rasputin_13,,1,1,2025-05-03 12:42:39+00:00,https://reddit.com/r/Nepal/comments/1kds2m9/the_hottest_nepali_server_youre_not_in_yet_yes/,
Nepal,1kdrzx4,Any Gym near baneshwor area?,Ok-Development-1801,,1,0,2025-05-03 12:38:39+00:00,https://reddit.com/r/Nepal/comments/1kdrzx4/any_gym_near_baneshwor_area/,
Nepal,1kdrzti,Confusion after see boards...,Ok_Difficulty_2076,,1,1,2025-05-03 12:38:29+00:00,https://reddit.com/r/Nepal/comments/1kdrzti/confusion_after_see_boards/,Question/प्रश्न
Nepal,1kdrzik,Any Gym near baneshwor area?,[deleted],,1,0,2025-05-03 12:37:59+00:00,https://reddit.com/r/Nepal/comments/1kdrzik/any_gym_near_baneshwor_area/,
Nepal,1kdrzb1,Jung BR and his Muluki Ain,R-Sky3011,,1,1,2025-05-03 12:37:40+00:00,https://reddit.com/r/Nepal/comments/1kdrzb1/jung_br_and_his_muluki_ain/,
Nepal,1kdrwr0,12 ko question leak huncha?,New_Illustrator_4111,Yo jata tatai halla cha ni 1 ghanta agadi question leak yuney eta uti sachi leak huncha ra?,1,0,2025-05-03 12:33:46+00:00,https://reddit.com/r/Nepal/comments/1kdrwr0/12_ko_question_leak_huncha/,
Nepal,1kdrtph,"Nepali lawyers of reddit, can we ask for a lawyer if we're ever caught by police to interrogate?",Electronic-Smoke9389,"I've read that in foreign countries, you can ask for a lawyer and then the police can't ask any further questions or interrogate you. What is the case in Nepal?",1,0,2025-05-03 12:29:14+00:00,https://reddit.com/r/Nepal/comments/1kdrtph/nepali_lawyers_of_reddit_can_we_ask_for_a_lawyer/,Question/प्रश्न
Nepal,1kdrf8t,Hi Can anyone suggest me a suit tailoring place for women in Kathmandu? No boutique please. Thank you.,YellowSapphiree,,1,0,2025-05-03 12:06:30+00:00,https://reddit.com/r/Nepal/comments/1kdrf8t/hi_can_anyone_suggest_me_a_suit_tailoring_place/,
Nepal,1kdqq6z,Just finished SEE idk what to do??,EfficiencyNovel8590,,1,1,2025-05-03 11:24:59+00:00,https://reddit.com/r/Nepal/comments/1kdqq6z/just_finished_see_idk_what_to_do/,
Nepal,1kdpzr5,Health Insurance in Nepal,[deleted],,1,0,2025-05-03 10:37:41+00:00,https://reddit.com/r/Nepal/comments/1kdpzr5/health_insurance_in_nepal/,Discussion/बहस 
Nepal,1kdps84,Rs 20 ko Rs5 ma payo vanera khusi huney ki Rs 90 tirnu paryo vanera dukhi huney,Certain-Board-2442,,1,0,2025-05-03 10:23:53+00:00,https://reddit.com/r/Nepal/comments/1kdps84/rs_20_ko_rs5_ma_payo_vanera_khusi_huney_ki_rs_90/,
Nepal,1kdpplc,Hami murkha haru lai tha nahuna sakcha tara Daraz bata kinda ekdam faida huncha 😂😂😂,Certain-Board-2442,,1,1,2025-05-03 10:18:56+00:00,https://reddit.com/r/Nepal/comments/1kdpplc/hami_murkha_haru_lai_tha_nahuna_sakcha_tara_daraz/,
Nepal,1kdpeo6,About to Buy a Laptop. Price (via GadgetByte). Any Suggestions?,SuspiciousCorner6135,,1,0,2025-05-03 09:58:21+00:00,https://reddit.com/r/Nepal/comments/1kdpeo6/about_to_buy_a_laptop_price_via_gadgetbyte_any/,Help/सहयोग
Nepal,1kdpdrv,Yeti ta bhujna parxa hola?,evoluationaryperson,,1,1,2025-05-03 09:56:31+00:00,https://reddit.com/r/Nepal/comments/1kdpdrv/yeti_ta_bhujna_parxa_hola/,Rant/गुनासो
Nepal,1kdpcvf,Girls hostel ko internal situation at least in my experience,WishboneKey3663,"Ma recently ktm aako hai... I joined masters and I am still searching for stable job especially at schools because Education field maa ali ali paisa raixa well starting ko laagi. Aaye dekhi i started applying for jobs but they only asked for my time without any good salary so i couldn't accept that... And i started tutoring to kids and they had very good improvement and i thought i should be doing school now and then see what comes in the future. 
So now the topic girls hostel... Ahile samma life kai first time hostel baseko vayera aru sanga compare garne thau ta xaina but girls hostel maa yestai mental hareshment hunxa hunxa ki ma chai yesto ko phela pare?. Like jasko pani kura kaateko xa... Yo esti u esti vaneko xa... Like haami ta khanai napaayera usko hostel maa basna aaye jasto behavior garxa ta yaa ko maam... Yaa sabai jana adult xam hai.. sab jana college ki ta job garxam... Ra pani kasto discrimination ho... Kasto laauxa kasto khanxa tesma kura katya xa.. terai ko ki pahad ko tesma kura katya xa... Ali herda current beauty standard ko xaina ani ali introvert xa vane ta xoddeu...uskai kura thik..u jatiko kasailai kei tha xaina...vagwan... . Like ladies haru matra basne thau ta ek dum open minded hunxa vanya seneko thiye maile... And here she is like a villian... Kasto suffocating environment xa... Malai ta room bata bahira niskina man lagdaina... J kura maa ni judgement... Aru ta aru girls hostel maa period pain maa shamful feel garaauxa yaa..god... Euta ali ramro job vetyo vane ma yo hostel xodera arko maa sarne ho.. arko pani testai hunxa ki?",1,0,2025-05-03 09:54:49+00:00,https://reddit.com/r/Nepal/comments/1kdpcvf/girls_hostel_ko_internal_situation_at_least_in_my/,Rant/गुनासो
Nepal,1kdp8zx,‘आन्दोलन रहर नभई बाध्यता हो’  How Do Nepali Youth Support?,nayaa-saathi,"How do Nepali Youth support on such protest, activity, incident etc? Or don't care just like Nepal Gov? 

Is it just gonna be few days trendy news, then goes away without solving the issue?

Ah! You just want to have fun watching the reels and vlogs until it happens to you or your family complaining and begging for support!",1,0,2025-05-03 09:47:03+00:00,https://reddit.com/r/Nepal/comments/1kdp8zx/आनदलन_रहर_नभई_बधयत_ह_how_do_nepali_youth_support/,
Nepal,1kdoyzk,iPhone from Korea to Nepal,niceperson_1,,1,1,2025-05-03 09:26:45+00:00,https://reddit.com/r/Nepal/comments/1kdoyzk/iphone_from_korea_to_nepal/,
Nepal,1kdoxzj,Suggestion for a family trip.,[deleted],,1,0,2025-05-03 09:24:45+00:00,https://reddit.com/r/Nepal/comments/1kdoxzj/suggestion_for_a_family_trip/,
Nepal,1kdox8t,"Asking for suggestions, planning a trip.",[deleted],,1,0,2025-05-03 09:23:06+00:00,https://reddit.com/r/Nepal/comments/1kdox8t/asking_for_suggestions_planning_a_trip/,
Nepal,1kdow43,Nepali songs need more vocabulary,RohanBhattaraiNP,"Tired of Maya(lu), Sparsha, Maan, Bhawana, Chandrama, Khaseka tara, Jovan, …add more",1,0,2025-05-03 09:20:49+00:00,https://reddit.com/r/Nepal/comments/1kdow43/nepali_songs_need_more_vocabulary/,
Nepal,1kdourb,Nepali songs needs more vocabulary,[deleted],,1,1,2025-05-03 09:18:02+00:00,https://reddit.com/r/Nepal/comments/1kdourb/nepali_songs_needs_more_vocabulary/,Rant/गुनासो
Nepal,1kdoth1,Nepali Youths? Are you there?,evoluationaryperson,,1,1,2025-05-03 09:15:25+00:00,https://reddit.com/r/Nepal/comments/1kdoth1/nepali_youths_are_you_there/,Relationship/सम्बन्ध
Nepal,1kdosyj,Future in Nepal? France / Germany a better option??,Few_Load1130,,1,1,2025-05-03 09:14:22+00:00,https://reddit.com/r/Nepal/comments/1kdosyj/future_in_nepal_france_germany_a_better_option/,Rant/गुनासो
Nepal,1kdosh0,Future in Nepal? France / Germany a better option??,Few_Load1130,,1,1,2025-05-03 09:13:24+00:00,https://reddit.com/r/Nepal/comments/1kdosh0/future_in_nepal_france_germany_a_better_option/,Discussion/बहस 
Nepal,1kdoscv,Reaching out in regards with trip planning and suggestions.,[deleted],,1,0,2025-05-03 09:13:10+00:00,https://reddit.com/r/Nepal/comments/1kdoscv/reaching_out_in_regards_with_trip_planning_and/,Help/सहयोग
Nepal,1kdoll7,ISA Nepal basketball academy,Sad_Comfortable7362,,1,0,2025-05-03 08:59:41+00:00,https://reddit.com/r/Nepal/comments/1kdoll7/isa_nepal_basketball_academy/,
Nepal,1kdo9cs,Can you guys please identify the song?,No_Willingness_5680,I don't remember the song but the music video have a nepali guy and two white girls on the beach. I think the song came out around 2000-2010's as video quality is quite low.,1,0,2025-05-03 08:34:51+00:00,https://reddit.com/r/Nepal/comments/1kdo9cs/can_you_guys_please_identify_the_song/,
Nepal,1kdo7d2,Is it illigal to add bar-end mirrors and remove back seat of classic 350 ??,AdNumerous5942,,1,1,2025-05-03 08:30:54+00:00,https://reddit.com/r/Nepal/comments/1kdo7d2/is_it_illigal_to_add_barend_mirrors_and_remove/,
Nepal,1kdo6nl,Is it illigal to add bar-end mirrors and remove back seat of classic 350 ??,AdNumerous5942,,1,1,2025-05-03 08:29:35+00:00,https://reddit.com/r/Nepal/comments/1kdo6nl/is_it_illigal_to_add_barend_mirrors_and_remove/,
Nepal,1kdnr5p,Any best acoustic guitar in nepal under 15k to 20k ?,Zestyclose-Carry-140,Livigston ra SAGA ramrai lagyo malai chahi aru kunai xa vane suggest garam na,1,0,2025-05-03 07:59:18+00:00,https://reddit.com/r/Nepal/comments/1kdnr5p/any_best_acoustic_guitar_in_nepal_under_15k_to_20k/,
Nepal,1kdnqnw,I did it with my Gharbeti.,Good-Chipmunk-2788,,1,2,2025-05-03 07:58:14+00:00,https://reddit.com/r/Nepal/comments/1kdnqnw/i_did_it_with_my_gharbeti/,Relationship/सम्बन्ध
Nepal,1kdnj7w,What is happening why is the government doing nothing,Ok_Connection_3015,,1,0,2025-05-03 07:43:31+00:00,https://reddit.com/r/Nepal/comments/1kdnj7w/what_is_happening_why_is_the_government_doing/,Discussion/बहस 
Nepal,1kdn43c,Using thai debit cards in Nepal,advanceb,"If I use a Thai loaded debit card in Nepal to withdraw cash in the local currency is this an issue. Or convert the thai to usd on a travel card and withdraw cash? 

  
When flying into Katmandu and/or  visting other cities will they convert thai baht to local ccy or should I carry usd cash and convert it?

  
thanks",1,0,2025-05-03 07:13:50+00:00,https://reddit.com/r/Nepal/comments/1kdn43c/using_thai_debit_cards_in_nepal/,Question/प्रश्न
Nepal,1kdmoq2,Is computer science actually worth the hype?,TipppyToeee,"Should i pursue studying Computer science in +2.
If yes, which stream should i choose?",1,0,2025-05-03 06:45:22+00:00,https://reddit.com/r/Nepal/comments/1kdmoq2/is_computer_science_actually_worth_the_hype/,
Nepal,1kdmma3,Update is here...........,thefaruq,,1,1,2025-05-03 06:40:48+00:00,https://reddit.com/r/Nepal/comments/1kdmma3/update_is_here/,
Nepal,1kdmjtl,"Is the app ""Team 11 Nepal"" legal ?",Basic-Demand-6454,malai chai yo app sathi le suggest gareko ho ani aba herda kheri ni ramailo raixa ani afnai team banayera paisa halera khelna milne raixa.  is this app legal kasaile bhandim na,1,0,2025-05-03 06:36:09+00:00,https://reddit.com/r/Nepal/comments/1kdmjtl/is_the_app_team_11_nepal_legal/,
Nepal,1kdmjft,Nepal ma freelancing garna garo chha?,Unique_Brilliant_275,"AM I DOING THE RIGHT THING?  
  
So the thing is sabai lai paisa kamaunu chha and I think everyone knows what freelancing is or everybody might have tried once tara freelancing platform ma jada pailai dekhi ramro reach pairako tyaie niche ma manchhey haru dherai hunchan ani kaam pauna lastai garo hunchha tara I think I have got a solution.  
I just started an agency kasto bhanda chai like a middleman I have got clients in my contact who wants their project done, some are hiring fulltime or parttime , most of the job offers are remote etc etc.  
my work is cutting down the hassle for both freelancer and client and make you guys meet. Also I have 140+ active members working and seeking jobs, our team takes your resume, reviews and ranks it and gives you potential client. I am offering a help to my fellow nepalese so if you want to learn more comment or if you want to talk privately the gates are open!!!",1,0,2025-05-03 06:35:22+00:00,https://reddit.com/r/Nepal/comments/1kdmjft/nepal_ma_freelancing_garna_garo_chha/,Question/प्रश्न
Nepal,1kdmj5q,r/Nepal trying to suppress Prisha sucide case,pie-3_1415,"Just immediately after the incident I posted on the thread, they automatically deleted even when nothing was against their terms and policies?

Again I requested they ignored Again I posted they deleted again?

Don't we have to discuss on such critical matter?

Kati nepali kt haru india ma esari nai marinu parnay?

We can discuss but Achamma xa why they are controlling like a community sensorship? On such crucial matter",1,0,2025-05-03 06:34:52+00:00,https://reddit.com/r/Nepal/comments/1kdmj5q/rnepal_trying_to_suppress_prisha_sucide_case/,Question/प्रश्न
Nepal,1kdmieq,r/Nepal trying to suppress Prisha Shah case ?,pie-3_1415,,1,1,2025-05-03 06:33:23+00:00,https://reddit.com/r/Nepal/comments/1kdmieq/rnepal_trying_to_suppress_prisha_shah_case/,Question/प्रश्न
Nepal,1kdmi9v,"Is the app  ""Team 11 Nepal"" legal ?",[deleted],,1,1,2025-05-03 06:33:08+00:00,https://reddit.com/r/Nepal/comments/1kdmi9v/is_the_app_team_11_nepal_legal/,
Nepal,1kdm6dp,"""Late-stage pregnancy: Is प्रसुति गृह थापाथलि the right choice? Need real experiences!""",Wings_of_origin77,,1,1,2025-05-03 06:10:11+00:00,https://reddit.com/r/Nepal/comments/1kdm6dp/latestage_pregnancy_is_परसत_गह_थपथल_the_right/,Help/सहयोग
Nepal,1kdm3au,My nepalese reading and vocabulary has degraded.,Guilty_Possibility61,,1,0,2025-05-03 06:04:31+00:00,https://reddit.com/r/Nepal/comments/1kdm3au/my_nepalese_reading_and_vocabulary_has_degraded/,
Nepal,1kdm0n5,Looking for a guide on Manaslu/Tsum Valley trek,blikstiender,,1,0,2025-05-03 06:00:08+00:00,https://reddit.com/r/Nepal/comments/1kdm0n5/looking_for_a_guide_on_manaslutsum_valley_trek/,Question/प्रश्न
Nepal,1kdl7kz,Best birthday cakes in Kathmandu,EstablishmentLow896,"I recently ordered cake from aramva bakery in bhaktapur for mother's day and it tasted horrible. And now I have PTSD about ordering cakes. I have to order a cake for my mom's but tomorrow. I have researched almost all the bakery options and all of them have both food and bad reviews. which one should I opt for. 
PS: it should deliver to bhaktapur",1,0,2025-05-03 05:07:24+00:00,https://reddit.com/r/Nepal/comments/1kdl7kz/best_birthday_cakes_in_kathmandu/,
Nepal,1kdl6y5,What info does the bank ask for when I receive money from Wise?,PhoenixNitrate,I want to receive money directly into my bank account. Client chai US bata ho and I have worked with them for 2 years. Pahele paypal bata receive garthiye paisa but ahele chai I want to receive through Wise SWIFT transfer. Few people told me the bank might contact me about tax and stuff so tyo bela k k sodhcha? Client ko info dinu parcha?,1,0,2025-05-03 05:06:20+00:00,https://reddit.com/r/Nepal/comments/1kdl6y5/what_info_does_the_bank_ask_for_when_i_receive/,Question/प्रश्न
Nepal,1kdl414,I have heard that curriculum developed by Budanilkantha and WCN in 2076 for class 1-8 is quite good.,sauravniraula,I easily found curriculum in WCN website but couldn't find books online. I asked around stationery and book shops in Budanilkantha but those books are directly supplied to Schools by Municipality and they aren't allowed to sell. Do anyone know a way to get those books ?,1,0,2025-05-03 05:01:23+00:00,https://reddit.com/r/Nepal/comments/1kdl414/i_have_heard_that_curriculum_developed_by/,
Nepal,1kdl3uj,HELP!! I’m in a urgent need of blazer,[deleted],,1,1,2025-05-03 05:01:07+00:00,https://reddit.com/r/Nepal/comments/1kdl3uj/help_im_in_a_urgent_need_of_blazer/,Help/सहयोग
Nepal,1kdl3pi,July Nepal Chitwan and Kathmandu,Independent-Pay-1108,,1,0,2025-05-03 05:00:55+00:00,https://reddit.com/r/Nepal/comments/1kdl3pi/july_nepal_chitwan_and_kathmandu/,Question/प्रश्न
Nepal,1kdl2y6,Regarding the job vacancy,Current-Masu-Sprite,"Im looking for short term jobs like teaching , marketing etc but im bit unsocial and dont know where do i find the job vacany , newspaper ma hunxa hana but hamro ghar ma aaudaina aru kehi ways xa for looking for small inocome jobs?",1,0,2025-05-03 04:59:49+00:00,https://reddit.com/r/Nepal/comments/1kdl2y6/regarding_the_job_vacancy/,Help/सहयोग
Nepal,1kdl2ei,HELP!!! I’m in a urgent need of a blazer,[deleted],,1,1,2025-05-03 04:58:51+00:00,https://reddit.com/r/Nepal/comments/1kdl2ei/help_im_in_a_urgent_need_of_a_blazer/,
Nepal,1kdkyr4,Help!!! I’m in a urgent need of a blazer,[deleted],,1,1,2025-05-03 04:52:25+00:00,https://reddit.com/r/Nepal/comments/1kdkyr4/help_im_in_a_urgent_need_of_a_blazer/,
Nepal,1kdkxjq,About journaling or planning activities,Current-Masu-Sprite,"whenever i plan my day , i have lots of things to do  so i give small time to lots of activities  but when i sort down to few activities ,i feel like im missing lots of things that i must be doing, the idea of perfect day doings lots of small activities has improved some sort of productiveness but usually i fail to do all of things i plan so despite being productive i feel dissatisfied . what about you guys any tips on better journaling and planning a day?",1,0,2025-05-03 04:50:19+00:00,https://reddit.com/r/Nepal/comments/1kdkxjq/about_journaling_or_planning_activities/,Help/सहयोग
Nepal,1kdko46,IT Grad | Working in Nepal | No Savings | Feeling Stuck | Need Suggestions,[deleted],,1,0,2025-05-03 04:33:49+00:00,https://reddit.com/r/Nepal/comments/1kdko46/it_grad_working_in_nepal_no_savings_feeling_stuck/,Help/सहयोग
Nepal,1kdkmr1,"IT Grad | Working in Nepal | Feeling Stuck, Need Suggestions",Fragrant_Letter8595,,1,0,2025-05-03 04:31:26+00:00,https://reddit.com/r/Nepal/comments/1kdkmr1/it_grad_working_in_nepal_feeling_stuck_need/,
Nepal,1kdkb9n,Hiking route near by dharan itahari,PerformanceOk4207,,1,1,2025-05-03 04:12:31+00:00,https://reddit.com/r/Nepal/comments/1kdkb9n/hiking_route_near_by_dharan_itahari/,
Nepal,1kdk6ob,free trials using your dollar card,Snoo-34689,,1,0,2025-05-03 04:05:09+00:00,https://reddit.com/r/Nepal/comments/1kdk6ob/free_trials_using_your_dollar_card/,
Nepal,1kdjl8v,Kathmandu ma Bachelor's degree suggestions (Management + Computer in 12th),StrategicStalemate,,1,0,2025-05-03 03:31:03+00:00,https://reddit.com/r/Nepal/comments/1kdjl8v/kathmandu_ma_bachelors_degree_suggestions/,Question/प्रश्न
Nepal,1kdj7ps,Please help me (Mardi himal girl),Available-Highway972,,1,0,2025-05-03 03:09:44+00:00,https://reddit.com/r/Nepal/comments/1kdj7ps/please_help_me_mardi_himal_girl/,Help/सहयोग
Nepal,1kdi0n2,"Remote Workers, Where And How Are You Having Your Morning Java/Coffee?",ConnectorMadness,"I have seemingly become a coffee aficionado and knowing that there's a lot of people like me here, who works remotely, how are you satiating your cravings? Do you visit cafes, work there all day? If so, which cafes are the best for such occasions?",1,0,2025-05-03 02:03:01+00:00,https://reddit.com/r/Nepal/comments/1kdi0n2/remote_workers_where_and_how_are_you_having_your/,
Nepal,1kdhuqr,The Silent Exodus: Why Nepali Youths Are Leaving Home for Dignity and Opportunity Abroad?,Fragrant_Attempt_261,"Why are so many Nepali youths increasingly choosing to go abroad for study or work? In both villages and towns, there’s a noticeable absence of people aged 20 to 40. Even corporate employees are quitting stable jobs to move abroad, including to Gulf countries. What are the main reasons behind the growing dissatisfaction among Nepali youths that’s pushing them to leave the country?",1,0,2025-05-03 01:54:20+00:00,https://reddit.com/r/Nepal/comments/1kdhuqr/the_silent_exodus_why_nepali_youths_are_leaving/,Question/प्रश्न
Nepal,1kdh4vg,Saturday Tea Talk,AutoModerator,"This is a weekly thread to talk about any topics freely with fellow Nepali dai, bhai, didi, bahini and friends. Think of it as the चोकको चिया पसल that opens on Saturdays.  Most of the sub rules still apply but there is no need for the topic to be related to Nepal. Feel free to talk about the TV show you are binging, the latest sports news, your personal life story, international politics, and anything in between. 

So, what's up?",1,0,2025-05-03 01:15:17+00:00,https://reddit.com/r/Nepal/comments/1kdh4vg/saturday_tea_talk/,
Nepal,1kdh0wy,Started a Startup DokoFood,laxmanshah45,,1,1,2025-05-03 01:09:31+00:00,https://reddit.com/r/Nepal/comments/1kdh0wy/started_a_startup_dokofood/,Food/खानेकुरा
Nepal,1kdgzzu,Started a Startup DokoFood,laxmanshah45,,1,1,2025-05-03 01:08:10+00:00,https://reddit.com/r/Nepal/comments/1kdgzzu/started_a_startup_dokofood/,Food/खानेकुरा
Nepal,1kdgxaj,Started a Startup DokoFood,laxmanshah45,,1,1,2025-05-03 01:04:09+00:00,https://reddit.com/r/Nepal/comments/1kdgxaj/started_a_startup_dokofood/,Food/खानेकुरा
Nepal,1kdgu3n,Started a startup DokoFood,laxmanshah45,,1,1,2025-05-03 00:59:50+00:00,https://reddit.com/r/Nepal/comments/1kdgu3n/started_a_startup_dokofood/,Food/खानेकुरा
Nepal,1kdfyok,"Tourist - cash, card, qr code?",badboyzpwns,,1,0,2025-05-03 00:14:55+00:00,https://reddit.com/r/Nepal/comments/1kdfyok/tourist_cash_card_qr_code/,
Nepal,1kdf1x3,Fuxked up with palm reading,aham_pishaachah,,1,0,2025-05-02 23:30:12+00:00,https://reddit.com/r/Nepal/comments/1kdf1x3/fuxked_up_with_palm_reading/,
Nepal,1kdf0en,I need to write my thesis,Super_Desk4320,,1,0,2025-05-02 23:28:08+00:00,https://reddit.com/r/Nepal/comments/1kdf0en/i_need_to_write_my_thesis/,Question/प्रश्न
Nepal,1kdczsq,Kathamandu airport to city centre how?,badboyzpwns,,1,0,2025-05-02 21:55:49+00:00,https://reddit.com/r/Nepal/comments/1kdczsq/kathamandu_airport_to_city_centre_how/,Question/प्रश्न
Nepal,1kdc4jx,How to get rid of cockroaches for ever 😭😭😭,crmdoll-_-,,1,1,2025-05-02 21:17:33+00:00,https://reddit.com/r/Nepal/comments/1kdc4jx/how_to_get_rid_of_cockroaches_for_ever/,
Nepal,1kd8qfi,What is the song that you are vibing rn?,R-Sky3011,"Let me go first, guys, Radhe by our one n only Swoopna Suman and Abhigya Ghimire. It is just simple and beautiful. 

What is the song that you are vibing rn? 

It might also be song suggestions for others.",1,0,2025-05-02 18:53:22+00:00,https://reddit.com/r/Nepal/comments/1kd8qfi/what_is_the_song_that_you_are_vibing_rn/,
Nepal,1kd8dur,Moments of spiritual connection (Suggest some music),nikhilxettri,"Moments of spiritual connection: a holy man bestows blessings on a visitor in Pashupatinath 
Temple",1,0,2025-05-02 18:38:06+00:00,https://reddit.com/r/Nepal/comments/1kd8dur/moments_of_spiritual_connection_suggest_some_music/,
Nepal,1kd800c,K kasaile malai 1 week ko lagi 15K dina sakxa?,[deleted],,1,0,2025-05-02 18:21:37+00:00,https://reddit.com/r/Nepal/comments/1kd800c/k_kasaile_malai_1_week_ko_lagi_15k_dina_sakxa/,Help/सहयोग
Nepal,1kd7z43,A serious Question to everyone,[deleted],,0,18,2025-05-02 18:20:34+00:00,https://reddit.com/r/Nepal/comments/1kd7z43/a_serious_question_to_everyone/,
Nepal,1kd73iw,Co-working space for office in kathmandu,applebluesss,,1,1,2025-05-02 17:44:17+00:00,https://reddit.com/r/Nepal/comments/1kd73iw/coworking_space_for_office_in_kathmandu/,
Nepal,1kd6r7z,Help me pleaseeeeeeeeeeeeeee,Khabatari,,1,1,2025-05-02 17:30:05+00:00,https://reddit.com/r/Nepal/comments/1kd6r7z/help_me_pleaseeeeeeeeeeeeeee/,
Nepal,1kd6lmj,Tragic passing of a friend,wave--god,"What changed you as a person when your closed friend you grow up with or years of friendship stolen by GOD. I stopped taking people for granted, learned to live with unanswered questions and make sure the people I know love it
 I miss you bro. RIP",1,0,2025-05-02 17:23:49+00:00,https://reddit.com/r/Nepal/comments/1kd6lmj/tragic_passing_of_a_friend/,Rant/गुनासो
Nepal,1kd6h17,Is there a way to transfer money from Esewa to UPI/Phonepay,Nehan_Karki,I need to send money to my friend who's in india so thats why i need a means to send the money. Any ideas perhaps??,1,0,2025-05-02 17:18:34+00:00,https://reddit.com/r/Nepal/comments/1kd6h17/is_there_a_way_to_transfer_money_from_esewa_to/,
Nepal,1kd6fyq,Is there a way to transfer money from Esewa to UPI/Phonepay?,Nehan_Karki,,1,1,2025-05-02 17:17:18+00:00,https://reddit.com/r/Nepal/comments/1kd6fyq/is_there_a_way_to_transfer_money_from_esewa_to/,Question/प्रश्न
Nepal,1kd5tc8,New phone 30000 price ma kun ramro,Suspicious-Race-1081,,1,1,2025-05-02 16:51:30+00:00,https://reddit.com/r/Nepal/comments/1kd5tc8/new_phone_30000_price_ma_kun_ramro/,Help/सहयोग
Nepal,1kd5rpx,Tiktok tiktok tiktok mindfk,deadlydude25,"Tiktok ma nautanki garera, gift garnu gift garnu bhanera paisa kamaune
Ani feri magekai paisa ma dhos jamaune?
Do people really not have any work these days That they just watch these live all day and donate stupid amounts to these creators who barely create anything?
But at the end of the day, they make more than me, and more than the ones who donate to them.

IDK wtfk I’m writing
Have a good friday night everyone.",1,0,2025-05-02 16:49:41+00:00,https://reddit.com/r/Nepal/comments/1kd5rpx/tiktok_tiktok_tiktok_mindfk/,
Nepal,1kd5lyu,Best store to buy laptops in Kathmandu?,Formal_String8449,"I am thinking of buying a laptop from gadget monk, google ma reviews hereko ramrai thyo, I personally contacted them via instagram and they seemed friendly.. but the question is do they sell genuine products?

Has anyone purchased anything from the store? I would love to know. I am planning to purchase a laptop soon so yeah

Thank you.",1,0,2025-05-02 16:42:55+00:00,https://reddit.com/r/Nepal/comments/1kd5lyu/best_store_to_buy_laptops_in_kathmandu/,Question/प्रश्न
Nepal,1kd4y55,Those who smoke a pack of cigarettes a day?,wave--god,"Why you guys enjoy so much? I'm chain-smoker myself.  Don't you want to quit smoking? Or is it too late? AND those who quit smoking, how did you do that? Mind sharing tips??",28,49,2025-05-02 16:15:15+00:00,https://reddit.com/r/Nepal/comments/1kd4y55/those_who_smoke_a_pack_of_cigarettes_a_day/,Question/प्रश्न
Nepal,1kd4dxd,How to overcome sudden Anxiety?,wildwildperson,Since my final exams are nearing and it’s often that I get triggered by something external leading to anxiety whenever exams are around the corner. This time too it happened the same. I find clueless whenever anxiety overtakes me. Don’t know what to do and become hopeless for a while leaving exhausted. What can I do to suddenly calm down myself and feel better?,1,0,2025-05-02 15:52:21+00:00,https://reddit.com/r/Nepal/comments/1kd4dxd/how_to_overcome_sudden_anxiety/,Help/सहयोग
Nepal,1kd4ae3,Quality of jersey of Jerseypool,meesisssiis,I am planning to buy jersey from jerseypool (kalanki/bhaisepati). Though I am a huge football fan I never buy jerseys because of low quality. Some time later the prints will come out and makes jersey ugly. Since jerseypool is opening new outlet in Bhaisepati and offering 50% off I am thinking of trying their jerseys. If anyone have previously bought from jerseypool please give me your honest review about their jerseys.,3,0,2025-05-02 15:48:21+00:00,https://reddit.com/r/Nepal/comments/1kd4ae3/quality_of_jersey_of_jerseypool/,
Nepal,1kd47v9,Honest review of jersey..,meesisssiis,,1,1,2025-05-02 15:45:26+00:00,https://reddit.com/r/Nepal/comments/1kd47v9/honest_review_of_jersey/,
Nepal,1kd3u8x,Should I travel to Nepal or Bhutan in October?,advanceb,"We are Thai and thinking of flying to either Nepal or Bhutan. 

  
Ive researched Nepal  and its looks very beautiful scenery. I think its probably cheaper. Nice treks. Nice snow capped mountains. 

  
B has a daily usd100 per person per day. Have to travel around with a guide everyday. 

  
Im leaning towards Nepal actually. If we have 7 nights.... Fly into Katmandu and stay 2 nights. Fly to Pokhara for 3 or 4 nights and do some treking, do you think this is a nice holiday. Or just do treks from Katmandu?

  
thanks",1,0,2025-05-02 15:29:51+00:00,https://reddit.com/r/Nepal/comments/1kd3u8x/should_i_travel_to_nepal_or_bhutan_in_october/,Question/प्रश्न
Nepal,1kd3pmc,"spread love and kindness , this is highest version of yourself",Showertruecolours,,1,1,2025-05-02 15:24:40+00:00,https://reddit.com/r/Nepal/comments/1kd3pmc/spread_love_and_kindness_this_is_highest_version/,
Nepal,1kd3o3p,Where to buy Auto-Play Speaker,saila69,Power on garne bittikai usb/sd bata music bajne khalko media player/speaker kata paaiyela? Daraz ma bhetiyena.,1,0,2025-05-02 15:23:00+00:00,https://reddit.com/r/Nepal/comments/1kd3o3p/where_to_buy_autoplay_speaker/,
Nepal,1kd352t,Any neplai guide to help to visit nepal.,samthesexy69,I am willimg to visit nepal.. anyone to guide me. To see good places all over cities.,1,0,2025-05-02 15:01:38+00:00,https://reddit.com/r/Nepal/comments/1kd352t/any_neplai_guide_to_help_to_visit_nepal/,
Nepal,1kd2tqc,Any Suggestions Guys? Budi Amaharulai k k explore garauna sakinchha hola,8explorer_here,"Hello everyone, budi amala harulai kata kata , k k explore garauna sakinchha ktm ma? Malai ni idea vayena movie dekhauna chai multiple times lagi sake, ama harulai ni kei idea chhaina ,so any suggestions guys?
Thanks in advance🙏",1,0,2025-05-02 14:48:59+00:00,https://reddit.com/r/Nepal/comments/1kd2tqc/any_suggestions_guys_budi_amaharulai_k_k_explore/,Help/सहयोग
Nepal,1kd2si7,Why IVF fails – Top 10 reasons of Failed IVF,venusivfnepal,,1,1,2025-05-02 14:47:34+00:00,https://reddit.com/r/Nepal/comments/1kd2si7/why_ivf_fails_top_10_reasons_of_failed_ivf/,
Nepal,1kd2qxi,Why IVF Fails: Top 10 Reasons for Failed IVF,venusivfnepal,,1,1,2025-05-02 14:45:43+00:00,https://reddit.com/r/Nepal/comments/1kd2qxi/why_ivf_fails_top_10_reasons_for_failed_ivf/,
Nepal,1kd2osz,Budi Ama lai ghumaune rahar,[deleted],,1,0,2025-05-02 14:43:17+00:00,https://reddit.com/r/Nepal/comments/1kd2osz/budi_ama_lai_ghumaune_rahar/,
Nepal,1kd22ei,SAS FERNA GARO!! Let’s raise our voice for a cleaner Kathmandu.,om_heart,,1,1,2025-05-02 14:17:00+00:00,https://reddit.com/r/Nepal/comments/1kd22ei/sas_ferna_garo_lets_raise_our_voice_for_a_cleaner/,Music/सङ्गीत
Nepal,1kd1zlv,Looking for buying a land in 1 year,Opening-Pace-3595,Maile chai bharatpur ma gautam buddha rangasala area tira tetai settle hune gari land khojeko any suggestions or someone knows this area better. Ma chai ekdam crazy cricket fan so i hope sooner or later this project will complete. Teta price kasari xa kattiko k xa vanera very curious 🤔,1,0,2025-05-02 14:13:47+00:00,https://reddit.com/r/Nepal/comments/1kd1zlv/looking_for_buying_a_land_in_1_year/,Help/सहयोग
Nepal,1kd1xxe,Casteism ain't dying anytime soon,Low_Cryptographer706,"This is from a creator which resides outside Nepal (NRN), despite that they are admiring and bluffing casteism. I know this isn't completely wrong but this definitely comes in spectrum. In this age, do we really need to talk and admire casteism? Everyone seems to normally accept, even the genz and some even booast their caste. What do u think, is this wrong in your opinion?",1,0,2025-05-02 14:11:48+00:00,https://reddit.com/r/Nepal/comments/1kd1xxe/casteism_aint_dying_anytime_soon/,Discussion/बहस 
Nepal,1kd1rqk,Job Vacancy - On Site Role in Chakrapath Kathmandu,Alex-Stygen,,1,0,2025-05-02 14:04:23+00:00,https://reddit.com/r/Nepal/comments/1kd1rqk/job_vacancy_on_site_role_in_chakrapath_kathmandu/,
Nepal,1kd1pig,Lenevo Legion or Acer Nitro?,ajir_lawjju,I am planning to buy laptop but cant decide which one to go for can you guys suggest ..my budget is 150-180k.,1,1,2025-05-02 14:01:51+00:00,https://reddit.com/r/Nepal/comments/1kd1pig/lenevo_legion_or_acer_nitro/,Technology/प्रविधि
Nepal,1kd1b77,Dear daraz sellerssssssss,sick_sean,"I'm thinking of registering as a seller. 

* What's the usual process like?  
* Commision rate? 
* Do you feel like your product's getting sold better? 



 Anything else i need to know about it? Precautions? Loopholes? 

Thanks",1,0,2025-05-02 13:44:15+00:00,https://reddit.com/r/Nepal/comments/1kd1b77/dear_daraz_sellerssssssss/,Question/प्रश्न
Nepal,1kd16b7,"Tashi, Apple’s Everest drama, set to start filming in Nepal",chlorine-osmosis,,1,0,2025-05-02 13:38:11+00:00,https://reddit.com/r/Nepal/comments/1kd16b7/tashi_apples_everest_drama_set_to_start_filming/,Movies/चलचित्र
Nepal,1kd0zie,Kathmandu/Lalitpur area ma kata tira NCERT books thikka price ma kinna pahinchha?,Pri_owo,School ko lagi books khojda ekdamei overpriced wala matra bhetyo. Please respond if you have any information.,1,0,2025-05-02 13:29:34+00:00,https://reddit.com/r/Nepal/comments/1kd0zie/kathmandulalitpur_area_ma_kata_tira_ncert_books/,Question/प्रश्न
Nepal,1kd0wc9,Good drinks in Kathmandu???,Salt_Magician_3640,,1,1,2025-05-02 13:25:36+00:00,https://reddit.com/r/Nepal/comments/1kd0wc9/good_drinks_in_kathmandu/,Help/सहयोग
Nepal,1kd0ksk,Im searching to buy a laptop for myself .I’ve got a maximum budget of 70k,EfficiencyNovel8590,Im tryna find a laptop for 70k idk what are the best variations for one but i preferably want a laptop that is good for video editing and a little gaming here and there..i hope y’all help me find something that suits me..,4,7,2025-05-02 13:10:50+00:00,https://reddit.com/r/Nepal/comments/1kd0ksk/im_searching_to_buy_a_laptop_for_myself_ive_got_a/,
Nepal,1kd0k16,Just starting with crypto &amp; zk — struggling to find good beginner resources. Need help!,CharacterMeaning1666,"I’m just getting started with crypto and recently got interested in Zero Knowledge (zk) stuff. The problem is, I’m finding it really hard to understand things clearly — there aren’t enough beginner-friendly resources, and most of the ones I’ve found are either too advanced or not well explained.

I don’t have a strong background in cryptography or computer science, but I’m eager to learn and explore more about how zk works and its use cases in crypto.

Can anyone recommend some good beginner-level resources (videos, articles, YouTube channels, courses, anything) that explain concepts in a simple way?

Also, if you’ve been through this learning curve, how did you start understanding things clearly?

Appreciate any help!",1,0,2025-05-02 13:09:51+00:00,https://reddit.com/r/Nepal/comments/1kd0k16/just_starting_with_crypto_zk_struggling_to_find/,Question/प्रश्न
Nepal,1kd0j7s,There is new Conspiracy Theory about the Cooperative Scam,Organic_Guard_7472,,1,0,2025-05-02 13:08:39+00:00,https://reddit.com/r/Nepal/comments/1kd0j7s/there_is_new_conspiracy_theory_about_the/,Rant/गुनासो
Nepal,1kd09n3,Public bus route from thapathali to dillibazaar,[deleted],,1,1,2025-05-02 12:56:14+00:00,https://reddit.com/r/Nepal/comments/1kd09n3/public_bus_route_from_thapathali_to_dillibazaar/,
Nepal,1kd08tv,Thapathali to dillibazaar public bus route?,[deleted],,1,1,2025-05-02 12:55:07+00:00,https://reddit.com/r/Nepal/comments/1kd08tv/thapathali_to_dillibazaar_public_bus_route/,
Nepal,1kd06i3,Anyone studying or graduated from Presidential Graduate School in Nepal?,Old_Sheepherder7111,,1,1,2025-05-02 12:51:45+00:00,https://reddit.com/r/Nepal/comments/1kd06i3/anyone_studying_or_graduated_from_presidential/,
Nepal,1kd04dy,Anyone studying or graduated from Presidential Graduate School in Nepal? Looking for honest feedback!,Old_Sheepherder7111,,1,0,2025-05-02 12:48:49+00:00,https://reddit.com/r/Nepal/comments/1kd04dy/anyone_studying_or_graduated_from_presidential/,
Nepal,1kczwyn,Kathmandu to bandipur guidance,chocobari,"Hello!! To the people who have travelled to bandipur, I was wondering what's the route to get to bandipur. Kathmandu bata siddai bandipur Jane public gadi paucha ki paudaina? Or tyo sumo haru book garera Jana chai kata bata book garne ho? Please let me know!",1,0,2025-05-02 12:38:16+00:00,https://reddit.com/r/Nepal/comments/1kczwyn/kathmandu_to_bandipur_guidance/,Question/प्रश्न
Nepal,1kczqah,📚 Anyone studying or graduated from Presidential Graduate School in Nepal? Looking for honest feedback!,Old_Sheepherder7111,,1,1,2025-05-02 12:28:37+00:00,https://reddit.com/r/Nepal/comments/1kczqah/anyone_studying_or_graduated_from_presidential/,
Nepal,1kcyuje,any good crafts shops in kathmandu / lalitpur ?,megaguccipeepee69,"i'm here for a month so i wanted to resume my crocheting and journaling/ scrapbooking.. i searched some places in google, and there are some place nearby me where they sell glue and papers like that but are there any good crafts store .. like a department store in kathmandu or lalitpur area? i wanna buy wool yarn and stickers and sole craft materials",1,1,2025-05-02 11:42:31+00:00,https://reddit.com/r/Nepal/comments/1kcyuje/any_good_crafts_shops_in_kathmandu_lalitpur/,Question/प्रश्न
Nepal,1kcyoj5,Last day as a 17 year old boy. Gonna turn 18 tomorrow,prasannawes1,,1,1,2025-05-02 11:33:10+00:00,https://reddit.com/r/Nepal/comments/1kcyoj5/last_day_as_a_17_year_old_boy_gonna_turn_18/,Discussion/बहस 
Nepal,1kcyod8,Quick suggestion for laptop store,Speed-11,Is fourtech a good store to buy laptop since I am new here and I dont know any geniune stores so I am  a bit confused.As I am paying a lot of money for a laptop I should get a geniune laptop not a scam.,1,0,2025-05-02 11:32:54+00:00,https://reddit.com/r/Nepal/comments/1kcyod8/quick_suggestion_for_laptop_store/,Discussion/बहस 
Nepal,1kcyo9g,Is anyone offering an SEO internship in Nepal?,Agile_Imagination532,"Yes! I’m currently **hiring 1 SEO intern and 1 SEO content writer**. If you’re looking to start your career in digital marketing, this is a great chance to gain hands-on experience with SEO tools, content writing, keyword research, and more.

You can [check Kumari Job](https://www.kumarijob.com/) for more details, or you can [contact me directly on LinkedIn](https://www.linkedin.com/posts/sujit-chaulagain-54181b2bb_hiring-hiring-seointern-activity-7323343362332237824-2YnF?utm_source=social_share_send&amp;utm_medium=member_desktop_web&amp;rcm=ACoAAEzUbkEBie-7QoH7Fo9roEFO_uVcoUgzpAQ) if you're interested.",1,0,2025-05-02 11:32:43+00:00,https://reddit.com/r/Nepal/comments/1kcyo9g/is_anyone_offering_an_seo_internship_in_nepal/,
Nepal,1kcyi4g,Facing a dilemma what should i do,Ecstatic_Pitch,,1,0,2025-05-02 11:23:11+00:00,https://reddit.com/r/Nepal/comments/1kcyi4g/facing_a_dilemma_what_should_i_do/,Question/प्रश्न
Nepal,1kcyhh1,Western Union Recipient Help needed,Candid-Scheme1835,"One of my relatives is planning to send me money through **Western Union**. I checked online and found that there are many **Western Union agent locations** around me, including **commercial banks, cooperatives, and other businesses**.

I was wondering if **I needed to have a bank account in the respective place where I go to receive the money**? For example, if I go to a commercial bank that offers Western Union services, do I need to have an account with that bank? Or can anyone walk in and collect the money without being their customer?",1,0,2025-05-02 11:22:12+00:00,https://reddit.com/r/Nepal/comments/1kcyhh1/western_union_recipient_help_needed/,
Nepal,1kcyg4c,Western Union Agent ................,Candid-Scheme1835,,1,1,2025-05-02 11:20:06+00:00,https://reddit.com/r/Nepal/comments/1kcyg4c/western_union_agent/,
Nepal,1kcyfd8,Trek ideas for 3-6 days. Any ideas?,Ekcolk,"Looking for a hike maybe 3-6 days. Moderate (where I don’t risk death but still challenging). As beautiful as possible! And easy (ish) travel to and from. 
Also general travel advice is greatly appreciated (:",1,0,2025-05-02 11:18:51+00:00,https://reddit.com/r/Nepal/comments/1kcyfd8/trek_ideas_for_36_days_any_ideas/,Help/सहयोग
Nepal,1kcyedd,How to import 10kg of clothes and shoes from china?,xuZzin,"I had imported some clothes and shoes from chinese websites like taobao, weidian, yupoo and such when I was abroad which was smooth and basically no import taxes. I have been trying to get similar stuffs in nepal for my personal use. I got some T-shirts and shorts which I have been wearing almost everyday washing atleast once a week for a year now and they still  look like they will last for 2 more years. Same with the shoes. I asked a importer and he says there will be 45% (or 35%) tax for name brands in customs. 
        My question is, How are people selling lets say AF1's for Rs.2500 when the customs alone would be over Rs 5000 since they will be considered Branded and Nike Swoosh logos on them? 
          Is there any way I could import for cheap?",1,0,2025-05-02 11:17:15+00:00,https://reddit.com/r/Nepal/comments/1kcyedd/how_to_import_10kg_of_clothes_and_shoes_from_china/,Help/सहयोग
Nepal,1kcxy6b,how to make dollar card and use it ?,Showertruecolours,,1,1,2025-05-02 10:50:26+00:00,https://reddit.com/r/Nepal/comments/1kcxy6b/how_to_make_dollar_card_and_use_it/,
Nepal,1kcxvdz,How to get a job after an internship?,Agile_Imagination532,"I was also confused after my internship and didn’t know what to do. But then I checked [Kumari Job](https://www.kumarijob.com/) and found tons of [jobs related to IT](https://www.kumarijob.com/job-listing/it-jobs-in-nepal), [digital marketing](https://www.kumarijob.com/jobs-in-nepal/digital-marketing-jobs-in-nepal), and more.I applied for one job and got selected on my first try. It really helped me a lot.Just keep your CV ready and apply to jobs that match your skills. Don’t wait too long after your internship ends. Good luck!",1,0,2025-05-02 10:45:42+00:00,https://reddit.com/r/Nepal/comments/1kcxvdz/how_to_get_a_job_after_an_internship/,
Nepal,1kcxln8,Please suggest me the calculator shop where i can find DJ-120D model calculator,Ok_Animal9268,"https://preview.redd.it/go4evay9icye1.png?width=611&amp;format=png&amp;auto=webp&amp;s=1ffe59377112ddf6accca868e788526c6bee4271

I checked many shops in different area but not able to find any.  
Attaching calculator model too for reference.  
[This is the calculator.](https://www.amazon.in/Casio-DJ-120D-Business-Calculator/dp/B007Q83LVE)

Please suggest where i can find DJ-120D Model. I found DA model, but it doesn't function the same.  
Thank you in advance",1,0,2025-05-02 10:27:53+00:00,https://reddit.com/r/Nepal/comments/1kcxln8/please_suggest_me_the_calculator_shop_where_i_can/,Help/सहयोग
Nepal,1kcxg4c,suggest me best wrapsy provvider in nepal ..online /physical !,Own_Host4178,,1,1,2025-05-02 10:17:41+00:00,https://reddit.com/r/Nepal/comments/1kcxg4c/suggest_me_best_wrapsy_provvider_in_nepal_online/,
Nepal,1kcxf9l,"With some simple habits,
your scooter can easily serve you for 10+ years.
Pretty amazing, right?",[deleted],,1,1,2025-05-02 10:16:03+00:00,https://reddit.com/r/Nepal/comments/1kcxf9l/with_some_simple_habits_your_scooter_can_easily/,
Nepal,1kcxejz,SUGGEST ME WRAPSY ONLINE /PHYSICAL SELLER FOR MY LAPTOP,Own_Host4178,,1,1,2025-05-02 10:14:42+00:00,https://reddit.com/r/Nepal/comments/1kcxejz/suggest_me_wrapsy_online_physical_seller_for_my/,
Nepal,1kcx4ej,Bollywood item song copying udreko choli,RohanBhattaraiNP,"Is it just me or this ajj ki raat song where tamannaah dances, the lyrics is exact copy of nepali og song, udreko choli. “Chuna lai hoina, herna chai paincha” becomes the starting line, “bas dur se dekhiye isse, chunaa mana hai”. and nepali “Aakha lai sekna jati ni paincha” becomes “ajj ki raat ka maja aakhon se lijiye”. Not saying the entire song was copied but what are the chances its parts of lyrics being inspired/copied?",1,0,2025-05-02 09:55:50+00:00,https://reddit.com/r/Nepal/comments/1kcx4ej/bollywood_item_song_copying_udreko_choli/,
Nepal,1kcwhuf,+2 science pachi k garne ta?,Amreet01,"I'm a so called "" topper"" in +2 science from my college.
IT Ma pani khasai interest chha chhaina confused xu ailesama computer xoko xaina 10-12 (49/509 score gari rako chuu 
i have primarily two choices ki bides jane ki yatai bachelor's garera ani bides jane:

first- go to countries that offers maximum level of scholarship and which requires low investment- my shortlist are korea and Italy, how about it? any advice 

-next i came to realize i have never grasped the sole concept, I've just been studying from marks pov, so i gotta switch sides, bides gayeni yahi baseni, kun course garda thik hola? BBA??",1,0,2025-05-02 09:10:18+00:00,https://reddit.com/r/Nepal/comments/1kcwhuf/2_science_pachi_k_garne_ta/,
Nepal,1kcw1oi,Struggles as a Barista in Pokhara – Why Nepal’s Coffee Culture Isn't Growing,afrocircs0003,"Hi everyone, I'm a certified barista from Pokhara with around 5 years of experience. I also guide new baristas. But honestly, Nepal’s coffee culture isn’t growing the way it should—and I’ve seen why.

Too many cafes open every few months, but most shut down within 1–2 years due to poor customer flow and lack of proper coffee knowledge. Customers rarely try anything beyond a cappuccino or latte, and real specialty coffee is often too expensive for them.

As a barista, I also faced bias and rejection. After my training, I went to many cafés asking for free internships—just to learn—but no one gave me a chance. Meanwhile, some classmates who weren’t serious got jobs easily, mostly because they were girls.(I am not try to spread hate towards female baristas).It was discouraging. Even our instructors, who promised help with internships, didn’t support us.

Eventually, my dad helped me open a small café with 3–4 seats using borrowed money. I now run it alone, still trying to follow my passion.

Have you faced something similar as a barista or café owner in Nepal? Would love to hear your experiences and ideas on how we can fix this together.",1,0,2025-05-02 08:37:30+00:00,https://reddit.com/r/Nepal/comments/1kcw1oi/struggles_as_a_barista_in_pokhara_why_nepals/,
Nepal,1kcvumi,DOES ANYONE GOT THESE TYPE OF ACNE SCAR??,Low_Cryptographer706,,1,1,2025-05-02 08:22:34+00:00,https://reddit.com/r/Nepal/comments/1kcvumi/does_anyone_got_these_type_of_acne_scar/,Question/प्रश्न
Nepal,1kcvssc,Foreign Direct Investment in Nepal| FDI in Nepal 2025,Cautious-Water-6914,,1,1,2025-05-02 08:18:41+00:00,https://reddit.com/r/Nepal/comments/1kcvssc/foreign_direct_investment_in_nepal_fdi_in_nepal/,
Nepal,1kcvpg2,What are the rates for charging your dollar card?,LivingCornet694,"I use the dollar card by global IME and it is recommended by everyone in the subreddit as well. It is cheaper than other cards to own(300/year) and no topup charges. What I wanted to know is whether topping of the card is more expensive or not. That is, whether they take a higher cut in NPR to USD exchange. On may 2, It was 134.6 per dollar. What is it for other banks' cards?",1,0,2025-05-02 08:11:38+00:00,https://reddit.com/r/Nepal/comments/1kcvpg2/what_are_the_rates_for_charging_your_dollar_card/,Question/प्रश्न
Nepal,1kcvpat,best time to visit Manang,Hot_University_1961,"Guys, what is the best time of the year to go to Manang on a bike ride. Like no slippery roads due to rain. No snowfall and best time to watch beautiful green forest along the way and unfrozen lakes with clear mountains. Guys let me know i want to truly enjoy its beauty for once.",1,0,2025-05-02 08:11:22+00:00,https://reddit.com/r/Nepal/comments/1kcvpat/best_time_to_visit_manang/,
Nepal,1kcvorm,Rain curtains over Bhaktapur,Emotional_Rain-,,1,0,2025-05-02 08:10:17+00:00,https://reddit.com/r/Nepal/comments/1kcvorm/rain_curtains_over_bhaktapur/,
Nepal,1kcvids,"Nepali student dies by suicide in Bhubaneswar’s KIIT hostel, second in 3 months",SquaredAndRooted,,1,2,2025-05-02 07:57:35+00:00,https://reddit.com/r/Nepal/comments/1kcvids/nepali_student_dies_by_suicide_in_bhubaneswars/,News/समाचार
Nepal,1kcv2nb,my roaming plan- data is beautiful created in R,Beginning-Document-7,,1,1,2025-05-02 07:24:34+00:00,https://reddit.com/r/Nepal/comments/1kcv2nb/my_roaming_plan_data_is_beautiful_created_in_r/,Travel/यात्रा
Nepal,1kcv1vw,Help regarding complaint to department of Labour,Rhaens_21,"I’m currently working in a company whose name I cannot disclose. I have already given my 30 days notice period. 

However l, I have a gut feeling that they are not going to give me my SSF clearance and the pay for the month of Baisakh. 

What are the actions that I can take if they withhold my money? Im fine with receiving my salary late but my SSF clearance cannot wait.",1,0,2025-05-02 07:22:52+00:00,https://reddit.com/r/Nepal/comments/1kcv1vw/help_regarding_complaint_to_department_of_labour/,Help/सहयोग
Nepal,1kcuqd4,Friend in United States Suffering From Catatonia Needs Urgent Help,FixMaterial4363,"**Namaste Everyone,**

We urgently seek your help and guidance regarding a critical situation involving our friend, who is acurrently hospitalized in the U.S. with Catatonia, a condition causing significant mental confusion. The hospital bills are mounting daily and have become unsustainable, especially as he comes from a lower-middle-class family in Nepal.

Our friend is an exceptionally bright student on a full scholarship, but he needs immediate support in returning safely to Nepal for further care. We are looking for anyone travelling from the U.S. to Kathmandu within the next few weeks who could accompany him during the flight. All your travel expenses, including airfare, will be fully covered by the funds we have raised.

We will provide all necessary medical documentation, including a doctor's fit-to-fly note, and coordinate closely with the airlines and airport personnel to ensure smooth and safe travel arrangements.

If you or someone you know is travelling soon or willing to make this journey, your assistance would mean the world to us and his family. Additionally, if you have any experience or knowledge about safely transporting someone with mental health conditions internationally, we would deeply appreciate your advice.

We are also considering organizing a fundraising event to further assist with his medical expenses. Any suggestions or support in this regard would also be incredibly helpful.",1,0,2025-05-02 07:00:16+00:00,https://reddit.com/r/Nepal/comments/1kcuqd4/friend_in_united_states_suffering_from_catatonia/,Help/सहयोग
Nepal,1kcunkt,Friend in United States Suffering From Catatonia Needs Urgent Help,FixMaterial4363,,1,0,2025-05-02 06:54:55+00:00,https://reddit.com/r/Nepal/comments/1kcunkt/friend_in_united_states_suffering_from_catatonia/,
Nepal,1kcuaa1,Wise swift payment garda bank lai k k info dinu parcha?,[deleted],,1,1,2025-05-02 06:29:07+00:00,https://reddit.com/r/Nepal/comments/1kcuaa1/wise_swift_payment_garda_bank_lai_k_k_info_dinu/,Question/प्रश्न
Nepal,1kcu8bs,Transfering money out of Nepal,Lord_Voldemort736,,1,0,2025-05-02 06:25:18+00:00,https://reddit.com/r/Nepal/comments/1kcu8bs/transfering_money_out_of_nepal/,Help/सहयोग
Nepal,1kcu5if,ACCA Institutes in Nepal are trap,deadly_noob,"Straightforward: These so called ACCA institutes are just the money making machine, their approach and marketing gimmick is just next level.

If you have already planned to pursue ACCA, self gara
Papers in ACCA are doable by self, majority of the classes are just running as a act to finish the syllabus but not all.

I believe self garna sakinxa else you can try taking classes but paper wise pay gara.",1,0,2025-05-02 06:19:37+00:00,https://reddit.com/r/Nepal/comments/1kcu5if/acca_institutes_in_nepal_are_trap/,
Nepal,1kcu2l1,Wise swift payment garda bank lai k k info dinu parcha?,No_Vast_8367,,1,0,2025-05-02 06:14:04+00:00,https://reddit.com/r/Nepal/comments/1kcu2l1/wise_swift_payment_garda_bank_lai_k_k_info_dinu/,
Nepal,1kcu0f5,Education/student Tax in NEPAL,CandidateAny5707,I recently found out that visa reject vayesi tireko tax refund huncha. I had my visa rejrected on 2016. Ani I paid cash through Nabil Bank at that time ani got refunded after rejection. What do you guys think if should Iclaim my money by bank. Am i eligible?,1,0,2025-05-02 06:09:55+00:00,https://reddit.com/r/Nepal/comments/1kcu0f5/educationstudent_tax_in_nepal/,
Nepal,1kctrts,Help me find a Nepali music video please which i saw when i was a kid,frogtoad93,,1,0,2025-05-02 05:53:39+00:00,https://reddit.com/r/Nepal/comments/1kctrts/help_me_find_a_nepali_music_video_please_which_i/,
Nepal,1kctk5n,Looking for a recruitment agency for work in Europe – any opinions on Glocal Workforce Nepal and Global Recruit Experts?,Dapper_Tourist_5201,,1,1,2025-05-02 05:39:49+00:00,https://reddit.com/r/Nepal/comments/1kctk5n/looking_for_a_recruitment_agency_for_work_in/,
Nepal,1kctf58,Sending post cards to USA.,Kaal_vairab,"Guys need a help, what is the process to send a post cards to usa? I know before it can be send from hulak near dharahara. Does anyone know how to send now? Please help guys!",1,0,2025-05-02 05:30:41+00:00,https://reddit.com/r/Nepal/comments/1kctf58/sending_post_cards_to_usa/,
Nepal,1kctf4r,Why everyone are mingle? 😢😢😢😢😢😢,LetInternational3523,,1,1,2025-05-02 05:30:39+00:00,https://reddit.com/r/Nepal/comments/1kctf4r/why_everyone_are_mingle/,
Nepal,1kct0t1,mbbs entrance preparation,[deleted],,1,0,2025-05-02 05:04:58+00:00,https://reddit.com/r/Nepal/comments/1kct0t1/mbbs_entrance_preparation/,
Nepal,1kcsxwo,If anyone has any idea about this please comment!,Accomplished_Sound44,"This is urgent and I need your help!!
Maele admissions overseas consultancy bata Canada ko lagi apply gareko the it's been a year now ,it's located in ghnta ghar ,first time lodge grda I got rejected and second time waha le aafae lodge grdinu vayo without taking our decision,it was miscommunication,then tyo lodge gareko 2 months paxi embassy bata Mero paper withdrawn thyo vanera ayo which I had never done ,and ma'am said tapae haru ko Pani galti hoina hamro ni hoina embassy bata mistake vako ho ! Then we raised web form and did all the things last ma refund Hala vannu vayo and we did Pani  4 5 din vayo refund aako but full aayena 2500 CAD katera ayo. College ko policy anusar processing ma documents withdrawn garyo vane pay garna parxa ,I'm aware of that but here the Fault is of embassy and we had to pay ! I'm not okay with this they are telling me ""aaba j sukae garnus hami jandina""",1,0,2025-05-02 05:00:10+00:00,https://reddit.com/r/Nepal/comments/1kcsxwo/if_anyone_has_any_idea_about_this_please_comment/,
Nepal,1kcsws1,"Hey people with low attentiveness, do you face problems with driving ?",Current-Masu-Sprite,"My main problems while riding a bike are :
1) forgetting which gear im on , i literally  go neutral in middle ofdriving multiple times each ride because i cant recall which gear i was on,
2) Freezing : yeah many times times i forgot to press the brakes when required however never hit anything until now, so i just drive really slow on any city area, moreover not pressing clutch has my engine off multiple times middle of road
3) Unable to figure out what to do, in many situation in crowded roads im just so overwhlemed not knowing what to do, like overtaking , street crossing etc
4) Distracted by inner thoughts that pop up while driving and loosing focus on outside

I got my lisence last month the trail was very easy however i fear driving now and haven't touched bike since last week except on silent countryside where i dont have these problems, is this normal?",1,0,2025-05-02 04:58:08+00:00,https://reddit.com/r/Nepal/comments/1kcsws1/hey_people_with_low_attentiveness_do_you_face/,Discussion/बहस 
Nepal,1kcsuj9,"Bus route for Balkumari bridge to Bagbazar OR, Near from Sahayogi nagar, koteshwor to bagbazar/RNAC",amSangam,,1,1,2025-05-02 04:54:06+00:00,https://reddit.com/r/Nepal/comments/1kcsuj9/bus_route_for_balkumari_bridge_to_bagbazar_or/,
Nepal,1kcsjqv,Need advice. UFO ko kapda kasto huncha. I wanna buy some tees and sweatpants.,Rogue_guy0,I am a guy about 5'7 and 60 kg. wanna buy some affordable clothing. Recommend garam hai,1,0,2025-05-02 04:34:38+00:00,https://reddit.com/r/Nepal/comments/1kcsjqv/need_advice_ufo_ko_kapda_kasto_huncha_i_wanna_buy/,
Nepal,1kcru44,Real Estate Nepal Beginner,pinkyponkymonkey,Real estate bujhna ko lagi Nepal ko context based kei videos haru or books kei hola for a beginner. I want to know the terms and all that beginner needs to know....??,1,0,2025-05-02 03:51:50+00:00,https://reddit.com/r/Nepal/comments/1kcru44/real_estate_nepal_beginner/,Help/सहयोग
Nepal,1kcrsxj,I am scared about my choices.,[deleted],,1,1,2025-05-02 03:49:47+00:00,https://reddit.com/r/Nepal/comments/1kcrsxj/i_am_scared_about_my_choices/,Rant/गुनासो
Nepal,1kcrjkw,A girl asked me to be fwb,Rogue_guy0,"Okay, Now that I have your attention. I'm just looking for place in kathmandu to buy affordable clothes like joggers, shirt, pant, tees etc. So it would be nice if yall drop some recommendations.",1,0,2025-05-02 03:34:15+00:00,https://reddit.com/r/Nepal/comments/1kcrjkw/a_girl_asked_me_to_be_fwb/,
Nepal,1kcrc5d,Help regarding withdrawing Nabil dollar card balance,No_Mess5500,Hello. I want withdraw Mero dollar card KO balance. How can I do it?,1,0,2025-05-02 03:22:42+00:00,https://reddit.com/r/Nepal/comments/1kcrc5d/help_regarding_withdrawing_nabil_dollar_card/,
Nepal,1kcrbjb,Anyone interested for advocacy?,Positive_Map8499,"Title. I need to make a team of passionate and resilient nepalis to lobby MOFA, and NYC. If you are interested then please DM me and I will provide you more details. Preferably around 15 and living in Kathmandu",1,0,2025-05-02 03:21:44+00:00,https://reddit.com/r/Nepal/comments/1kcrbjb/anyone_interested_for_advocacy/,Help/सहयोग
Nepal,1kcra15,where to repair samsung phone screen in Kathmandu?,atalkingheadd,I dropped my Samsung phone yesterday which broke the display and want to have it replacedwith an original. How much should I expect to be spending?  I'm also concerned about my privacy and wanted to know how much of a risk is there that your data and files are compromised when giving it to be repaired? Please suggest some trusted places you know. Thank you.,1,0,2025-05-02 03:19:29+00:00,https://reddit.com/r/Nepal/comments/1kcra15/where_to_repair_samsung_phone_screen_in_kathmandu/,
Nepal,1kcr1lf,Is wise still available on nepal,creepy72455,"So, I just started YouTube and had great success. I'm almost at the monetization threshold. But then, some small company gave me a strike, probably out of jealousy, over a clip that didn’t even belong to them. Luckily, I’m close to winning the dispute, just one or two days left.

In the meantime, a game company reached out for a paid collaboration. I asked for $50 since my views were down that week, and they countered with $37 plus a bonus structure where I would get additional payments depending on views: $30 if I hit 100k views, $40 for 200k, $60 for 300k, $90 for 500k, and $110 for 1 million views.

It sounds like a decent deal. I asked if they could pay weekly and they agreed. Now, they’re asking for my European bank details or PayPal ID to send the payment. I’m not sure what to do. Can anyone help me?",1,0,2025-05-02 03:06:38+00:00,https://reddit.com/r/Nepal/comments/1kcr1lf/is_wise_still_available_on_nepal/,Question/प्रश्न
Nepal,1kcqboc,"KIIT case 2.0, another nepali killed herself",pie-3_1415,,1,1,2025-05-02 02:28:11+00:00,https://reddit.com/r/Nepal/comments/1kcqboc/kiit_case_20_another_nepali_killed_herself/,Discussion/बहस 
Nepal,1kcq4v0,Nepali college students and their hopeless sponsorship demands with small businesses.,Gaandumandu,,1,0,2025-05-02 02:17:43+00:00,https://reddit.com/r/Nepal/comments/1kcq4v0/nepali_college_students_and_their_hopeless/,
Nepal,1kcpzqi,New day new hope (Patan Darbar Square),nikhilxettri,,72,4,2025-05-02 02:10:14+00:00,https://reddit.com/r/Nepal/comments/1kcpzqi/new_day_new_hope_patan_darbar_square/,
Nepal,1kcptf1,Saanjh Ma Pani - Nima Rumba,troller-,,1,0,2025-05-02 02:00:57+00:00,https://reddit.com/r/Nepal/comments/1kcptf1/saanjh_ma_pani_nima_rumba/,Music/सङ्गीत
Nepal,1kcprht,वडा नम्बर ४ वडा कप खुल्ला पुरुष क्रिकेट प्रतियोगिताको फाईनलमा प्रवेश,Nearby_Cucumber_3572,,1,1,2025-05-02 01:58:22+00:00,https://reddit.com/r/Nepal/comments/1kcprht/वड_नमबर_४_वड_कप_खलल_परष_करकट_परतयगतक_फईनलम_परवश/,
Nepal,1kcppu3,वडा नम्बर ४ वडा कप खुल्ला पुरुष क्रिकेट प्रतियोगिताको फाईनलमा प्रवेश,Nearby_Cucumber_3572,,1,1,2025-05-02 01:55:54+00:00,https://reddit.com/r/Nepal/comments/1kcppu3/वड_नमबर_४_वड_कप_खलल_परष_करकट_परतयगतक_फईनलम_परवश/,
Nepal,1kcpiih,Has anyone got married from a dating app? How is it going?,Competitive-Draft-14,,1,1,2025-05-02 01:45:08+00:00,https://reddit.com/r/Nepal/comments/1kcpiih/has_anyone_got_married_from_a_dating_app_how_is/,Question/प्रश्न
Nepal,1kcpdad,Saanjh Ma Pani - Nima Rumba,troller-,Follow us on Instagram: chandalichandalimusic,1,0,2025-05-02 01:37:26+00:00,https://reddit.com/r/Nepal/comments/1kcpdad/saanjh_ma_pani_nima_rumba/,Music/सङ्गीत
Nepal,1kck9j1,Planning a Relaxing Nepal Trip During Eid – Need Advice,ParthoShuvo9,"Hi all!

My wife and I are thinking of visiting Nepal during the Eid holidays. We’ve heard it’s the beginning of the monsoon season around that time, so we’re a bit unsure if it’s the right time to go.

We’re not planning to do any trekking — just want a peaceful trip to explore some places, enjoy the culture, food, and unwind a bit.

Has anyone traveled to Nepal around this time? Is the weather manageable for general sightseeing and chilling out? Would love to hear your thoughts or suggestions!

Thanks a lot! 🙏",1,0,2025-05-01 21:32:25+00:00,https://reddit.com/r/Nepal/comments/1kck9j1/planning_a_relaxing_nepal_trip_during_eid_need/,Help/सहयोग
Nepal,1kcj3nl,Mobile banking ko payment ko proof,Scary_Macaron_3061,"So k bhanda maile Prabhu mobile banking  bata college ko fee tire the ani tyo screenshot linu bhanda agadi ya download garnu bhanda agadi afai back bhayo ani tyo download screenshot kei lina payena Aba college ma proof dekhaunu parcha 
College le Esai mandaina transaction dekhayera kina bhane uni haru ko transaction dherai huncha ani college ko staff haru lai ta tyo bare tha pani hunna herna ni mildaina because college is big so maile tyo transaction ko proof kei lina milcha bank gayera ya bank lai email garera kei garera testo garna milcha hola 
College lai proof dekhauna ki maile already Tori sake bhanera 
Please help me koi Prabhu bank ko staff cha bhane bhannu na k garna milcha????",1,0,2025-05-01 20:42:58+00:00,https://reddit.com/r/Nepal/comments/1kcj3nl/mobile_banking_ko_payment_ko_proof/,Help/सहयोग
Nepal,1kcizba,Any Prabhu bank employee here??,Scary_Macaron_3061,,1,1,2025-05-01 20:37:52+00:00,https://reddit.com/r/Nepal/comments/1kcizba/any_prabhu_bank_employee_here/,Help/सहयोग
Nepal,1kcifv8,Badminton training in Kathmandu.,Meyhuujian,"Hi all,
I’m in Kathmandu and want to level up my badminton skills. Can anyone recommend a good training center here? Looking for quality coaching. Please share your experiences or suggestions. Thanks!
And I'm not a beginner i play kinda semi pro. Not top of line but abobe average.",1,0,2025-05-01 20:14:44+00:00,https://reddit.com/r/Nepal/comments/1kcifv8/badminton_training_in_kathmandu/,Sports/खेलकुद
Nepal,1kcgf8g,Nepal and Nepali's Identity,R-Sky3011,"There is no point in saying a certain group is not Nepali. Who do you even consider a Nepali? If you say people living in Nepal are Nepali, then some people will start to get crayyy, and if you say those who speak Nepali, then would you consider a skimmise who can speak Nepali a Nepali?

And you can't use the word Nepali in your definition of Nepali. If you want, please define Nepali.

While doing unification (king PNS), Kathmandu was only considered as Nepal. It was probably a newari word( I am not sure). Our whole identity is based on someone else's identity. The kings used others' identity instead of using their own, like they were from Gorkha, maybe use a word from your language. Weren't they khas? I think people used to call the Nepali language our grandfathers used to speak, khas bhasa?

This is my opinion, and I mean no hate to anyone or any community.

I am not a histrion or something, so my points might be wrong.",1,0,2025-05-01 18:49:24+00:00,https://reddit.com/r/Nepal/comments/1kcgf8g/nepal_and_nepalis_identity/,
Nepal,1kcgbla,Rrnting a bike in Pokhara for Mustang Ride - Worth It? Breakdown Risks,nirmallama27,"Planning a motorbike ride from Pokhara to Mustang. I’m an intermediate rider and want to rent a bike (like a Royal Enfield or Himalayan). 
Questions:
Is it worth renting for the Pokhara-Mustang trip? How’s the experience vs. jeep/bus? Any recent riders share if it’s epic or too risky?
Bike breakdown risks? Worried about the bike failing on rough Mustang roads. How common are breakdowns, and are there mechanics en route? Tips to avoid issues

Rental costs? Heard it’s ~NRs. 2500-5500/day. What’s the real cost, including fuel, deposits, or permits? Reliable shops in Pokhara?
Road conditions? How tough are the roads? Best bike for the mix of paved and off-road?

Any advice or recent experiences (especially on breakdowns) would help! Thanks, r/Nepal riders! 🏍️",1,0,2025-05-01 18:45:04+00:00,https://reddit.com/r/Nepal/comments/1kcgbla/rrnting_a_bike_in_pokhara_for_mustang_ride_worth/,
Nepal,1kcg7ud,tenant hasn’t paid in 6 months,Seeker0119,,1,0,2025-05-01 18:40:42+00:00,https://reddit.com/r/Nepal/comments/1kcg7ud/tenant_hasnt_paid_in_6_months/,
Nepal,1kcg6v5,tenant hasn’t paid in 6 months,New_Influence3318,,1,1,2025-05-01 18:39:35+00:00,https://reddit.com/r/Nepal/comments/1kcg6v5/tenant_hasnt_paid_in_6_months/,
Nepal,1kcg3i6,kiit ma feri testai incident bhayexa,Old-Tear-4509,,1,1,2025-05-01 18:35:48+00:00,https://reddit.com/r/Nepal/comments/1kcg3i6/kiit_ma_feri_testai_incident_bhayexa/,News/समाचार
Nepal,1kcg2a5,"Another death, again in KIIT",Old-Tear-4509,,1,1,2025-05-01 18:34:27+00:00,https://reddit.com/r/Nepal/comments/1kcg2a5/another_death_again_in_kiit/,Megathread Post
Nepal,1kcg1qn,"Another suicide, again in KIIT",Old-Tear-4509,,1,1,2025-05-01 18:33:49+00:00,https://reddit.com/r/Nepal/comments/1kcg1qn/another_suicide_again_in_kiit/,News/समाचार
Nepal,1kcf3dl,Nepali Diaspora across the World (Including Both Temporary Workers and Citizens of Nepali Origin),[deleted],,2,3,2025-05-01 17:54:26+00:00,https://reddit.com/r/Nepal/comments/1kcf3dl/nepali_diaspora_across_the_world_including_both/,
Nepal,1kcf206,Horn plus mandirko ghanti le sutnai payena,[deleted],,1,13,2025-05-01 17:52:48+00:00,https://reddit.com/r/Nepal/comments/1kcf206/horn_plus_mandirko_ghanti_le_sutnai_payena/,Rant/गुनासो
Nepal,1kcexjl,Do Nepali girls actually want to hire a male stripper if they had the chance?,ActuaryTop1916,,1,0,2025-05-01 17:47:36+00:00,https://reddit.com/r/Nepal/comments/1kcexjl/do_nepali_girls_actually_want_to_hire_a_male/,Question/प्रश्न
Nepal,1kceine,Another Nepali girl in KIIT Bhubaneswar India. What's happening?,Grammar_Learn,,1,1,2025-05-01 17:30:52+00:00,https://reddit.com/r/Nepal/comments/1kceine/another_nepali_girl_in_kiit_bhubaneswar_india/,News/समाचार
Nepal,1kce0gs,What’s Happening at KIIT? Another Nepali Student Found Dead,Important-Physics806,,1,1,2025-05-01 17:10:08+00:00,https://reddit.com/r/Nepal/comments/1kce0gs/whats_happening_at_kiit_another_nepali_student/,Megathread Post
Nepal,1kcdylh,Another case ? What's going on in that damn university ?,7sawrad,Shouldn't now government ban the NOC for that university ? Isn't this is enough ...,1,1,2025-05-01 17:07:54+00:00,https://reddit.com/r/Nepal/comments/1kcdylh/another_case_whats_going_on_in_that_damn/,News/समाचार
Nepal,1kcdyg9,What’s Happening at KIIT? Another Nepali Student Found Dead,Important-Physics806,,1,1,2025-05-01 17:07:43+00:00,https://reddit.com/r/Nepal/comments/1kcdyg9/whats_happening_at_kiit_another_nepali_student/,Megathread Post
Nepal,1kcdxw3,"Frequent sleep talking, has anyone experienced this and found a way to reduce it?",lunatic_393,"I do sleep talking almost every night. 
From my roommate and the ones where I usually have spent my nights, from all those people I got to know that I talk in my sleep a lot. This has been a serious issue for quite a long time. I tried to find the causes and remedies of this problem on the internet but could not get much information regarding this. There is no actual solution and the known causes of sleep talking are what almost every article has mentioned. So I want to hear from you guys, if you had/have been through this issue, if so what have you done to reduce sleep talking and get away with it?",1,0,2025-05-01 17:07:06+00:00,https://reddit.com/r/Nepal/comments/1kcdxw3/frequent_sleep_talking_has_anyone_experienced/,
Nepal,1kcdu07,What's happening again at KIIT ? Another suicide case ?,7sawrad,,1,1,2025-05-01 17:02:43+00:00,https://reddit.com/r/Nepal/comments/1kcdu07/whats_happening_again_at_kiit_another_suicide_case/,News/समाचार
Nepal,1kcdg9s,Stuart Law joins Nepal Cricket | नया Coach सँग पुनर्निर्माण सुरू,Reasonable-Tour-9036,,1,1,2025-05-01 16:46:50+00:00,https://reddit.com/r/Nepal/comments/1kcdg9s/stuart_law_joins_nepal_cricket_नय_coach_सग/,
Nepal,1kccumi,CG NET | AKA Constantly Glitching Internet,Cla_m,"Yes, I know you guys will type in those comments ""You shouldn't have picked CG at first"" or something like that. But this is PEAK CG NET. Oh god, I payed 300MBps\~ plan and y'all are giving me 770 Kbps? Yes, I know it should be in the 30-40 Mbps range because MBps and Mbps are difference. But, that difference does NOT explain this fast speed of **""770 Kbps"".** 

Trash NET company, will switch to worldlink or vianet later after my plan is finished. PLUS, the support is CRAP. DOG-WATER, literally. I contacted tried them for 1 hour and they put me on hold for like 10 mintues and FINALLY got my internet to be fixed last time. SHI\*T COMPANY. F\*CK CG 

https://preview.redd.it/1mtqntm147ye1.png?width=929&amp;format=png&amp;auto=webp&amp;s=4fc2e407758be9914baed652f615c800f5ef722b",1,0,2025-05-01 16:22:17+00:00,https://reddit.com/r/Nepal/comments/1kccumi/cg_net_aka_constantly_glitching_internet/,Rant/गुनासो
Nepal,1kccjzp,"Can AI truly replace the soul of art, especially in music?",RiffandDrift,AI-generated content is still recognizable for now but the way it has evolved in just a few years is quite surprising and even a bit intimidating. It can create impressive visuals and the quality of its writing is getting better too. For someone who's personally invested in music I think a well-trained ear can still tell the difference between music made by humans and music made by AI. It's not just about mixing and arrangement. Things like vocal texture and the way instruments are played bring a kind of human feel and emotion that AI still struggles to capture. But seeing how fast it's improving it's hard to say it won't catch up one day. So here's something to think about. Would you rather go out and enjoy live music or just type in a prompt and listen to music made exactly to your taste. What do you think about where this is all going,1,0,2025-05-01 16:10:01+00:00,https://reddit.com/r/Nepal/comments/1kccjzp/can_ai_truly_replace_the_soul_of_art_especially/,
Nepal,1kcchp0,"Kathmandu, one night photo",Einsteins_cross,,1,0,2025-05-01 16:07:18+00:00,https://reddit.com/r/Nepal/comments/1kcchp0/kathmandu_one_night_photo/,
Nepal,1kcca2m,Are people still open to being just friends and seeking companionship and nothing else?,hothead03,,1,0,2025-05-01 15:59:00+00:00,https://reddit.com/r/Nepal/comments/1kcca2m/are_people_still_open_to_being_just_friends_and/,
Nepal,1kcc5zj,Kavya +2 Infrastructure is nice but what about other factors?,mmh_Monkay,Ive been considering kavya school +2 recently visited the school and found the infrastructure good . Just wanted to know if the school is good overall and if u recommend it. I plan on studying science btw.,1,0,2025-05-01 15:54:11+00:00,https://reddit.com/r/Nepal/comments/1kcc5zj/kavya_2_infrastructure_is_nice_but_what_about/,
Nepal,1kcaejv,Just finished my SEE idk what to do??,EfficiencyNovel8590,,1,1,2025-05-01 14:41:43+00:00,https://reddit.com/r/Nepal/comments/1kcaejv/just_finished_my_see_idk_what_to_do/,
Nepal,1kca1lk,Any alternative for spotify ?,Pale-Account-2290,Kasailai spotify mod or spotify jastai aru alternative or features haru bhako thaxa?,1,0,2025-05-01 14:26:05+00:00,https://reddit.com/r/Nepal/comments/1kca1lk/any_alternative_for_spotify/,
Nepal,1kc9icy,Empty Stall allocated for Nepal in Osaka Expo Japan 2025,UsedZookeepergame473,"जापानको ओसाकामा भैरहेको “ओसाका एक्स्पो” जहाँ विभिन्न देशहरूले आफ्ना प्रदर्शनी राखेका छन् 
- नेपालको भने आधाअधुरो छ 
- काम गत पुसदेखि अलपत्र छ रे (Jan 2025)
- एक्स्पो वैशाखदेखि (April 2025) सुरु भयो
- त्यहाँका ठेकेदारलाई पैसा नदिएकाले काम रोकिएको रे",1,0,2025-05-01 14:03:07+00:00,https://reddit.com/r/Nepal/comments/1kc9icy/empty_stall_allocated_for_nepal_in_osaka_expo/,News/समाचार
Nepal,1kc95yv,Need a Website? I Can Build One at a Lower Cost!,PrettyDelay9363,,1,0,2025-05-01 13:47:57+00:00,https://reddit.com/r/Nepal/comments/1kc95yv/need_a_website_i_can_build_one_at_a_lower_cost/,
Nepal,1kc95l4,"Looking for a peaceful tea spot with a scenic view inside valley, reachable by local bus",Nephew911,"Hey everyone, I need a little help! I'm meeting someone very special after many years for a proper tea catch-up, and I’d love to take her somewhere peaceful where we can enjoy tea with a nice view—maybe a hilltop café, garden restaurant, or somewhere with a chill natural vibe.

The only catch is I’ll be traveling by local bus (no bike), so it should be reachable by public transport. Somewhere not too crowded.

If you know any hidden gems or personal favorites, please let me know! This meet really matters to me, and I want to make it count. Thank you so much in advance!",2,1,2025-05-01 13:47:27+00:00,https://reddit.com/r/Nepal/comments/1kc95l4/looking_for_a_peaceful_tea_spot_with_a_scenic/,Help/सहयोग
Nepal,1kc909w,Today’s catch . Nepal’s Antiquities,Infamous-Clock6466,,1,0,2025-05-01 13:40:50+00:00,https://reddit.com/r/Nepal/comments/1kc909w/todays_catch_nepals_antiquities/,Education/शिक्षा
Nepal,1kc8h2r,cee entrance preparation advice,[deleted],,1,0,2025-05-01 13:16:25+00:00,https://reddit.com/r/Nepal/comments/1kc8h2r/cee_entrance_preparation_advice/,
Nepal,1kc8cgl,Can someone explain me why they are calling it “pistol like object” ?,Tired_Already,As the title says. It’s clearly a pistol but Kathmandu post is calling it a “pistol like object”.,1,0,2025-05-01 13:10:14+00:00,https://reddit.com/r/Nepal/comments/1kc8cgl/can_someone_explain_me_why_they_are_calling_it/,
Nepal,1kc89r2,https://www.havenholidaysnepal.com/blogs/annapurna-circuit-trek-in-autumn,Famous_Cheek_5840,,1,0,2025-05-01 13:06:39+00:00,https://reddit.com/r/Nepal/comments/1kc89r2/httpswwwhavenholidaysnepalcomblogsannapurnacircuit/,Question/प्रश्न
Nepal,1kc7rwf,Importanttt Very Very Importantt. I KNOW IT'S LONG BUT PLEASE READ IT.,Comfortable-Duty8145,,3,17,2025-05-01 12:42:40+00:00,https://reddit.com/r/Nepal/comments/1kc7rwf/importanttt_very_very_importantt_i_know_its_long/,
Nepal,1kc7fob,Hello ma anish ani ma chei website rw app banauxu,Front-Bell-8018,"Website athawa app banauni vaye samparka garnu hola 

Yo ho mero website👇🏿

https://anishkunwar.com",1,0,2025-05-01 12:25:01+00:00,https://reddit.com/r/Nepal/comments/1kc7fob/hello_ma_anish_ani_ma_chei_website_rw_app_banauxu/,
Nepal,1kc7fck,Unknown Hill near the Kori Hill,prova_a,,1,0,2025-05-01 12:24:32+00:00,https://reddit.com/r/Nepal/comments/1kc7fck/unknown_hill_near_the_kori_hill/,
Nepal,1kc7fcf,About insurance and bill book for new car.,Far-Ad-6066,"Naya gadi kinda kheri company le kaile samma ko insurance ra blue book tax tirdina parcha? Uniharule full insurance gardinchan ki aafai garne ho?

Also, what about the same practise in second hand car?",1,0,2025-05-01 12:24:31+00:00,https://reddit.com/r/Nepal/comments/1kc7fcf/about_insurance_and_bill_book_for_new_car/,
Nepal,1kc7eem,I might be getting fired soon after wasting 2 Months Bringing Mentors Together to Talk Honestly About their Careers,Icy-Tonight-8443,,1,1,2025-05-01 12:23:09+00:00,https://reddit.com/r/Nepal/comments/1kc7eem/i_might_be_getting_fired_soon_after_wasting_2/,Video/भिडियो
Nepal,1kc72nn,Topupped Rs 500 to wrong account - Guilty,Technical_Carry1400,,1,0,2025-05-01 12:06:01+00:00,https://reddit.com/r/Nepal/comments/1kc72nn/topupped_rs_500_to_wrong_account_guilty/,
Nepal,1kc6x1a,What would you remove from Nepal?,Any_Resort7488,,1,0,2025-05-01 11:58:06+00:00,https://reddit.com/r/Nepal/comments/1kc6x1a/what_would_you_remove_from_nepal/,
Nepal,1kc6v8s,What would you remove from Nepal?,[deleted],,1,0,2025-05-01 11:55:16+00:00,https://reddit.com/r/Nepal/comments/1kc6v8s/what_would_you_remove_from_nepal/,
Nepal,1kc6t7e,What what would you remove fron Nepal?,[deleted],,1,0,2025-05-01 11:52:03+00:00,https://reddit.com/r/Nepal/comments/1kc6t7e/what_what_would_you_remove_fron_nepal/,
Nepal,1kc6aph,Been capturing Gauthali’s chicks from hatching to first flight—what a beautiful journey it’s been.,deadpoolfarts,,1,0,2025-05-01 11:22:48+00:00,https://reddit.com/r/Nepal/comments/1kc6aph/been_capturing_gauthalis_chicks_from_hatching_to/,
Nepal,1kc65ty,"If this situation continues, how many years will Nepal remain a country?",Loose-Ask2169,,1,1,2025-05-01 11:14:58+00:00,https://reddit.com/r/Nepal/comments/1kc65ty/if_this_situation_continues_how_many_years_will/,Discussion/बहस 
Nepal,1kc61tl,Aatmahatya (banchnu vanneko harek din marnu ho),Maleficent_Prompt_47,Hijo rati ma afai sanga ladi raheko tiye. . Euta ma bachna chahane arko ma marna chahane. Enira haru ko bich ma ma afai yudha ko mahidan vaye . Na tah kasali ko bijay vayo na tah kasaiko haar . Tara aja ma bhitra ko euta manche sachai aja marna khojdai cha . Tyo ahina bhitra humiyeko cha sayeed tyo ma nai hou. Tara ma jasto chaina na tah usko akha ma rato laab cha na tah nilo sapana ko avash. Sajha ma harayeko suraj jastai tyo afai ma katai haraudai cha . Sachi bachnu vanne ko k ho tyo vitha ma lekeko haraf haru heri rahancha smirti haru lai udharera vancha bachanu vanneko harek din marnu ho . Tara ma pheri sochna thalchu yedi banchu vanne kai marnu ho vanne marne haru ma kina yeti dherai prasna haru sodna thaleko kina sahar vari halla chalcha usle aatmahatya garyo aree. Tara kasaile kahile bujna khojdaina aatmahatya sarir ko matrai huncha ki aatma ko pani ……… coming soon part 2,1,0,2025-05-01 11:08:08+00:00,https://reddit.com/r/Nepal/comments/1kc61tl/aatmahatya_banchnu_vanneko_harek_din_marnu_ho/,
Nepal,1kc5xyr,A place for digital nomads in pokhara,Few-Cancel-8240,,1,0,2025-05-01 11:01:49+00:00,https://reddit.com/r/Nepal/comments/1kc5xyr/a_place_for_digital_nomads_in_pokhara/,
Nepal,1kc5x8p,A place for digital nomads in pokhara,Few-Cancel-8240,,1,0,2025-05-01 11:00:49+00:00,https://reddit.com/r/Nepal/comments/1kc5x8p/a_place_for_digital_nomads_in_pokhara/,
Nepal,1kc5v2y,Digital Nomad Space near Pokhara,Few-Cancel-8240,,1,1,2025-05-01 10:57:05+00:00,https://reddit.com/r/Nepal/comments/1kc5v2y/digital_nomad_space_near_pokhara/,
Nepal,1kc5nb7,How do you blend in with people? Like I am an introvert and I am looking for social communities for interaction.,hothead03,,1,0,2025-05-01 10:42:51+00:00,https://reddit.com/r/Nepal/comments/1kc5nb7/how_do_you_blend_in_with_people_like_i_am_an/,
Nepal,1kc5kx6,"I recently received vipasana of 10 days. For those people who received it too, how did you feel?",hothead03,,1,0,2025-05-01 10:38:23+00:00,https://reddit.com/r/Nepal/comments/1kc5kx6/i_recently_received_vipasana_of_10_days_for_those/,
Nepal,1kc5jw2,What is the weirds combination of food ever try??,[deleted],,1,1,2025-05-01 10:36:25+00:00,https://reddit.com/r/Nepal/comments/1kc5jw2/what_is_the_weirds_combination_of_food_ever_try/,Discussion/बहस 
Nepal,1kc5a3i,Survey for cat and dog adoption metrics within Kathmandu Valley,APyroBillu,"K cha kta kt haru! Need some help getting data for a research paper on cat and dog adoption metrics within Kathmandu Valley. Please feel free to share these survey's with friends and family as well. One survey is for dogs, one is for cats, you could finish em both in under a minute(3 MCQ's each). These are completely anonymous, but are limited to one response per email. Help a bro out!

Cat Survey: https://docs.google.com/forms/d/e/1FAIpQLScStCTz80ru6Y3SF4QcZ9FmkUu-EIg45dHFREMkJrG3jgbPyg/viewform?usp=sharing

Dog Survey: https://docs.google.com/forms/d/e/1FAIpQLSeUJdASQjkjkPYnWmnoo0cm7h00_qm8ZnmMxBB-ij2lXEUXmg/viewform?usp=sharing",1,1,2025-05-01 10:17:53+00:00,https://reddit.com/r/Nepal/comments/1kc5a3i/survey_for_cat_and_dog_adoption_metrics_within/,
Nepal,1kc57b2,A levels books on sale guys koi lai a levels ko maths physics egp ra chem book chaiyo vane malai samparka garnu hola,SeriousJackfruit3593,,1,1,2025-05-01 10:12:29+00:00,https://reddit.com/r/Nepal/comments/1kc57b2/a_levels_books_on_sale_guys_koi_lai_a_levels_ko/,
Nepal,1kc56f2,Solo trip to Kathmandu from delhi by road,Curious_Secretary_61,"Hi! I’m a solo traveler from Delhi, heading to Kathmandu tomorrow via road for the first time outside of India. I don’t have a passport, only an Aadhaar card and voter card. Can anyone share tips for crossing the border and traveling safely to Kathmandu? Any must-see places in the city? Will be in Kathmandu for 2-3 days.",1,0,2025-05-01 10:10:50+00:00,https://reddit.com/r/Nepal/comments/1kc56f2/solo_trip_to_kathmandu_from_delhi_by_road/,Question/प्रश्न
Nepal,1kc4v62,How to pay traffic fine without Nagarik App?,[deleted],,2,1,2025-05-01 09:50:07+00:00,https://reddit.com/r/Nepal/comments/1kc4v62/how_to_pay_traffic_fine_without_nagarik_app/,Question/प्रश्न
Nepal,1kc457b,Trying to find a forgotten Bipul Chettri song from my childhood—please help,bla-bla-gigygi,"Hi everyone,

I know this might sound random, but I’ve been searching for a Bipul Chettri song that I heard around 8 or 9 years ago when I was just a kid. It was on YouTube back then, and I remember listening to it over and over—but I was too young to remember the title or save the file.

The only part of the lyrics I can recall goes something like:

""oochaideuna nani bagheni ko chhala, tiripasa tiripasa khelna jau""
It loosely translates to: “Lay down the tigress’s skin, dear, let’s sit and play cards together.”
I know it sounds odd, but it stuck with me. It had that raw, earthy, folk sound Bipul is known for. Lately, I’ve had this sudden, almost overwhelming urge to find it again. I’ve searched everywhere—his albums, YouTube, google find song ,Reddit, even SoundCloud—but I’ve had no luck.

I don’t know if it was an unreleased track, a demo, or something he sang live that never made it to official release. But if anyone here has heard this song or knows anything about it, it would mean the world to me. It’s more than just a song—it's a piece of memory that suddenly came flooding back.

Thank you so much in advance.",1,0,2025-05-01 08:57:49+00:00,https://reddit.com/r/Nepal/comments/1kc457b/trying_to_find_a_forgotten_bipul_chettri_song/,
Nepal,1kc42wm,"Passport ""Thumbprint rejected during biometrics""",Catguy_meow,"so last week I applied for passport at the district office, paid 5k and gave my biometrics and all that.
So the next day I get an sms saying ""Your thumb print is rejected No hit"" so I visited the admin office asap, I again had to give my biometrics. Apparently, my digital thumb print wasn't clear as I had cracked skin so the computer couldn't read it properly. The lady staff told me the thumb prints weren't clear on the 2nd biometric as well and she was afraid that I might have to apply for passport again as the applicants data is stored for no more than 5days. Fortunately my passport came after a week.

The thing that's bugging me is that I know my thumb prints weren't clear thats what I was told which I know for a fact cuz I got really sensitive skin and it gets dry and cracked pretty easily. So how do I know the digital imprint recorded in my epassport matches my thumbprint. I'm afraid that my thumb print and digital imprint might not match and don't want this happening when I am traveling, may be I could be detained for this or what.

Like, can, is there a procedure to compare epassport digital imprint and your actual fingerprint? and see if they match.

TLDR; had issues getting my thumbprint read digitally  as I've got cracked skin. Fortunately my passport got printed. So is there any official way I can compare my actual fingerprint with epassport's digital imprint?",1,0,2025-05-01 08:53:04+00:00,https://reddit.com/r/Nepal/comments/1kc42wm/passport_thumbprint_rejected_during_biometrics/,Help/सहयोग
Nepal,1kc3kix,Lalitpur area ma private cabin bhako restaurant kunai dekheko chau bhane bhandinu na please.,Numerous_Card_197,,1,1,2025-05-01 08:13:52+00:00,https://reddit.com/r/Nepal/comments/1kc3kix/lalitpur_area_ma_private_cabin_bhako_restaurant/,
Nepal,1kc3hor,"Need a person with dollar card for payment ,",semblance9999,I need to make payment in fiverr of about $ 370. I will pay 3000 as commission.,1,0,2025-05-01 08:07:50+00:00,https://reddit.com/r/Nepal/comments/1kc3hor/need_a_person_with_dollar_card_for_payment/,Help/सहयोग
Nepal,1kc38k3,Batti ko bill kati din bhitra na tirda fine lagne ho?,OldJury7178,Esewa Bata bill pay garchu. Everytime rebate/fine bhanera 50rs aako huncha. 1 din dhila bhayo bhane ni... Fine lagne ho? Aachama cha.,1,0,2025-05-01 07:49:14+00:00,https://reddit.com/r/Nepal/comments/1kc38k3/batti_ko_bill_kati_din_bhitra_na_tirda_fine_lagne/,Question/प्रश्न
Nepal,1kc36x1,Pls recommend the best japanese retaurent in ktm valley apt for a date,AppuAppi,,1,0,2025-05-01 07:45:58+00:00,https://reddit.com/r/Nepal/comments/1kc36x1/pls_recommend_the_best_japanese_retaurent_in_ktm/,Help/सहयोग
Nepal,1kc30hq,Best android tablet in Kathmandu?,Dramatic-Apple829,"So, my wife's birthday is coming soon, and I'm looking for an android tablet to gift her(which she's in need of as her old one doesn't work anymore). Which is the best one under 30k? Thanks.",1,0,2025-05-01 07:32:55+00:00,https://reddit.com/r/Nepal/comments/1kc30hq/best_android_tablet_in_kathmandu/,
Nepal,1kc2xv1,Class 12 accountancyy help,New_Illustrator_4111,Yo account ma format matra sardyo vane pani marks dincha ki answer milnai parcha?,1,0,2025-05-01 07:27:20+00:00,https://reddit.com/r/Nepal/comments/1kc2xv1/class_12_accountancyy_help/,Question/प्रश्न
Nepal,1kc2q9r,Urgently need someone who can use SPSS for data analysis for MBA thesis,randazzle12,"Hey everyone, I'm in an urgent need of someone who has decent knowledge of SPSS software and can give me an analysis report for my MBA thesis. I had already done the analysis from a friend but after a meeting with my supervisor, changes in data analysis need to be done. The friend that did my analysis is currently too busy with their own problems, so she currently cannot give me any time and it's understandable.

The thesis report is due next week, end of Baishakh and I'm in an urgent need for someone who can help me. All other requested changes from my supervisor has been done, only the data analysis part is left. If there's anyone who can help me, please let me know and I'll try to compensate you.",1,0,2025-05-01 07:11:47+00:00,https://reddit.com/r/Nepal/comments/1kc2q9r/urgently_need_someone_who_can_use_spss_for_data/,
Nepal,1kc2pp5,What is your favourite trek in Nepal?,temps6969,"Hi guys, I am coming to Nepal for 2 weeks (flexible) at the end of this month, but there are so many amazing looking treks that I am overwhelmed! I am wondering if you guys had any recommendations?

I am coming alone, and would prefer to not book full packages, but am happy to book guides!",1,0,2025-05-01 07:10:39+00:00,https://reddit.com/r/Nepal/comments/1kc2pp5/what_is_your_favourite_trek_in_nepal/,Question/प्रश्न
Nepal,1kc2pos,Online marketing genuine or scam?,[deleted],,1,6,2025-05-01 07:10:38+00:00,https://reddit.com/r/Nepal/comments/1kc2pos/online_marketing_genuine_or_scam/,
Nepal,1kc2njt,Online marketing scam or?,[deleted],,1,0,2025-05-01 07:06:18+00:00,https://reddit.com/r/Nepal/comments/1kc2njt/online_marketing_scam_or/,
Nepal,1kc2lj2,Required: Work Experience Certificate,xeternalprince,"So basically I need work experience certificate from hospital/clinic/health service setups.

Is it possible to get that without having any experience?

I just need a experience letter and a verification email/phone  from the organization.
They should have some online presence as well. But I don't need any TAX filings at the moment.

Does anyone have any experience with this ?

Does anyone know someone who can make this possible?",1,0,2025-05-01 07:02:29+00:00,https://reddit.com/r/Nepal/comments/1kc2lj2/required_work_experience_certificate/,Help/सहयोग
Nepal,1kc2em5,Nepalese airlines gonna benefit from this airspace ban,Intelligent-Bus2731,"Recent conflict between  India and pakistan has resulted a banned on  their airspace resulting them longer airtravel thus leading to more fuel burn and fare rates, Nepal on the other hand defy  restrictions allowing the use of pakistani airspace and Indian airspace, so could be benefit the Nepalese airlines alot i guess.",1,0,2025-05-01 06:49:29+00:00,https://reddit.com/r/Nepal/comments/1kc2em5/nepalese_airlines_gonna_benefit_from_this/,
Nepal,1kc2dgn,Looking for a recruitment agency for work in Europe – any opinions on Glocal Workforce Nepal and Global Recruit Experts?,Dapper_Tourist_5201,,1,1,2025-05-01 06:47:03+00:00,https://reddit.com/r/Nepal/comments/1kc2dgn/looking_for_a_recruitment_agency_for_work_in/,
Nepal,1kc2b22,Anyone cancelling us visa date?,bablabloo,,1,0,2025-05-01 06:42:14+00:00,https://reddit.com/r/Nepal/comments/1kc2b22/anyone_cancelling_us_visa_date/,Help/सहयोग
Nepal,1kc28in,Looking for a recruitment agency for work in Europe – any opinions on Glocal Workforce Nepal and Global Recruit Experts?,Dapper_Tourist_5201,,1,1,2025-05-01 06:37:10+00:00,https://reddit.com/r/Nepal/comments/1kc28in/looking_for_a_recruitment_agency_for_work_in/,
Nepal,1kc270v,Camera is not working on my hp,jstpt8206,,1,0,2025-05-01 06:34:16+00:00,https://reddit.com/r/Nepal/comments/1kc270v/camera_is_not_working_on_my_hp/,
Nepal,1kc1y11,Looking for a recruitment agency for work in Europe – any opinions on Glocal Workforce Nepal and Global Recruit Experts?,Dapper_Tourist_5201,,1,1,2025-05-01 06:17:04+00:00,https://reddit.com/r/Nepal/comments/1kc1y11/looking_for_a_recruitment_agency_for_work_in/,
Nepal,1kc1lke,Doctor was adamant i need an full surgical operation for a small 1.37 ml abscess on my thigh.,rupunducky,"Yesterday I went to the hospital because of a abscess  which made my thigh swollen so couldn't  sit or anything so I  thought  they could just cut it give me localised numbing agent and drain it instead I waited for hours for ultrasound which didn't have much to show as it was a small abscess then the doctor said it should be operated immediately  and i would be given anesthesia and should be admitted for 1 day. Then their was visible discomfort on my face to what he said so he just said i will give you 5 days worth of medicine if this doesn't help come and we will operate, then after just few hours of consuming the meds he prescribed the puss itself came out I cleaned it their is some swelling I went to nearby local clinic he said it will heal in few weeks and just chnage the dressing every night and wash it with warm water.

The doctor being adamant about admitting  me was very weird experience as it was not a major health complications my vitals blood pressure were normal no fever either was he just being very cautious or do they get commission by admitting patients in their name in the hospital or am I just overthinking the whole situation?",0,15,2025-05-01 05:53:38+00:00,https://reddit.com/r/Nepal/comments/1kc1lke/doctor_was_adamant_i_need_an_full_surgical/,Rant/गुनासो
Nepal,1kc1g3n,cee mbbs entrance preparation,[deleted],,1,0,2025-05-01 05:43:05+00:00,https://reddit.com/r/Nepal/comments/1kc1g3n/cee_mbbs_entrance_preparation/,Help/सहयोग
Nepal,1kc197z,A place for Satyagraha: Nepal,Chazos_partha,"We are starting this online open-source movement that is based on our country Nepal. It's called 'Satyagraha' (just as a note, it as nothing to do with the notion of M.K Gandhi, but the name is inspired from the movement he did in South Africa and India). So, all my Nepalese brother and sisters are invited to write, think and vote for truth in Nepal

To support the betterment of Nepal, please subscribe!!

[Satyagraha: open-source Newsletter](https://voicesatyagraha.substack.com/)",1,0,2025-05-01 05:30:29+00:00,https://reddit.com/r/Nepal/comments/1kc197z/a_place_for_satyagraha_nepal/,
Nepal,1kc0ojg,Dealing with over sweating.,FamousCell4834,"I sweat a lot even in winter. If I do a small work, I sweat. If I walk a small distance, I sweat. If I stay in sun for sometime, I sweat. This get worse in summer. My sunscreen get wiped up after stepping out for a while.How to deal with it?",1,0,2025-05-01 04:54:03+00:00,https://reddit.com/r/Nepal/comments/1kc0ojg/dealing_with_over_sweating/,
Nepal,1kc06bm,Dr Kundu yangzom aja kaha practice garnu huncha? She won't be in B &amp; B today.,sphincterscale,,1,1,2025-05-01 04:22:32+00:00,https://reddit.com/r/Nepal/comments/1kc06bm/dr_kundu_yangzom_aja_kaha_practice_garnu_huncha/,
Nepal,1kbzuf8,I need to print the shop front promotional board. Does anyone have any idea where can I do in Chitwan?,[deleted],,1,0,2025-05-01 04:03:09+00:00,https://reddit.com/r/Nepal/comments/1kbzuf8/i_need_to_print_the_shop_front_promotional_board/,
Nepal,1kbzm50,Is Marriage Turning Into a Business in Nepal? Where Is Equality for Men and Their Families?,Smooth-Theme-579,,1,1,2025-05-01 03:50:22+00:00,https://reddit.com/r/Nepal/comments/1kbzm50/is_marriage_turning_into_a_business_in_nepal/,Relationship/सम्बन्ध
Nepal,1kbzl4q,is this thrift store legit ?,mindlessfingeek,,1,0,2025-05-01 03:48:46+00:00,https://reddit.com/r/Nepal/comments/1kbzl4q/is_this_thrift_store_legit/,
Nepal,1kbzaov,A Student’s Journey from Struggling to Success with Flight Tracker Nepal,LegitimateAd1495,"For many students, the dream of studying abroad represents not just a personal achievement but a chance to explore new cultures, expand their horizons, and build a brighter future. However, achieving that dream is often easier said than done. The process of securing a student visa can be filled with hurdles, confusion, and frustration. One such student, Priya, was on the verge of giving up on her dream of studying in Australia after facing multiple setbacks in her visa application process. But her story took a turn for the better when she reached out to Flight Tracker Nepal, a company that specializes in visa services, flight bookings, and travel assistance.



Priya's journey to success wasn't smooth. Like many international students, she had always dreamed of pursuing higher education in a foreign country, and Australia was her top choice. Known for its world-class education system and diverse cultural environment, Australia was the perfect destination for her academic and personal growth. She had successfully secured an admission offer from a prestigious Australian university and was excited to start her journey. However, the process of getting a student visa proved to be far more complicated than she had anticipated.

# The Struggle: Facing Visa Rejections

Priya had spent months gathering all the necessary documents required for her Australian student visa application. She had her admission letter, financial documents, English proficiency test results, and all other supporting materials ready. She confidently submitted her visa application, certain that everything was in order. However, to her dismay, the application was rejected.



At first, she thought it was a simple misunderstanding. She submitted her application again, making a few minor corrections, and waited for the decision. But once again, her visa was rejected. The reason for the rejection was vague, and Priya was left feeling lost and frustrated. She had worked so hard to ensure her application was perfect, but it seemed like her efforts were in vain.



Priya knew that without the student visa, her dream of studying abroad was slipping away. But instead of giving up, she decided to take a different approach. After hearing about Flight Tracker Nepal from a friend who had successfully secured a visa through them, Priya decided to give it a try. Little did she know, this decision would change everything.

# Reaching Out to Flight Tracker Nepal: The Turning Point

Flight Tracker Nepal is known for its comprehensive services, which include not only visa assistance but also flight bookings, insurance, and complete travel planning. The company’s reputation for offering personalized, expert guidance in navigating the often-complicated visa application process made it a trusted name in the travel industry. Priya was skeptical at first but was desperate for a solution, so she reached out to them for help.



The team at Flight Tracker Nepal immediately got to work, reviewing Priya’s previous applications and understanding the reasons for her visa rejections. After a detailed consultation, they identified several areas where her application had fallen short. From minor errors in the paperwork to missing supporting documents, Flight Tracker Nepal’s experts knew exactly what needed to be fixed.

# The Expert Guidance

Flight Tracker Nepal’s team of experts walked Priya through every step of the process. They ensured that her visa application was thoroughly checked, corrected, and submitted in perfect order. They also helped her compile additional documents that would strengthen her application, such as a more detailed statement of purpose and proof of her financial stability. Their experience and knowledge of the Australian visa process were invaluable in ensuring that no detail was overlooked.



Furthermore, Flight Tracker Nepal's team provided Priya with clear instructions on how to properly present her case to the Australian immigration authorities. They helped her highlight her academic goals, future career plans, and the reasons why studying in Australia would benefit her. Flight Tracker Nepal’s attention to detail and commitment to providing personalized support made Priya feel more confident about her application.



With the new, professionally prepared application in hand, Priya submitted it once again. This time, the outcome was different. After weeks of waiting, she received the news she had been hoping for – her student visa had been approved!

# Beyond the Visa: Complete Travel Assistance

Securing a student visa was just the beginning of Priya’s journey. She still had to plan her travel, book flights, and make sure everything was in place for her move to Australia. Flight Tracker Nepal continued to support her at every step of the way.

The company helped Priya book her flights to Australia, offering a range of options that fit her budget and schedule. They also provided valuable travel tips, including advice on how to manage her arrival, what to do upon landing in Australia, and how to stay connected with her family back home. Flight Tracker Nepal’s all-encompassing service took the stress out of the planning process, allowing Priya to focus on preparing for her studies and the exciting adventure ahead.

# The Impact of Flight Tracker Nepal

Priya’s success story is a testament to the importance of choosing the right support when navigating the complexities of the visa and travel process. What could have been an impossible dream for Priya became a reality, thanks to the professional services provided by Flight Tracker Nepal.

Not only did [Flight Tracker Nepal](https://trackernepal.com/) help Priya secure her visa, but they also played a crucial role in ensuring that her travel arrangements were seamless. Their expertise in visa services, flight bookings, and travel assistance is unmatched, and it is no wonder that they have earned the trust of so many students and travelers who are looking to explore opportunities abroad.",1,0,2025-05-01 03:31:46+00:00,https://reddit.com/r/Nepal/comments/1kbzaov/a_students_journey_from_struggling_to_success/,
Nepal,1kbyuo0,"VICE video on Nepal of ""Shivaji ko butti""",Dry-Barnacle-3711,,1,0,2025-05-01 03:05:58+00:00,https://reddit.com/r/Nepal/comments/1kbyuo0/vice_video_on_nepal_of_shivaji_ko_butti/,
Nepal,1kbyth6,VICE video on Nepal related to 🔱 Shivaji ko butti 🔱,Dry-Barnacle-3711,,1,1,2025-05-01 03:04:11+00:00,https://reddit.com/r/Nepal/comments/1kbyth6/vice_video_on_nepal_related_to_shivaji_ko_butti/,
Nepal,1kbyr88,VICE video on Nepal and legalization of cannabis,Dry-Barnacle-3711,,1,0,2025-05-01 03:00:46+00:00,https://reddit.com/r/Nepal/comments/1kbyr88/vice_video_on_nepal_and_legalization_of_cannabis/,
Nepal,1kby6fl,Ramailo bihani jhariko satth,Beginning-Document-7,"Jhari pareko mausam maa hike jana koslai mna parchha, kripaya haat uthhaunuhola",1,0,2025-05-01 02:29:29+00:00,https://reddit.com/r/Nepal/comments/1kby6fl/ramailo_bihani_jhariko_satth/,Discussion/बहस 
Nepal,1kbxqcj,Have you ever felt mornings,me-marsh-1234,"I forgot how early mornings could feel — the birds softly singing, souls quietly passing, and every step echoing with the sound of my own breath. It’s like the world slows down just enough to remind me how beautiful everything is. Walking… and falling a little in love with the way the morning holds me. Some feelings don’t need words — they just need to be felt.",1,0,2025-05-01 02:05:39+00:00,https://reddit.com/r/Nepal/comments/1kbxqcj/have_you_ever_felt_mornings/,
Nepal,1kbxa53,Why these young doctors feels they know everything and there's no one better than them??,Alone_Ship_254,,1,1,2025-05-01 01:42:32+00:00,https://reddit.com/r/Nepal/comments/1kbxa53/why_these_young_doctors_feels_they_know/,
Nepal,1kbx9nj,"kun ramro lagyo, help me choose",redhat_hacker,"https://preview.redd.it/nf8gc1fir2ye1.png?width=1375&amp;format=png&amp;auto=webp&amp;s=b2a8b3c3c867425385530fc989252f8aaca85faa

kun ramro xa yo 3 ota options ma, also watch face black ramro hola ki white for boys.",1,0,2025-05-01 01:41:46+00:00,https://reddit.com/r/Nepal/comments/1kbx9nj/kun_ramro_lagyo_help_me_choose/,Help/सहयोग
Nepal,1kbwr1p,"Weekly relationship, sex and sexuality megathread",AutoModerator,"Please ask your questions on relationship, sex and sexuality in this thread. Examples:""How do I get a girlfriend?"", ""Is my 5 inch pecker too small?"", ""Are there girls in Reddit?"", ""What is the best affordable hotel to have sex in Kathmandu?"", ""What do Nepali girls look for in guys?"", ""Why are Nepali boys so boring?"", ""How to last long?"" etc. etc. You get the gist.  

Posts in the main sub will be removed if they are generic and/or are frequently asked questions such as the above. 

[Previous Threads Collection](https://www.reddit.com/r/Nepal/collection/d445b3b8-cba7-4c8e-b73b-fd4bfd07a1cb)",1,0,2025-05-01 01:15:29+00:00,https://reddit.com/r/Nepal/comments/1kbwr1p/weekly_relationship_sex_and_sexuality_megathread/,Megathread
Nepal,1kbw7vs,"Just Launched DokoFood: Fresh, Organic, and Locally-Grown Produce Delivered Across Kathmandu",laxmanshah45,,1,1,2025-05-01 00:48:10+00:00,https://reddit.com/r/Nepal/comments/1kbw7vs/just_launched_dokofood_fresh_organic_and/,Megathread Post
Nepal,1kbt0ph,Need advice! Can't find my way,Muffiin01,"I am a 21(M) currently studying BBA in Nepal and now I feel lost not knowing what to do in life. I always wanted to be a pilot but my parents couldn't afford the fee post covid so i had to let go of that dream. I always had an interested in photography and I religiously did it in +2 but after I had to let go of dream, I lost all motivation in education and photography.

I have 1 year left untill graduation and I had been working as a content writer for fast 2 years. And I quit my job few days ago. I want to pick photography back up and work on it again but I have no idea where to start and even if i am capable of it after 3 years of not touching a camera. Need advice. I feel lost!",1,0,2025-04-30 22:15:23+00:00,https://reddit.com/r/Nepal/comments/1kbt0ph/need_advice_cant_find_my_way/,Help/सहयोग
Nepal,1kbt0ba,Philadelphia fleabane . .,liljhola,,1,0,2025-04-30 22:14:55+00:00,https://reddit.com/r/Nepal/comments/1kbt0ba/philadelphia_fleabane/,Picture/तस्वीर
Nepal,1kbosmq,Which brand of creatine should I go for? And how much does it usually cost?,AstronomerBorn3211,"Im just contemplating whether to buy online or go to some shop irl, which one would be cheaper?",1,0,2025-04-30 19:15:21+00:00,https://reddit.com/r/Nepal/comments/1kbosmq/which_brand_of_creatine_should_i_go_for_and_how/,Question/प्रश्न
Nepal,1kbocru,How Can I Support a Girl Being Harassed by Her Ex Who Causes Her Panic Attacks?,Far_Pineapple_8683,"P.S.
I generated this text from ChatGPT so my message can be conveyed better.

Context:
I’ve recently gotten close to a girl who is going through something really painful. Her ex still shows up at her home—literally stands below her building and screams her name. It’s not just emotionally exhausting for her—it triggers full-blown panic attacks. This has been happening for a long time, and she still hasn’t been able to find relief or protection.


---

What I’ve Observed:

She’s clearly traumatized and often feels unsafe in her own home.

She shuts down when it happens—sometimes going nonverbal or needing to isolate.

She hasn't taken legal action yet, possibly due to fear or emotional exhaustion.

She hasn’t told many people and carries this silently.



---

What I’ve Tried So Far:

I’ve offered emotional support and tried to just be there for her.

I avoid pressuring her to act, but I gently encourage her to document things and consider reaching out for help.

I’ve started researching mental health resources and the legal steps she could take—but I don’t want to push too fast.



---

What I Need Help With:

How can I be genuinely supportive without being overwhelming?

Are there safe and effective ways to encourage her to take action—legally or otherwise?

How can I help her rebuild a sense of safety in a world that currently feels unstable to her?

Has anyone here successfully helped a loved one through something like this? What worked? What didn’t?



---

Why I'm Posting Here:
I know Reddit has people who’ve either survived similar experiences or helped someone who has. I want to learn—not to be the “hero,” but to be a steady presence for her while also helping her protect herself. Any thoughts, tools, or experiences are welcome. She deserves peace, and I want to do what I can to help her",1,0,2025-04-30 18:56:53+00:00,https://reddit.com/r/Nepal/comments/1kbocru/how_can_i_support_a_girl_being_harassed_by_her_ex/,Help/सहयोग
Nepal,1kbnz2q,Happy International Labour Day,Ok_One6780,,1,0,2025-04-30 18:40:49+00:00,https://reddit.com/r/Nepal/comments/1kbnz2q/happy_international_labour_day/,
Nepal,1kbngkx,Kingston University London,RealesotericOnwer32,"Hey, I just received the conditional offer letter from Kingston University London For msc in business analytics. For me, the fee is little high so I want to know how tough it is to manage out there?
Anyone personal experience, scholarship advice or anything?",1,0,2025-04-30 18:19:19+00:00,https://reddit.com/r/Nepal/comments/1kbngkx/kingston_university_london/,
Nepal,1kbmpv1,Should i call the cops or am i just being retarded,Realistic_Material51,,1,0,2025-04-30 17:49:08+00:00,https://reddit.com/r/Nepal/comments/1kbmpv1/should_i_call_the_cops_or_am_i_just_being_retarded/,Help/सहयोग
Nepal,1kbmhsg,Looking for Affordable Dental Services provider for Teeth Alignment around Kathmandu valley?,self_calm_niceman,"I’m looking for some recommendations for dental service providers in the Kathmandu area, specifically for teeth alignment (braces or other methods). I’ve heard a lot about different clinics, but I wanted to get a few first-hand experiences before deciding where to go.",1,0,2025-04-30 17:39:43+00:00,https://reddit.com/r/Nepal/comments/1kbmhsg/looking_for_affordable_dental_services_provider/,
Nepal,1kblnsw,Casual though but true about prime minister,NoBrick7525,,1,0,2025-04-30 17:05:31+00:00,https://reddit.com/r/Nepal/comments/1kblnsw/casual_though_but_true_about_prime_minister/,
Nepal,1kblma3,Exam .........................,NoBrick7525,,1,1,2025-04-30 17:03:47+00:00,https://reddit.com/r/Nepal/comments/1kblma3/exam/,
Nepal,1kble7a,Rock hamro kp baa salute xa,NoBrick7525,,1,0,2025-04-30 16:54:46+00:00,https://reddit.com/r/Nepal/comments/1kble7a/rock_hamro_kp_baa_salute_xa/,
Nepal,1kbl3i4,"To +2 ma a+ ako dai didi haru, how much is ""enough""?",Miserable-Gur7283,,1,1,2025-04-30 16:42:21+00:00,https://reddit.com/r/Nepal/comments/1kbl3i4/to_2_ma_a_ako_dai_didi_haru_how_much_is_enough/,
Nepal,1kbl31q,Regarding injured neighbour dog (serious),Dangerous_Method972,"Help
Aja belka tira euta bike ley chimeki ko dog lai handiyecha, mailey Ghar agadi ko drainage ma karai rako suney, ani neighbour ko aagan ma lagera rakhdeye mat ma, teniharu naunjel samma tei basey.

Neighbour wala Ghar chai hamrai thulo buwa haruko ho (Jo sanga relation ramro chaina), Ghar herna free Mai manchey Haru rakhnu vacha, they are just daily wage labour paint lagauney wall lagauney Kam garchan rey. Ani tyo kukur tei bastheyo, Aja bike ley handiyecha pachadi KO dhad nai vachya jasto cha, uthnai sakdaina, agadi KO deuta khutta ley uthna khojiratheyo bichara Kai Kai karairatheyo, najikai vet Pani 9/10km ma raicha,

Aba Kura k Vanda, I don't think teniharuley treatment garaulan or care garlan, poor soul. Malai Ghar bata aruko Ghar KO Kura ma interfere garney haina, tailey bato bata lyayera rakhdihalis sakiyo, j j garchan garchan aba vannu vayo (I am bound to not to help). Can you help me a way out to do this thing!

but how can I help that poor soul? Any organisation contact number or vet that can come here ( I am willing to give 1000 to 2000 donations to vet will that be enough?) can you help me, it's 10:20 and I am lying on bed guilty, since that dog used to follow me around my house and comes when it sees me 😭. I have tried to contact that Irfan but no response!",1,1,2025-04-30 16:41:50+00:00,https://reddit.com/r/Nepal/comments/1kbl31q/regarding_injured_neighbour_dog_serious/,
Nepal,1kbklmj,WordPress Developer with Animation Skills (Remote),NoBlackberry3264,,1,0,2025-04-30 16:21:53+00:00,https://reddit.com/r/Nepal/comments/1kbklmj/wordpress_developer_with_animation_skills_remote/,Technology/प्रविधि
Nepal,1kbk9l9,Business name ///////////,Own-Pineapple5088,,1,1,2025-04-30 16:07:52+00:00,https://reddit.com/r/Nepal/comments/1kbk9l9/business_name/,
Nepal,1kbk75w,Business Name ///////////,Own-Pineapple5088,,1,1,2025-04-30 16:05:10+00:00,https://reddit.com/r/Nepal/comments/1kbk75w/business_name/,
